episode,reward,success,collision,steps,epsilon,final_distance
0,-86.3565397644043,0,0,80,0.998,8.079134941101074
1,-100.86322128295896,0,0,250,0.996004,6.748305320739746
2,-123.29353691101072,0,0,152,0.994011992,7.8208842277526855
3,-68.57853317260744,0,0,88,0.992023968016,7.5196332931518555
4,-52.25577262878416,0,0,96,0.990039920079968,7.303943157196045
5,-48.56385917663573,0,0,87,0.9880598402398081,7.5909647941589355
6,-73.19753768920897,0,0,103,0.9860837205593285,7.791884422302246
7,-48.09164291381833,0,0,103,0.9841115531182099,7.50791072845459
8,-57.868135299682606,0,0,81,0.9821433300119734,7.757033824920654
9,-70.70452461242677,0,0,87,0.9801790433519495,7.7761311531066895
10,-65.5244132232666,0,0,148,0.9782186852652456,7.16360330581665
11,-104.51278259277342,0,0,80,0.976262247894715,7.935695648193359
12,-59.728613357543935,0,0,108,0.9743097233989256,7.249653339385986
13,-60.692798567614254,0,0,149,0.9723611039521278,7.558398723602295
14,-107.52300956726073,0,0,96,0.9704163817442236,7.9357523918151855
15,-82.30397430419923,0,0,204,0.9684755489807352,6.723493576049805
16,-68.87927894592283,0,0,157,0.9665385978827737,6.707319736480713
17,-106.89321589549515,0,0,292,0.9646055206870082,7.09600305557251
18,-94.2306175994873,0,0,239,0.9626763096456342,6.912654399871826
19,-75.14486541748047,0,0,168,0.9607509570263429,6.936216354370117
20,-74.49360997120408,0,0,200,0.9588294551122902,7.608203411102295
21,-62.546615905761705,0,0,142,0.9569117962020657,6.74415397644043
22,-49.45651225169629,0,0,89,0.9549979726096616,7.664327144622803
23,-67.8728235157344,0,0,155,0.9530879766644422,7.018404960632324
24,-49.04417419433592,0,0,107,0.9511818007111134,7.198543548583984
25,-77.28192919810743,0,0,84,0.9492794371096911,7.895681381225586
26,-70.88465377807618,0,0,177,0.9473808782354717,7.353663444519043
27,-18.871042556762685,0,0,56,0.9454861164790007,7.450260639190674
28,-39.07467796325683,0,0,85,0.9435951442460427,7.388669490814209
29,-99.05760559082029,0,0,231,0.9417079539575507,6.491901397705078
30,-42.517565689086915,0,0,85,0.9398245380496356,7.5143914222717285
31,-62.37784248352047,0,0,184,0.9379448889735363,6.829460620880127
32,-72.73941452026367,0,0,128,0.9360689991955893,7.667353630065918
33,-81.95229835510253,0,0,213,0.9341968611971981,7.250574588775635
34,-42.167911376953114,0,0,88,0.9323284674748037,7.644477844238281
35,-56.80322627147167,0,0,116,0.930463810539854,7.43850564956665
36,-89.59176762501266,0,0,241,0.9286028829187744,6.755242824554443
37,-101.33175033569334,0,0,246,0.9267456771529368,6.97293758392334
38,-65.95921089172361,0,0,100,0.9248921857986309,7.672302722930908
39,-74.20661102294919,0,0,175,0.9230424014270336,7.086652755737305
40,-103.60068344116209,0,0,266,0.9211963166241796,5.715170860290527
41,-83.62847254832708,0,0,300,0.9193539239909312,5.972317218780518
42,-56.27955764770506,0,0,138,0.9175152161429493,7.2723894119262695
43,-49.1287197113037,0,0,86,0.9156801857106633,7.744679927825928
44,-57.03294357299804,0,0,98,0.913848825339242,7.548235893249512
45,-84.99153518676755,0,0,300,0.9120211276885636,5.9353837966918945
46,-84.02600547790526,0,0,180,0.9101970854331864,7.139001369476318
47,-75.37563095092774,0,0,300,0.9083766912623201,5.443907737731934
48,-56.844565429687485,0,0,122,0.9065599378797955,7.513641357421875
49,-61.08189689636228,0,0,145,0.9047468180040359,7.115474224090576
50,-60.69146171569826,0,0,140,0.9029373243680279,7.5078654289245605
51,-51.54311569213864,0,0,106,0.9011314497192918,7.553278923034668
52,-82.36070816040036,0,0,300,0.8993291868198532,6.172677040100098
53,-88.94036994934083,0,0,207,0.8975305284462135,7.145092487335205
54,-71.6768846893311,0,0,300,0.8957354673893211,5.971721172332764
55,-52.96113693237304,0,0,109,0.8939439964545425,7.147784233093262
56,-78.33481956481933,0,0,247,0.8921561084616334,6.518704891204834
57,-89.66895347595214,0,0,231,0.8903717962447101,7.214738368988037
58,-84.52318939208982,0,0,300,0.8885910526522206,4.733297348022461
59,-78.48140869140622,0,0,300,0.8868138705469162,6.1578521728515625
60,-79.73232505798342,0,0,80,0.8850402428058224,7.93808126449585
61,-86.99548767089843,0,0,300,0.8832701623202107,6.441371917724609
62,-85.74237052917485,0,0,233,0.8815036219955703,7.205592632293701
63,-54.84925338745116,0,0,112,0.8797406147515792,7.594813346862793
64,-58.33068824768065,0,0,140,0.877981133522076,7.205172061920166
65,-84.27381904602053,0,0,300,0.8762251712550319,5.735954761505127
66,-80.88772392272948,0,0,268,0.8744727209125218,5.534430980682373
67,-87.6320517730712,0,0,300,0.8727237754706968,6.390512943267822
68,-84.45963775634762,0,0,300,0.8709783279197554,5.584909439086914
69,-89.91908515930174,0,0,104,0.8692363712639158,7.6947712898254395
70,-82.5270307922363,0,0,300,0.867497898521388,5.484257698059082
71,-86.43170291026564,0,0,270,0.8657629027243453,5.778124809265137
72,-67.40503860473632,0,0,204,0.8640313769188966,6.536259651184082
73,-102.9149375915527,0,0,300,0.8623033141650589,5.203734397888184
74,-71.49469978332525,0,0,300,0.8605787075367288,6.106174945831299
75,-92.33883300781244,0,0,300,0.8588575501216553,6.107208251953125
76,-74.27666900634763,0,0,300,0.857139835021412,5.949167251586914
77,-86.86770195007321,0,0,224,0.8554255553513692,6.9194254875183105
78,-74.34289878845212,0,0,300,0.8537147042406664,5.288224697113037
79,-184.59561317443843,0,0,290,0.8520072748321851,4.666403293609619
80,-87.54212951660148,0,0,300,0.8503032602825207,5.698032379150391
81,-43.967900695800765,0,0,91,0.8486026537619556,7.319475173950195
82,-52.16676292419433,0,0,82,0.8469054484544317,7.891690731048584
83,-80.12399894714349,0,0,300,0.8452116375575228,6.013499736785889
84,-48.73738487243651,0,0,90,0.8435212142824078,7.726846218109131
85,-219.16773509979274,0,0,300,0.841834171853843,3.35443377494812
86,-84.13378776550286,0,0,300,0.8401505035101353,5.685946941375732
87,-78.50425356944534,0,0,218,0.838470202503115,5.888762474060059
88,-83.21997756957997,0,0,300,0.8367932620981088,5.3799943923950195
89,-92.81276977539055,0,0,300,0.8351196755739125,6.545692443847656
90,-76.79206466674809,0,0,300,0.8334494362227647,5.635516166687012
91,-73.43826805114749,0,0,300,0.8317825373503192,4.519567012786865
92,-77.9135668945312,0,0,300,0.8301189722756185,5.3358917236328125
93,-120.08779060363764,0,0,294,0.8284587343310672,5.054447650909424
94,-149.70205787658676,0,0,244,0.8268018168624051,5.2905144691467285
95,-79.96326688925687,0,0,300,0.8251482132286803,5.97621488571167
96,-76.1887158203125,0,0,300,0.823497916802223,6.139678955078125
97,-80.63075729370114,0,0,300,0.8218509209686186,5.605189323425293
98,-69.3093260955811,0,0,300,0.8202072191266814,3.5973315238952637
99,-86.49688301086417,0,0,300,0.818566804688428,6.1617207527160645
100,-345.17125694274904,0,0,300,0.8169296710790511,4.562814235687256
101,-78.2293241588261,0,0,300,0.815295811736893,6.7321319580078125
102,-77.53363861083983,0,0,242,0.8136652201134192,5.723409652709961
103,-89.63190444946294,0,0,300,0.8120378896731923,5.260476112365723
104,-84.85281547546384,0,0,300,0.8104138138938459,5.190703868865967
105,-70.33186637878407,0,0,300,0.8087929862660582,4.302966594696045
106,-102.56828392028815,0,0,300,0.8071754002935261,4.9845709800720215
107,-341.55101257324225,0,1,244,0.805561049492939,4.497753143310547
108,-78.03603675842285,0,0,220,0.8039499273939532,6.876509189605713
109,-277.23694572448727,0,1,285,0.8023420275391653,4.471736431121826
110,-85.44934094349406,0,0,300,0.800737343484087,6.207136154174805
111,-89.21383407592766,0,0,300,0.7991358687971188,5.920958518981934
112,-82.90731300354,0,0,300,0.7975375970595246,5.31682825088501
113,-75.95825538635252,0,0,300,0.7959425218654056,5.464563846588135
114,-201.65731338501004,0,0,300,0.7943506368216747,4.904328346252441
115,-225.4197654430059,0,0,300,0.7927619355480314,3.9272422790527344
116,-298.643130980334,0,1,287,0.7911764116769353,4.480981826782227
117,-76.55634559631346,0,0,167,0.7895940588535815,6.604086399078369
118,-78.05011054992679,0,0,300,0.7880148707358743,4.7075276374816895
119,-84.75904701232908,0,0,300,0.7864388409944025,5.694761753082275
120,-82.24355911254875,0,0,300,0.7848659633124138,5.625889778137207
121,-69.1455791473389,0,0,300,0.783296231385789,5.711394786834717
122,-68.51547431945801,0,0,300,0.7817296389230174,5.066368579864502
123,-73.04729652404784,0,0,300,0.7801661796451713,5.136824131011963
124,-63.69449180603034,0,0,300,0.778605847285881,5.001122951507568
125,-106.77657829284664,0,0,296,0.7770486355913092,5.85414457321167
126,-69.31059715270995,0,0,300,0.7754945383201266,5.52264928817749
127,-84.99054514964547,0,0,300,0.7739435492434863,5.777835369110107
128,-92.31289179881546,0,0,286,0.7723956621449993,5.805922031402588
129,-83.91379203796389,0,0,249,0.7708508708207094,6.315948009490967
130,-443.0061884307855,0,0,300,0.769309169079068,4.179047107696533
131,-69.93560333251955,0,0,300,0.7677705507409098,4.558900833129883
132,-73.12277862548827,0,0,300,0.766235009639428,4.78819465637207
133,-78.34037239074708,0,0,300,0.7647025396201492,6.005093097686768
134,-95.97339633067574,0,0,300,0.763173134540909,5.671048164367676
135,-77.72112236022946,0,0,300,0.7616467882718272,4.967780590057373
136,-40.91411964416501,0,0,160,0.7601234946952835,6.62352991104126
137,-57.05194458007813,0,0,139,0.7586032477058929,6.552986145019531
138,-73.22399642944335,0,0,300,0.7570860412104812,4.11099910736084
139,-42.1888513946533,0,0,90,0.7555718691280602,7.41221284866333
140,-81.84549468994139,0,0,300,0.7540607253898041,5.226373672485352
141,-57.88458668629195,0,0,152,0.7525526039390245,7.505947589874268
142,-85.52997917175286,0,0,300,0.7510474987311464,5.834994792938232
143,-71.3794460296631,0,0,300,0.7495454037336841,5.2198615074157715
144,-69.23813084522752,0,0,300,0.7480463129262167,5.739333629608154
145,-81.56602595408889,0,0,300,0.7465502203003642,5.581705570220947
146,-68.36897117614747,0,0,300,0.7450571198597635,5.387242794036865
147,-72.48949859619142,0,0,217,0.743567005620044,5.689874649047852
148,-116.2763982860233,0,0,300,0.7420798716088038,4.981400489807129
149,-65.0139189442012,0,0,197,0.7405957118655863,6.608678817749023
150,-75.41961318969722,0,0,300,0.7391145204418551,6.024903297424316
151,-87.6119353191044,0,0,275,0.7376362914009714,5.545284748077393
152,-71.19903065601852,0,0,199,0.7361610188181695,6.859558582305908
153,-88.87818885803217,0,0,300,0.7346886967805332,5.342047214508057
154,-79.94845771789556,0,0,300,0.733219319386972,4.674614429473877
155,-77.08749730030567,0,0,227,0.7317528807481981,6.8816752433776855
156,-77.62829498291018,0,0,255,0.7302893749867018,5.397073745727539
157,-75.04853538513183,0,0,300,0.7288287962367284,5.439633846282959
158,-61.17921612659965,0,0,300,0.727371138644255,3.427104949951172
159,-78.55683024486035,0,0,300,0.7259163963669665,5.679406642913818
160,-87.7948116596553,0,0,294,0.7244645635742325,5.401401996612549
161,-55.93457102855178,0,0,132,0.723015634447084,7.16884183883667
162,-73.46935381968949,0,0,300,0.7215696031781899,5.390037536621094
163,-112.87303067127726,0,0,288,0.7201264639718334,5.3430585861206055
164,-78.92024113575488,0,0,259,0.7186862110438897,5.28986120223999
165,-88.55501660267377,0,0,248,0.717248838621802,5.993555068969727
166,-62.36550984303024,0,0,300,0.7158143409445584,5.443678379058838
167,-71.27609668731694,0,0,300,0.7143827122626694,3.7915241718292236
168,-65.7304100799561,0,0,300,0.7129539468381441,4.375102519989014
169,-81.40075047413366,0,0,300,0.7115280389444678,5.519988536834717
170,-61.67584767262013,0,0,300,0.7101049828665789,5.633762836456299
171,-71.97148640553026,0,0,300,0.7086847729008457,5.537672519683838
172,-74.10401072581736,0,0,300,0.707267403355044,6.298701763153076
173,-81.65318173328893,0,0,300,0.705852868548334,5.493096351623535
174,-89.62799336353805,0,0,282,0.7044411628112373,5.466799259185791
175,-65.87806739807132,0,0,216,0.7030322804856147,6.307016849517822
176,-10.755588531494139,0,0,28,0.7016262159246435,7.438897132873535
177,-74.0200392619756,0,0,231,0.7002229634927942,5.584810733795166
178,-82.16118675231932,0,0,300,0.6988225175658086,5.275296688079834
179,-83.12934933582815,0,0,235,0.697424872530677,6.569638252258301
180,-99.46630535999795,0,0,290,0.6960300227856157,5.716377258300781
181,-75.66450177113083,0,0,208,0.6946379627400444,6.203426361083984
182,-80.81899739185839,0,0,252,0.6932486868145643,6.579550266265869
183,-64.16368469238293,0,0,300,0.6918621894409351,3.893421173095703
184,-63.570983933606364,0,0,300,0.6904784650620532,4.257546901702881
185,-49.9122884837773,0,0,94,0.6890975081319292,7.5278730392456055
186,-77.01331540028123,0,0,239,0.6877193131156653,5.390629768371582
187,-164.53730723460646,0,0,300,0.6863438744894339,5.014525890350342
188,-66.03255787769824,0,0,300,0.684971186740455,5.78294038772583
189,-63.249232529797816,0,0,165,0.6836012443669741,6.689609050750732
190,-61.88495716969037,0,0,173,0.6822340418782402,6.573540210723877
191,-45.45811352650192,0,0,107,0.6808695737944838,7.279329299926758
192,-62.76016976276903,0,0,300,0.6795078346468948,3.6248433589935303
193,-71.12180867115526,0,0,240,0.678148818977601,5.807753086090088
194,-77.07923970142865,0,0,264,0.6767925213396458,5.434610843658447
195,-153.69486199299368,0,0,300,0.6754389362969666,3.7735164165496826
196,-65.1837437907841,0,0,300,0.6740880584243727,5.4657368659973145
197,-80.86358139912146,0,0,300,0.6727398823075239,3.035696268081665
198,-85.30660275379674,0,0,300,0.6713944025429088,5.443951606750488
199,-71.4997196666387,0,0,300,0.670051613737823,4.6772308349609375
200,-71.26169712940714,0,0,300,0.6687115105103473,5.485225200653076
201,-86.49217121998332,0,0,300,0.6673740874893266,3.142843723297119
202,-66.32155326843258,0,0,300,0.6660393393143479,5.695388317108154
203,-78.12207257191214,0,0,300,0.6647072606357192,4.002819061279297
204,-81.94710034290803,0,0,300,0.6633778461144477,6.87907600402832
205,-60.16853164672847,0,0,164,0.6620510904222189,6.919632911682129
206,-91.87380142211906,0,0,256,0.6607269882413744,6.918450355529785
207,-50.80622967640423,0,0,153,0.6594055342648917,6.931358337402344
208,-72.4953861999511,0,0,215,0.6580867231963619,6.728846549987793
209,-77.1852145854618,0,0,300,0.6567705497499692,6.593604564666748
210,-62.00989956776168,0,0,164,0.6554570086504692,6.892275810241699
211,-87.22938003540037,0,0,237,0.6541460946331682,7.019845008850098
212,-63.6187321178105,0,0,185,0.6528378024439019,6.869483947753906
213,-42.394579544067355,0,0,111,0.6515321268390141,7.063644886016846
214,-68.90408782958984,0,0,300,0.6502290625853361,6.713521957397461
215,-67.58435462951657,0,0,184,0.6489286044601654,7.08608865737915
216,-83.84712857166794,0,0,300,0.6476307472512451,5.229083061218262
217,-50.34356399536128,0,0,141,0.6463354857567426,6.783390998840332
218,-82.05585128784168,0,0,300,0.6450428147852291,6.808962821960449
219,-71.43918258666983,0,0,300,0.6437527291556586,6.5297956466674805
220,-57.826769561767534,0,0,143,0.6424652236973473,6.8391923904418945
221,-70.08325477600094,0,0,200,0.6411802932499525,6.905813694000244
222,-59.4519159698486,0,0,171,0.6398979326634526,6.927978992462158
223,-63.411531219482434,0,0,176,0.6386181367981257,6.8503828048706055
224,-72.4859482574462,0,0,300,0.6373409005245295,6.513987064361572
225,-77.4825364685059,0,0,248,0.6360662187234805,6.580634117126465
226,-80.87746009826654,0,0,300,0.6347940862860335,6.81936502456665
227,-76.63803260803218,0,0,300,0.6335244981134615,6.552008152008057
228,-71.37862121582027,0,0,218,0.6322574491172346,6.752155303955078
229,-54.02223007202148,0,0,164,0.6309929342190002,6.713057518005371
230,-84.3641007995605,0,0,244,0.6297309483505622,6.938525199890137
231,-76.98003440856932,0,0,233,0.6284714864538611,6.792508602142334
232,-88.95250373840332,0,0,259,0.6272145434809534,6.97312593460083
233,-76.93378646850591,0,0,241,0.6259601143939915,6.525946617126465
234,-63.544164505004886,0,0,197,0.6247081941652035,6.738541126251221
235,-50.92772041320795,0,0,131,0.6234587777768731,7.141930103302002
236,-70.5405889129638,0,0,300,0.6222118602213194,6.495147228240967
237,-59.69764137268065,0,0,142,0.6209674365008767,6.674410343170166
238,-43.98114730834959,0,0,123,0.619725501627875,6.552786827087402
239,-74.30067390441886,0,0,300,0.6184860506246193,6.715168476104736
240,-58.83671910206348,0,0,300,0.61724907852337,4.693980693817139
241,-95.844638595581,0,0,273,0.6160145803663232,6.521159648895264
242,-44.37430656433102,0,0,134,0.6147825512055906,6.623576641082764
243,-70.93301185607909,0,0,208,0.6135529861031793,6.585752964019775
244,-58.070909881591774,0,0,155,0.612325880130973,7.355227470397949
245,-68.92553077697754,0,0,300,0.611101228370711,6.453882694244385
246,-77.09310417175297,0,0,242,0.6098790259139696,6.948276042938232
247,-66.95086014668016,0,0,300,0.6086592678621416,3.7075159549713135
248,-81.8565425109864,0,0,284,0.6074419493264174,6.546635627746582
249,-47.52601562499997,0,0,145,0.6062270654277645,6.97900390625
250,-52.751153306165,0,0,300,0.6050146112969089,3.3575892448425293
251,-57.42668510437008,0,0,146,0.6038045820743151,6.916671276092529
252,-51.7890684509277,0,0,136,0.6025969729101665,6.762267112731934
253,-61.102196807861304,0,0,300,0.6013917789643461,6.433049201965332
254,-77.3190374755859,0,0,236,0.6001889954064175,7.069759368896484
255,-51.631881484985314,0,0,140,0.5989886174156046,7.030470371246338
256,-73.00741744995119,0,0,212,0.5977906401807734,6.936854362487793
257,-53.55942802429194,0,0,155,0.5965950589004119,6.752357006072998
258,-91.05741271972647,0,0,284,0.595401868782611,6.676853179931641
259,-89.38048561096191,0,0,252,0.5942110650450458,6.4501214027404785
260,-60.09594505310054,0,0,195,0.5930226429149558,6.5414862632751465
261,-51.36244209289547,0,0,131,0.5918365976291259,6.945610523223877
262,-47.59250991821287,0,0,118,0.5906529244338676,7.040627479553223
263,-80.38992691040039,0,0,264,0.5894716185849999,6.659981727600098
264,-57.916397094726534,0,0,172,0.5882926753478298,7.104099273681641
265,-45.104589614868146,0,0,132,0.5871160899971342,7.111147403717041
266,-47.38290939331052,0,0,142,0.5859418578171399,6.820727348327637
267,-55.763213653564435,0,0,157,0.5847699741015057,6.623303413391113
268,-73.454051361084,0,0,254,0.5836004341533026,6.773512840270996
269,-47.982506408691386,0,0,136,0.5824332332849961,7.210626602172852
270,-53.14962066650388,0,0,174,0.5812683668184261,6.752405166625977
271,-50.718820495605414,0,0,129,0.5801058300847892,6.637205123901367
272,-88.26675125122064,0,0,255,0.5789456184246197,6.826687812805176
273,-57.83341003417967,0,0,159,0.5777877271877704,6.705852508544922
274,-57.679593582153316,0,0,155,0.5766321517333949,6.66489839553833
275,-70.69976913452142,0,0,230,0.5754788874299281,6.457442283630371
276,-52.962156448364205,0,0,160,0.5743279296550683,6.3880391120910645
277,-50.62400703430171,0,0,145,0.5731792737957582,6.3310017585754395
278,-62.83980163574212,0,0,198,0.5720329152481667,6.687450408935547
279,-72.50927871704098,0,0,252,0.5708888494176704,6.329819679260254
280,-73.82182312011722,0,0,229,0.569747071718835,6.330455780029297
281,-51.1671186828613,0,0,152,0.5686075775753973,6.631779670715332
282,-35.39217163085938,0,0,141,0.5674703624202465,6.095542907714844
283,-46.670301208496056,0,0,142,0.5663354216954061,6.477575302124023
284,-59.748873443603486,0,0,186,0.5652027508520152,6.257218360900879
285,-51.64452392578119,0,0,184,0.5640723453503111,6.2686309814453125
286,-53.94912239074708,0,0,300,0.5629442006596105,5.872280597686768
287,-55.63054710388179,0,0,300,0.5618183122582913,6.330136775970459
288,-59.485425338745095,0,0,300,0.5606946756337747,5.906356334686279
289,-69.91502990722657,0,0,210,0.5595732862825071,6.316257476806641
290,-59.21265388488765,0,0,173,0.5584541397099421,6.300663471221924
291,-67.7065435028076,0,0,300,0.5573372314305222,6.224135875701904
292,-53.23378562927245,0,0,164,0.5562225569676611,5.995946407318115
293,-56.21609573364256,0,0,181,0.5551101118537257,6.4790239334106445
294,-61.46482055664059,0,0,259,0.5539998916300183,5.883705139160156
295,-54.7108003703739,0,0,176,0.5528918918467582,6.752501010894775
296,-88.51977684020994,0,0,300,0.5517861080630647,5.56244421005249
297,-63.71898139953615,0,0,300,0.5506825358469386,5.957245349884033
298,-86.99685432434069,0,0,300,0.5495811707752447,4.994213581085205
299,-103.85176048278795,0,0,300,0.5484820084336942,4.5629401206970215
300,-64.45021484374998,0,0,178,0.5473850444168268,6.4300537109375
301,-56.06463573455815,0,0,300,0.5462902743279932,3.4586589336395264
302,-54.98044937133789,0,0,300,0.5451976937793371,5.075112342834473
303,-59.57394485473631,0,0,187,0.5441072983917784,5.630986213684082
304,-96.92955780029286,0,0,300,0.5430190837949949,4.357389450073242
305,-103.13053291320794,0,0,246,0.5419330456274049,4.675133228302002
306,-84.55128898620592,0,0,300,0.5408491795361501,4.975322246551514
307,-55.048426437377934,0,0,156,0.5397674811770777,6.749606609344482
308,-56.85831325531011,0,0,300,0.5386879462147236,3.1070783138275146
309,-50.054643592834445,0,0,300,0.5376105703222942,3.773660898208618
310,-75.00754768371574,0,0,300,0.5365353491816496,5.109386920928955
311,-94.8415193939208,0,0,275,0.5354622784832863,5.075379848480225
312,-55.17778640747067,0,0,202,0.5343913539263198,7.216946601867676
313,-110.7161866291377,0,0,262,0.5333225712184672,5.274245738983154
314,-49.07580162048334,0,0,300,0.5322559260760302,3.1414504051208496
315,-54.49287807464603,0,0,300,0.5311914142238782,3.905719518661499
316,-36.08803565979004,0,0,89,0.5301290313954304,7.31450891494751
317,-121.99163078308092,0,0,300,0.5290687733326396,2.6254076957702637
318,-60.14070835113531,0,0,300,0.5280106357859743,3.3101770877838135
319,-48.589954872131315,0,0,300,0.5269546145144024,3.204988718032837
320,-52.72335018157967,0,0,300,0.5259007052853736,3.0833375453948975
321,-59.88864440917972,0,0,300,0.5248489038748029,2.797161102294922
322,-96.12331211090091,0,0,300,0.5237992060670532,2.6258280277252197
323,-51.88951068878171,0,0,300,0.5227516076549191,2.7698776721954346
324,-65.2012209701538,0,0,300,0.5217061044396093,3.180305242538452
325,-63.60824673573042,0,0,219,0.52066269223073,5.796862602233887
326,-52.6404033660889,0,0,300,0.5196213668462686,2.447600841522217
327,-130.1583253773066,0,0,300,0.5185821241125761,4.427280426025391
328,-48.69122695922853,0,0,300,0.5175449598643509,3.110306739807129
329,-53.38123321533207,0,0,300,0.5165098699446222,3.157808303833008
330,-89.99838676452637,0,0,300,0.515476850204733,3.212096691131592
331,-63.16080081939698,0,0,300,0.5144458965043235,3.007700204849243
332,-62.805562163195326,0,0,300,0.5134170047113148,5.599089622497559
333,-81.92969966014365,0,0,248,0.5123901707018922,7.667623996734619
334,-201.84191287120316,0,0,300,0.5113653903604884,4.675677299499512
335,-111.23101443370322,0,0,300,0.5103426595797674,4.632952690124512
336,-94.53800479888912,0,0,300,0.5093219742606079,2.77950119972229
337,-277.02323313792675,0,0,300,0.5083033303120866,4.63850736618042
338,-55.25808074951167,0,0,300,0.5072867236514624,3.6195201873779297
339,-63.08752052307121,0,0,300,0.5062721502041595,3.2918801307678223
340,-70.9069302662227,0,0,248,0.5052596059037512,5.3344316482543945
341,-195.1841923817012,0,0,300,0.5042490866919437,4.928747177124023
342,-61.52049609263864,0,0,188,0.5032405885185598,6.762823104858398
343,-87.87282710154987,0,0,299,0.5022341073415226,5.265905857086182
344,-85.54900004466502,0,0,295,0.5012296391268396,6.94244909286499
345,-52.166781950792966,0,0,159,0.5002271798485859,6.651894569396973
346,-87.6994296558711,0,0,300,0.4992267254888887,6.385056495666504
347,-70.0843079670284,0,0,300,0.4982282720379109,5.0037760734558105
348,-45.44203250885009,0,0,300,0.4972318154938351,3.6280081272125244
349,-69.23052722056833,0,0,254,0.49623735186284745,6.85283088684082
350,-43.33999687194824,0,0,122,0.49524487715912174,6.6324992179870605
351,-47.94935519298048,0,0,145,0.4942543874048035,6.030037879943848
352,-52.57750644683847,0,0,300,0.4932658786299939,3.4818766117095947
353,-56.135894194445335,0,0,300,0.4922793468727339,5.746672630310059
354,-52.64813723643752,0,0,180,0.4912947881789884,6.6847333908081055
355,-110.1220128925654,0,0,300,0.4903121986026304,4.768202304840088
356,-73.01846507152062,0,0,296,0.48933157420542517,5.307315349578857
357,-69.11712451060745,0,0,300,0.48835291105701434,5.351980209350586
358,-55.23304392894237,0,0,300,0.48737620523490033,4.863460063934326
359,-56.3642976379394,0,0,300,0.48640145282443054,6.463574409484863
360,-81.81411293029774,0,0,300,0.48542864991878165,3.571028232574463
361,-80.95500384410356,0,0,272,0.48445779261894406,4.583950042724609
362,-71.11789088328811,0,0,253,0.4834888770337062,5.452171802520752
363,-145.14799339294436,0,0,300,0.4825218992796388,3.019498348236084
364,-246.8973547744756,0,0,300,0.4815568554810795,3.2418386936187744
365,-54.2741176899288,0,0,300,0.4805937417701174,6.008728504180908
366,-124.07185047149648,0,0,300,0.47963255428657714,3.0354626178741455
367,-146.57282955169674,0,0,300,0.478673289178004,3.1257073879241943
368,-257.8975946426394,0,0,300,0.477715942599648,2.92439866065979
369,-174.8286407089232,0,0,300,0.4767605107144487,3.204660177230835
370,-150.04645198822016,0,0,300,0.4758069896930198,3.2141129970550537
371,-182.6786493301393,0,0,300,0.4748553757136338,2.88216233253479
372,-201.11065208435096,0,0,300,0.47390566496220654,3.4351630210876465
373,-451.19324024200375,0,0,300,0.47295785363228215,3.5908100605010986
374,-383.3033441162105,0,0,300,0.4720119379250176,2.9858360290527344
375,-527.1640983200065,0,0,300,0.4710679140491676,3.463524580001831
376,-179.0309766387942,0,0,300,0.47012577822106927,3.1677441596984863
377,-522.3928194808949,0,0,300,0.46918552666462715,2.703204870223999
378,-322.8597630310053,0,0,300,0.46824715561129787,3.119940757751465
379,-211.95426933288581,0,0,300,0.46731066130007526,3.7585673332214355
380,-184.25888477325452,0,0,300,0.4663760399774751,3.9122211933135986
381,-109.87472671508776,0,0,300,0.46544328789752015,4.358681678771973
382,-108.86376014709455,0,0,271,0.4645124013217251,5.238440036773682
383,-165.0099336242677,0,0,300,0.46358337651908166,4.6499834060668945
384,-151.16670005798323,0,0,285,0.4626562097660435,5.12167501449585
385,-76.76497650146474,0,0,300,0.4617308973465114,4.253744125366211
386,-58.529322509765656,0,0,300,0.46080743555181836,4.537330627441406
387,-198.41202484130886,0,0,300,0.4598858206807147,5.263006210327148
388,-100.69377983093253,0,0,194,0.4589660490393533,5.765944957733154
389,-78.24063095092772,0,0,237,0.45804811694127456,5.100157737731934
390,-361.51585884094186,0,0,300,0.457132020707392,4.891464710235596
391,-78.53450210571285,0,0,253,0.45621775666597725,4.863625526428223
392,-247.71406120300304,0,0,300,0.45530532115264527,4.631015300750732
393,-69.53704063415523,0,0,300,0.45439471051033997,4.904260158538818
394,-59.48490730285645,0,0,300,0.4534859210893193,4.143726825714111
395,-43.29671527862543,0,0,300,0.45257894924714065,3.319178819656372
396,-53.348663635253814,0,0,300,0.4516737913486464,3.1321659088134766
397,-54.84051727294913,0,0,300,0.4507704437659491,3.4001293182373047
398,-51.17229652404781,0,0,300,0.4498689028784172,3.605574131011963
399,-39.75598606109613,0,0,300,0.4489691650726603,3.603996515274048
400,-53.698007049560495,0,0,300,0.448071226742515,3.7520017623901367
401,-47.549905700683595,0,0,300,0.44717508428902997,3.7199764251708984
402,-45.524463806152305,0,0,300,0.4462807341204519,3.716115951538086
403,-59.23148624420158,0,0,294,0.445388172652211,3.952871561050415
404,-48.404317893981954,0,0,300,0.44449739630690654,3.7785794734954834
405,-46.70054115295403,0,0,191,0.4436084015142927,5.827635288238525
406,-51.05163475036618,0,0,300,0.4427211847112641,4.710408687591553
407,-63.22770187377924,0,0,253,0.4418357423418416,6.001925468444824
408,-46.22593887329098,0,0,191,0.44095207085715793,5.286484718322754
409,-57.50083866119383,0,0,300,0.44007016671544363,3.962709665298462
410,-50.81423866271965,0,0,300,0.43919002638201277,3.4860596656799316
411,-54.242649269103964,0,0,300,0.43831164632924874,3.698162317276001
412,-62.45544364929195,0,0,289,0.43743502303659026,3.981360912322998
413,-46.613524284362775,0,0,300,0.4365601529905171,3.3808810710906982
414,-55.876918373107856,0,0,260,0.43568703268453607,3.8917295932769775
415,-53.019129028320314,0,0,300,0.434815658619167,3.757282257080078
416,-72.11481800079342,0,0,296,0.43394602730192866,3.9912045001983643
417,-54.08438724517818,0,0,300,0.4330781352473248,3.8485968112945557
418,-61.31322452545162,0,0,255,0.43221197897683017,3.460806131362915
419,-49.53055263519284,0,0,300,0.4313475550188765,3.4426381587982178
420,-49.00789833068849,0,0,300,0.4304848599088387,4.314474582672119
421,-53.78882122039789,0,0,253,0.42962389018902103,3.5722053050994873
422,-41.8729500961304,0,0,300,0.428764642408643,3.9007375240325928
423,-51.80421470642081,0,0,300,0.4279071131238257,3.7035536766052246
424,-43.482649879455515,0,0,300,0.42705129889757804,3.2881624698638916
425,-63.16296749114984,0,0,269,0.42619719629978287,3.8407418727874756
426,-50.430751037597595,0,0,300,0.4253448019071833,3.370187759399414
427,-46.68157749176029,0,0,300,0.424494112303369,3.5953943729400635
428,-52.89768226623536,0,0,300,0.42364512407876226,4.516920566558838
429,-45.651424865722674,0,0,300,0.4227978338306047,4.292856216430664
430,-46.65459552764886,0,0,300,0.42195223816294347,3.6236488819122314
431,-60.938919906616135,0,0,262,0.4211083336866176,5.077229976654053
432,-44.08218627929688,0,0,300,0.4202661170192444,3.8805465698242188
433,-66.13928085327142,0,0,299,0.41942558478520586,3.644820213317871
434,-58.38562244415277,0,0,300,0.4185867336156355,3.548905611038208
435,-45.469325332641574,0,0,184,0.4177495601484042,6.1098313331604
436,-42.577144660949685,0,0,300,0.4169140610281074,3.5717861652374268
437,-69.95131225585936,0,0,282,0.4160802329060512,5.937828063964844
438,-55.343583869934086,0,0,300,0.4152480724402391,3.5108959674835205
439,-42.76716018676757,0,0,300,0.41441757629535864,3.4392900466918945
440,-50.06034721374517,0,0,300,0.4135887411427679,3.3550868034362793
441,-41.521674728393535,0,0,174,0.41276156366048233,5.292918682098389
442,-50.92445091247549,0,0,300,0.41193604053316135,3.8461127281188965
443,-44.83073894500729,0,0,300,0.41111216845209503,3.727684736251831
444,-50.45889186859132,0,0,300,0.4102899441151908,3.677222967147827
445,-50.61639461517341,0,0,300,0.40946936422696045,3.941598653793335
446,-57.24890552520749,0,0,286,0.40865042549850655,3.65972638130188
447,-49.427954635620026,0,0,300,0.40783312464750954,4.054488658905029
448,-44.63246383666992,0,0,300,0.4070174583982145,3.6206159591674805
449,-49.73340671539306,0,0,300,0.4062034234814181,3.4508516788482666
450,-39.11983840942378,0,0,300,0.40539101663445526,3.422459602355957
451,-50.58716411590576,0,0,300,0.40458023460118636,3.9717910289764404
452,-59.29350959777829,0,0,229,0.403771074131984,4.60587739944458
453,-65.58496200561525,0,0,300,0.40296353198372004,3.3662405014038086
454,-70.81198219299316,0,0,297,0.4021576049197526,3.505495548248291
455,-52.407286071777456,0,0,300,0.40135328970991313,4.376821517944336
456,-45.56400417327882,0,0,300,0.4005505831304933,3.268501043319702
457,-66.07072196960458,0,0,261,0.3997494819642323,4.740180492401123
458,-50.82673690795911,0,0,300,0.3989499830003039,4.711684226989746
459,-41.798756713867164,0,0,114,0.3981520830343033,7.607189178466797
460,-50.05855484008795,0,0,300,0.39735577886823464,3.4646387100219727
461,-59.24828132629398,0,0,251,0.39656106731049817,5.102070331573486
462,-55.44502830505371,0,0,180,0.39576794517587716,7.736257076263428
463,-39.98524353027338,0,0,300,0.3949764092855254,3.8788108825683594
464,-58.75617744445799,0,0,300,0.3941864564669544,6.059044361114502
465,-50.51634475708013,0,0,300,0.39339808355402045,4.2615861892700195
466,-45.36069309234631,0,0,300,0.3926112873869124,3.685173273086548
467,-49.85457466125495,0,0,300,0.3918260648121386,3.7186436653137207
468,-65.21249507904052,0,0,291,0.39104241268251433,3.930623769760132
469,-71.21444396972663,0,0,295,0.3902603278571493,5.228610992431641
470,-79.60056838989266,0,0,288,0.389479807201435,4.7501420974731445
471,-50.16144218444832,0,0,300,0.3887008475870321,4.4403605461120605
472,-65.77369720458987,0,0,279,0.38792344589185807,3.738424301147461
473,-47.21460350036628,0,0,300,0.38714759900007434,4.783650875091553
474,-57.75525840759272,0,0,280,0.3863733038020742,3.4163146018981934
475,-38.43553115844728,0,0,300,0.38560055719447006,4.291382789611816
476,-73.45498703002936,0,0,297,0.3848293560800811,5.493746757507324
477,-50.27869750976564,0,0,300,0.38405969736792095,3.9396743774414062
478,-37.25435234069823,0,0,98,0.3832915779731851,7.1860880851745605
479,-35.6630931854248,0,0,119,0.38252499481723873,6.765773296356201
480,-53.88518611907955,0,0,270,0.3817599448276042,3.7412965297698975
481,-45.39500209808352,0,0,300,0.380996424937949,3.981250524520874
482,-42.24488647460936,0,0,155,0.3802344320880731,6.041221618652344
483,-69.2322368621826,0,0,278,0.379473963223897,3.9330592155456543
484,-457.523435164293,0,0,300,0.37871501529744916,5.803557872772217
485,-155.54961199840037,0,0,300,0.37795758526685425,4.335102081298828
486,-75.40085017283889,0,0,272,0.37720167009632055,5.880411624908447
487,-54.514109907946285,0,0,300,0.3764472667561279,4.923726558685303
488,-49.10241600036614,0,0,300,0.37569437222261565,4.785604000091553
489,-50.23581115722648,0,0,276,0.3749429834781704,4.203952789306641
490,-45.4617395019532,0,0,300,0.37419309751121405,3.5004348754882812
491,-59.33857391357418,0,0,287,0.3734447113161916,4.214643478393555
492,-49.59798301696774,0,0,233,0.3726978218935592,4.239495754241943
493,-37.49090774536133,0,0,300,0.3719524262497721,4.352726936340332
494,-46.743996934094696,0,0,105,0.37120852139727256,7.793300151824951
495,-61.91056628306838,0,0,282,0.370466104354478,4.80034065246582
496,-57.95124076843262,0,0,247,0.36972517214576905,4.865310192108154
497,-61.349471511840804,0,0,256,0.36898572180147754,4.852367877960205
498,-65.52875833352155,0,0,300,0.3682477503578746,4.81179141998291
499,-43.402312469482396,0,0,300,0.36751125485715885,4.0505781173706055
500,-42.48753442605077,0,0,300,0.36677623234744455,4.151485443115234
501,-63.04802192687981,0,0,279,0.3660426798827497,4.164505481719971
502,-58.26047830422459,0,0,225,0.3653105945229842,4.119721412658691
503,-71.29599061806739,0,0,248,0.3645799733339382,5.101099491119385
504,-63.173589782714785,0,0,269,0.3638508133872703,4.210897445678711
505,-55.82291735728716,0,0,300,0.3631231117604958,6.230928421020508
506,-73.0916612537715,0,0,227,0.3623968655369748,5.698114395141602
507,-52.23210284312695,0,0,191,0.3616720718059009,5.750724792480469
508,-46.840407638549806,0,0,300,0.3609487276622891,4.327601909637451
509,-271.6896174915644,0,0,300,0.3602268302069645,5.145103454589844
510,-57.7014172657344,0,0,227,0.35950637654655054,5.408053398132324
511,-35.516860580444295,0,0,300,0.35878736379345744,3.291715145111084
512,-125.55023284912106,0,0,198,0.3580697890658705,5.210058212280273
513,-50.40607005198926,0,0,161,0.35735364948773873,5.771716594696045
514,-88.44225720325973,0,0,191,0.35663894218876324,5.415365219116211
515,-34.66003040313714,0,0,300,0.3559256643043857,3.5925076007843018
516,-43.29344646453858,0,0,300,0.3552138129757769,3.4683616161346436
517,-36.66130569458006,0,0,153,0.35450338534982534,5.4078264236450195
518,-60.63824127197269,0,0,160,0.3537943785791257,5.477060317993164
519,-44.25601730346679,0,0,144,0.35308678982196745,6.414004325866699
520,-61.85518237193558,0,0,219,0.35238061624232353,5.971494674682617
521,-66.31545722961425,0,0,283,0.3516758550098389,4.4213643074035645
522,-47.658111313977486,0,0,140,0.3509725032998192,6.671828746795654
523,-81.25071446339159,0,0,152,0.35027055829321957,5.95997953414917
524,-35.20265800476074,0,0,153,0.3495700171766331,5.4706645011901855
525,-37.939348983764646,0,0,300,0.3488708771422798,3.972337245941162
526,-50.50753067016598,0,0,177,0.34817313538799527,5.444382667541504
527,-44.137912750244126,0,0,300,0.3474767891172193,3.221978187561035
528,-37.85241485595702,0,0,147,0.34678183553898484,5.210603713989258
529,-52.84377822875971,0,0,253,0.34608827186790686,3.9359445571899414
530,-51.23573505401616,0,0,300,0.34539609532417104,3.8414337635040283
531,-46.319655333361396,0,0,300,0.3447053031335227,5.1001129150390625
532,-46.878147659301696,0,0,300,0.3440158925272557,3.7045369148254395
533,-46.56611193736521,0,0,203,0.3433278607422012,5.541727066040039
534,-56.42268463134755,0,0,277,0.34264120502071677,4.365671157836914
535,-54.47407512664793,0,0,272,0.3419559226106753,3.6060187816619873
536,-60.805534782409595,0,0,293,0.34127201076545394,3.653883695602417
537,-58.10157363891594,0,0,283,0.34058946674392304,3.792893409729004
538,-39.393152465820314,0,0,300,0.3399082878104352,3.975788116455078
539,-63.7902842243525,0,0,297,0.3392284712348143,5.677770137786865
540,-57.131456785998054,0,0,267,0.33855001429234466,5.423063278198242
541,-58.69787715037793,0,0,246,0.33787291426376,5.552168369293213
542,-40.423269348144515,0,0,300,0.33719716843523245,4.210817337036133
543,-41.96412796020504,0,0,300,0.336522774098362,3.9435319900512695
544,-37.131194992065375,0,0,300,0.33584972855016526,4.052798748016357
545,-55.400082015991174,0,0,293,0.33517802909306493,4.187520503997803
546,-50.34440841674805,0,0,300,0.3345076730348788,4.236102104187012
547,-38.23162345886232,0,0,300,0.33383865768880905,4.357905864715576
548,-45.61177658081052,0,0,300,0.3331709803734314,4.092944145202637
549,-42.05565792083736,0,0,300,0.3325046384126845,3.8739144802093506
550,-79.85624214172365,0,0,229,0.3318396291358591,4.724060535430908
551,-43.673227081298805,0,0,142,0.3311759498775874,5.915806770324707
552,-41.055884170532146,0,0,300,0.33051359797783225,3.7514710426330566
553,-50.16331169128413,0,0,283,0.3298525707818766,4.235827922821045
554,-45.35581062316891,0,0,216,0.3291928656403128,4.281452655792236
555,-34.8561308670044,0,0,300,0.3285344799090322,3.7065327167510986
556,-57.99460337718457,0,0,300,0.32787741094921413,6.188849925994873
557,-61.56258700450392,0,0,248,0.3272216561273157,5.455845832824707
558,-51.407234573364256,0,0,251,0.32656721281506107,4.1893086433410645
559,-50.285144729614245,0,0,269,0.32591407838943093,3.9037861824035645
560,-55.87838027954095,0,0,272,0.32526225023265204,4.349595069885254
561,-65.37003047069041,0,0,237,0.3246117257321867,6.260206699371338
562,-51.136706190905294,0,0,186,0.3239625022807223,6.636875629425049
563,-55.99441795349119,0,0,288,0.32331457727616086,4.486104488372803
564,-37.11893535614006,0,0,300,0.32266794812160854,3.464733839035034
565,-45.70421283721926,0,0,300,0.3220226122253653,3.8185532093048096
566,-39.46025889476272,0,0,158,0.3213785670009146,5.442763805389404
567,-40.3688457020137,0,0,137,0.3207358098669128,6.089910507202148
568,-48.48665809631345,0,0,242,0.320094338247179,4.559164524078369
569,-41.538963042101585,0,0,128,0.31945414957068463,6.017439842224121
570,-49.73853027343746,0,0,214,0.31881524127154326,4.279632568359375
571,-50.6222538757324,0,0,254,0.3181776107890002,3.7230634689331055
572,-50.61254302978513,0,0,263,0.3175412555674222,4.173135757446289
573,-52.93333476146197,0,0,300,0.3169061730562873,4.748532772064209
574,-123.52902861674747,0,0,300,0.3162723607101747,3.70245623588562
575,-36.026971893310545,0,0,300,0.3156398159887544,3.7992429733276367
576,-47.889305038452086,0,0,300,0.3150085363567769,4.867326259613037
577,-36.25192779541013,0,0,300,0.31437851928406335,4.015481948852539
578,-58.11078086853027,0,0,299,0.3137497622454952,4.050195217132568
579,-49.690178222656215,0,0,264,0.31312226272100424,4.4050445556640625
580,-47.72080905040243,0,0,300,0.3124960181955622,5.285401344299316
581,-57.53809237559776,0,0,300,0.3118710261591711,5.5697221755981445
582,-59.662202635607414,0,0,300,0.31124728410685276,5.153249740600586
583,-58.648779097399505,0,0,300,0.31062478953863903,4.549893856048584
584,-31.546013679504377,0,0,300,0.31000353995956176,3.3640034198760986
585,-49.34566116332999,0,0,186,0.30938353287964265,5.6489152908325195
586,-35.784323683581086,0,0,136,0.30876476581388335,6.071280002593994
587,-55.4693890674922,0,0,203,0.3081472362822556,5.900046348571777
588,-65.88007517894242,0,0,160,0.3075309418096911,6.415217876434326
589,-75.51041438182334,0,0,283,0.3069158799260717,4.432802677154541
590,-46.29562988281248,0,0,236,0.3063020481662196,4.786407470703125
591,-47.123654708862375,0,0,300,0.30568944406988713,4.503413677215576
592,-53.61130264282223,0,0,300,0.30507806518174735,4.145325660705566
593,-57.364917403063444,0,0,300,0.3044679090513839,4.6814284324646
594,-117.97145419200382,0,0,300,0.3038589732332811,3.728062629699707
595,-74.56374545176958,0,0,300,0.3032512552868145,4.713635444641113
596,-49.1534794147824,0,0,300,0.30264475277624087,4.766068935394287
597,-39.516826934814446,0,0,238,0.30203946327068837,3.8617067337036133
598,-37.8065011596679,0,0,300,0.301435384344147,3.199125289916992
599,-56.71398585399127,0,0,193,0.3008325135754587,5.881195545196533
600,-64.88625819285832,0,0,253,0.3002308485483078,5.20176362991333
601,-56.84045680125685,0,0,203,0.2996303868512112,5.4378132820129395
602,-41.57782272338862,0,0,300,0.29903112607750876,3.446955680847168
603,-33.633564300537,0,0,300,0.29843306382535373,3.3908910751342773
604,-53.71359820445507,0,0,206,0.29783619769770303,5.8135986328125
605,-66.46196182250974,0,0,231,0.2972405253023076,4.532990455627441
606,-44.66188929637403,0,0,194,0.296646044251703,5.605671405792236
607,-39.081154556274406,0,0,154,0.2960527521631996,5.4652886390686035
608,-67.81187052806351,0,0,240,0.29546064665887317,5.5256667137146
609,-46.149707976183564,0,0,157,0.29486972536555545,5.675126075744629
610,-81.08860453685259,0,0,300,0.29427998591482435,5.059850215911865
611,-56.99402755737296,0,0,167,0.2936914259429947,5.951006889343262
612,-39.868549834093756,0,0,148,0.2931040430911087,5.649836540222168
613,-64.0509544666622,0,0,300,0.2925178350049265,4.915437698364258
614,-64.58695277293648,0,0,263,0.29193279933491667,5.309437274932861
615,-62.64775057872269,0,0,274,0.2913489337362468,5.1696367263793945
616,-47.62188899119827,0,0,204,0.2907662358687743,5.498171329498291
617,-58.637847395739314,0,0,241,0.2901847033970368,5.539660930633545
618,-49.12752795299022,0,0,193,0.2896043339902427,6.342081069946289
619,-59.02940844615424,0,0,264,0.2890251253222622,5.070051193237305
620,-68.85445971568564,0,0,300,0.2884470750716177,4.973814010620117
621,-48.65107356151078,0,0,300,0.2878701809214745,4.757967472076416
622,-61.41326411326857,0,0,271,0.28729444055963155,5.768515110015869
623,-45.21060366710157,0,0,178,0.28671985167851227,5.937849998474121
624,-46.77274516185251,0,0,171,0.2861464119751552,6.120885372161865
625,-51.66956118663278,0,0,242,0.2855741191512049,5.717589378356934
626,-43.157853499254834,0,0,300,0.2850029709129025,5.314662456512451
627,-41.97639781077834,0,0,198,0.2844329649710767,5.4767985343933105
628,-46.60832675059769,0,0,300,0.2838640990411345,5.1922807693481445
629,-57.287413283190475,0,0,185,0.28329637084305226,6.152052402496338
630,-61.297930403551725,0,0,274,0.2827297781013662,5.84218168258667
631,-51.12996104320018,0,0,209,0.28216431854516344,5.460189342498779
632,-54.918578596911146,0,0,243,0.2815999899080731,5.234843730926514
633,-49.235385466417966,0,0,209,0.281036789928257,5.481545448303223
634,-42.758455916247065,0,0,152,0.2804747163484005,6.582313060760498
635,-32.433678618273476,0,0,111,0.2799137669157037,6.29611873626709
636,-43.13633189280964,0,0,300,0.2793539393818723,4.944282054901123
637,-39.025895949206074,0,0,167,0.2787952315031086,5.474173069000244
638,-36.6487487324092,0,0,95,0.27823764104010235,7.322386264801025
639,-37.17609370311233,0,0,151,0.27768116575802215,6.134222507476807
640,-48.47469546397665,0,0,300,0.2771258034265061,5.486372947692871
641,-48.1820401295039,0,0,214,0.2765715518196531,5.628209114074707
642,-41.24527087291214,0,0,300,0.2760184087160138,5.584016799926758
643,-59.33943621715042,0,0,262,0.27546637189858175,5.727558135986328
644,-55.504114332995115,0,0,235,0.2749154391547846,6.38872766494751
645,-54.208227339586884,0,0,236,0.27436560827647505,5.939755916595459
646,-52.665966978869136,0,0,222,0.2738168770599221,5.979190826416016
647,-39.2172992237422,0,0,95,0.2732692433058022,7.239523887634277
648,-44.86935046275587,0,0,216,0.2727227048191906,5.770036697387695
649,-68.02894198497262,0,0,267,0.27217725940955223,6.4749345779418945
650,-33.20276927073928,0,0,97,0.2716329048907331,6.925891399383545
651,-33.92089213450881,0,0,99,0.2710896390809516,7.255422115325928
652,-58.219880629381706,0,0,293,0.2705474598027897,6.2901692390441895
653,-60.98973338206737,0,0,244,0.27000636488318414,6.640132427215576
654,-58.8358083637569,0,0,267,0.26946635215341774,5.1841511726379395
655,-52.63258013804884,0,0,219,0.2689274194491109,5.5683441162109375
656,-38.7191449268672,0,0,159,0.2683895646102127,6.337485313415527
657,-35.96064852794143,0,0,90,0.2678527854809923,7.177861213684082
658,-44.323391066393555,0,0,203,0.2673170799100303,5.426046848297119
659,-64.98015040477247,0,0,273,0.2667824457502102,6.820236682891846
660,-41.3174244984004,0,0,147,0.2662488808587098,6.274555206298828
661,-36.93758196910354,0,0,167,0.26571638309699236,6.307094573974609
662,-33.754705352783205,0,0,88,0.26518495033079836,7.271176338195801
663,-58.92355746348825,0,0,258,0.2646545804301368,6.243588447570801
664,-36.09572044372558,0,0,95,0.26412527126927654,7.1714301109313965
665,-34.3776457977295,0,0,93,0.26359702072673796,7.389411449432373
666,-34.88267016490432,0,0,108,0.2630698266852845,7.405866622924805
667,-43.02129138072462,0,0,146,0.26254368703191394,7.033021926879883
668,-34.15994875987498,0,0,300,0.2620185996578501,4.9926862716674805
669,-72.3431332691524,0,0,238,0.2614945624585344,7.005982398986816
670,-32.23297485351563,0,0,103,0.26097157333361737,7.160743713378906
671,-49.51498092651363,0,0,177,0.2604496301869501,7.156245231628418
672,-31.142725296020508,0,0,92,0.2599287309265762,7.518181324005127
673,-47.00842494090523,0,0,226,0.259408873464723,5.327305316925049
674,-36.31536845286819,0,0,101,0.25889005571779355,7.1290411949157715
675,-37.669158659777395,0,0,300,0.25837227560635795,4.862488746643066
676,-63.67963717540232,0,0,291,0.25785553105514525,5.297608375549316
677,-40.26413745006065,0,0,300,0.25733981999303496,5.141233444213867
678,-31.131654921373975,0,0,300,0.2568251403530489,4.170612812042236
679,-37.55488993724303,0,0,300,0.2563114900723428,4.3814215660095215
680,-57.13544596751658,0,0,288,0.25579886709219807,3.934060573577881
681,-40.957911482653394,0,0,300,0.25528726935801366,3.9896769523620605
682,-37.53467181285349,0,0,300,0.25477669481929766,4.936367034912109
683,-32.71332283020016,0,0,300,0.25426714142965906,3.440830707550049
684,-36.72672248840332,0,0,130,0.25375860714679976,7.05418062210083
685,-38.862539215087864,0,0,108,0.25325108993250617,7.110634803771973
686,-52.143184080920015,0,0,300,0.25274458775264114,4.185995101928711
687,-40.33046481212118,0,0,300,0.25223909857713583,4.337815284729004
688,-36.73534225463852,0,0,300,0.25173462037998157,7.061335563659668
689,-42.35833026011924,0,0,300,0.2512311511392216,3.9597816467285156
690,-39.40685462077594,0,0,300,0.25072868883694316,3.9769127368927
691,-38.381659575304674,0,0,300,0.2502272314592693,4.575613975524902
692,-36.54265841563675,0,0,300,0.24972677699635074,3.79836368560791
693,-40.28756675720214,0,0,212,0.24922732344235804,5.296891689300537
694,-31.14369128306839,0,0,109,0.24872886879547332,6.22612190246582
695,-39.60046218872068,0,0,132,0.24823141105788238,7.027615547180176
696,-42.33579917907713,0,0,138,0.2477349482357666,6.906449794769287
697,-54.70282160838577,0,0,296,0.24723947833929508,4.205904483795166
698,-46.18238963206741,0,0,219,0.2467449993826165,4.695796489715576
699,-37.40621905406453,0,0,300,0.24625150938385126,5.399253845214844
700,-48.157267409166984,0,0,244,0.24575900636508355,5.0170159339904785
701,-48.26454638560744,0,0,252,0.24526748835235337,5.003835678100586
702,-40.32374262889356,0,0,300,0.24477695337564867,4.516134738922119
703,-36.83778285106148,0,0,300,0.24428739946889738,4.522144794464111
704,-38.37968173106643,0,0,300,0.24379882466995959,4.180119514465332
705,-44.034313155016605,0,0,241,0.24331122702061966,4.393777370452881
706,-32.586975355944254,0,0,300,0.24282460456657842,4.2019429206848145
707,-52.132868147692335,0,0,289,0.24233895535744526,4.755916118621826
708,-30.690424957275383,0,0,115,0.24185427744673038,6.725106239318848
709,-50.93290423472851,0,0,229,0.24137056889183692,5.045925140380859
710,-37.930409499010764,0,0,141,0.24088782775405324,6.712801456451416
711,-50.391691542467704,0,0,295,0.24040605209854513,4.820621967315674
712,-34.220251494249986,0,0,300,0.23992523999434803,4.1952619552612305
713,-55.15913882335149,0,0,230,0.23944538951435934,5.124983787536621
714,-34.13196703990423,0,0,300,0.23896649873533063,4.538190841674805
715,-35.93849052429198,0,0,149,0.23848856573785998,5.762122631072998
716,-50.85724497874703,0,0,254,0.23801158860638427,4.459510326385498
717,-53.53699000438182,0,0,281,0.2375355654291715,4.4869465827941895
718,-45.99190455516306,0,0,240,0.23706049429831316,5.293175220489502
719,-41.552236815294926,0,0,232,0.23658637330971655,4.443258285522461
720,-31.083504591784166,0,0,300,0.23611320056309712,4.166075229644775
721,-34.593798170885755,0,0,300,0.2356409741619709,4.831148624420166
722,-28.40117739757034,0,0,129,0.23516969221364697,5.662993431091309
723,-43.51481455882518,0,0,242,0.2346993528292197,5.391402721405029
724,-31.467502470812533,0,0,133,0.23422995412356126,5.5220746994018555
725,-47.37621295054879,0,0,245,0.23376149421531414,4.9992523193359375
726,-43.49627146800489,0,0,251,0.2332939712268835,4.346766948699951
727,-43.35874964793652,0,0,257,0.23282738328442973,4.582386493682861
728,-47.95386881907908,0,0,247,0.23236172851786085,4.748666286468506
729,-44.30014361461126,0,0,300,0.23189700506082514,4.4752349853515625
730,-43.60608309825388,0,0,236,0.2314332110507035,4.664219856262207
731,-42.495098601183614,0,0,219,0.23097034462860208,4.618973731994629
732,-38.886318465075206,0,0,300,0.23050840393934488,4.401778697967529
733,-44.36937037547557,0,0,243,0.2300473871314662,4.175041675567627
734,-51.93226313670601,0,0,231,0.22958729235720327,5.230764865875244
735,-32.491232252916966,0,0,300,0.22912811777248887,4.0955071449279785
736,-51.28389529307812,0,0,273,0.22866986153694388,4.433672904968262
737,-37.631981612047866,0,0,217,0.22821252181387,4.405694484710693
738,-102.03529565096291,0,0,269,0.22775609677024225,4.834421157836914
739,-32.75764750560247,0,0,300,0.22730058457670177,4.127110958099365
740,-42.33671938975785,0,0,300,0.22684598340754836,3.8018789291381836
741,-38.95808161815138,0,0,188,0.22639229144073325,5.452219486236572
742,-45.56698596080271,0,0,209,0.22593950685785177,5.421945571899414
743,-31.85762911876165,0,0,300,0.22548762784413606,4.50960636138916
744,-55.06469683726752,0,0,298,0.2250366525884478,5.251373291015625
745,-49.5080271442744,0,0,239,0.2245865792832709,5.482205867767334
746,-51.992515669664954,0,0,290,0.22413740612470434,5.09332799911499
747,-32.29154559215034,0,0,300,0.22368913131245494,4.393085479736328
748,-38.98701197703811,0,0,300,0.22324175304983002,4.601952075958252
749,-55.309732771715815,0,0,299,0.22279526954373036,4.8001322746276855
750,-34.58153140147652,0,0,300,0.2223496790046429,4.988081932067871
751,-37.300791045031225,0,0,300,0.2219049796466336,4.255396842956543
752,-40.289509611925794,0,0,155,0.22146116968734034,5.425076484680176
753,-33.1094845112177,0,0,300,0.22101824734796566,5.255070209503174
754,-27.916954680285084,0,0,300,0.22057621085326973,4.9344377517700195
755,-43.65382723887892,0,0,217,0.2201350584315632,5.398655891418457
756,-50.32027583201854,0,0,189,0.21969478831470007,5.252768039703369
757,-42.50507987976073,0,0,166,0.21925539873807068,5.3412699699401855
758,-38.12302226146193,0,0,197,0.21881688794059453,4.980954647064209
759,-39.3446396168086,0,0,233,0.21837925416471335,4.313858985900879
760,-35.87390612681831,0,0,300,0.21794249565638393,4.28117561340332
761,-36.84323672374215,0,0,300,0.21750661066507115,4.073508262634277
762,-36.765983458361326,0,0,300,0.21707159744374102,4.0341949462890625
763,-38.64528796275589,0,0,155,0.21663745424885353,5.166521072387695
764,-49.51566111644236,0,0,182,0.21620417934035582,5.159114360809326
765,-45.28470851024116,0,0,244,0.2157717709816751,5.003876209259033
766,-38.5748876484247,0,0,300,0.21534022743971176,4.231420993804932
767,-39.71269511302441,0,0,233,0.21490954698483233,4.553372859954834
768,-32.19244883616889,0,0,300,0.21447972789086267,4.238311290740967
769,-44.2048996647212,0,0,300,0.21405076843508095,3.9564239978790283
770,-27.587389479479487,0,0,300,0.21362266689821077,4.4545464515686035
771,-27.092051726183588,0,0,300,0.21319542156441434,4.275712013244629
772,-29.962547484240265,0,0,164,0.21276903072128553,5.253335952758789
773,-52.31230796813959,0,0,295,0.21234349265984295,3.730576992034912
774,-34.07151164134474,0,0,149,0.21191880567452326,5.918076992034912
775,-39.578458633422834,0,0,261,0.21149496806317422,3.434614658355713
776,-46.33588122447456,0,0,230,0.21107197812704787,5.521669387817383
777,-35.21919497569529,0,0,300,0.21064983417079378,3.8424978256225586
778,-26.771807051500925,0,0,300,0.21022853450245219,4.290650844573975
779,-42.75452624400587,0,0,210,0.2098080774334473,5.658830642700195
780,-47.241478682360324,0,0,300,0.20938846127858038,5.183068752288818
781,-45.79093112071486,0,0,258,0.20896968435602323,3.9729318618774414
782,-48.11907134135693,0,0,290,0.2085517449873112,3.689966917037964
783,-16.641786375841825,0,0,167,0.20813464149733657,4.33564567565918
784,-29.7579526050898,0,0,300,0.2077183722143419,3.5846872329711914
785,-27.088249435424807,0,0,144,0.2073029354699132,5.524562358856201
786,-46.83204409678906,0,0,266,0.20688832959897338,4.088210105895996
787,-35.19345091899355,0,0,300,0.20647455293977543,3.6110618114471436
788,-43.72395907481643,0,0,255,0.20606160383389588,4.463688850402832
789,-50.70741358836617,0,0,203,0.2056494806262281,5.447052478790283
790,-61.0833093555781,0,0,263,0.20523818166497565,6.346026420593262
791,-41.771908446154306,0,0,208,0.2048277053016457,5.335676193237305
792,-37.57737155040236,0,0,157,0.20441804989104242,5.654541969299316
793,-44.7650430591914,0,0,163,0.20400921379126033,5.678959846496582
794,-81.77013842662309,0,0,249,0.20360119536367782,5.460233688354492
795,-60.06691897471871,0,0,236,0.20319399297295046,5.356928825378418
796,-47.401495467028305,0,0,235,0.20278760498700457,5.7830729484558105
797,-27.142706345715794,0,0,121,0.20238202977703057,6.050477504730225
798,-26.14788406372064,0,0,300,0.2019772657174765,3.179471015930176
799,-34.74131645202637,0,0,196,0.20157331118604155,5.212829113006592
800,-44.9405226898193,0,0,205,0.20117016456366946,5.042630672454834
801,-48.044746962389645,0,0,179,0.20076782423454212,5.923885822296143
802,-40.87988307078809,0,0,163,0.20036628858607303,5.400169849395752
803,-62.09568072398621,0,0,300,0.19996555600890087,5.4566192626953125
804,-44.669493742785164,0,0,163,0.19956562489688306,6.0225725173950195
805,-47.48883148193357,0,0,173,0.1991664936470893,5.757207870483398
806,-36.69379199107619,0,0,169,0.1987681606597951,5.576147079467773
807,-45.59862270355217,0,0,276,0.19837062433847552,3.5496556758880615
808,-37.36629276275633,0,0,249,0.19797388308979857,3.954073190689087
809,-24.639344062805126,0,0,300,0.19757793532361898,3.512336015701294
810,-28.272647391161644,0,0,300,0.19718277945297175,3.8133609294891357
811,-42.49741343577831,0,0,192,0.1967884138940658,5.1745524406433105
812,-30.12970169067377,0,0,300,0.19639483706627767,4.449925422668457
813,-52.69393573760973,0,0,298,0.1960020473921451,3.895983934402466
814,-59.967794295153375,0,0,287,0.1956100432973608,3.8346476554870605
815,-35.66827262878407,0,0,300,0.19521882321076608,3.819568157196045
816,-27.81176875194049,0,0,300,0.19482838556434456,3.455641269683838
817,-88.5127099609374,0,0,300,0.1944387287932159,2.475677490234375
818,-51.46219576915238,0,0,233,0.19404985133562946,3.5782480239868164
819,-30.396899977526285,0,0,300,0.1936617516329582,4.774424076080322
820,-47.258027067980436,0,0,215,0.19327442812969228,5.689705848693848
821,-32.32539057811226,0,0,300,0.1928878792734329,5.829046726226807
822,-31.246230040392604,0,0,138,0.19250210351488603,5.769256591796875
823,-43.06376354217528,0,0,251,0.19211709930785625,3.6609408855438232
824,-69.22427436828617,0,0,276,0.19173286510924054,4.751068592071533
825,-26.802339087328622,0,0,300,0.19134939937902207,3.320783853530884
826,-41.65919959147903,0,0,300,0.19096670058026402,3.6324989795684814
827,-44.790543060302696,0,0,294,0.1905847671791035,4.015135765075684
828,-29.322904845080036,0,0,300,0.1902035976447453,4.13592529296875
829,-26.539409895739215,0,0,300,0.1898231904494558,3.815051555633545
830,-36.48899345397949,0,0,172,0.1894435440685569,5.609748363494873
831,-31.178458090624446,0,0,300,0.1890646569804198,3.4498136043548584
832,-30.974100600084896,0,0,300,0.18868652766645896,3.7387242317199707
833,-17.67930934031936,0,0,300,0.18830915461112605,3.3000264167785645
834,-23.933173552355452,0,0,300,0.1879325363019038,3.4459924697875977
835,-32.318670454821266,0,0,300,0.18755667122929998,3.4048666954040527
836,-39.00466822703808,0,0,300,0.18718155788684138,3.438866138458252
837,-43.53147090037797,0,0,300,0.1868071947710677,5.035566806793213
838,-47.43826937755076,0,0,284,0.18643358038152555,3.669766426086426
839,-29.413168135485396,0,0,300,0.1860607132207625,3.1159911155700684
840,-54.2712198551509,0,0,291,0.18568859179432098,3.34550404548645
841,-24.251721640429185,0,0,300,0.18531721461073233,3.3056294918060303
842,-23.835199614367184,0,0,300,0.18494658018151086,3.1389989852905273
843,-34.896525870165526,0,0,300,0.18457668702114785,3.3443305492401123
844,-19.812134810290047,0,0,300,0.18420753364710554,3.4957327842712402
845,-21.60488448222608,0,0,300,0.18383911857981133,3.123920202255249
846,-22.931151284375414,0,0,300,0.1834714403426517,3.2000887393951416
847,-26.108051749071755,0,0,300,0.1831044974619664,3.157212018966675
848,-30.406060896715772,0,0,300,0.18273828846704246,4.9217143058776855
849,-27.47133093913524,0,0,300,0.18237281189010837,3.288031816482544
850,-36.13368659099074,0,0,300,0.18200806626632815,3.331120729446411
851,-19.595867911181166,0,0,300,0.1816440501337955,3.1991660594940186
852,-28.874178915819847,0,0,300,0.18128076203352791,3.3962438106536865
853,-27.380092879137703,0,0,300,0.18091820050946086,3.6502223014831543
854,-46.178096152147944,0,0,267,0.18055636410844195,3.8922231197357178
855,-25.63064517100784,0,0,300,0.18019525138022507,3.3078603744506836
856,-103.39942726135256,0,0,300,0.17983486087746461,3.0148568153381348
857,-39.53946227153274,0,0,250,0.17947519115570967,3.897564649581909
858,-41.92709918101758,0,0,170,0.17911624077339824,5.241973876953125
859,-136.1173255157471,0,0,248,0.17875800829185146,3.2868313789367676
860,-34.15333674510451,0,0,156,0.17840049227526775,5.4160332679748535
861,-39.285275297960936,0,0,246,0.1780436912907172,3.486517906188965
862,-36.14089892466994,0,0,300,0.17768760390813576,3.350423812866211
863,-39.6327644348144,0,0,300,0.17733222870031948,3.5081911087036133
864,-27.598755789599114,0,0,300,0.17697756424291883,3.6598880290985107
865,-47.56770565032954,0,0,268,0.17662360911443298,3.5119264125823975
866,-45.47085494995113,0,0,252,0.17627036189620413,5.380213737487793
867,-16.403920059204104,0,0,300,0.17591782117241173,3.3809800148010254
868,-44.59538851817579,0,0,277,0.17556598553006691,3.494046211242676
869,-21.637531776428183,0,0,300,0.1752148535590068,3.2168829441070557
870,-28.845026579699233,0,0,300,0.17486442385188877,3.248955726623535
871,-48.10476543426505,0,0,286,0.17451469500418498,3.958691358566284
872,-29.25513099670403,0,0,300,0.17416566561417662,3.5662827491760254
873,-35.28402267456048,0,0,300,0.17381733428294827,3.6685056686401367
874,-59.852405577502054,0,0,277,0.17346969961438236,3.3283004760742188
875,-25.111007537841797,0,0,300,0.1731227602151536,3.192751884460449
876,-24.46764403422804,0,0,300,0.1727765146947233,3.2871100902557373
877,-31.721617384752868,0,0,300,0.17243096166533387,3.948103427886963
878,-32.93838313182327,0,0,300,0.1720860997420032,3.287294864654541
879,-45.68725738525387,0,0,265,0.17174192754251918,3.2093143463134766
880,-22.4081149291992,0,0,300,0.17139844368743415,3.6595287322998047
881,-40.65904327392576,0,0,273,0.17105564680005927,3.5497608184814453
882,-40.71511871337887,0,0,263,0.17071353550645915,3.3487796783447266
883,-48.933388434252564,0,0,300,0.17037210843544623,3.366046190261841
884,-48.46811835368594,0,0,275,0.17003136421857534,3.8222286701202393
885,-20.74026732524366,0,0,300,0.1696913014901382,3.2327659130096436
886,-44.866571036181156,0,0,277,0.16935191888715792,3.7543418407440186
887,-71.94798831065626,0,0,295,0.1690132150493836,3.537196159362793
888,-24.04907923778028,0,0,300,0.16867518861928482,3.494968891143799
889,-34.78600779612979,0,0,300,0.16833783824204626,3.529201030731201
890,-52.66433123668154,0,0,258,0.16800116256556216,5.716281890869141
891,-25.707345161437985,0,0,202,0.16766516024043104,3.261836290359497
892,-22.891643515429198,0,0,300,0.16732982991995018,3.0356099605560303
893,-31.193939352831567,0,0,300,0.1669951702601103,3.258683919906616
894,-22.91821567535399,0,0,300,0.16666117991959006,3.937053918838501
895,-22.123360510668448,0,0,300,0.16632785755975088,3.2485392093658447
896,-38.140598479113294,0,0,264,0.16599520184463137,3.297848701477051
897,-36.67442844390868,0,0,231,0.16566321144094212,3.611107110977173
898,-32.53251622120407,0,0,159,0.16533188501806023,5.140429973602295
899,-28.208469399609825,0,0,300,0.1650012212480241,3.6144182682037354
900,-35.87650207519532,0,0,207,0.16467121880552807,4.959125518798828
901,-38.24174533843993,0,0,282,0.164341876367917,3.4079363346099854
902,-51.615429611205954,0,0,213,0.16401319261518116,4.661357402801514
903,-42.744416427612265,0,0,264,0.1636851662299508,3.761104106903076
904,-25.118572006225545,0,0,300,0.1633577958974909,4.7146430015563965
905,-38.501839599609376,0,0,256,0.1630310803056959,4.572959899902344
906,-36.82499351501463,0,0,269,0.1627050181450845,4.168748378753662
907,-32.362509689331056,0,0,186,0.16237960810879434,4.538127422332764
908,-20.664286757311526,0,0,300,0.16205484889257676,3.3137707710266113
909,-41.19167658885449,0,0,265,0.1617307391947916,3.3656182289123535
910,-27.19622341155996,0,0,300,0.16140727771640204,3.7590558528900146
911,-43.524934912523925,0,0,270,0.16108446316096922,3.466432809829712
912,-25.203512564501462,0,0,300,0.16076229423464727,3.0760772228240967
913,-39.61755137523143,0,0,272,0.16044076964617798,3.389586925506592
914,-45.58667914470166,0,0,257,0.16011988810688563,3.6018688678741455
915,-48.0981019592285,0,0,89,0.15979964833067187,7.434525489807129
916,-44.514853354296484,0,0,300,0.15948004903401053,3.283912420272827
917,-27.616363677978487,0,0,300,0.1591610889359425,3.676590919494629
918,-36.59877375682328,0,0,247,0.1588427667580706,3.324892520904541
919,-25.711257735094726,0,0,300,0.15852508122455447,3.415513515472412
920,-40.62344528198241,0,0,267,0.15820803106210535,3.7783613204956055
921,-31.06338592529297,0,0,171,0.15789161499998114,4.775846481323242
922,-31.60441314697266,0,0,128,0.1575758317699812,5.496103286743164
923,-39.38193130493163,0,0,236,0.15726068010644123,4.40798282623291
924,-27.824639167785612,0,0,300,0.15694615874622836,3.808659791946411
925,-44.81586649974321,0,0,300,0.1566322664287359,3.1941657066345215
926,-68.88798220714065,0,0,284,0.15631900189587844,3.5121946334838867
927,-27.848106117248523,0,0,197,0.1560063638920867,3.782026529312134
928,-44.814587393603055,0,0,241,0.15569435116430252,3.5663459300994873
929,-46.015638647875505,0,0,267,0.15538296246197392,3.3616087436676025
930,-44.269851370653896,0,0,300,0.15507219653704996,3.7726619243621826
931,-28.465385771593755,0,0,300,0.15476205214397584,3.151545524597168
932,-33.10398421367137,0,0,300,0.1544525280396879,3.498695135116577
933,-26.58463496287792,0,0,300,0.1541436229836085,3.471357822418213
934,-27.843312712511732,0,0,140,0.1538353357376413,5.34102725982666
935,-28.848584433397928,0,0,300,0.15352766506616602,3.3923451900482178
936,-43.137791510424314,0,0,282,0.15322060973603369,3.2521469593048096
937,-24.979532500109396,0,0,300,0.15291416851656162,3.487582206726074
938,-38.39067973216505,0,0,232,0.15260834017952848,3.3103690147399902
939,-19.40513651927444,0,0,300,0.15230312349916944,3.116483211517334
940,-50.52586325725045,0,0,300,0.1519985172521711,3.2941648960113525
941,-25.133808279833474,0,0,300,0.15169452021766675,3.4936511516571045
942,-27.79071696361037,0,0,133,0.1513911311772314,5.862878322601318
943,-37.947818365893085,0,0,272,0.15108834891487694,3.524653673171997
944,-15.526795378527371,0,0,300,0.15078617221704718,3.4443979263305664
945,-31.861735792956082,0,0,192,0.1504845998726131,5.033133029937744
946,-43.044020796618184,0,0,266,0.15018363067286786,3.2212042808532715
947,-23.229735480150875,0,0,300,0.1498832634115221,2.84013295173645
948,-22.466105910143575,0,0,300,0.14958349688469907,3.246725559234619
949,-39.54801215251419,0,0,292,0.14928432989092968,3.3497021198272705
950,-44.862828398546895,0,0,238,0.14898576123114782,7.050906181335449
951,-23.49013197978462,0,0,300,0.1486877897086855,3.5252320766448975
952,-43.769540129503845,0,0,298,0.14839041412926815,3.612584114074707
953,-34.31719459533694,0,0,300,0.1480936333010096,3.4192986488342285
954,-18.543137160143576,0,0,300,0.1477974460344076,2.923483371734619
955,-42.294789543151836,0,0,288,0.14750185114233877,3.763697385787964
956,-23.919151221117705,0,0,300,0.14720684744005408,3.1874868869781494
957,-30.917740393480987,0,0,237,0.14691243374517396,3.7146341800689697
958,-20.89138671000927,0,0,300,0.1466186088776836,3.29304575920105
959,-42.249673376879386,0,0,291,0.14632537165992823,3.182617425918579
960,-22.752249632677728,0,0,300,0.14603272091660838,3.333261489868164
961,-24.16345065196486,0,0,300,0.14574065547477516,3.1185617446899414
962,-33.44419917186234,0,0,229,0.1454491741638256,3.1487488746643066
963,-20.82965514262647,0,0,300,0.14515827581549795,3.2751128673553467
964,-33.67303435405227,0,0,256,0.14486795926386695,3.248457670211792
965,-32.805014372668,0,0,238,0.1445782233453392,2.8864526748657227
966,-48.59453345378366,0,0,300,0.14428906689864854,2.7063324451446533
967,-38.29668322642776,0,0,276,0.14400048876485125,3.094369888305664
968,-36.13957659800972,0,0,300,0.14371248778732154,3.177593231201172
969,-26.754285002550795,0,0,300,0.14342506281174688,3.023770332336426
970,-44.335072432360356,0,0,296,0.1431382126861234,3.0414671897888184
971,-28.837794562182157,0,0,223,0.14285193626075116,3.2021477222442627
972,-31.948089400133817,0,0,225,0.14256623238822966,3.5372214317321777
973,-40.13609557231399,0,0,291,0.1422810999234532,3.3317229747772217
974,-41.903404494127955,0,0,294,0.1419965377236063,2.906050205230713
975,-39.3897119053218,0,0,226,0.14171254464815908,3.582627058029175
976,-39.296110907397,0,0,220,0.14142911955886275,3.6867268085479736
977,-42.84469069560498,0,0,277,0.14114626131974503,3.2363717555999756
978,-18.86988631328079,0,0,300,0.14086396879710555,3.175170660018921
979,-32.381131850084984,0,0,300,0.14058224085951135,3.0404820442199707
980,-35.333813277086925,0,0,256,0.14030107637779232,3.496152400970459
981,-23.332209044298832,0,0,300,0.14002047422503675,3.4107513427734375
982,-22.36089900096389,0,0,300,0.13974043327658667,3.2054238319396973
983,-17.63597140391801,0,0,300,0.1394609524100335,2.9441919326782227
984,-32.72416873057816,0,0,210,0.13918203050521344,4.128741264343262
985,-17.120190400281217,0,0,300,0.13890366644420302,3.089848518371582
986,-36.15803130229447,0,0,265,0.13862585911131461,3.704706907272339
987,-25.061029768786117,0,0,300,0.138348607393092,3.9879565238952637
988,-38.262948408922824,0,0,226,0.1380719101783058,4.090936183929443
989,-38.297366972765644,0,0,237,0.13779576635794918,4.167040824890137
990,-34.19054203907517,0,0,264,0.1375201748252333,3.1599364280700684
991,-32.87738413890336,0,0,233,0.13724513447558281,3.2920451164245605
992,-19.658653059801768,0,0,300,0.13697064420663166,2.96486234664917
993,-45.39296721538041,0,0,296,0.1366967029182184,2.9734408855438232
994,-33.76809588511917,0,0,205,0.13642330951238196,4.337223052978516
995,-25.64764269908394,0,0,300,0.1361504628933572,4.387109756469727
996,-21.033289137682573,0,0,300,0.13587816196757047,3.3960213661193848
997,-30.361013365587915,0,0,218,0.13560640564363532,4.100452423095703
998,-40.46609191020458,0,0,281,0.13533519283234804,3.666722059249878
999,-31.360342284044954,0,0,237,0.13506452244668335,4.332784652709961
1000,-32.61897658427688,0,0,242,0.13479439340178997,3.8424432277679443
1001,-30.27622813304397,0,0,218,0.1345248046149864,4.519256114959717
1002,-39.092264662584974,0,0,273,0.13425575500575643,4.080765247344971
1003,-49.05770266612491,0,0,294,0.13398724349574492,3.7921247482299805
1004,-47.606237593493105,0,0,274,0.13371926900875344,3.6017584800720215
1005,-42.08289031108349,0,0,290,0.13345183047073594,3.8834216594696045
1006,-35.278161116442405,0,0,251,0.13318492680979446,4.049739360809326
1007,-68.18819720347845,0,0,228,0.13291855695617488,6.152248382568359
1008,-19.863353224596686,0,0,300,0.13265271984226254,3.4710373878479004
1009,-82.78210227092224,0,0,300,0.132387414402578,3.9632246494293213
1010,-23.815544157824174,0,0,300,0.13212263957377285,3.069085121154785
1011,-39.8382194050166,0,0,281,0.13185839429462531,4.207253932952881
1012,-40.97755686839547,0,0,277,0.13159467750603607,4.199588298797607
1013,-47.08952094157661,0,0,279,0.131331488151024,3.5800793170928955
1014,-113.21588221629591,0,0,278,0.13106882517472196,2.824169635772705
1015,-33.230487585863806,0,0,273,0.13080668752437252,3.617820978164673
1016,-22.941093130907703,0,0,300,0.1305450741493238,3.065472364425659
1017,-66.51774554332212,0,0,300,0.13028398400102514,6.864635467529297
1018,-28.997293730578157,0,0,300,0.1300234160330231,2.9920225143432617
1019,-22.69740298350781,0,0,300,0.12976336920095705,3.4770498275756836
1020,-38.59388339122264,0,0,296,0.12950384246255514,3.6786699295043945
1021,-35.51670916636917,0,0,280,0.12924483477763002,4.231876373291016
1022,-42.491720000109396,0,0,277,0.12898634510807475,4.048129081726074
1023,-22.290656767687498,0,0,300,0.1287283724178586,3.3303632736206055
1024,-40.462754317126006,0,0,240,0.12847091567302288,4.908387660980225
1025,-34.80706446727249,0,0,237,0.12821397384167682,4.216965198516846
1026,-23.977220183214843,0,0,300,0.12795754589399347,4.272004127502441
1027,-43.02284869273636,0,0,262,0.12770163080220548,5.1059112548828125
1028,-42.66976336558791,0,0,287,0.12744622754060106,4.092639923095703
1029,-60.4494554432246,0,0,300,0.12719133508551986,5.500062942504883
1030,-14.48702044566604,0,0,300,0.12693695241534883,3.2569541931152344
1031,-30.45414614757034,0,0,150,0.12668307851051813,5.548735618591309
1032,-93.93241702159375,0,0,268,0.1264297123534971,6.328303337097168
1033,-25.640091124376976,0,0,113,0.1261768529287901,5.922721862792969
1034,-134.86673965454094,0,0,207,0.12592449922293253,4.491684913635254
1035,-43.66043192943067,0,0,268,0.12567265022448668,5.5828070640563965
1036,-54.13894152720891,0,0,277,0.1254213049240377,6.782434463500977
1037,-37.23788203319046,0,0,132,0.12517046231418963,6.772169589996338
1038,-44.673976898193345,0,0,178,0.12492012138956125,6.98099422454834
1039,-99.63132064819325,0,0,300,0.12467028114678214,3.61283016204834
1040,-26.343549652099494,0,0,300,0.12442094058448858,3.2933874130249023
1041,-37.84508914073439,0,0,173,0.1241720987033196,6.473971366882324
1042,-20.97981327056879,0,0,300,0.12392375450591296,3.199953317642212
1043,-44.661014357409115,0,0,279,0.12367590699690113,5.465452671051025
1044,-29.284406157335848,0,0,300,0.12342855518290734,5.326300621032715
1045,-48.10754481395216,0,0,187,0.12318169807254152,5.672085285186768
1046,-41.477603865465824,0,0,192,0.12293533467639643,7.0046000480651855
1047,-28.29236430247757,0,0,125,0.12268946400704364,6.210790157318115
1048,-37.54387301524612,0,0,196,0.12244408507902955,5.961167335510254
1049,-39.14478594859569,0,0,213,0.1221991969088715,6.828895568847656
1050,-16.951970854601594,0,0,300,0.12195479851505375,3.600691795349121
1051,-26.121173659167024,0,0,120,0.12171088891802365,6.5179924964904785
1052,-45.89100855906934,0,0,262,0.1214674671401876,5.5479512214660645
1053,-41.329847365221696,0,0,182,0.12122453220590722,6.38516092300415
1054,-27.832691756090846,0,0,124,0.1209820831414954,5.8708720207214355
1055,-31.662213164171902,0,0,159,0.12074011897521242,6.143252372741699
1056,-57.396630706787136,0,0,246,0.12049863873726199,4.801657676696777
1057,-36.925141936144556,0,0,257,0.12025764145978747,3.8214845657348633
1058,-23.782971907458023,0,0,300,0.1200171261768679,4.805942058563232
1059,-38.150621214709,0,0,238,0.11977709192451416,4.962854385375977
1060,-29.56834231456236,0,0,300,0.11953753774066514,5.1122846603393555
1061,-36.28846491893265,0,0,197,0.1192984626651838,5.972315311431885
1062,-13.855999098620147,0,0,300,0.11905986573985344,3.6841988563537598
1063,-30.143219862780303,0,0,122,0.11882174600837374,6.368504047393799
1064,-34.53750041087582,0,0,300,0.118584102516357,5.499574184417725
1065,-116.30285151561235,0,0,251,0.11834693431132429,5.865911960601807
1066,-29.2773231037471,0,0,120,0.11811024044270164,6.292029857635498
1067,-32.37041354258987,0,0,132,0.11787401996181623,6.465302467346191
1068,-33.12615511973831,0,0,118,0.1176382719218926,6.534237861633301
1069,-59.732354536852576,0,0,228,0.11740299537804882,6.770787715911865
1070,-25.175545149645533,0,0,120,0.11716818938729273,5.934085369110107
1071,-32.66187693675491,0,0,145,0.11693385300851815,6.845668315887451
1072,-36.90953605651855,0,0,119,0.11669998530250111,6.557384014129639
1073,-27.00649737437698,0,0,100,0.1164665853318961,6.751823425292969
1074,-26.288268919787132,0,0,115,0.11623365216123231,6.477266311645508
1075,-39.466319990954105,0,0,263,0.11600118485690984,4.626779079437256
1076,-31.46888651927444,0,0,123,0.11576918248719602,6.639920711517334
1077,-31.674152069091797,0,0,119,0.11553764412222163,6.436038017272949
1078,-28.488609267077177,0,0,118,0.11530656883397719,6.444851398468018
1079,-29.85710009654495,0,0,113,0.11507595569630924,6.126974105834961
1080,-30.76526751597853,0,0,130,0.11484580378491663,6.589015960693359
1081,-27.32685237010451,0,0,118,0.1146161121773468,5.9419121742248535
1082,-28.179074783325188,0,0,114,0.1143868799529921,6.602268695831299
1083,-30.62210032542678,0,0,135,0.11415810619308611,6.41072416305542
1084,-45.048118239245014,0,0,300,0.11392978998069994,5.16472864151001
1085,-42.66019999583692,0,0,300,0.11370193040073855,4.632749080657959
1086,-22.77370173533882,0,0,300,0.11347452653993707,3.8611245155334473
1087,-35.380080214342804,0,0,217,0.1132475774868572,6.095219135284424
1088,-29.654957686266634,0,0,133,0.11302108233188347,5.996438503265381
1089,-38.37362040599319,0,0,235,0.11279504016721971,4.8061041831970215
1090,-21.647819319567386,0,0,300,0.11256945008688526,4.524653911590576
1091,-23.234807082018552,0,0,300,0.1123443111867115,3.538900852203369
1092,-49.68945498546093,0,0,255,0.11211962256433808,4.870062828063965
1093,-35.767080336413116,0,0,242,0.1118953833192094,4.494469165802002
1094,-19.88432507435347,0,0,300,0.11167159255257098,3.7733821868896484
1095,-28.70367736816406,0,0,137,0.11144824936746583,5.625919342041016
1096,-36.926655197143546,0,0,203,0.1112253528687309,6.069163799285889
1097,-39.698968764147466,0,0,194,0.11100290216299344,6.579941272735596
1098,-26.19136172374207,0,0,300,0.11078089635866745,4.093039512634277
1099,-32.93293965260055,0,0,194,0.11055933456595012,6.203035831451416
1100,-39.730029021105494,0,0,199,0.11033821589681822,5.702706336975098
1101,-25.464891615709924,0,0,300,0.11011753946502459,5.316421985626221
1102,-20.882296189465748,0,0,300,0.10989730438609453,4.507874965667725
1103,-23.480432968139652,0,0,120,0.10967750977732234,6.000108242034912
1104,-47.68356750488279,0,0,270,0.1094581547577677,5.863391876220703
1105,-31.874298400878907,0,0,168,0.10923923844825216,5.826074600219727
1106,-33.799944915771476,0,0,176,0.10902075997135566,5.627486228942871
1107,-16.24631068309279,0,0,300,0.10880271845141294,3.379276752471924
1108,-43.083608046374,0,0,298,0.10858511301451011,2.8586010932922363
1109,-16.29612776835889,0,0,300,0.1083679427884811,3.266731023788452
1110,-40.57823908885446,0,0,298,0.10815120690290413,3.3597588539123535
1111,-32.43117684284713,0,0,300,0.10793490448909832,2.8750951290130615
1112,-39.386658469042494,0,0,268,0.10771903468012012,3.0843636989593506
1113,-40.23736899455518,0,0,276,0.10750359661075988,3.1370413303375244
1114,-33.887759085497564,0,0,300,0.10728858941753835,3.43963885307312
1115,-35.24621930042771,0,0,240,0.10707401223870328,3.088855743408203
1116,-31.9707515247676,0,0,156,0.10685986421422587,6.302886962890625
1117,-48.66104278564448,0,0,210,0.10664614448579741,6.140260696411133
1118,-41.063578919568286,0,0,267,0.10643285219682581,2.9981956481933594
1119,-33.68016865650681,0,0,161,0.10621998649243217,5.7898430824279785
1120,-41.7244472503662,0,0,164,0.1060075465194473,7.681111812591553
1121,-38.34590989033249,0,0,263,0.1057955314264084,3.0112783908843994
1122,-40.637806549072195,0,0,210,0.10558394036355559,5.686951637268066
1123,-34.98790191650391,0,0,146,0.10537277248282848,5.874475479125977
1124,-32.38022506713867,0,0,219,0.10516202693786282,5.750056266784668
1125,-44.11007208903758,0,0,295,0.1049517028839871,3.35021710395813
1126,-32.34613578796387,0,0,155,0.10474179947821913,5.854033946990967
1127,-33.494156341552724,0,0,169,0.10453231587926269,6.066039085388184
1128,-35.11530318339798,0,0,235,0.10432325124750416,3.2390248775482178
1129,-30.29325127522019,0,0,225,0.10411460474500915,3.0756137371063232
1130,-37.682300385632786,0,0,215,0.10390637553551914,6.157876014709473
1131,-18.04909487803908,0,0,300,0.1036985627844481,3.457472801208496
1132,-30.37547637939453,0,0,159,0.1034911656588792,6.026369094848633
1133,-36.576300048828124,0,0,196,0.10328418332756144,6.106575012207031
1134,-40.76000564575192,0,0,297,0.10307761496090631,4.207501411437988
1135,-28.113656968274295,0,0,300,0.1028714597309845,4.038215160369873
1136,-16.731892805895534,0,0,300,0.10266571681152252,3.2481722831726074
1137,-20.412606840929705,0,0,300,0.10246038537789948,3.2558507919311523
1138,-39.551363152661594,0,0,281,0.10225546460714367,3.972641706466675
1139,-44.816570158800786,0,0,265,0.10205095367792938,5.671841621398926
1140,-35.13713584899902,0,0,169,0.10184685177057352,5.631783962249756
1141,-25.03957923889161,0,0,135,0.10164315806703238,5.8623948097229
1142,-27.393119201660152,0,0,124,0.10143987175089832,6.133279800415039
1143,-34.39924369812012,0,0,210,0.10123699200739653,5.447310924530029
1144,-43.98726693073776,0,0,278,0.10103451802338173,3.0216176509857178
1145,-31.324363784790037,0,0,157,0.10083244898733497,5.81109094619751
1146,-21.27835430145255,0,0,300,0.1006307840893603,3.597088575363159
1147,-40.25640571594238,0,0,220,0.10042952252118158,5.594101428985596
1148,-32.63624870300293,0,0,145,0.10022866347613922,6.004062175750732
1149,-25.874513291516465,0,0,300,0.10002820614918695,4.68342924118042
1150,-31.000739851793973,0,0,171,0.1,5.300384044647217
1151,-28.49855294147977,0,0,300,0.1,3.7769391536712646
1152,-29.917414550781245,0,0,129,0.1,5.8218536376953125
1153,-26.424563446044917,0,0,132,0.1,5.9711408615112305
1154,-27.528875198364254,0,0,117,0.1,6.1097187995910645
1155,-35.814363661608425,0,0,182,0.1,5.84128999710083
1156,-30.56224082946777,0,0,132,0.1,6.018060207366943
1157,-32.19216613769531,0,0,189,0.1,5.848041534423828
1158,-30.074866561889642,0,0,149,0.1,5.823716640472412
1159,-33.57140632629395,0,0,177,0.1,5.652851581573486
1160,-35.965943603515626,0,0,200,0.1,5.858985900878906
1161,-26.965125885009765,0,0,121,0.1,6.343781471252441
1162,-19.014776391186963,0,0,300,0.1,3.2134950160980225
1163,-38.42001457214356,0,0,196,0.1,5.617503643035889
1164,-23.17692553599806,0,0,300,0.1,4.261930465698242
1165,-58.930679550170765,0,0,241,0.1,3.6101698875427246
1166,-69.24269184986613,0,0,252,0.1,5.225473880767822
1167,-36.99404228210431,0,0,300,0.1,5.216010570526123
1168,-15.739444762072294,0,0,300,0.1,3.175060272216797
1169,-33.04369533538811,0,0,300,0.1,3.540923833847046
1170,-28.656583929857934,0,0,220,0.1,3.936845064163208
1171,-35.23277256011963,0,0,225,0.1,3.4406931400299072
1172,-37.090454881983334,0,0,226,0.1,5.697215557098389
1173,-37.057384520373056,0,0,264,0.1,4.192045211791992
1174,-30.6235750579834,0,0,155,0.1,5.63339376449585
1175,-27.984909362792962,0,0,122,0.1,5.978727340698242
1176,-25.475107574462847,0,0,300,0.1,4.331276893615723
1177,-37.758700332641595,0,0,215,0.1,3.7621750831604004
1178,-32.73153533935539,0,0,300,0.1,5.582883834838867
1179,-37.48272254943835,0,0,300,0.1,3.550680637359619
1180,-32.820602722167976,0,0,248,0.1,3.625150680541992
1181,-24.991555357775333,0,0,300,0.1,4.458087921142578
1182,-43.85707038879392,0,0,222,0.1,4.479267597198486
1183,-35.00378727833297,0,0,159,0.1,5.8157477378845215
1184,-19.005785513720237,0,0,300,0.1,3.049145460128784
1185,-28.975164566040036,0,0,148,0.1,5.76629114151001
1186,-30.5126619720459,0,0,147,0.1,5.743165493011475
1187,-37.871132651171415,0,0,268,0.1,3.205482244491577
1188,-20.061997938952185,0,0,300,0.1,3.0631985664367676
1189,-50.16109123229981,0,0,270,0.1,4.627772808074951
1190,-40.81035729328657,0,0,287,0.1,3.089890241622925
1191,-37.35587852478028,0,0,248,0.1,4.418969631195068
1192,-20.748454657396955,0,0,300,0.1,2.9123127460479736
1193,-47.46758541981248,0,0,198,0.1,5.7191972732543945
1194,-34.59605415344238,0,0,216,0.1,4.129013538360596
1195,-39.29710594177244,0,0,300,0.1,4.909276485443115
1196,-31.644366188049307,0,0,300,0.1,3.306091547012329
1197,-29.100018577575682,0,0,209,0.1,3.505004644393921
1198,-18.020314513048852,0,0,300,0.1,4.3002777099609375
1199,-38.9115831287715,0,0,299,0.1,3.3655948638916016
1200,-27.105090713500978,0,0,141,0.1,5.438772678375244
1201,-27.05789543151856,0,0,140,0.1,5.636973857879639
1202,-32.06792922973632,0,0,143,0.1,5.651982307434082
1203,-15.459459372362828,0,0,300,0.1,3.5325639247894287
1204,-22.33450907786815,0,0,300,0.1,3.2838263511657715
1205,-60.897543563842774,0,0,219,0.1,3.8143858909606934
1206,-85.35208690643307,0,0,283,0.1,3.4930217266082764
1207,-48.13520118713379,0,0,300,0.1,3.2913002967834473
1208,-37.35405139923094,0,0,186,0.1,3.3885128498077393
1209,-55.745049362182584,0,0,281,0.1,3.2162623405456543
1210,-36.07941642761231,0,0,203,0.1,3.229854106903076
1211,-32.83050670623779,0,0,225,0.1,3.3576266765594482
1212,-46.10127983093257,0,0,243,0.1,3.3128199577331543
1213,-28.11143131256104,0,0,200,0.1,3.540357828140259
1214,-27.4755672454834,0,0,220,0.1,3.7688918113708496
1215,-27.975652847290043,0,0,207,0.1,3.5164132118225098
1216,-36.34392570495602,0,0,300,0.1,3.3384814262390137
1217,-38.794939079284674,0,0,215,0.1,3.188734769821167
1218,-31.470018043517953,0,0,300,0.1,3.0200045108795166
1219,-38.928613586425676,0,0,300,0.1,3.4396533966064453
1220,-44.618334350585855,0,0,289,0.1,3.7020835876464844
1221,-29.880367660522474,0,0,221,0.1,3.6200919151306152
1222,-24.524715156555125,0,0,300,0.1,3.388678789138794
1223,-23.482073241076193,0,0,300,0.1,2.9482173919677734
1224,-33.54422625621292,0,0,278,0.1,3.173755645751953
1225,-58.8841689682007,0,0,294,0.1,3.193542242050171
1226,-43.761534652709926,0,0,237,0.1,3.3878836631774902
1227,-30.48645267486572,0,0,195,0.1,3.6591131687164307
1228,-36.02594576915237,0,0,271,0.1,3.2891855239868164
1229,-53.06557529449455,0,0,294,0.1,3.5338938236236572
1230,-63.59025203704829,0,0,241,0.1,3.367563009262085
1231,-29.86076698303218,0,0,300,0.1,3.3151917457580566
1232,-39.592714462280256,0,0,261,0.1,3.4831786155700684
1233,-30.447925978502916,0,0,300,0.1,3.814680576324463
1234,-41.975155715942364,0,0,261,0.1,3.4612889289855957
1235,-47.69799461364741,0,0,253,0.1,3.4494986534118652
1236,-34.06875846862793,0,0,145,0.1,5.209689617156982
1237,-36.62150806427002,0,0,262,0.1,3.232877016067505
1238,-16.338554373583527,0,0,300,0.1,3.4598376750946045
1239,-35.84339893341064,0,0,223,0.1,3.865849733352661
1240,-32.01800937652588,0,0,267,0.1,3.8920023441314697
1241,-31.285197821459498,0,0,246,0.1,3.6714985370635986
1242,-32.56149559020996,0,0,220,0.1,4.12787389755249
1243,-37.881126852831564,0,0,289,0.1,3.162980794906616
1244,-28.532689743041978,0,0,90,0.1,7.650672435760498
1245,-15.906764441332545,0,0,300,0.1,3.0543901920318604
1246,-56.61919612884499,0,0,274,0.1,3.2922990322113037
1247,-34.42943737030029,0,0,266,0.1,3.6148593425750732
1248,-45.16646648406975,0,0,254,0.1,3.476616621017456
1249,-35.07151874542237,0,0,198,0.1,3.432879686355591
1250,-43.73771610260006,0,0,256,0.1,3.5844290256500244
1251,-32.63808345794678,0,0,247,0.1,3.8470208644866943
1252,-39.68091262817382,0,0,281,0.1,3.635228157043457
1253,-22.84678810119628,0,0,300,0.1,4.291697025299072
1254,-41.345355987548835,0,0,244,0.1,4.461338996887207
1255,-62.094558592638606,0,0,274,0.1,2.9288387298583984
1256,-32.46718975067139,0,0,235,0.1,3.6892974376678467
1257,-22.75003368377683,0,0,300,0.1,3.920008420944214
1258,-59.47563353618132,0,0,300,0.1,3.6391074657440186
1259,-41.77723059733838,0,0,295,0.1,3.354506731033325
1260,-23.73206325531002,0,0,300,0.1,3.3805158138275146
1261,-19.961148452758763,0,0,300,0.1,3.7527871131896973
1262,-29.210647811889636,0,0,256,0.1,3.430161952972412
1263,-19.078703184923846,0,0,300,0.1,3.1998748779296875
1264,-40.06599990844726,0,0,231,0.1,3.2864999771118164
1265,-28.469502449035645,0,0,218,0.1,3.367375612258911
1266,-21.936267852783192,0,0,192,0.1,3.734066963195801
1267,-27.91284614562989,0,0,143,0.1,5.963211536407471
1268,-21.136968888440368,0,0,300,0.1,3.151543140411377
1269,-20.9092769241333,0,0,300,0.1,3.237319231033325
1270,-39.67527221679684,0,0,254,0.1,3.2963180541992188
1271,-19.179543762207036,0,0,300,0.1,3.224885940551758
1272,-17.66315029144287,0,0,300,0.1,3.1707875728607178
1273,-29.259339065551764,0,0,217,0.1,3.3223347663879395
1274,-39.40011177062985,0,0,190,0.1,6.262527942657471
1275,-42.232276153564406,0,0,292,0.1,3.6955690383911133
1276,-30.39606788635254,0,0,161,0.1,5.529016971588135
1277,-31.05392074584961,0,0,168,0.1,5.388480186462402
1278,-34.529102096557615,0,0,182,0.1,5.879775524139404
1279,-31.858290176391606,0,0,170,0.1,5.7195725440979
1280,-35.270543899536136,0,0,155,0.1,6.107635974884033
1281,-30.666969070434572,0,0,160,0.1,5.601742267608643
1282,-27.990060653686417,0,0,300,0.1,5.725015163421631
1283,-37.28300857543944,0,0,216,0.1,6.133252143859863
1284,-22.571242370605376,0,0,300,0.1,5.257810592651367
1285,-22.32265605052437,0,0,300,0.1,4.980863094329834
1286,-28.541449546813965,0,0,237,0.1,3.822862386703491
1287,-42.70202185710403,0,0,255,0.1,3.1682045459747314
1288,-22.320956573486292,0,0,300,0.1,3.552739143371582
1289,-32.96006240844727,0,0,208,0.1,3.5150156021118164
1290,-23.858196059069382,0,0,300,0.1,2.8897480964660645
1291,-60.07297233581546,0,0,136,0.1,6.883243083953857
1292,-32.20786758422852,0,0,165,0.1,5.936966896057129
1293,-48.22125816345208,0,0,285,0.1,5.492814540863037
1294,-27.6656046295166,0,0,152,0.1,5.59390115737915
1295,-30.973591384887698,0,0,172,0.1,5.540897846221924
1296,-28.21191101074218,0,0,157,0.1,5.727977752685547
1297,-17.164173851013174,0,0,300,0.1,3.601043462753296
1298,-43.94896064758296,0,0,209,0.1,5.959740161895752
1299,-37.977645416259755,0,0,174,0.1,6.614411354064941
1300,-32.776872406005864,0,0,126,0.1,7.504218101501465
1301,-30.751235275268556,0,0,123,0.1,7.117808818817139
1302,-42.69844352722164,0,0,207,0.1,6.51961088180542
1303,-35.81471542358397,0,0,172,0.1,6.631178855895996
1304,-44.97766093333691,0,0,287,0.1,4.419614315032959
1305,-70.42621871948246,0,0,300,0.1,5.9890546798706055
1306,-39.036366348266604,0,0,195,0.1,6.28909158706665
1307,-33.498581237792976,0,0,163,0.1,5.982145309448242
1308,-34.7008320148799,0,0,288,0.1,4.452907085418701
1309,-20.724084777831997,0,0,300,0.1,3.388521194458008
1310,-34.218270788988804,0,0,271,0.1,2.987266778945923
1311,-31.859745941162117,0,0,157,0.1,5.974936485290527
1312,-44.36463371276853,0,0,266,0.1,6.363658428192139
1313,-34.46707435607911,0,0,160,0.1,6.314268589019775
1314,-48.23973968505854,0,0,251,0.1,6.052434921264648
1315,-36.76518325805664,0,0,160,0.1,6.05379581451416
1316,-46.48437667846678,0,0,225,0.1,6.618594169616699
1317,-33.23449638366682,0,0,300,0.1,5.863624095916748
1318,-39.05557296752929,0,0,182,0.1,5.956393241882324
1319,-25.55977615356446,0,0,167,0.1,5.054944038391113
1320,-35.75092468261719,0,0,153,0.1,6.037731170654297
1321,-32.035342178344735,0,0,149,0.1,5.643835544586182
1322,-37.14801147460924,0,0,300,0.1,5.154502868652344
1323,-23.798571730456047,0,0,300,0.1,3.972342014312744
1324,-63.51495739857219,0,0,300,0.1,4.076040267944336
1325,-31.51799683491257,0,0,238,0.1,3.181800127029419
1326,-25.21395175059762,0,0,300,0.1,3.4461870193481445
1327,-58.62852832794193,0,0,300,0.1,3.3521320819854736
1328,-18.513520202636712,0,0,300,0.1,3.0758800506591797
1329,-31.722811660766595,0,0,186,0.1,6.00320291519165
1330,-31.42707893371582,0,0,153,0.1,5.801769733428955
1331,-32.40136482238769,0,0,157,0.1,6.032841205596924
1332,-81.5804333496094,0,0,247,0.1,4.400108337402344
1333,-40.25414520263671,0,0,196,0.1,4.54853630065918
1334,-20.850929671129887,0,0,300,0.1,3.102931499481201
1335,-25.033922500610284,0,0,300,0.1,3.803480625152588
1336,-34.94190161784622,0,0,239,0.1,3.3131744861602783
1337,-32.064648123583524,0,0,230,0.1,3.2088611125946045
1338,-39.21095271190137,0,0,276,0.1,3.2504372596740723
1339,-42.88634971618649,0,0,249,0.1,5.711587429046631
1340,-39.676237716674805,0,0,191,0.1,5.759059429168701
1341,-38.589044647216795,0,0,239,0.1,4.064761161804199
1342,-20.41918868144482,0,0,300,0.1,3.1799962520599365
1343,-41.333709402880345,0,0,259,0.1,3.3511264324188232
1344,-19.039952154955575,0,0,300,0.1,3.102687120437622
1345,-42.421864729723666,0,0,148,0.1,5.670665264129639
1346,-36.39297942241165,0,0,262,0.1,3.6484439373016357
1347,-45.954880553088,0,0,300,0.1,4.653919219970703
1348,-18.42742106517288,0,0,300,0.1,3.2995543479919434
1349,-29.319570846557582,0,0,300,0.1,3.3123927116394043
1350,-36.99836955150099,0,0,291,0.1,2.9722914695739746
1351,-36.29531291087601,0,0,139,0.1,6.376527309417725
1352,-34.46537612915039,0,0,205,0.1,4.056344032287598
1353,-34.71331909179688,0,0,204,0.1,5.608329772949219
1354,-33.30219390869141,0,0,238,0.1,4.880548477172852
1355,-77.29352383533994,0,0,252,0.1,5.5631818771362305
1356,-36.435378638109896,0,0,255,0.1,3.0840437412261963
1357,-26.074769897460943,0,0,195,0.1,4.163692474365234
1358,-27.626012725830066,0,0,221,0.1,3.1140031814575195
1359,-32.6094874485347,0,0,280,0.1,3.2350709438323975
1360,-11.352602759203641,0,0,300,0.1,3.075849771499634
1361,-41.12280377308396,0,0,146,0.1,5.698001861572266
1362,-19.344162360033724,0,0,300,0.1,3.0487396717071533
1363,-30.32004084666702,0,0,186,0.1,4.8527092933654785
1364,-35.57519511302445,0,0,224,0.1,4.381497859954834
1365,-31.32552588542434,0,0,261,0.1,3.3590805530548096
1366,-23.257970190844265,0,0,300,0.1,3.22469162940979
1367,-37.31244776805369,0,0,300,0.1,3.018311023712158
1368,-27.598920012316437,0,0,224,0.1,4.422429084777832
1369,-27.239365539550782,0,0,202,0.1,3.5698413848876953
1370,-23.07048731883498,0,0,300,0.1,3.5003209114074707
1371,-37.89470694621536,0,0,293,0.1,3.1013758182525635
1372,-35.152198439440454,0,0,250,0.1,3.190748691558838
1373,-39.14806784709427,0,0,264,0.1,3.06221604347229
1374,-33.35107508738966,0,0,259,0.1,3.2954678535461426
1375,-36.02883010864258,0,0,269,0.1,3.4297075271606445
1376,-22.128037986755302,0,0,300,0.1,3.4545094966888428
1377,-17.423241034350134,0,0,300,0.1,3.068509340286255
1378,-14.897069884142605,0,0,300,0.1,2.796966552734375
1379,-152.90688410838598,0,0,300,0.1,2.559420108795166
1380,-85.08014983256784,0,0,300,0.1,2.8452365398406982
1381,-44.059594984850456,0,0,300,0.1,3.170097827911377
1382,-42.263218451342276,0,0,220,0.1,2.8635036945343018
1383,-32.33373283386231,0,0,228,0.1,3.273433208465576
1384,-53.82949320872766,0,0,300,0.1,4.287572383880615
1385,-59.64198733409374,0,0,286,0.1,2.843195915222168
1386,-71.505199881396,0,0,300,0.1,3.3189990520477295
1387,-40.69620616038767,0,0,231,0.1,5.404250621795654
1388,-47.64892242511236,0,0,300,0.1,0.9774296879768372
1389,-44.10674797058105,0,0,249,0.1,4.124186992645264
1390,-108.55141867717222,0,0,300,0.1,2.4755537509918213
1391,-45.37920707702633,0,0,291,0.1,4.047301769256592
1392,-41.078452635607434,0,0,267,0.1,4.817312240600586
1393,-27.34200984080758,0,0,300,0.1,4.880701541900635
1394,-44.07168578227492,0,0,300,0.1,3.580620527267456
1395,-34.01773910522461,0,0,200,0.1,4.429434776306152
1396,-21.25934866984813,0,0,300,0.1,2.7400362491607666
1397,-37.592009764513676,0,0,284,0.1,3.4007015228271484
1398,-35.83898554881546,0,0,295,0.1,3.367445468902588
1399,-32.158601036071786,0,0,227,0.1,3.7296502590179443
1400,-34.00557108958692,0,0,300,0.1,3.321591854095459
1401,-30.57204711914062,0,0,204,0.1,4.173011779785156
1402,-36.40206130107369,0,0,300,0.1,3.078214406967163
1403,-30.28041380961868,0,0,221,0.1,3.7703025341033936
1404,-21.041996680102027,0,0,300,0.1,3.580698251724243
1405,-36.16904670715333,0,0,204,0.1,4.02476167678833
1406,-19.567545251050255,0,0,300,0.1,3.1866872310638428
1407,-18.044917670092303,0,0,300,0.1,3.1739284992218018
1408,-32.329629355272985,0,0,269,0.1,3.2226064205169678
1409,-19.428228539624445,0,0,300,0.1,3.0043580532073975
1410,-36.14448580821488,0,0,220,0.1,4.446320533752441
1411,-21.53839007457228,0,0,300,0.1,3.217296600341797
1412,-57.87552046855423,0,0,298,0.1,3.0290791988372803
1413,-23.349425726732925,0,0,300,0.1,3.415055513381958
1414,-18.29893069346875,0,0,300,0.1,3.184931755065918
1415,-37.389770774841296,0,0,258,0.1,3.402442693710327
1416,-23.765404845080045,0,0,300,0.1,3.15155029296875
1417,-29.12376628001663,0,0,300,0.1,2.816140651702881
1418,-14.840037146410662,0,0,300,0.1,2.8852083683013916
1419,-49.86101187785597,0,0,286,0.1,3.3654520511627197
1420,-16.35567725261184,0,0,300,0.1,3.0541183948516846
1421,-37.299296370348614,0,0,228,0.1,2.9500231742858887
1422,-73.44548571666213,0,0,272,0.1,3.014070510864258
1423,-30.532718954882352,0,0,241,0.1,3.6158788204193115
1424,-68.26559943278771,0,0,228,0.1,3.32909893989563
1425,-42.600253249010755,0,0,285,0.1,3.610262393951416
1426,-29.792890671887676,0,0,197,0.1,4.918023586273193
1427,-31.78827362060547,0,0,217,0.1,3.059568405151367
1428,-39.477325592041055,0,0,300,0.1,3.329331398010254
1429,-16.00280997355912,0,0,300,0.1,2.943401575088501
1430,-22.14898577769729,0,0,300,0.1,2.807445526123047
1431,-24.11770057678216,0,0,300,0.1,3.9669251441955566
1432,-37.790430708727555,0,0,276,0.1,3.4028067588806152
1433,-31.73039317210648,0,0,238,0.1,4.117797374725342
1434,-26.91371277729533,0,0,300,0.1,3.033229112625122
1435,-33.416631956896516,0,0,249,0.1,4.471857070922852
1436,-39.69212460438275,0,0,228,0.1,4.612832069396973
1437,-28.327877044677674,0,0,300,0.1,4.019469261169434
1438,-18.80272799571487,0,0,300,0.1,3.3083810806274414
1439,-26.356395712694816,0,0,300,0.1,3.5267980098724365
1440,-39.167555436291956,0,0,289,0.1,3.1416897773742676
1441,-26.29296214183304,0,0,218,0.1,3.6159396171569824
1442,-29.57964526256042,0,0,300,0.1,3.802610397338867
1443,-17.401845292248996,0,0,300,0.1,2.8952622413635254
1444,-30.460795373120572,0,0,279,0.1,2.749999761581421
1445,-41.729547987780236,0,0,262,0.1,3.615086078643799
1446,-27.294328642687454,0,0,300,0.1,4.0837812423706055
1447,-26.084311705431585,0,0,300,0.1,4.211277008056641
1448,-48.7075792988154,0,0,206,0.1,2.819593906402588
1449,-25.873761664232898,0,0,300,0.1,3.088639497756958
1450,-23.630561667284677,0,0,300,0.1,3.2603394985198975
1451,-27.822001829943382,0,0,300,0.1,2.9806995391845703
1452,-19.41568125804393,0,0,300,0.1,3.316619396209717
1453,-48.68960661967719,0,0,219,0.1,2.620100736618042
1454,-40.016705199084,0,0,220,0.1,4.021875381469727
1455,-8.365920906066886,0,0,300,0.1,2.8714802265167236
1456,-42.01716384013619,0,0,271,0.1,3.479490041732788
1457,-31.180132895312045,0,0,234,0.1,3.6602323055267334
1458,-32.49794173320266,0,0,236,0.1,3.3721845149993896
1459,-38.61198947032423,0,0,250,0.1,3.470696449279785
1460,-48.7681788166377,0,0,262,0.1,3.0972437858581543
1461,-32.94123603820801,0,0,253,0.1,3.167809009552002
1462,-25.307591811022448,0,0,300,0.1,2.6020970344543457
1463,-27.43086410522455,0,0,300,0.1,4.042716026306152
1464,-54.5340103824946,0,0,288,0.1,2.5137016773223877
1465,-44.72008021434276,0,0,288,0.1,2.782719135284424
1466,-36.12952040751907,0,0,253,0.1,3.157579183578491
1467,-37.12705813487503,0,0,243,0.1,3.4394636154174805
1468,-30.322486639818884,0,0,244,0.1,3.7658207416534424
1469,-35.460845480761265,0,0,266,0.1,3.485410451889038
1470,-25.891554900011705,0,0,300,0.1,3.07808780670166
1471,-35.46127738952639,0,0,300,0.1,3.577819347381592
1472,-31.069805098376005,0,0,196,0.1,5.340150356292725
1473,-71.10182559092958,0,0,300,0.1,3.4306554794311523
1474,-41.166426916918454,0,0,286,0.1,3.5343058109283447
1475,-31.00437777598829,0,0,300,0.1,4.641293525695801
1476,-16.435720681348123,0,0,300,0.1,3.3612310886383057
1477,-34.850675726732945,0,0,283,0.1,3.110368013381958
1478,-46.55579852183784,0,0,209,0.1,5.326648712158203
1479,-34.48700472911331,0,0,264,0.1,3.126950263977051
1480,-29.238748512268067,0,0,187,0.1,3.6946871280670166
1481,-14.12329302867386,0,0,300,0.1,3.1885223388671875
1482,-22.873638220629402,0,0,300,0.1,3.073608636856079
1483,-31.439187727770538,0,0,126,0.1,5.617496013641357
1484,-17.28676696777345,0,0,300,0.1,4.144191741943359
1485,-29.108526831469263,0,0,214,0.1,3.67983078956604
1486,-27.914156417846684,0,0,130,0.1,5.35853910446167
1487,-29.926930465698238,0,0,238,0.1,3.5967326164245605
1488,-21.137257834276774,0,0,300,0.1,3.4645135402679443
1489,-28.78961432536567,0,0,300,0.1,2.975102663040161
1490,-42.45949503978232,0,0,300,0.1,5.620072841644287
1491,-59.96319473266601,0,0,239,0.1,5.395798683166504
1492,-66.17974978526567,0,0,196,0.1,5.215136528015137
1493,-24.517695541381794,0,0,300,0.1,4.036923885345459
1494,-27.02708767811326,0,0,203,0.1,3.44907283782959
1495,-28.16426167408484,0,0,300,0.1,3.3308663368225098
1496,-23.113296271166533,0,0,300,0.1,3.5260231494903564
1497,-36.700865287780765,0,0,222,0.1,3.7327163219451904
1498,-42.962334166369104,0,0,269,0.1,5.360782623291016
1499,-22.138809623718256,0,0,300,0.1,3.9247024059295654
1500,-29.601993361315458,0,0,131,0.1,6.075697422027588
1501,-72.26115974426288,0,0,290,0.1,4.105289936065674
1502,-26.392103195190376,0,0,300,0.1,4.035525798797607
1503,-64.51938021739456,0,0,271,0.1,5.532544136047363
1504,-25.70046305736038,0,0,121,0.1,5.672814846038818
1505,-36.0694303894043,0,0,244,0.1,3.819857597351074
1506,-37.2802618408203,0,0,237,0.1,4.235065460205078
1507,-34.72315391540527,0,0,244,0.1,4.470788478851318
1508,-34.00814154704543,0,0,300,0.1,2.242234468460083
1509,-34.82612666209671,0,0,262,0.1,3.6817307472229004
1510,-44.2808887481689,0,0,255,0.1,5.645222187042236
1511,-31.6292286682129,0,0,261,0.1,4.199807167053223
1512,-27.662440024218277,0,0,300,0.1,3.110809087753296
1513,-35.95884315490723,0,0,191,0.1,4.572210788726807
1514,-40.01627388000486,0,0,269,0.1,4.091568470001221
1515,-34.01438769420114,0,0,300,0.1,2.4162960052490234
1516,-18.471441527208977,0,0,300,0.1,2.8605594635009766
1517,-30.71813176075485,0,0,220,0.1,3.1243338584899902
1518,-110.84560553630314,0,0,300,0.1,3.041600465774536
1519,-35.63077153126267,0,0,264,0.1,3.5624938011169434
1520,-38.79448424418898,0,0,281,0.1,3.4188201427459717
1521,-34.015597563585956,0,0,222,0.1,3.444098472595215
1522,-36.45162764628859,0,0,261,0.1,3.070605993270874
1523,-32.649416914782215,0,0,300,0.1,3.350053310394287
1524,-46.055954771837925,0,0,300,0.1,3.179187774658203
1525,-27.10104392131288,0,0,300,0.1,3.4654600620269775
1526,-27.395044279894556,0,0,232,0.1,3.3589601516723633
1527,-36.083458548388215,0,0,276,0.1,3.3610637187957764
1528,-38.19462065776317,0,0,283,0.1,3.6588542461395264
1529,-20.077641249499028,0,0,300,0.1,2.9546093940734863
1530,-40.40241382598877,0,0,252,0.1,3.6681034564971924
1531,-25.07549567302196,0,0,300,0.1,3.4665729999542236
1532,-63.14209002574421,0,0,179,0.1,5.360721588134766
1533,-15.403058195910182,0,0,300,0.1,2.7484636306762695
1534,-22.48997981151077,0,0,207,0.1,2.915194034576416
1535,-35.256603384814,0,0,231,0.1,3.4618499279022217
1536,-31.89853759765625,0,0,188,0.1,5.7971343994140625
1537,-18.84402815898391,0,0,300,0.1,3.291206121444702
1538,-35.14234732707474,0,0,253,0.1,3.0357859134674072
1539,-25.9328772266719,0,0,300,0.1,3.313418388366699
1540,-15.629484091601105,0,0,300,0.1,3.115070104598999
1541,-23.876192092895476,0,0,300,0.1,3.531548023223877
1542,-27.939721251330113,0,0,241,0.1,2.82012939453125
1543,-28.776135512194365,0,0,260,0.1,3.0492329597473145
1544,-30.265707617602082,0,0,275,0.1,2.906625986099243
1545,-27.59527552684273,0,0,300,0.1,3.051517963409424
1546,-15.206623916625965,0,0,300,0.1,3.331655979156494
1547,-24.623478041491232,0,0,300,0.1,3.501068592071533
1548,-17.696702986559554,0,0,300,0.1,3.164374828338623
1549,-42.325641051134745,0,0,293,0.1,3.294109344482422
1550,-33.57145796855423,0,0,234,0.1,3.6130635738372803
1551,-19.119903250536638,0,0,300,0.1,3.2976748943328857
1552,-36.62187144359085,0,0,264,0.1,3.3481669425964355
1553,-34.346584006151886,0,0,231,0.1,3.5418450832366943
1554,-19.22621256907911,0,0,300,0.1,3.036752223968506
1555,-33.426838446459506,0,0,227,0.1,3.6544086933135986
1556,-21.145732773938423,0,0,300,0.1,3.2537341117858887
1557,-28.51542052348587,0,0,215,0.1,3.7290542125701904
1558,-19.326026124158172,0,0,300,0.1,3.7913074493408203
1559,-26.205934401354522,0,0,200,0.1,4.0816826820373535
1560,-18.77274451335402,0,0,300,0.1,3.0408852100372314
1561,-13.347192183336945,0,0,300,0.1,2.486997127532959
1562,-15.712713576159206,0,0,300,0.1,3.1508774757385254
1563,-30.729293089708957,0,0,300,0.1,3.3100223541259766
1564,-23.336231871447268,0,0,300,0.1,3.476757049560547
1565,-30.866844168505402,0,0,237,0.1,3.0294101238250732
1566,-15.941240301928241,0,0,300,0.1,3.173009157180786
1567,-32.29886344035599,0,0,262,0.1,3.3774149417877197
1568,-33.257037230334014,0,0,257,0.1,3.3569583892822266
1569,-33.950124197802275,0,0,278,0.1,3.752730131149292
1570,-38.6317117603633,0,0,273,0.1,3.958127021789551
1571,-31.22038771708938,0,0,231,0.1,3.1727960109710693
1572,-25.94124651988478,0,0,223,0.1,3.355510711669922
1573,-17.57048949321243,0,0,300,0.1,3.492821455001831
1574,-19.281060057482453,0,0,300,0.1,3.297964096069336
1575,-15.36117762645217,0,0,300,0.1,3.0404934883117676
1576,-25.84763903697459,0,0,300,0.1,3.472108840942383
1577,-33.32439463695022,0,0,300,0.1,4.596297740936279
1578,-30.324067259630894,0,0,206,0.1,3.8537158966064453
1579,-20.554377013048825,0,0,300,0.1,3.2162933349609375
1580,-32.419294653734894,0,0,238,0.1,3.7125227451324463
1581,-19.802782363891595,0,0,300,0.1,3.2456955909729004
1582,-23.204806700548858,0,0,300,0.1,3.6389007568359375
1583,-26.8033370502803,0,0,217,0.1,3.523533344268799
1584,-28.076539564928744,0,0,206,0.1,3.754333972930908
1585,-21.846070166430174,0,0,300,0.1,3.4292166233062744
1586,-41.95817153930659,0,0,289,0.1,3.50704288482666
1587,-68.01289724509184,0,0,300,0.1,4.12612247467041
1588,-47.527996092638716,0,0,300,0.1,4.622198104858398
1589,-21.46723021586866,0,0,300,0.1,3.3920066356658936
1590,-44.25842021068069,0,0,198,0.1,4.5673041343688965
1591,-31.543401060900408,0,0,242,0.1,3.618549346923828
1592,-19.139239722094253,0,0,300,0.1,3.11250901222229
1593,-30.261572380065918,0,0,226,0.1,3.4353930950164795
1594,-22.899125823974586,0,0,300,0.1,3.0972814559936523
1595,-26.468898086547853,0,0,210,0.1,3.609724521636963
1596,-35.732730636596685,0,0,275,0.1,3.11818265914917
1597,-33.18669174194336,0,0,226,0.1,3.36417293548584
1598,-35.598806838989255,0,0,262,0.1,3.2172017097473145
1599,-42.57982936859129,0,0,269,0.1,3.479957342147827
1600,-37.84405303081008,0,0,300,0.1,2.646212339401245
1601,-29.21733295440674,0,0,210,0.1,3.2118332386016846
1602,-15.772664794921882,0,0,300,0.1,3.1281661987304688
1603,-35.88979037364456,0,0,284,0.1,2.8251466751098633
1604,-35.963582267761225,0,0,245,0.1,3.4308955669403076
1605,-20.19289630889892,0,0,300,0.1,3.1257240772247314
1606,-29.60332622528076,0,0,200,0.1,3.4883315563201904
1607,-23.66882862091062,0,0,300,0.1,3.444707155227661
1608,-34.243815727233894,0,0,219,0.1,3.3559539318084717
1609,-33.418287315368644,0,0,257,0.1,3.157071828842163
1610,-60.72104808807375,0,0,300,0.1,2.9377620220184326
1611,-69.16448097229011,0,0,300,0.1,2.9661202430725098
1612,-44.94764086802925,0,0,300,0.1,2.4296092987060547
1613,-21.01989955902098,0,0,300,0.1,3.267474889755249
1614,-29.940804158849176,0,0,224,0.1,3.628099203109741
1615,-62.4951429955191,0,0,235,0.1,3.6041839122772217
1616,-29.087551994323704,0,0,271,0.1,3.4168879985809326
1617,-28.990321540832515,0,0,198,0.1,3.27258038520813
1618,-14.871591212745532,0,0,300,0.1,2.62980055809021
1619,-43.27924182891846,0,0,218,0.1,3.6873104572296143
1620,-36.42567283630372,0,0,273,0.1,3.2764182090759277
1621,-51.62141583363083,0,0,222,0.1,3.0376548767089844
1622,-32.1140954120967,0,0,112,0.1,6.3487229347229
1623,-37.150105446973114,0,0,292,0.1,2.6098272800445557
1624,-21.29473545948531,0,0,300,0.1,2.9434847831726074
1625,-20.902356385388615,0,0,300,0.1,2.6028900146484375
1626,-25.380735236010278,0,0,300,0.1,3.135382890701294
1627,-24.20871708790329,0,0,227,0.1,2.9344801902770996
1628,-83.09419663349662,0,0,297,0.1,3.193350076675415
1629,-50.56365219116209,0,0,214,0.1,6.225913047790527
1630,-29.002453278699193,0,0,240,0.1,2.890414237976074
1631,-32.047982415356906,0,0,243,0.1,2.774296522140503
1632,-34.67738972584275,0,0,254,0.1,2.644148349761963
1633,-16.14644896586868,0,0,300,0.1,3.1293113231658936
1634,-18.333746329149943,0,0,300,0.1,3.046135663986206
1635,-40.23109505573774,0,0,295,0.1,2.8150746822357178
1636,-43.73812563975784,0,0,298,0.1,3.1622304916381836
1637,-69.67853668212905,0,0,300,0.1,5.412134170532227
1638,-52.45947064320129,0,0,300,0.1,4.9571685791015625
1639,-34.74029113769531,0,0,157,0.1,6.617572784423828
1640,-23.978882340588832,0,0,300,0.1,3.1770215034484863
1641,-12.025904417834013,0,0,300,0.1,2.9416751861572266
1642,-32.21896492004395,0,0,219,0.1,3.5272412300109863
1643,-22.455996102490666,0,0,300,0.1,2.97379994392395
1644,-28.12202582438915,0,0,300,0.1,2.9407055377960205
1645,-28.172638846239767,0,0,225,0.1,3.178358793258667
1646,-40.289061156115245,0,0,273,0.1,3.109964370727539
1647,-34.245402861437526,0,0,262,0.1,3.2340497970581055
1648,-36.652184295654294,0,0,99,0.1,7.150546073913574
1649,-29.99136309703323,0,0,147,0.1,5.608039855957031
1650,-28.092563552856447,0,0,119,0.1,6.230640888214111
1651,-20.400616997876433,0,0,300,0.1,3.1974551677703857
1652,-35.46741458018753,0,0,282,0.1,2.9370527267456055
1653,-61.145366926989404,0,0,250,0.1,3.154040813446045
1654,-24.886003409228053,0,0,217,0.1,3.3666999340057373
1655,-18.595265036425314,0,0,300,0.1,2.7390153408050537
1656,-19.139649535021512,0,0,300,0.1,3.2451114654541016
1657,-34.061957626342775,0,0,164,0.1,5.945489406585693
1658,-52.80169436534376,0,0,296,0.1,2.643122673034668
1659,-17.864318648180685,0,0,300,0.1,3.0787787437438965
1660,-22.439974699816396,0,0,300,0.1,4.942692756652832
1661,-18.47022807200881,0,0,300,0.1,2.8977560997009277
1662,-22.95785201152293,0,0,300,0.1,3.8296620845794678
1663,-19.569294594922308,0,0,300,0.1,2.9196245670318604
1664,-82.89427342335262,0,0,286,0.1,5.563369274139404
1665,-28.820797835192415,0,0,91,0.1,7.225398540496826
1666,-23.82112078746288,0,0,300,0.1,3.002979278564453
1667,-34.02511923869583,0,0,246,0.1,3.5214788913726807
1668,-57.558989334106485,0,0,270,0.1,5.564747333526611
1669,-20.311674889722124,0,0,300,0.1,2.6277196407318115
1670,-18.465708685717303,0,0,300,0.1,2.8141262531280518
1671,-50.13482924540966,0,0,264,0.1,2.8539063930511475
1672,-46.591334219774915,0,0,244,0.1,3.053032636642456
1673,-26.43790713389846,0,0,115,0.1,6.00467586517334
1674,-40.566433410644514,0,0,202,0.1,5.959108352661133
1675,-51.369606467089454,0,0,300,0.1,3.1601006984710693
1676,-30.33031725963089,0,0,239,0.1,3.4552783966064453
1677,-40.61964987834426,0,0,286,0.1,2.84261155128479
1678,-41.334693060717285,0,0,288,0.1,2.8038723468780518
1679,-24.761244630017515,0,0,300,0.1,3.042612075805664
1680,-39.39788833618163,0,0,194,0.1,5.18447208404541
1681,-52.176849051317845,0,0,265,0.1,2.8119113445281982
1682,-87.428666229248,0,0,300,0.1,4.639666557312012
1683,-24.974285973706486,0,0,300,0.1,2.7733724117279053
1684,-78.96098996082796,0,0,300,0.1,3.177548408508301
1685,-55.86116429249323,0,0,300,0.1,2.8525919914245605
1686,-88.60121163288623,0,0,231,0.1,3.380103826522827
1687,-28.125980309643968,0,0,300,0.1,3.1762959957122803
1688,-34.16870650371048,0,0,290,0.1,2.8298757076263428
1689,-47.89038128773246,0,0,300,0.1,3.112396240234375
1690,-59.020176324048364,0,0,300,0.1,3.2173449993133545
1691,-34.018488663830894,0,0,300,0.1,3.001923084259033
1692,-40.32049057880897,0,0,254,0.1,2.83742356300354
1693,-25.098746481737788,0,0,300,0.1,3.3498857021331787
1694,-45.244051437377934,0,0,204,0.1,5.128512859344482
1695,-33.959545898437504,0,0,163,0.1,5.102386474609375
1696,-31.61003105163574,0,0,168,0.1,4.9850077629089355
1697,-21.388961973986326,0,0,300,0.1,2.9224395751953125
1698,-20.350127487182593,0,0,300,0.1,5.142531871795654
1699,-38.81013995250198,0,0,190,0.1,5.685234069824219
1700,-29.567813034057615,0,0,143,0.1,5.424453258514404
1701,-30.82303294261428,0,0,249,0.1,3.118457317352295
1702,-40.11944931904337,0,0,286,0.1,2.922163248062134
1703,-18.857024451098155,0,0,300,0.1,3.0194551944732666
1704,-33.88606152454878,0,0,221,0.1,2.8238162994384766
1705,-35.079989700317384,0,0,154,0.1,5.262497425079346
1706,-52.428917160034075,0,0,268,0.1,4.734729290008545
1707,-23.79102351268258,0,0,300,0.1,3.1279549598693848
1708,-33.39205467224121,0,0,173,0.1,5.255513668060303
1709,-46.77689910888668,0,0,271,0.1,5.06672477722168
1710,-20.393993348279228,0,0,300,0.1,2.8582992553710938
1711,-55.23316009521476,0,0,267,0.1,4.600790023803711
1712,-21.414183663525808,0,0,300,0.1,3.0308468341827393
1713,-63.36290532032527,0,0,300,0.1,2.9530272483825684
1714,-34.97795616149902,0,0,173,0.1,5.591989040374756
1715,-42.138095855712876,0,0,229,0.1,5.534523963928223
1716,-37.38322509765624,0,0,202,0.1,5.3733062744140625
1717,-31.29169586181637,0,0,300,0.1,5.190423965454102
1718,-31.446460732617602,0,0,300,0.1,3.2989161014556885
1719,-38.67129681507613,0,0,266,0.1,4.6751251220703125
1720,-20.573072137036533,0,0,300,0.1,3.035568952560425
1721,-32.88718546946976,0,0,282,0.1,2.934495449066162
1722,-35.211745177111354,0,0,248,0.1,3.1981353759765625
1723,-71.5869891357421,0,0,260,0.1,5.341747283935547
1724,-31.013754530749047,0,0,155,0.1,5.583637714385986
1725,-36.91749514659373,0,0,300,0.1,2.942072868347168
1726,-17.942046843371116,0,0,300,0.1,3.243210792541504
1727,-32.67151713450882,0,0,152,0.1,5.478078365325928
1728,-18.48913382609816,0,0,300,0.1,3.0599825382232666
1729,-33.07101790507767,0,0,248,0.1,3.4104535579681396
1730,-86.15805122375485,0,0,198,0.1,4.109512805938721
1731,-13.974540282091828,0,0,300,0.1,2.7288341522216797
1732,-34.92547083934281,0,0,210,0.1,6.039066791534424
1733,-29.001703139147494,0,0,225,0.1,3.4056248664855957
1734,-31.969520407519077,0,0,227,0.1,3.532579183578491
1735,-30.538306761584014,0,0,193,0.1,4.932275772094727
1736,-25.306393767199218,0,0,300,0.1,3.536797523498535
1737,-33.96353159984084,0,0,266,0.1,3.4610819816589355
1738,-34.690799818834996,0,0,242,0.1,3.2678990364074707
1739,-38.091003218493185,0,0,268,0.1,4.1979498863220215
1740,-14.94389529307815,0,0,300,0.1,4.433672904968262
1741,-47.503162231445316,0,0,221,0.1,5.165790557861328
1742,-33.02233207702637,0,0,155,0.1,5.160583019256592
1743,-37.84352656444045,0,0,202,0.1,5.968580722808838
1744,-15.041066017150888,0,0,300,0.1,3.5502665042877197
1745,-15.17901450236771,0,0,300,0.1,3.2149527072906494
1746,-30.283821868896478,0,0,122,0.1,5.808455467224121
1747,-31.74741012573242,0,0,162,0.1,5.9818525314331055
1748,-46.56486815532175,0,0,271,0.1,3.341416120529175
1749,-90.08992671092476,0,0,188,0.1,5.085180759429932
1750,-26.097707977294924,0,0,133,0.1,5.5894269943237305
1751,-57.51001213947801,0,0,197,0.1,3.7573039531707764
1752,-37.25190192302199,0,0,271,0.1,2.7331745624542236
1753,-30.77813560485839,0,0,131,0.1,5.9895339012146
1754,-23.36306590159858,0,0,300,0.1,2.7284655570983887
1755,-44.43375254710644,0,0,274,0.1,2.978637218475342
1756,-34.34705016215775,0,0,219,0.1,2.966961622238159
1757,-19.54205859263868,0,0,300,0.1,2.7257137298583984
1758,-34.92586535533401,0,0,249,0.1,2.9941654205322266
1759,-29.547924528917996,0,0,217,0.1,2.9446802139282227
1760,-16.891031676134798,0,0,300,0.1,3.050457000732422
1761,-49.74854132731887,0,0,287,0.1,2.9423344135284424
1762,-39.025907698473645,0,0,238,0.1,2.8316760063171387
1763,-37.56911435047654,0,0,246,0.1,3.41957950592041
1764,-30.59304820140334,0,0,221,0.1,2.9309611320495605
1765,-42.5912223347041,0,0,275,0.1,3.070504665374756
1766,-34.90130965312454,0,0,295,0.1,3.1180264949798584
1767,-46.66322327534223,0,0,297,0.1,3.353106737136841
1768,-21.70493796428173,0,0,300,0.1,2.978933572769165
1769,-29.467109345593713,0,0,216,0.1,3.206578254699707
1770,-34.65492523193359,0,0,174,0.1,5.568731307983398
1771,-51.495564956664985,0,0,281,0.1,4.99389123916626
1772,-20.108672209582043,0,0,300,0.1,3.1948671340942383
1773,-35.78925556182858,0,0,275,0.1,3.5248138904571533
1774,-56.3425773326543,0,0,300,0.1,4.432945251464844
1775,-16.396750954785585,0,0,300,0.1,2.7814886569976807
1776,-31.344989395141596,0,0,139,0.1,6.5612473487854
1777,-40.57923704306547,0,0,247,0.1,4.937707424163818
1778,-32.75174484252929,0,0,212,0.1,4.600436210632324
1779,-13.179220572313998,0,0,300,0.1,2.6950042247772217
1780,-29.382858420214387,0,0,288,0.1,3.0559136867523193
1781,-66.83393310546873,0,0,146,0.1,7.6484832763671875
1782,-19.06330132404829,0,0,300,0.1,3.5181262493133545
1783,-14.442831162610325,0,0,300,0.1,3.3930087089538574
1784,-36.013669480481425,0,0,279,0.1,3.320718288421631
1785,-26.98781516154739,0,0,221,0.1,3.3021528720855713
1786,-34.47536389271283,0,0,300,0.1,3.391141891479492
1787,-32.05680090983841,0,0,252,0.1,2.994399309158325
1788,-18.911134614148395,0,0,300,0.1,3.507584571838379
1789,-39.01799243927002,0,0,270,0.1,3.581998109817505
1790,-42.8269416896489,0,0,294,0.1,2.844036340713501
1791,-32.125363951525415,0,0,261,0.1,3.246540069580078
1792,-24.08032752990718,0,0,300,0.1,3.3275818824768066
1793,-35.09116116444138,0,0,274,0.1,3.485091209411621
1794,-42.04145710865522,0,0,277,0.1,3.467665195465088
1795,-37.68663017272948,0,0,217,0.1,5.691657543182373
1796,-28.29652244567871,0,0,208,0.1,4.306630611419678
1797,-31.333411034741676,0,0,217,0.1,3.5081536769866943
1798,-27.19367005268602,0,0,216,0.1,2.7332184314727783
1799,-29.122065535387733,0,0,234,0.1,3.8432154655456543
1800,-8.43649162292481,0,0,147,0.1,4.011622905731201
1801,-32.95649475097657,0,0,154,0.1,6.066623687744141
1802,-26.610485916137605,0,0,300,0.1,3.745121479034424
1803,-30.853197144665977,0,0,208,0.1,4.890600204467773
1804,-28.39805580139154,0,0,300,0.1,5.2220139503479
1805,-30.0431502532959,0,0,186,0.1,3.9307875633239746
1806,-37.09304085651901,0,0,271,0.1,3.4230611324310303
1807,-26.907196426391547,0,0,300,0.1,3.6892991065979004
1808,-36.99654808044433,0,0,169,0.1,5.586637020111084
1809,-21.747712525525333,0,0,300,0.1,3.211729049682617
1810,-16.860431785583508,0,0,300,0.1,3.872607946395874
1811,-27.772495651245112,0,0,108,0.1,6.343123912811279
1812,-30.16319839477535,0,0,300,0.1,3.1857995986938477
1813,-28.785015907287598,0,0,197,0.1,3.2362539768218994
1814,-45.27441726684563,0,0,278,0.1,5.666104316711426
1815,-31.73163703918457,0,0,150,0.1,5.547909259796143
1816,-16.42628196716307,0,0,300,0.1,3.2215704917907715
1817,-34.00077633778122,0,0,225,0.1,3.239995002746582
1818,-17.482377204894995,0,0,300,0.1,3.268094301223755
1819,-29.353569382825153,0,0,300,0.1,2.4981932640075684
1820,-30.326047104993144,0,0,264,0.1,3.0413126945495605
1821,-30.73709578593705,0,0,261,0.1,3.0694730281829834
1822,-28.3648836604741,0,0,240,0.1,2.9685218334198
1823,-63.630311546325686,0,0,300,0.1,2.830077886581421
1824,-20.521301040649394,0,0,300,0.1,3.5028252601623535
1825,-90.58654090881343,0,0,300,0.1,2.841635227203369
1826,-31.562237578234388,0,0,283,0.1,3.305758476257324
1827,-88.59156490325924,0,0,257,0.1,2.9578912258148193
1828,-39.251451644897436,0,0,300,0.1,2.9603629112243652
1829,-68.9625112152099,0,0,229,0.1,5.07562780380249
1830,-81.89562713623046,0,0,300,0.1,2.943906784057617
1831,-18.121253814697234,0,0,300,0.1,3.2578134536743164
1832,-48.849087371826144,0,0,300,0.1,3.114771842956543
1833,-36.39702110290527,0,0,144,0.1,7.149255275726318
1834,-18.704026260375976,0,0,300,0.1,3.291006565093994
1835,-29.839966049194334,0,0,207,0.1,3.649991512298584
1836,-25.55231994628907,0,0,197,0.1,3.5280799865722656
1837,-28.29002052307129,0,0,206,0.1,3.3075051307678223
1838,-16.348546409606932,0,0,300,0.1,3.1746366024017334
1839,-30.773204116821283,0,0,264,0.1,3.1233010292053223
1840,-25.9819872665405,0,0,300,0.1,2.800496816635132
1841,-31.672772026062017,0,0,239,0.1,3.143193006515503
1842,-19.28747051239013,0,0,300,0.1,3.151867628097534
1843,-14.356655120849604,0,0,300,0.1,3.5266637802124023
1844,-30.155180091857922,0,0,226,0.1,3.9462950229644775
1845,-34.84845798492432,0,0,222,0.1,3.542114496231079
1846,-27.22015677531692,0,0,229,0.1,3.087738275527954
1847,-24.7264625930786,0,0,186,0.1,3.5591156482696533
1848,-44.399977370104516,0,0,209,0.1,6.1176934242248535
1849,-9.445312843322757,0,0,179,0.1,3.8963282108306885
1850,-26.543262901306157,0,0,203,0.1,3.275815725326538
1851,-30.866144981384274,0,0,191,0.1,3.9440362453460693
1852,-20.731937446594227,0,0,300,0.1,3.2979843616485596
1853,-28.88728744506836,0,0,232,0.1,3.76682186126709
1854,-22.60205551147458,0,0,300,0.1,3.1605138778686523
1855,-36.64054317474366,0,0,215,0.1,3.047635793685913
1856,-22.357262649536118,0,0,300,0.1,3.141815662384033
1857,-61.04181236267091,0,0,278,0.1,5.150453090667725
1858,-26.020863265991203,0,0,172,0.1,4.637715816497803
1859,-47.67473896026611,0,0,300,0.1,2.7736847400665283
1860,-29.063795928955088,0,0,203,0.1,3.2334489822387695
1861,-91.4519334793091,0,0,226,0.1,3.5254833698272705
1862,-99.1720960323002,0,0,300,0.1,2.7903249263763428
1863,-44.75141803741454,0,0,217,0.1,3.0828545093536377
1864,-122.86380222320554,0,0,236,0.1,2.9584505558013916
1865,-21.697069443860297,0,0,300,0.1,2.8540682792663574
1866,-41.05021580616501,0,0,255,0.1,4.867354869842529
1867,-29.73340385437004,0,0,300,0.1,5.575850963592529
1868,-114.56985610961908,0,0,287,0.1,3.157464027404785
1869,-59.69134281158446,0,0,220,0.1,3.427835702896118
1870,-24.728587150573688,0,0,300,0.1,3.2446467876434326
1871,-46.53318565368649,0,0,294,0.1,3.213296413421631
1872,-38.08059825897215,0,0,271,0.1,3.295149564743042
1873,-20.205426483154294,0,0,300,0.1,3.356356620788574
1874,-29.268512153625487,0,0,220,0.1,3.467128038406372
1875,-14.956145095825192,0,0,300,0.1,3.351536273956299
1876,-40.71937175750732,0,0,299,0.1,3.252342939376831
1877,-12.790219535827639,0,0,300,0.1,3.325054883956909
1878,-34.91935401916504,0,0,248,0.1,3.5898385047912598
1879,-19.43368217468261,0,0,300,0.1,3.6159205436706543
1880,-34.8477562713623,0,0,292,0.1,3.304439067840576
1881,-19.57914730072022,0,0,300,0.1,3.4672868251800537
1882,-27.055628128051755,0,0,200,0.1,3.6839070320129395
1883,-15.340276756286613,0,0,300,0.1,3.2625691890716553
1884,-26.23385673522948,0,0,200,0.1,3.418464183807373
1885,-21.178313484191868,0,0,300,0.1,3.4845783710479736
1886,-39.90485954284667,0,0,300,0.1,2.91371488571167
1887,-36.230446968078624,0,0,250,0.1,3.3301117420196533
1888,-29.11872760772705,0,0,218,0.1,3.8621819019317627
1889,-23.87776679992668,0,0,300,0.1,3.4194416999816895
1890,-23.61390762329102,0,0,300,0.1,3.015976905822754
1891,-48.20699020385736,0,0,300,0.1,3.8117475509643555
1892,-12.713242950439449,0,0,71,0.1,5.568310737609863
1893,-15.430484924316415,0,0,300,0.1,3.5051212310791016
1894,-57.16910423278809,0,0,276,0.1,3.3822760581970215
1895,-34.11954902648925,0,0,251,0.1,3.5948872566223145
1896,-34.12538013458252,0,0,200,0.1,3.81884503364563
1897,-33.61269229888915,0,0,237,0.1,3.91817307472229
1898,-16.862014389038087,0,0,300,0.1,3.6280035972595215
1899,-32.54718830108643,0,0,213,0.1,3.9442970752716064
1900,-34.578281555175785,0,0,251,0.1,3.2920703887939453
1901,-34.24963470458984,0,0,211,0.1,3.822408676147461
1902,-30.966016998291018,0,0,220,0.1,3.556504249572754
1903,-28.22699306488037,0,0,198,0.1,3.7492482662200928
1904,-38.44053348541257,0,0,247,0.1,3.4626333713531494
1905,-36.99638698577881,0,0,241,0.1,3.754096746444702
1906,-38.918643798828114,0,0,212,0.1,4.457160949707031
1907,-45.382510757446234,0,0,199,0.1,5.445627689361572
1908,-33.358619537353434,0,0,300,0.1,3.379654884338379
1909,-38.822406463623025,0,0,249,0.1,3.4106016159057617
1910,-35.25301578521714,0,0,300,0.1,3.6807539463043213
1911,-36.004474945068345,0,0,300,0.1,3.54611873626709
1912,-33.207994613647465,0,0,174,0.1,5.324498653411865
1913,-32.6482187652588,0,0,222,0.1,3.5645546913146973
1914,-35.30366279602052,0,0,255,0.1,3.383415699005127
1915,-38.60784042358397,0,0,269,0.1,3.306960105895996
1916,-36.36021377563476,0,0,154,0.1,5.397553443908691
1917,-37.52159278869628,0,0,135,0.1,5.397898197174072
1918,-36.02489128112793,0,0,236,0.1,3.5937228202819824
1919,-19.69599063873287,0,0,300,0.1,3.4664976596832275
1920,-33.87119300842286,0,0,212,0.1,3.635298252105713
1921,-26.519507484436026,0,0,185,0.1,3.547376871109009
1922,-55.687367553710914,0,0,166,0.1,5.579341888427734
1923,-36.87601081848134,0,0,300,0.1,3.8015027046203613
1924,-24.311836395263636,0,0,300,0.1,3.600459098815918
1925,-24.249065818786573,0,0,300,0.1,3.0772664546966553
1926,-73.70213755687209,0,0,300,0.1,2.400733470916748
1927,-38.338702278137205,0,0,247,0.1,3.5646755695343018
1928,-29.111209297180167,0,0,195,0.1,3.677802324295044
1929,-23.30415012359619,0,0,180,0.1,3.883537530899048
1930,-19.792809524536093,0,0,300,0.1,3.375702381134033
1931,-47.30248981475823,0,0,267,0.1,3.435622453689575
1932,-15.34520824432373,0,0,300,0.1,3.3788020610809326
1933,-42.20283065795897,0,0,297,0.1,3.585707664489746
1934,-23.31105163574215,0,0,300,0.1,3.382762908935547
1935,-43.04688426971433,0,0,297,0.1,3.581721067428589
1936,-13.518114433288577,0,0,184,0.1,3.4145286083221436
1937,-28.634369125366213,0,0,226,0.1,3.5360922813415527
1938,-26.45139263153072,0,0,300,0.1,3.5553481578826904
1939,-35.149975585937504,0,0,260,0.1,3.649993896484375
1940,-50.53786640167228,0,0,298,0.1,3.621966600418091
1941,-36.04155368804932,0,0,246,0.1,3.710388422012329
1942,-32.60992107391358,0,0,201,0.1,3.8149802684783936
1943,-33.44881931304932,0,0,284,0.1,3.572204828262329
1944,-37.090793418884275,0,0,259,0.1,3.7601983547210693
1945,-49.81556658824419,0,0,300,0.1,5.501590728759766
1946,-19.78389511108399,0,0,300,0.1,4.045973777770996
1947,-29.227352485656738,0,0,247,0.1,3.3418381214141846
1948,-36.19048778533936,0,0,268,0.1,3.817621946334839
1949,-22.824715232849094,0,0,300,0.1,3.8061788082122803
1950,-32.36737800598144,0,0,212,0.1,3.7143445014953613
1951,-29.384871368408202,0,0,197,0.1,4.251217842102051
1952,-19.834021301269523,0,0,300,0.1,3.966005325317383
1953,-31.371706657409675,0,0,253,0.1,3.672926664352417
1954,-36.37181407928466,0,0,257,0.1,3.575453519821167
1955,-34.86126820484666,0,0,209,0.1,3.6751179695129395
1956,-44.030671768188455,0,0,263,0.1,4.462667942047119
1957,-26.035934181213378,0,0,195,0.1,3.9539835453033447
1958,-15.537027359008771,0,0,300,0.1,3.9467568397521973
1959,-32.33228366851807,0,0,237,0.1,3.6630709171295166
1960,-36.852578697204585,0,0,285,0.1,3.8231446743011475
1961,-18.959533576965327,0,0,300,0.1,3.644883394241333
1962,-32.38287857055665,0,0,238,0.1,3.77571964263916
1963,-45.33271789550775,0,0,291,0.1,3.645679473876953
1964,-42.13876831054688,0,0,271,0.1,3.8796920776367188
1965,-30.39872463226313,0,0,300,0.1,3.642181158065796
1966,-21.65934917449948,0,0,300,0.1,3.484837293624878
1967,-26.56405513763419,0,0,300,0.1,3.4710137844085693
1968,-44.514427299499474,0,0,284,0.1,3.536106824874878
1969,-19.639166069030754,0,0,300,0.1,3.7972915172576904
1970,-22.24307674407957,0,0,300,0.1,3.7632691860198975
1971,-37.40351380268601,0,0,228,0.1,3.4431793689727783
1972,-17.449712791442867,0,0,300,0.1,2.9774281978607178
1973,-26.80543579101563,0,0,216,0.1,3.6663589477539062
1974,-24.237181854247993,0,0,300,0.1,3.5092954635620117
1975,-29.8804307937622,0,0,222,0.1,3.6326076984405518
1976,-26.595534218945772,0,0,206,0.1,3.6161844730377197
1977,-31.818387298583993,0,0,249,0.1,4.072096824645996
1978,-19.25609245300291,0,0,300,0.1,3.5265231132507324
1979,-25.620608291625967,0,0,233,0.1,3.790152072906494
1980,-42.1779537200928,0,0,300,0.1,3.6069884300231934
1981,-19.440473136901854,0,0,300,0.1,3.845118284225464
1982,-31.90472988128661,0,0,274,0.1,3.3411824703216553
1983,-34.62376178741455,0,0,283,0.1,3.6209404468536377
1984,-35.42454284667969,0,0,230,0.1,3.433635711669922
1985,-21.482375335693355,0,0,300,0.1,3.82059383392334
1986,-15.880239601135258,0,0,300,0.1,3.3775599002838135
1987,-19.4926207733154,0,0,300,0.1,3.2931551933288574
1988,-35.5873638534546,0,0,272,0.1,3.6118409633636475
1989,-19.26379661560057,0,0,300,0.1,3.5534491539001465
1990,-30.198814392089854,0,0,267,0.1,3.549703598022461
1991,-18.25308666229248,0,0,300,0.1,3.10077166557312
1992,-14.473186730542468,0,0,300,0.1,2.8080976009368896
1993,-15.672270469665529,0,0,300,0.1,2.935567617416382
1994,-31.754394645690926,0,0,221,0.1,3.6585986614227295
1995,-29.897496910095217,0,0,180,0.1,3.7943742275238037
1996,-29.796360321044922,0,0,215,0.1,4.0565900802612305
1997,-30.16622627258299,0,0,300,0.1,4.696556568145752
1998,-83.11424041748043,0,0,249,0.1,3.901060104370117
1999,-30.21826320648194,0,0,197,0.1,3.6645658016204834
2000,-21.828317909240702,0,0,300,0.1,3.3870794773101807
2001,-36.71211273193357,0,0,261,0.1,4.098028182983398
2002,-32.891416702270504,0,0,197,0.1,3.870354175567627
2003,-37.71698539733886,0,0,294,0.1,3.946746349334717
2004,-31.48481063842773,0,0,211,0.1,3.8587026596069336
2005,-35.30705097198486,0,0,231,0.1,3.881762742996216
2006,-29.946194504895477,0,0,184,0.1,4.8388495445251465
2007,-34.403663711547864,0,0,163,0.1,4.830915927886963
2008,-40.99921127319338,0,0,163,0.1,4.69730281829834
2009,-29.327547302246096,0,0,178,0.1,4.459386825561523
2010,-36.943480110168466,0,0,296,0.1,3.8358700275421143
2011,-29.858223037719732,0,0,185,0.1,4.132055759429932
2012,-31.92603870391845,0,0,260,0.1,3.4290096759796143
2013,-24.99054405212402,0,0,185,0.1,4.130136013031006
2014,-26.3051619720459,0,0,181,0.1,4.446290493011475
2015,-30.253631439208988,0,0,181,0.1,4.728407859802246
2016,-48.37006779591111,0,0,166,0.1,5.729817867279053
2017,-19.79134304046626,0,0,300,0.1,3.180335760116577
2018,-27.44932861328125,0,0,199,0.1,4.0623321533203125
2019,-30.405746688842747,0,0,300,0.1,3.2914366722106934
2020,-33.2301344768193,0,0,253,0.1,2.9373345375061035
2021,-32.82967025756837,0,0,197,0.1,4.68991756439209
2022,-16.339729766845704,0,0,300,0.1,3.277432441711426
2023,-21.84750675201408,0,0,300,0.1,3.08937668800354
2024,-17.31437793731689,0,0,300,0.1,3.2260944843292236
2025,-32.33535537719727,0,0,183,0.1,4.121338844299316
2026,-18.210087280273427,0,0,300,0.1,2.9950218200683594
2027,-18.19378932952877,0,0,300,0.1,3.025947332382202
2028,-35.11957817077638,0,0,290,0.1,3.704894542694092
2029,-42.47779251098632,0,0,293,0.1,2.929448127746582
2030,-41.04654151916501,0,0,271,0.1,4.36913537979126
2031,-18.602953919568325,0,0,300,0.1,2.7130393981933594
2032,-13.034912575879357,0,0,300,0.1,2.951029062271118
2033,-22.59515973011517,0,0,300,0.1,2.786090850830078
2034,-31.912575225830082,0,0,249,0.1,3.1081438064575195
2035,-28.967810020446777,0,0,246,0.1,3.1519525051116943
2036,-14.92069000244141,0,0,300,0.1,3.5576725006103516
2037,-32.400126724243165,0,0,207,0.1,4.092531681060791
2038,-28.54513122558594,0,0,194,0.1,3.5687828063964844
2039,-22.11526073455806,0,0,300,0.1,3.0563151836395264
2040,-32.45145867268112,0,0,267,0.1,3.1201655864715576
2041,-25.692565803527835,0,0,208,0.1,3.328141450881958
2042,-36.187680215039514,0,0,287,0.1,3.7442209720611572
2043,-49.866657409667944,0,0,204,0.1,4.739164352416992
2044,-23.105867852368622,0,0,300,0.1,2.9687678813934326
2045,-65.68069091796869,0,0,300,0.1,3.4426727294921875
2046,-14.605016555786145,0,0,300,0.1,2.691254138946533
2047,-37.5257734298706,0,0,288,0.1,2.9064433574676514
2048,-14.09741794586183,0,0,300,0.1,2.681854486465454
2049,-21.44798645019529,0,0,300,0.1,3.589496612548828
2050,-40.22981926838425,0,0,299,0.1,3.254755735397339
2051,-32.34988800048822,0,0,300,0.1,3.4849720001220703
2052,-41.137443695068356,0,0,258,0.1,3.86936092376709
2053,-29.038714561462346,0,0,300,0.1,3.4696786403656006
2054,-26.418120965161588,0,0,215,0.1,2.954331159591675
2055,-52.05776944080852,0,0,291,0.1,3.291743278503418
2056,-19.811680107116683,0,0,300,0.1,3.257920026779175
2057,-35.62578499714401,0,0,247,0.1,3.2512471675872803
2058,-15.192110985913564,0,0,300,0.1,2.932828664779663
2059,-39.62631462971237,0,0,290,0.1,3.47387957572937
2060,-19.837581032910617,0,0,300,0.1,2.8066961765289307
2061,-34.33179340362548,0,0,214,0.1,3.932948350906372
2062,-39.115037202039,0,0,284,0.1,2.531060218811035
2063,-35.14066975513961,0,0,293,0.1,3.5549683570861816
2064,-15.753637084960923,0,0,300,0.1,2.9359092712402344
2065,-30.95354908863571,0,0,249,0.1,3.130688190460205
2066,-35.83887279510498,0,0,234,0.1,3.802218198776245
2067,-28.19731658935547,0,0,201,0.1,4.064329147338867
2068,-29.422767647900862,0,0,226,0.1,3.8554928302764893
2069,-20.73256378173828,0,0,300,0.1,2.6706409454345703
2070,-31.742540054321292,0,0,247,0.1,3.6406350135803223
2071,-51.54316402435302,0,0,300,0.1,2.945791006088257
2072,-70.33809700012203,0,0,300,0.1,3.1095242500305176
2073,-78.51267616271969,0,0,300,0.1,3.1481690406799316
2074,-33.34752968708543,0,0,252,0.1,3.141683340072632
2075,-37.83163308064009,0,0,298,0.1,3.2752091884613037
2076,-28.544653739929185,0,0,300,0.1,3.1136634349823
2077,-23.152629928588855,0,0,300,0.1,3.330657482147217
2078,-20.829266128539988,0,0,300,0.1,2.6923165321350098
2079,-15.38210724751022,0,0,300,0.1,2.475327730178833
2080,-27.182739105224602,0,0,217,0.1,3.7106847763061523
2081,-21.080575989880767,0,0,300,0.1,2.5724449157714844
2082,-30.06238231658935,0,0,228,0.1,3.240595579147339
2083,-39.56343811035154,0,0,249,0.1,4.283359527587891
2084,-14.93530570983886,0,0,300,0.1,3.078826427459717
2085,-14.875022744336404,0,0,300,0.1,2.946056604385376
2086,-27.496017693677206,0,0,300,0.1,3.188805341720581
2087,-25.4169424057006,0,0,300,0.1,3.404235601425171
2088,-34.011321372985776,0,0,300,0.1,3.73533034324646
2089,-49.37632542530555,0,0,300,0.1,2.7688822746276855
2090,-30.047994384765623,0,0,190,0.1,3.8844985961914062
2091,-30.705817413330067,0,0,300,0.1,2.6264543533325195
2092,-20.202891044616685,0,0,300,0.1,3.568222761154175
2093,-42.46265853881835,0,0,300,0.1,2.70566463470459
2094,-30.794710006713846,0,0,300,0.1,2.676177501678467
2095,-48.98402214924362,0,0,197,0.1,3.6833064556121826
2096,-24.83476913452146,0,0,300,0.1,3.676192283630371
2097,-18.69406517028809,0,0,300,0.1,3.1535162925720215
2098,-39.288705453076616,0,0,244,0.1,2.8594772815704346
2099,-24.624304046630815,0,0,300,0.1,3.658576011657715
2100,-28.69767967224121,0,0,232,0.1,3.3844199180603027
2101,-40.444083862304694,0,0,195,0.1,3.441020965576172
2102,-37.87607281605272,0,0,250,0.1,3.176319122314453
2103,-37.11995578765868,0,0,291,0.1,3.589988946914673
2104,-19.256349182128886,0,0,300,0.1,3.4140872955322266
2105,-43.64177330891158,0,0,203,0.1,3.327744245529175
2106,-35.88826283375291,0,0,192,0.1,3.889366626739502
2107,-20.486610374450656,0,0,300,0.1,3.819152593612671
2108,-20.798035430908183,0,0,300,0.1,4.062008857727051
2109,-38.99671982685592,0,0,288,0.1,2.753980875015259
2110,-40.94184085845943,0,0,273,0.1,3.805460214614868
2111,-35.64347603718308,0,0,288,0.1,2.718169927597046
2112,-18.849152984619128,0,0,300,0.1,3.477288246154785
2113,-11.624219025769502,0,0,300,0.1,2.0108556747436523
2114,-88.9967299270629,0,0,300,0.1,3.854182481765747
2115,-16.33306690216064,0,0,300,0.1,3.280766725540161
2116,-54.12981400410213,0,0,300,0.1,2.6972544193267822
2117,-46.53467811584472,0,0,300,0.1,3.2236695289611816
2118,-49.31344120899697,0,0,300,0.1,3.098161220550537
2119,-8.698979691663064,0,0,300,0.1,1.407045841217041
2120,-31.39239540974168,0,0,228,0.1,3.3103997707366943
2121,-37.53305939594773,0,0,257,0.1,3.563065767288208
2122,-43.14940941731007,0,0,300,0.1,3.257153272628784
2123,-22.040070275464295,0,0,300,0.1,2.4548184871673584
2124,-41.3108935546875,0,0,137,0.1,5.447723388671875
2125,-32.4057021419194,0,0,264,0.1,2.971226453781128
2126,-32.9194344417241,0,0,276,0.1,3.3221595287323
2127,-28.7097626964238,0,0,225,0.1,3.2097415924072266
2128,-30.055652741589817,0,0,236,0.1,3.2337141036987305
2129,-43.059047631421336,0,0,243,0.1,2.847062826156616
2130,-40.48348416248825,0,0,235,0.1,3.33817195892334
2131,-22.874492615857392,0,0,300,0.1,3.540924072265625
2132,-62.66652115742238,0,0,292,0.1,3.5839312076568604
2133,-34.36932487487793,0,0,281,0.1,2.8548312187194824
2134,-22.029295167126936,0,0,300,0.1,2.582124710083008
2135,-35.07274079243211,0,0,282,0.1,2.8954861164093018
2136,-24.059673260846402,0,0,300,0.1,1.2797192335128784
2137,-22.07109124104051,0,0,300,0.1,2.8775737285614014
2138,-23.778661164441367,0,0,207,0.1,3.094466209411621
2139,-26.872514275708472,0,0,230,0.1,3.0254294872283936
2140,-78.5319546596196,0,0,300,0.1,2.2252895832061768
2141,-24.967882308959965,0,0,216,0.1,3.2019705772399902
2142,-11.618901147046373,0,0,300,0.1,2.497026205062866
2143,-30.355659951367656,0,0,239,0.1,3.0937159061431885
2144,-23.24369088093308,0,0,218,0.1,3.273223638534546
2145,-27.83298146168259,0,0,228,0.1,2.868046283721924
2146,-35.64695237080124,0,0,240,0.1,3.919039011001587
2147,-34.466264695325165,0,0,252,0.1,3.3138670921325684
2148,-35.059320000806125,0,0,281,0.1,2.9471309185028076
2149,-16.686347626843727,0,0,300,0.1,2.761387825012207
2150,-36.54420555988816,0,0,236,0.1,2.8533523082733154
2151,-20.850072288513182,0,0,300,0.1,2.987518072128296
2152,-28.428085717358865,0,0,210,0.1,3.319322347640991
2153,-23.911649093627908,0,0,300,0.1,2.8879122734069824
2154,-30.46259883880616,0,0,236,0.1,3.105649709701538
2155,-14.211528443494114,0,0,300,0.1,2.7676830291748047
2156,-12.969110955395966,0,0,300,0.1,2.1845786571502686
2157,-28.891019134521482,0,0,252,0.1,2.652754783630371
2158,-33.368389977612765,0,0,294,0.1,2.9343984127044678
2159,-17.21093575397994,0,0,300,0.1,2.3875348567962646
2160,-36.663648385205555,0,0,251,0.1,3.663213014602661
2161,-16.66592869679001,0,0,300,0.1,2.4562830924987793
2162,-13.348593835034636,0,0,300,0.1,2.4319493770599365
2163,-17.69513623158004,0,0,300,0.1,2.321084976196289
2164,-30.12487449645994,0,0,300,0.1,2.8687186241149902
2165,-29.80004760742188,0,0,249,0.1,2.7700119018554688
2166,-32.6262523651123,0,0,245,0.1,3.106563091278076
2167,-22.02409466663865,0,0,300,0.1,2.4858245849609375
2168,-16.216011094250934,0,0,300,0.1,2.1063036918640137
2169,-29.047162055969245,0,0,230,0.1,2.6367905139923096
2170,-22.000497436523425,0,0,300,0.1,2.8501243591308594
2171,-29.70462193409471,0,0,236,0.1,2.703456401824951
2172,-30.752678918042463,0,0,260,0.1,2.6779706478118896
2173,-17.08398499409225,0,0,300,0.1,2.423297166824341
2174,-19.818517846265085,0,0,300,0.1,2.4769303798675537
2175,-38.25494488636518,0,0,293,0.1,2.918537139892578
2176,-16.91641681671139,0,0,300,0.1,2.4966042041778564
2177,-23.957914314270013,0,0,204,0.1,3.249478578567505
2178,-36.1372696773198,0,0,265,0.1,2.6141183376312256
2179,-27.326408547559062,0,0,264,0.1,2.79140305519104
2180,-20.2158466807988,0,0,300,0.1,2.4562625885009766
2181,-34.86994519154099,0,0,240,0.1,2.9947872161865234
2182,-11.83087269703414,0,0,300,0.1,2.2925190925598145
2183,-24.199443588256813,0,0,300,0.1,2.797360897064209
2184,-232.77930847167966,0,1,74,0.1,8.592327117919922
2185,-20.72352722167971,0,0,300,0.1,2.360881805419922
2186,-27.90185009002684,0,0,229,0.1,3.072962522506714
2187,-35.76031757354736,0,0,256,0.1,3.125079393386841
2188,-21.530811004638668,0,0,300,0.1,3.087702751159668
2189,-30.153095063367164,0,0,211,0.1,3.1505746841430664
2190,-38.18582806507612,0,0,296,0.1,2.2737579345703125
2191,-29.909592018127427,0,0,209,0.1,3.1373980045318604
2192,-32.192650765576616,0,0,300,0.1,1.9954636096954346
2193,-11.531052483716284,0,0,300,0.1,2.0375640392303467
2194,-32.60947490692139,0,0,231,0.1,2.9623687267303467
2195,-15.766349972882548,0,0,300,0.1,1.8963884115219116
2196,-36.05951667785644,0,0,234,0.1,3.4498791694641113
2197,-29.481793212890626,0,0,137,0.1,5.982948303222656
2198,-29.03282345692185,0,0,221,0.1,2.7255067825317383
2199,-50.911261223950575,0,0,300,0.1,1.9426162242889404
2200,-19.829074249267563,0,0,300,0.1,3.4922685623168945
2201,-21.59762100219725,0,0,300,0.1,2.5769052505493164
2202,-19.708672103881838,0,0,300,0.1,3.349668025970459
2203,-19.216126594543454,0,0,300,0.1,3.2015316486358643
2204,-33.41553916931152,0,0,261,0.1,3.878884792327881
2205,-25.797142143249516,0,0,211,0.1,3.294285535812378
2206,-30.936014518737796,0,0,277,0.1,3.2690036296844482
2207,-29.239313468933098,0,0,197,0.1,3.5948283672332764
2208,-26.866198081970204,0,0,223,0.1,3.3990495204925537
2209,-30.56211746215819,0,0,202,0.1,3.670529365539551
2210,-39.28570774078369,0,0,220,0.1,3.876426935195923
2211,-33.99538143157959,0,0,240,0.1,3.6663453578948975
2212,-29.71501163482666,0,0,206,0.1,3.606252908706665
2213,-22.29074192047116,0,0,300,0.1,3.697685480117798
2214,-23.64754646301269,0,0,189,0.1,3.804386615753174
2215,-38.98776405334472,0,0,279,0.1,4.139441013336182
2216,-37.677227096557615,0,0,266,0.1,3.6493067741394043
2217,-28.931920051574703,0,0,249,0.1,3.4829800128936768
2218,-19.249296082654258,0,0,300,0.1,2.2796249389648438
2219,-20.86336189270015,0,0,300,0.1,3.638340473175049
2220,-18.468582106432635,0,0,300,0.1,4.689844608306885
2221,-33.750799721875374,0,0,300,0.1,2.3600008487701416
2222,-31.29257347106934,0,0,203,0.1,3.630643367767334
2223,-40.600591125488286,0,0,213,0.1,3.3526477813720703
2224,-39.90038124958542,0,0,297,0.1,3.184896230697632
2225,-33.12186103820801,0,0,241,0.1,3.265465259552002
2226,-21.796226997375438,0,0,300,0.1,3.194056749343872
2227,-29.311108856201166,0,0,92,0.1,6.945277214050293
2228,-236.63644755443067,0,1,211,0.1,4.1868109703063965
2229,-19.569166221618637,0,0,300,0.1,2.694791555404663
2230,-14.471778401532452,0,0,300,0.1,1.9927455186843872
2231,-38.163072509765584,0,0,241,0.1,3.2482681274414062
2232,-32.64475074768067,0,0,217,0.1,3.433687686920166
2233,-35.879744720458994,0,0,246,0.1,4.857436180114746
2234,-13.649470490613274,0,0,300,0.1,2.43466854095459
2235,-29.219752388000494,0,0,200,0.1,3.472438097000122
2236,-32.89036594390869,0,0,243,0.1,3.445091485977173
2237,-40.86748878479,0,0,300,0.1,3.2993721961975098
2238,-30.36476474761964,0,0,200,0.1,3.5761911869049072
2239,-41.167183761596675,0,0,201,0.1,3.69679594039917
2240,-33.86302562713624,0,0,228,0.1,3.4132564067840576
2241,-34.056250762939456,0,0,234,0.1,3.4640626907348633
2242,-32.46395267486572,0,0,191,0.1,3.6434881687164307
2243,-29.537954444885255,0,0,218,0.1,3.4169886112213135
2244,-26.922196273803678,0,0,300,0.1,4.198049068450928
2245,-34.84928535461425,0,0,210,0.1,3.5898213386535645
2246,-12.817196664014133,0,0,300,0.1,2.0666000843048096
2247,-10.020727233886722,0,0,300,0.1,2.1101818084716797
2248,-24.557970532574878,0,0,300,0.1,1.7642935514450073
2249,-36.66282783508302,0,0,300,0.1,2.513206958770752
2250,-129.78627304077145,0,0,259,0.1,2.749068260192871
2251,-19.95355045318603,0,0,300,0.1,3.458387613296509
2252,-28.91591248432659,0,0,300,0.1,1.6437790393829346
2253,-39.196017341613754,0,0,242,0.1,3.9665043354034424
2254,-40.475514439740344,0,0,300,0.1,1.9886795282363892
2255,-12.871172665753638,0,0,300,0.1,1.970094084739685
2256,-15.968116722106942,0,0,300,0.1,3.5020291805267334
2257,-20.19672443389889,0,0,300,0.1,3.4191811084747314
2258,-30.922786903381347,0,0,213,0.1,3.430696725845337
2259,-28.67419914245605,0,0,300,0.1,2.9710497856140137
2260,-36.12853065490724,0,0,232,0.1,3.5546326637268066
2261,-14.5750106135991,0,0,300,0.1,2.18855357170105
2262,-43.345698661804164,0,0,240,0.1,3.50642466545105
2263,-36.94784885406493,0,0,299,0.1,3.2219622135162354
2264,-18.801892823376914,0,0,300,0.1,1.9977741241455078
2265,-22.53724289814494,0,0,300,0.1,2.3216116428375244
2266,-8.566547135510707,0,0,300,0.1,2.273937702178955
2267,-25.996287002563484,0,0,300,0.1,3.089071750640869
2268,-15.927750358581546,0,0,300,0.1,3.2919375896453857
2269,-35.16318374633789,0,0,233,0.1,4.525795936584473
2270,-40.202575654187484,0,0,300,0.1,1.9354448318481445
2271,-63.905172615051285,0,0,263,0.1,3.5937931537628174
2272,-33.22122464100378,0,0,300,0.1,1.532607078552246
2273,-33.214877891540525,0,0,211,0.1,3.916219472885132
2274,-34.32972469329833,0,0,248,0.1,3.669931173324585
2275,-13.914755668640156,0,0,300,0.1,2.268688917160034
2276,-20.713714599609347,0,0,300,0.1,3.7409286499023438
2277,-13.761245994567872,0,0,300,0.1,3.2453114986419678
2278,-13.779752464294441,0,0,300,0.1,3.2024381160736084
2279,-25.484927864074706,0,0,212,0.1,3.8162319660186768
2280,-16.56158683776856,0,0,300,0.1,2.7703967094421387
2281,-30.081970443725577,0,0,245,0.1,3.5229926109313965
2282,-18.547109031677255,0,0,300,0.1,3.0992772579193115
2283,-23.026466064453118,0,0,300,0.1,3.4616165161132812
2284,-20.470419807434073,0,0,300,0.1,3.1376049518585205
2285,-60.438740187487326,0,0,232,0.1,3.2498841285705566
2286,-34.239507064819335,0,0,235,0.1,4.344876766204834
2287,-14.679092330932624,0,0,300,0.1,3.1897730827331543
2288,-16.225764427185062,0,0,300,0.1,3.0789411067962646
2289,-37.82093700408936,0,0,271,0.1,3.495234251022339
2290,-21.584411439099572,0,0,300,0.1,2.133403778076172
2291,-30.60387111663818,0,0,237,0.1,3.710967779159546
2292,-18.2619059753418,0,0,300,0.1,3.172976493835449
2293,-21.561321372985812,0,0,300,0.1,2.36033034324646
2294,-30.266618194580083,0,0,219,0.1,4.7066545486450195
2295,-40.37060668945312,0,0,110,0.1,6.897651672363281
2296,-39.312263679504326,0,0,289,0.1,3.7155659198760986
2297,-13.456042900085457,0,0,300,0.1,3.1415107250213623
2298,-26.373671340942376,0,0,187,0.1,4.205917835235596
2299,-34.96904238780472,0,0,132,0.1,6.279959678649902
2300,-32.95115406036376,0,0,246,0.1,3.7202885150909424
2301,-24.62869995117187,0,0,300,0.1,3.2996749877929688
2302,-31.347728881835934,0,0,112,0.1,6.609432220458984
2303,-32.44867660522461,0,0,237,0.1,3.3571691513061523
2304,-26.046204137006065,0,0,300,0.1,1.9388519525527954
2305,-36.74183708190917,0,0,266,0.1,4.107959270477295
2306,-18.741140708923318,0,0,300,0.1,3.595285177230835
2307,-27.417356796264656,0,0,215,0.1,3.961839199066162
2308,-32.05843948364257,0,0,206,0.1,3.7046098709106445
2309,-28.56044666290282,0,0,232,0.1,3.097611665725708
2310,-31.11126285552978,0,0,208,0.1,3.7628157138824463
2311,-14.065194577374738,0,0,300,0.1,1.9635995626449585
2312,-45.36642695506543,0,0,300,0.1,5.961805820465088
2313,-57.03069941600296,0,0,226,0.1,5.462873935699463
2314,-32.217628784179695,0,0,233,0.1,3.661907196044922
2315,-60.17050021251177,0,0,300,0.1,5.43282413482666
2316,-47.0848405075073,0,0,295,0.1,3.153710126876831
2317,-66.99805575450394,0,0,300,0.1,5.107213020324707
2318,-40.43511714061232,0,0,300,0.1,5.383978366851807
2319,-13.614898614087378,0,0,300,0.1,2.04852557182312
2320,-31.522501144409183,0,0,249,0.1,3.278125286102295
2321,-58.53307940562699,0,0,167,0.1,5.750968933105469
2322,-13.507253684997558,0,0,300,0.1,3.6168134212493896
2323,-49.22614497264357,0,0,122,0.1,6.006735324859619
2324,-15.415480804443355,0,0,300,0.1,2.74137020111084
2325,-29.96387084960937,0,0,250,0.1,3.1559677124023438
2326,-71.44438326915238,0,0,300,0.1,5.076294898986816
2327,-14.95235176086426,0,0,300,0.1,2.6880879402160645
2328,-36.84020111083984,0,0,187,0.1,4.780050277709961
2329,-64.96665141185258,0,0,265,0.1,5.059361934661865
2330,-19.448570404052745,0,0,300,0.1,2.2596426010131836
2331,-38.36114883422851,0,0,175,0.1,5.215287208557129
2332,-29.025331878662115,0,0,287,0.1,2.5313329696655273
2333,-30.442271529040028,0,0,251,0.1,5.21826696395874
2334,-38.318762016296375,0,0,235,0.1,3.2171905040740967
2335,-21.654441795349104,0,0,300,0.1,3.6111104488372803
2336,-32.03803591807814,0,0,183,0.1,5.119708061218262
2337,-50.53517021179199,0,0,241,0.1,3.848792552947998
2338,-32.976807899475105,0,0,279,0.1,3.5392019748687744
2339,-32.92225265502929,0,0,300,0.1,3.418063163757324
2340,-34.481705856323245,0,0,115,0.1,6.5704264640808105
2341,-60.14555163463089,0,0,176,0.1,5.296586990356445
2342,-21.8355626296997,0,0,206,0.1,3.6038906574249268
2343,-27.554353141784667,0,0,236,0.1,2.726088285446167
2344,-28.89953716278076,0,0,263,0.1,2.8923842906951904
2345,-14.938356352648466,0,0,146,0.1,5.24478816986084
2346,-44.3324049671504,0,0,255,0.1,5.550800323486328
2347,-32.701628074646,0,0,251,0.1,2.710407018661499
2348,-27.605503959655763,0,0,230,0.1,2.8588759899139404
2349,-54.405989112854016,0,0,227,0.1,3.491497278213501
2350,-43.17657237132515,0,0,268,0.1,5.091842174530029
2351,-14.640086392560283,0,0,300,0.1,1.7298225164413452
2352,-52.57347140391798,0,0,267,0.1,4.928566932678223
2353,-31.088330183825224,0,0,179,0.1,5.042281627655029
2354,-21.227696715197293,0,0,154,0.1,4.914623260498047
2355,-45.936067915758784,0,0,228,0.1,5.019216060638428
2356,-17.329036254882823,0,0,300,0.1,3.077259063720703
2357,-17.193002014160097,0,0,300,0.1,2.228250503540039
2358,-23.367123823961915,0,0,300,0.1,5.031980037689209
2359,-35.746086836657256,0,0,223,0.1,5.184220790863037
2360,-22.51719714244338,0,0,300,0.1,5.12449836730957
2361,-32.281414213976596,0,0,300,0.1,4.583052635192871
2362,-27.41061180114746,0,0,300,0.1,2.9951529502868652
2363,-79.00610919078325,0,0,205,0.1,4.511726379394531
2364,-36.69505752563476,0,0,291,0.1,2.2637643814086914
2365,-59.34353453715776,0,0,185,0.1,3.941082715988159
2366,-47.83406657298538,0,0,122,0.1,5.283715724945068
2367,-90.46286974986525,0,0,286,0.1,4.523416519165039
2368,-38.8560245807979,0,0,300,0.1,4.629205226898193
2369,-9.30353337208298,0,0,300,0.1,1.6256842613220215
2370,-105.53950297435243,0,0,300,0.1,4.727574825286865
2371,-47.152546339831034,0,0,300,0.1,5.553335666656494
2372,-57.13759188731639,0,0,281,0.1,6.519597053527832
2373,-55.756642790636654,0,0,277,0.1,6.00685977935791
2374,-53.30284022410841,0,0,253,0.1,6.32590913772583
2375,-34.84668604930373,0,0,196,0.1,6.229370594024658
2376,-48.00595896800489,0,0,221,0.1,6.016688823699951
2377,-29.9767449482294,0,0,300,0.1,5.9768853187561035
2378,-30.309259367785188,0,0,167,0.1,5.5250139236450195
2379,-42.3795389088008,0,0,254,0.1,5.870083808898926
2380,-25.98773097117865,0,0,300,0.1,5.372131824493408
2381,-26.399516325792973,0,0,300,0.1,4.727578163146973
2382,-27.64397593577822,0,0,300,0.1,4.8561930656433105
2383,-15.014540623822475,0,0,300,0.1,1.830936074256897
2384,-21.874472838244145,0,0,300,0.1,4.658817291259766
2385,-36.709874068102565,0,0,222,0.1,5.197667598724365
2386,-14.17363957325484,0,0,300,0.1,1.8482108116149902
2387,-38.04369807322949,0,0,300,0.1,4.3836236000061035
2388,-36.75531207164261,0,0,183,0.1,5.909027099609375
2389,-30.168592406115252,0,0,156,0.1,6.239847183227539
2390,-35.23735720714065,0,0,228,0.1,5.227038383483887
2391,-36.73810854991409,0,0,172,0.1,6.142226219177246
2392,-27.1217887409541,0,0,300,0.1,5.278146266937256
2393,-27.054873686632813,0,0,300,0.1,5.203917503356934
2394,-40.18010971069336,0,0,253,0.1,5.61502742767334
2395,-58.06034667968745,0,0,264,0.1,7.307586669921875
2396,-26.525895796618105,0,0,300,0.1,4.8891730308532715
2397,-25.233464431762666,0,0,300,0.1,4.383366107940674
2398,-38.62490008433791,0,0,300,0.1,4.158924102783203
2399,-33.44787361145011,0,0,300,0.1,4.419468402862549
2400,-40.91451121409865,0,0,195,0.1,5.661326885223389
2401,-31.648776655993142,0,0,300,0.1,5.1273932456970215
2402,-32.24950411876168,0,0,300,0.1,5.24007511138916
2403,-29.421950712999976,0,0,300,0.1,5.1931867599487305
2404,-41.752629729113295,0,0,225,0.1,5.568356513977051
2405,-26.401704130968728,0,0,300,0.1,5.458125114440918
2406,-46.10154017528029,0,0,191,0.1,6.188084125518799
2407,-39.197799559435566,0,0,195,0.1,5.642148971557617
2408,-65.8109563740108,0,0,300,0.1,5.852938175201416
2409,-46.026849928698184,0,0,291,0.1,5.206911563873291
2410,-42.000861235460945,0,0,300,0.1,5.605414390563965
2411,-62.36665980418646,0,0,285,0.1,5.859364032745361
2412,-101.61121604919431,0,0,300,0.1,5.032804012298584
2413,-42.93115489085645,0,0,193,0.1,6.375487804412842
2414,-37.53509463389846,0,0,179,0.1,6.28397274017334
2415,-36.33218676646677,0,0,300,0.1,6.00074577331543
2416,-25.886371870836918,0,0,300,0.1,5.526792049407959
2417,-111.97545639038087,0,0,213,0.1,4.953864097595215
2418,-28.70359942515822,0,0,300,0.1,4.931098937988281
2419,-28.453910094103502,0,0,300,0.1,5.553676605224609
2420,-35.28817423900104,0,0,300,0.1,5.297242641448975
2421,-33.34130511363475,0,0,300,0.1,5.558025360107422
2422,-38.318330260119154,0,0,199,0.1,6.522281646728516
2423,-38.39070742686721,0,0,172,0.1,6.050375938415527
2424,-80.50446512063087,0,0,198,0.1,7.125718116760254
2425,-54.52763079722847,0,0,255,0.1,6.569606781005859
2426,-27.934425535998017,0,0,300,0.1,5.121305465698242
2427,-53.029174300036175,0,0,300,0.1,6.449992656707764
2428,-48.657826720080024,0,0,290,0.1,6.45965576171875
2429,-35.75379969676468,0,0,157,0.1,6.181149005889893
2430,-41.19484469493359,0,0,171,0.1,5.991410255432129
2431,-47.2977495574951,0,0,195,0.1,5.314437389373779
2432,-27.92471392711121,0,0,300,0.1,3.7088775634765625
2433,-38.53086787303418,0,0,153,0.1,6.552916049957275
2434,-36.19774317820997,0,0,230,0.1,4.422134876251221
2435,-27.88682948192086,0,0,300,0.1,5.254406452178955
2436,-28.391508208117184,0,0,300,0.1,5.068076133728027
2437,-41.37659754832713,0,0,196,0.1,6.241848468780518
2438,-33.29189555247758,0,0,194,0.1,5.715672969818115
2439,-35.066989775500026,0,0,163,0.1,5.6719465255737305
2440,-41.14195239146679,0,0,186,0.1,6.19068717956543
2441,-77.60565490722661,0,0,267,0.1,5.163913726806641
2442,-33.765162459215844,0,0,168,0.1,6.5664896965026855
2443,-43.183583937487256,0,0,250,0.1,6.678595066070557
2444,-44.930527067980485,0,0,274,0.1,5.267830848693848
2445,-27.23792967875921,0,0,300,0.1,3.90718150138855
2446,-31.206645994982445,0,0,153,0.1,6.041860580444336
2447,-67.18081619262703,0,0,300,0.1,4.915204048156738
2448,-35.65666572570801,0,0,209,0.1,6.184166431427002
2449,-28.455024443468623,0,0,300,0.1,4.246455192565918
2450,-24.82930926402539,0,0,300,0.1,3.570026397705078
2451,-26.09783007701365,0,0,300,0.1,5.517156600952148
2452,-16.494842567443847,0,0,300,0.1,2.801210641860962
2453,-29.029747191271422,0,0,300,0.1,5.020135879516602
2454,-42.48285212596389,0,0,256,0.1,4.955912113189697
2455,-40.74682388305659,0,0,229,0.1,5.66170597076416
2456,-40.30239848216503,0,0,223,0.1,6.68829870223999
2457,-46.16152979930369,0,0,235,0.1,6.158081531524658
2458,-26.1437549885127,0,0,300,0.1,5.213637828826904
2459,-25.09965334971872,0,0,300,0.1,4.307612419128418
2460,-24.133032027086852,0,0,300,0.1,4.045957088470459
2461,-27.95746821483108,0,0,104,0.1,6.377066135406494
2462,-45.4645367725703,0,0,300,0.1,3.4613332748413086
2463,-37.857046538195334,0,0,170,0.1,7.166960716247559
2464,-36.0814760120723,0,0,162,0.1,6.383068084716797
2465,-31.044748335680687,0,0,103,0.1,6.6888861656188965
2466,-31.850090971788966,0,0,300,0.1,5.087721824645996
2467,-31.5004967792841,0,0,300,0.1,4.145323276519775
2468,-50.04798541148633,0,0,253,0.1,6.3596954345703125
2469,-46.21375811656445,0,0,275,0.1,5.143638610839844
2470,-34.30928355296581,0,0,300,0.1,5.2475199699401855
2471,-39.3333852680537,0,0,300,0.1,5.258545398712158
2472,-36.03763903697464,0,0,200,0.1,5.847108840942383
2473,-62.62931010325884,0,0,240,0.1,7.600026607513428
2474,-35.521626463732446,0,0,176,0.1,5.505605697631836
2475,-42.6071121509883,0,0,278,0.1,5.279477119445801
2476,-25.87917411804194,0,0,300,0.1,5.624793529510498
2477,-20.929632797241204,0,0,300,0.1,3.5099081993103027
2478,-49.52078656116986,0,0,290,0.1,4.55999755859375
2479,-21.61701690673826,0,0,300,0.1,4.24925422668457
2480,-31.103627891540526,0,0,298,0.1,2.783406972885132
2481,-45.15890468597407,0,0,288,0.1,3.3172261714935303
2482,-32.78559062083693,0,0,113,0.1,6.764096736907959
2483,-20.102921485900875,0,0,300,0.1,2.6507303714752197
2484,-43.79350771983597,0,0,189,0.1,7.471076011657715
2485,-34.88414527893067,0,0,248,0.1,2.716036319732666
2486,-16.336381950378406,0,0,300,0.1,2.5740954875946045
2487,-46.139471083483414,0,0,273,0.1,5.77506685256958
2488,-18.162939186096192,0,0,300,0.1,2.885734796524048
2489,-21.945144882202154,0,0,300,0.1,2.988786220550537
2490,-35.19667384227249,0,0,247,0.1,5.366867542266846
2491,-55.346903715929706,0,0,281,0.1,4.669425010681152
2492,-27.39538355906931,0,0,300,0.1,4.4190449714660645
2493,-58.9605234058712,0,0,300,0.1,4.477829933166504
2494,-49.285933791002925,0,0,296,0.1,4.929182529449463
2495,-16.608356361389173,0,0,300,0.1,2.74458909034729
2496,-24.44952812194815,0,0,300,0.1,3.0748820304870605
2497,-32.958958511352535,0,0,119,0.1,6.394739627838135
2498,-32.064540282091755,0,0,300,0.1,4.85383415222168
2499,-30.311923980712884,0,0,128,0.1,6.202980995178223
2500,-22.27861644744864,0,0,300,0.1,2.8146541118621826
2501,-39.45909083445996,0,0,287,0.1,5.079971790313721
2502,-29.811657591662136,0,0,173,0.1,5.658113479614258
2503,-16.250367268719934,0,0,300,0.1,1.7248927354812622
2504,-19.92558163563278,0,0,300,0.1,1.5611963272094727
2505,-57.587094573974596,0,0,144,0.1,6.701773643493652
2506,-32.69898808399705,0,0,283,0.1,2.144547939300537
2507,-43.374074783325185,0,0,171,0.1,7.258518695831299
2508,-54.92849220275876,0,0,223,0.1,6.509623050689697
2509,-17.45842159271239,0,0,300,0.1,2.7071053981781006
2510,-14.619059104919437,0,0,300,0.1,2.9622647762298584
2511,-17.236884880065915,0,0,300,0.1,3.1717212200164795
2512,-35.16510768890381,0,0,265,0.1,2.988776922225952
2513,-25.53668205261228,0,0,300,0.1,2.779170513153076
2514,-28.759820679822234,0,0,300,0.1,2.634756088256836
2515,-16.48943552891282,0,0,300,0.1,1.97465980052948
2516,-20.505812416076648,0,0,300,0.1,2.873953104019165
2517,-16.520639428296366,0,0,300,0.1,1.8799607753753662
2518,-13.75197302738694,0,0,300,0.1,1.5977941751480103
2519,-18.390931080975804,0,0,300,0.1,1.675033688545227
2520,-22.77566463470456,0,0,300,0.1,2.4264161586761475
2521,-34.02444859425095,0,0,208,0.1,3.0184130668640137
2522,-32.040459700426695,0,0,300,0.1,4.24031400680542
2523,-42.3542655944824,0,0,225,0.1,5.9885663986206055
2524,-20.955231200060535,0,0,300,0.1,4.296506881713867
2525,-31.361630020141604,0,0,251,0.1,2.4504075050354004
2526,-28.555001029968253,0,0,272,0.1,1.9487502574920654
2527,-24.657395295300734,0,0,300,0.1,2.184149742126465
2528,-22.643248242535833,0,0,300,0.1,1.4331129789352417
2529,-14.154324635663304,0,0,300,0.1,1.513382077217102
2530,-14.329743928113258,0,0,300,0.1,1.6297369003295898
2531,-28.942018051147436,0,0,297,0.1,2.0430045127868652
2532,-24.327559280395512,0,0,231,0.1,2.444389820098877
2533,-12.6678285495427,0,0,300,0.1,1.2967580556869507
2534,-13.481885079541465,0,0,300,0.1,1.7777721881866455
2535,-22.960360251268902,0,0,300,0.1,3.935289144515991
2536,-15.284327057996071,0,0,300,0.1,2.128382682800293
2537,-26.901006670794214,0,0,300,0.1,1.8554507493972778
2538,-33.52495989719895,0,0,275,0.1,1.7335408926010132
2539,-11.06322277943162,0,0,300,0.1,2.1706066131591797
2540,-39.09212475697068,0,0,277,0.1,2.1353321075439453
2541,-33.467674560546875,0,0,134,0.1,6.786918640136719
2542,-16.213201188245094,0,0,300,0.1,1.3306012153625488
2543,-31.765832824707033,0,0,224,0.1,3.211458206176758
2544,-4.628958495953335,0,0,300,0.1,0.0768449679017067
2545,-20.859381904602056,0,0,300,0.1,1.7173454761505127
2546,-29.26517211834452,0,0,300,0.1,0.8510939478874207
2547,-66.04527985493216,0,0,300,0.1,1.4836208820343018
2548,-2.9058332345869893,0,0,279,0.1,0.030353732407093048
2549,21.128304823688012,0,0,300,0.1,0.6099686026573181
2550,-18.14264263153073,0,0,300,0.1,2.2506606578826904
2551,-26.875444220700487,0,0,300,0.1,0.8961619734764099
2552,-16.129543790021216,0,0,300,0.1,1.7821868658065796
2553,-12.504901275634767,0,0,300,0.1,2.4737253189086914
2554,-19.036705072718213,0,0,300,0.1,2.5612781047821045
2555,-46.68140042225392,0,0,300,0.1,1.702651023864746
2556,-16.035126923718728,0,0,300,0.1,1.948582649230957
2557,-15.045069503784177,0,0,300,0.1,3.061267375946045
2558,-35.06573410034174,0,0,300,0.1,4.716433525085449
2559,-30.262380523681635,0,0,89,0.1,7.39809513092041
2560,-8.26238311767578,0,0,50,0.1,7.343095779418945
2561,-14.581081695556625,0,0,300,0.1,2.25277042388916
2562,-19.13737499237059,0,0,300,0.1,3.6293437480926514
2563,-14.590980262756355,0,0,300,0.1,2.780245065689087
2564,15.907372822663516,0,0,286,0.1,0.019759565591812134
2565,-38.67136684417723,0,0,281,0.1,3.4403417110443115
2566,-0.0026680938389294084,0,0,300,0.1,0.09387065470218658
2567,21.21616390754912,0,0,300,0.1,0.217518612742424
2568,-16.384446163177497,0,0,300,0.1,1.7786115407943726
2569,40.39021719378861,0,0,300,0.1,0.020838061347603798
2570,22.03059642513724,0,0,267,0.1,0.023621072992682457
2571,27.737754120989475,0,0,300,0.1,0.04477347061038017
2572,-14.070756367841042,0,0,300,0.1,1.5374900102615356
2573,44.14440819760295,0,0,300,0.1,0.06529893726110458
2574,34.11496409991266,0,0,300,0.1,0.07756958156824112
2575,-4.133062760033869,0,0,300,0.1,0.15739190578460693
2576,14.529868479571071,0,0,279,0.1,0.07184406369924545
2577,-20.34661754608153,0,0,300,0.1,2.3141543865203857
2578,17.982787771313212,0,0,253,0.1,0.032175011932849884
2579,-6.973467523851673,0,0,244,0.1,0.1432938426733017
2580,-22.63522735595698,0,0,300,0.1,3.368806838989258
2581,-25.833660011291357,0,0,300,0.1,2.363415002822876
2582,6.5888422178241965,0,0,300,0.1,0.03851195424795151
2583,-27.115766514935743,0,0,300,0.1,1.5962425470352173
2584,21.82892337223025,0,0,270,0.1,0.07550963014364243
2585,-12.078732213177956,0,0,300,0.1,1.7819839715957642
2586,25.46911085893842,0,0,273,0.1,0.030642345547676086
2587,-50.00438743591307,0,0,150,0.1,6.9235968589782715
2588,-30.722999687194832,0,0,211,0.1,2.838249921798706
2589,-16.362290295758473,0,0,300,0.1,1.0528734922409058
2590,-15.858198318481458,0,0,300,0.1,1.7995495796203613
2591,21.831060330024673,0,0,300,0.1,0.022405259311199188
2592,38.14498605181907,0,0,279,0.1,0.0883990228176117
2593,28.984299785471276,0,0,300,0.1,0.07528791576623917
2594,35.71861446152883,0,0,261,0.1,0.002970944857224822
2595,22.25711226870751,0,0,300,0.1,0.08293592184782028
2596,-2.5025432495262563,0,0,300,0.1,0.162084698677063
2597,39.02857270439597,0,0,300,0.1,0.03872213885188103
2598,12.542511989078264,0,0,300,0.1,0.10140073299407959
2599,22.333068646914086,0,0,247,0.1,0.015118897892534733
2600,40.267194689823995,0,0,300,0.1,0.07857397198677063
2601,-1.9209558364239063,0,0,300,0.1,0.05506224185228348
2602,61.787474715760695,0,0,300,0.1,0.04755048453807831
2603,-36.56503803253174,0,0,239,0.1,3.3737595081329346
2604,23.39671041449042,0,0,291,0.1,0.22119279205799103
2605,50.73469709773991,0,0,300,0.1,0.07713117450475693
2606,29.45632575770354,0,0,290,0.1,0.18904179334640503
2607,-296.9853116901729,0,0,300,0.1,4.884027004241943
2608,15.113610149821955,0,0,300,0.1,0.15135693550109863
2609,38.36508790900443,0,0,300,0.1,0.07390142232179642
2610,-9.199222602048188,0,0,300,0.1,0.3523266613483429
2611,16.044730989536955,0,0,254,0.1,0.045759979635477066
2612,-1.5809737137940205,0,0,300,0.1,0.24560251832008362
2613,39.08893979748222,0,0,263,0.1,0.04743717610836029
2614,0.928117540678721,0,0,300,0.1,0.10047784447669983
2615,31.187615443668097,0,0,300,0.1,0.132282093167305
2616,-147.11099476734665,0,0,292,0.1,2.1675496101379395
2617,28.5046527560565,0,0,300,0.1,0.11938738822937012
2618,-19.14230281735324,0,0,269,0.1,0.02898559160530567
2619,20.239884326508967,0,0,239,0.1,0.032480381429195404
2620,36.948196022114466,0,0,247,0.1,0.057052578777074814
2621,-70.79311749378707,0,0,280,0.1,2.208080291748047
2622,-84.20837891499067,0,0,300,0.1,2.14689564704895
2623,-31.22595222473143,0,0,247,0.1,2.8489880561828613
2624,43.80576425453162,0,0,300,0.1,0.0933927595615387
2625,1.5965844892475325,0,0,240,0.1,0.055031441152095795
2626,-31.61803138295676,0,0,300,0.1,0.1336524784564972
2627,-7.357040989794987,0,0,278,0.1,0.2311989665031433
2628,53.77449526061746,0,0,300,0.1,0.07672099024057388
2629,20.48064025243258,0,0,300,0.1,0.08716949820518494
2630,13.755308703384127,0,0,300,0.1,0.268516480922699
2631,12.545562578341713,0,0,297,0.1,0.15940000116825104
2632,31.68363174696896,0,0,300,0.1,0.18368041515350342
2633,41.09654902657004,0,0,300,0.1,0.12195322662591934
2634,24.94169818719361,0,0,239,0.1,0.07409818470478058
2635,39.86159109195208,0,0,300,0.1,0.10742097347974777
2636,32.604562556347595,0,0,300,0.1,0.16157270967960358
2637,0.1827559079739779,0,0,300,0.1,0.1526176631450653
2638,-14.942067689099575,0,0,300,0.1,1.9078178405761719
2639,-36.091380852856915,0,0,248,0.1,2.457646131515503
2640,-22.995362557568797,0,0,300,0.1,2.1161415576934814
2641,-33.578725357055596,0,0,300,0.1,5.514681339263916
2642,-48.279398163953054,0,0,223,0.1,2.644650459289551
2643,-34.1831914226201,0,0,269,0.1,2.453098773956299
2644,-42.1770873641968,0,0,300,0.1,3.1542718410491943
2645,73.00547175591322,0,0,300,0.1,0.09017482399940491
2646,-9.388239969411163,0,0,300,0.1,0.0991569310426712
2647,-100.91938191334265,0,0,300,0.1,1.842146396636963
2648,60.90657484551403,0,0,300,0.1,0.05174846202135086
2649,8.37310276096197,0,0,271,0.1,0.04273302108049393
2650,51.45619322707384,0,0,300,0.1,0.06299526989459991
2651,53.31355181207391,0,0,300,0.1,0.09425465017557144
2652,27.53985526358221,0,0,294,0.1,1.0037624835968018
2653,54.87660053302978,0,0,300,0.1,0.1930321902036667
2654,46.2458472766492,0,0,292,0.1,0.0667738988995552
2655,30.24517045108114,0,0,300,0.1,0.10937187075614929
2656,47.73906766375036,0,0,287,0.1,0.018845755606889725
2657,15.02305927594633,0,0,230,0.1,0.08686458319425583
2658,-73.59612818439923,0,0,300,0.1,0.042563408613204956
2659,-57.64775849153714,0,0,300,0.1,0.07756588608026505
2660,-130.93017921447748,0,0,291,0.1,2.8950448036193848
2661,23.909384385100367,0,0,259,0.1,0.04989822208881378
2662,-37.4881256866455,0,0,152,0.1,5.652031421661377
2663,46.7246473929796,0,0,300,0.1,0.1042381003499031
2664,-18.43005205074815,0,0,298,0.1,0.6289958357810974
2665,21.196501640877454,0,0,300,0.1,0.21519452333450317
2666,-7.017510854401837,0,0,282,0.1,0.4852679669857025
2667,-3.8345648090031346,0,0,237,0.1,0.615942120552063
2668,-6.8685808364537175,0,0,277,0.1,0.6246744394302368
2669,3.131705408892383,0,0,237,0.1,0.44939225912094116
2670,36.184631627104025,0,0,239,0.1,0.06313290446996689
2671,5.020935929617634,0,0,273,0.1,0.35970309376716614
2672,28.402415604642396,0,0,233,0.1,0.01703985407948494
2673,-52.767580966153346,0,0,300,0.1,0.6366961598396301
2674,10.004687245688167,0,0,229,0.1,0.35836711525917053
2675,10.379605635008534,0,0,263,0.1,0.2902337610721588
2676,2.2878535827014246,0,0,248,0.1,0.4377177953720093
2677,31.41307721053692,0,0,299,0.1,0.13234959542751312
2678,-18.920022963681486,0,0,289,0.1,0.4264705777168274
2679,-4.208892125287316,0,0,269,0.1,0.4923219084739685
2680,-26.149208494820847,0,0,287,0.1,0.5238791704177856
2681,-20.24173221746948,0,0,300,0.1,0.322676420211792
2682,-7.524041372933637,0,0,300,0.1,0.49570953845977783
2683,-6.3562447897580014,0,0,295,0.1,0.29768842458724976
2684,-5.012933227219861,0,0,300,0.1,0.32535621523857117
2685,35.80125927289455,0,0,300,0.1,0.046784911304712296
2686,-2.7816504398968434,0,0,293,0.1,0.31362292170524597
2687,-23.990134414830468,0,0,300,0.1,0.5101960897445679
2688,21.2174956281993,0,0,300,0.1,0.1451912522315979
2689,14.917473371824915,0,0,300,0.1,0.23238740861415863
2690,28.458310864171715,0,0,294,0.1,0.176695317029953
2691,37.83306982596846,0,0,290,0.1,0.05766923725605011
2692,-4.352527777352606,0,0,248,0.1,0.34740450978279114
2693,-31.02014931599168,0,0,299,0.1,0.4833710193634033
2694,-11.329585115113524,0,0,289,0.1,0.35071849822998047
2695,32.16765493278833,0,0,297,0.1,0.20310987532138824
2696,6.762738606533741,0,0,297,0.1,0.17873813211917877
2697,-13.514569033780377,0,0,236,0.1,0.5084431767463684
2698,54.57304764976235,0,0,300,0.1,0.040534134954214096
2699,25.02466307242845,0,0,300,0.1,0.26272910833358765
2700,44.210460384688105,0,0,300,0.1,0.1216508150100708
2701,47.13484131713841,0,0,300,0.1,0.10978681594133377
2702,11.331869722506724,0,0,300,0.1,0.3015362024307251
2703,32.00730124791596,0,0,300,0.1,0.16821952164173126
2704,57.15261973840627,0,0,300,0.1,0.06419874727725983
2705,-5.981502012410447,0,0,300,0.1,0.10172468423843384
2706,-54.13855881611377,0,0,300,0.1,2.299440622329712
2707,-28.226856965222513,0,0,300,0.1,1.4915151596069336
2708,-43.87104163249452,0,0,300,0.1,3.0654594898223877
2709,-23.56721504211426,0,0,133,0.1,6.3718037605285645
2710,-51.83209083557129,0,0,171,0.1,4.775522708892822
2711,-92.79743639866363,0,0,300,0.1,0.4716600179672241
2712,-42.795031738281246,0,0,144,0.1,5.2112579345703125
2713,23.183797265491208,0,0,300,0.1,0.10988008230924606
2714,-37.88947013854978,0,0,132,0.1,5.899867534637451
2715,-47.14222824096679,0,0,138,0.1,6.943057060241699
2716,60.99256153529019,0,0,300,0.1,0.08098059892654419
2717,-30.787444534301756,0,0,134,0.1,6.1493611335754395
2718,50.45155827780696,0,0,300,0.1,0.08534899353981018
2719,-50.443609237670884,0,0,160,0.1,6.048402309417725
2720,-46.44879187663525,0,0,288,0.1,3.074897050857544
2721,37.784355227998205,0,0,300,0.1,0.10836911201477051
2722,43.980677225044715,0,0,300,0.1,0.05566183105111122
2723,13.515886175534494,0,0,300,0.1,0.04596975818276405
2724,46.5483624201033,0,0,300,0.1,0.04844469577074051
2725,-27.396561584472668,0,0,142,0.1,6.421640396118164
2726,34.12705930759641,0,0,256,0.1,0.04779158532619476
2727,52.827279529622515,0,0,291,0.1,0.03401556238532066
2728,22.921066874577416,0,0,298,0.1,0.038741715252399445
2729,-70.95263862609865,0,0,300,0.1,3.363159656524658
2730,42.97976565403375,0,0,297,0.1,0.034327127039432526
2731,40.191056416234694,0,0,268,0.1,0.03424280509352684
2732,-49.47056518554687,0,0,175,0.1,6.215141296386719
2733,28.45036109884712,0,0,289,0.1,0.10030736774206161
2734,25.874183748080142,0,0,300,0.1,0.05098077282309532
2735,20.368968439898218,0,0,251,0.1,0.025917693972587585
2736,47.07521294136972,0,0,300,0.1,0.19514556229114532
2737,20.782017688355175,0,0,248,0.1,0.041550204157829285
2738,30.579520901492547,0,0,285,0.1,0.11516217142343521
2739,29.147632807842214,0,0,238,0.1,0.02637954242527485
2740,32.6591178948197,0,0,289,0.1,0.15730464458465576
2741,31.46899016072485,0,0,292,0.1,0.11910496652126312
2742,32.57583960433932,0,0,289,0.1,0.20796547830104828
2743,42.020385428941594,0,0,282,0.1,0.11487475037574768
2744,19.75001972337696,0,0,295,0.1,0.2242361605167389
2745,30.21246606310343,0,0,300,0.1,0.21723154187202454
2746,-181.29420264323687,0,0,292,0.1,3.3637497425079346
2747,49.668271075910646,0,0,300,0.1,0.09235819429159164
2748,56.31251630370948,0,0,300,0.1,0.19583263993263245
2749,36.01689723034832,0,0,239,0.1,0.06301426142454147
2750,22.7611527649078,0,0,287,0.1,0.12802106142044067
2751,-1.3531067724015617,0,0,300,0.1,0.12594260275363922
2752,31.997166794142462,0,0,300,0.1,0.0440547913312912
2753,27.955925755253762,0,0,299,0.1,0.03899022936820984
2754,62.66526520704362,0,0,298,0.1,0.012200544588267803
2755,18.5215255086634,0,0,293,0.1,0.30640891194343567
2756,34.28088040446374,0,0,295,0.1,0.1261342465877533
2757,35.76185003285738,0,0,281,0.1,0.09040309488773346
2758,29.819394005737035,0,0,234,0.1,0.04039415717124939
2759,-118.39747150421148,0,0,300,0.1,3.8918678760528564
2760,25.59869378199312,0,0,293,0.1,0.2178182154893875
2761,41.65271635194754,0,0,300,0.1,0.11830633878707886
2762,41.71094097343716,0,0,288,0.1,0.08057630807161331
2763,21.885267650387032,0,0,281,0.1,0.6914505362510681
2764,64.5309340972218,0,0,300,0.1,0.04919932782649994
2765,18.462500876984326,0,0,248,0.1,0.04697385057806969
2766,23.6317718731377,0,0,232,0.1,0.08807702362537384
2767,49.42316138846309,0,0,292,0.1,0.01525700744241476
2768,64.98978570391866,0,0,300,0.1,0.17759139835834503
2769,26.53512596984836,0,0,288,0.1,0.1378767490386963
2770,57.82453595390057,0,0,300,0.1,0.13928255438804626
2771,8.00914491747944,0,0,295,0.1,0.17252466082572937
2772,40.5010947357628,0,0,300,0.1,0.13085927069187164
2773,64.04934403201078,0,0,300,0.1,0.044424209743738174
2774,44.01379101549719,0,0,273,0.1,0.11781783401966095
2775,69.29463126202555,0,0,300,0.1,0.1028544083237648
2776,50.56434265529248,0,0,300,0.1,0.025171617045998573
2777,73.30856993583478,0,0,300,0.1,0.058619968593120575
2778,32.91880475660297,0,0,280,0.1,0.12042339146137238
2779,18.619196524522046,0,0,297,0.1,0.2617003619670868
2780,-122.6637683002141,0,0,300,0.1,1.8532429933547974
2781,37.53815071960423,0,0,281,0.1,0.11532632261514664
2782,60.08353759323687,0,0,300,0.1,0.12552334368228912
2783,65.1009315871212,0,0,300,0.1,0.11408784240484238
2784,49.33492881586286,0,0,298,0.1,0.07707460969686508
2785,38.05804946263766,0,0,276,0.1,0.18507656455039978
2786,64.05724497114747,0,0,300,0.1,0.05256526917219162
2787,31.980925492844307,0,0,283,0.1,0.131201833486557
2788,55.27613113155095,0,0,300,0.1,0.12114480882883072
2789,34.93713049550983,0,0,286,0.1,0.11103065311908722
2790,37.99597902854417,0,0,285,0.1,0.14168596267700195
2791,25.76502418269844,0,0,295,0.1,0.0983748584985733
2792,45.654903755984044,0,0,294,0.1,0.032751113176345825
2793,59.28135467370482,0,0,300,0.1,0.1206558346748352
2794,-138.80040565490708,0,0,238,0.1,5.097601413726807
2795,46.35128576507304,0,0,300,0.1,0.016517354175448418
2796,44.04679424872135,0,0,278,0.1,0.08850288391113281
2797,25.47756208499404,0,0,292,0.1,0.12286582589149475
2798,-85.33451121409865,0,0,300,0.1,4.973826885223389
2799,-86.09310443004104,0,0,179,0.1,5.128475189208984
2800,22.52511410435173,0,0,292,0.1,0.11412549763917923
2801,60.68619812679919,0,0,300,0.1,0.2123689204454422
2802,-71.07767790873973,0,0,298,0.1,2.969618558883667
2803,68.72404161711667,0,0,300,0.1,0.12191105633974075
2804,31.85940846984719,0,0,284,0.1,0.10122999548912048
2805,71.58467108694344,0,0,300,0.1,0.01735570654273033
2806,-54.591787978014615,0,0,254,0.1,2.8531460762023926
2807,61.28386853718643,0,0,300,0.1,0.1026385948061943
2808,-36.1947283172607,0,0,300,0.1,4.5011820793151855
2809,56.342405610433566,0,0,300,0.1,0.12001076340675354
2810,35.109162821271696,0,0,300,0.1,0.10272393375635147
2811,-50.99366008758543,0,0,196,0.1,3.7809150218963623
2812,10.453675153604511,0,0,300,0.1,0.007937813177704811
2813,-22.70927355845894,0,0,300,0.1,3.9300174713134766
2814,-23.169426222643533,0,0,300,0.1,2.910055637359619
2815,-41.90788878520464,0,0,300,0.1,3.127171277999878
2816,-23.697381277880375,0,0,300,0.1,2.1045444011688232
2817,-18.18412650187941,0,0,300,0.1,3.261230707168579
2818,-34.40196017344912,0,0,300,0.1,2.963189125061035
2819,-27.240085059008244,0,0,300,0.1,2.8252203464508057
2820,-31.654468260607455,0,0,220,0.1,4.421316146850586
2821,-19.933499174914065,0,0,300,0.1,4.086073875427246
2822,-41.08025725444287,0,0,288,0.1,3.4352633953094482
2823,-27.267371855578144,0,0,300,0.1,3.5745420455932617
2824,-21.40733168681591,0,0,300,0.1,3.47953200340271
2825,-24.59094786723586,0,0,300,0.1,3.7704360485076904
2826,-23.475024138292945,0,0,300,0.1,4.013955116271973
2827,-22.31452941020458,0,0,300,0.1,3.766331434249878
2828,-24.46900370677432,0,0,300,0.1,4.107450008392334
2829,-31.56185763438669,0,0,300,0.1,3.96816349029541
2830,-40.84068606456244,0,0,300,0.1,4.3378705978393555
2831,-31.160202170214365,0,0,300,0.1,3.0002496242523193
2832,-42.02967108806108,0,0,300,0.1,2.9076168537139893
2833,-22.697900267443334,0,0,300,0.1,4.36717414855957
2834,-19.719765463671408,0,0,300,0.1,2.980140447616577
2835,-26.312873640856466,0,0,300,0.1,3.253417491912842
2836,-43.6308065327022,0,0,300,0.1,4.757900714874268
2837,-41.49370833476519,0,0,300,0.1,3.2561261653900146
2838,-43.8507820423457,0,0,300,0.1,6.677894592285156
2839,-23.216180182299276,0,0,300,0.1,3.9642441272735596
2840,-26.721474791369065,0,0,300,0.1,4.390567779541016
2841,-20.276169691881805,0,0,300,0.1,3.1517415046691895
2842,-22.686123915514663,0,0,300,0.1,5.089230060577393
2843,-28.25660014232124,0,0,300,0.1,4.124349117279053
2844,-27.379039183458968,0,0,300,0.1,4.744958877563477
2845,-35.44108286937215,0,0,300,0.1,5.630469799041748
2846,-31.047142363390655,0,0,93,0.1,7.234484672546387
2847,-23.620608778795894,0,0,300,0.1,3.785351276397705
2848,-22.009469328722645,0,0,300,0.1,3.5475664138793945
2849,-22.328681441149392,0,0,300,0.1,3.712369441986084
2850,-20.27493762095898,0,0,300,0.1,3.8189334869384766
2851,-36.92226443370315,0,0,264,0.1,4.328265190124512
2852,-39.026736021837905,0,0,259,0.1,4.316883087158203
2853,-18.414922285875967,0,0,300,0.1,4.276429653167725
2854,-8.57634244998428,0,0,300,0.1,0.6142846941947937
2855,-25.805557547411595,0,0,300,0.1,3.8090884685516357
2856,-17.33387400706736,0,0,300,0.1,3.451167583465576
2857,-22.554275885424317,0,0,300,0.1,3.9137680530548096
2858,-15.924334975084996,0,0,300,0.1,3.4862828254699707
2859,-80.97410916281369,0,0,300,0.1,0.04891444742679596
2860,-20.692999258837418,0,0,300,0.1,3.823448896408081
2861,-20.67658156474561,0,0,300,0.1,3.806844472885132
2862,-30.266306334337933,0,0,300,0.1,3.956775665283203
2863,-26.759373350939477,0,0,300,0.1,4.582542419433594
2864,-44.324542036852534,0,0,300,0.1,3.9563345909118652
2865,-17.687090407213883,0,0,300,0.1,2.2919716835021973
2866,-27.882048674425782,0,0,300,0.1,5.575711250305176
2867,-25.36014694213868,0,0,300,0.1,5.167536735534668
2868,-103.5064998539301,0,0,300,0.1,1.1018240451812744
2869,-25.242532759508766,0,0,300,0.1,3.8633322715759277
2870,-27.563977156481375,0,0,300,0.1,4.098693370819092
2871,-77.05741974969825,0,0,300,0.1,0.1536886990070343
2872,-75.00086335261793,0,0,300,0.1,1.6754149198532104
2873,-70.5351237018916,0,0,300,0.1,2.288980007171631
2874,27.713110958808347,0,0,300,0.1,0.07824864238500595
2875,-0.6384299526128632,0,0,300,0.1,0.027662986889481544
2876,37.42247588688995,0,0,300,0.1,0.06936769187450409
2877,-14.330200119814526,0,0,300,0.1,0.6002491116523743
2878,5.044874151847062,0,0,272,0.1,0.2632421851158142
2879,27.371170805594645,0,0,247,0.1,0.03718019649386406
2880,38.13527990346284,0,0,300,0.1,0.09878770262002945
2881,25.264062215289794,0,0,236,0.1,0.024389946833252907
2882,9.589839358055288,0,0,300,0.1,0.019595155492424965
2883,16.485686918744143,0,0,300,0.1,0.05242585018277168
2884,170.5763632582638,1,0,261,0.1,0.12808911502361298
2885,-22.475633097490952,0,0,300,0.1,1.6916073560714722
2886,183.28750864153238,1,0,257,0.1,0.04940764233469963
2887,21.782437215684663,0,0,280,0.1,0.057225123047828674
2888,20.880603670528878,0,0,244,0.1,0.03368445485830307
2889,184.10165480499597,1,0,225,0.1,0.07790298014879227
2890,6.534463329515201,0,0,298,0.1,0.1765342354774475
2891,94.20353483637311,0,0,292,0.1,0.11926498264074326
2892,66.64117620205013,0,0,300,0.1,0.034262873232364655
2893,-23.83112876892091,0,0,234,0.1,1.4127821922302246
2894,37.99529584119585,0,0,288,0.1,0.02182307466864586
2895,26.160798757276254,0,0,221,0.1,0.026758192107081413
2896,137.93626657058934,0,0,239,0.1,0.0370626375079155
2897,-330.1596293171261,0,1,199,0.1,4.482606410980225
2898,20.780632267245302,0,0,260,0.1,0.05128685012459755
2899,6.706762669286435,0,0,244,0.1,0.122289277613163
2900,52.260050074956126,0,0,240,0.1,0.06969652324914932
2901,23.997907093786864,0,0,213,0.1,0.03692268952727318
2902,-419.75754135131814,0,0,300,0.1,4.45688533782959
2903,-4.7996919674190455,0,0,233,0.1,0.073272205889225
2904,-50.5997982509943,0,0,300,0.1,1.7601486444473267
2905,-13.843221154114858,0,0,230,0.1,0.05087538808584213
2906,-36.086249342760766,0,0,173,0.1,5.334261417388916
2907,-422.09640620311177,0,0,300,0.1,4.464300632476807
2908,-182.1979633625362,0,0,259,0.1,4.514689922332764
2909,-28.978991123339824,0,0,297,0.1,0.01878642663359642
2910,-151.76262721141308,0,0,300,0.1,4.728355884552002
2911,-182.85466624339549,0,0,300,0.1,4.521365642547607
2912,-49.3377541526132,0,0,231,0.1,5.176540374755859
2913,-42.38460860650408,0,0,300,0.1,4.747147560119629
2914,-63.69307009776563,0,0,300,0.1,5.065966606140137
2915,-69.92937686046099,0,0,300,0.1,5.162543296813965
2916,-45.580380642418035,0,0,264,0.1,5.460692405700684
2917,-279.8637368011473,0,0,300,0.1,4.045934200286865
2918,-37.80075525124603,0,0,177,0.1,5.2072906494140625
2919,-42.37987489541108,0,0,220,0.1,5.612070560455322
2920,-55.42885614235938,0,0,265,0.1,5.609315872192383
2921,-29.08274904091886,0,0,300,0.1,5.610289096832275
2922,-51.630213194689446,0,0,264,0.1,5.172752380371094
2923,-46.815891054468665,0,0,241,0.1,6.201074600219727
2924,-34.068558285240314,0,0,189,0.1,5.43023681640625
2925,-28.284083404541015,0,0,141,0.1,5.686020851135254
2926,-49.1843619831416,0,0,200,0.1,5.031289577484131
2927,-107.75594073375187,0,0,300,0.1,3.2966842651367188
2928,-39.43994836092391,0,0,193,0.1,5.155584335327148
2929,-45.973208037218754,0,0,238,0.1,5.406001091003418
2930,-16.85786460876465,0,0,55,0.1,5.904466152191162
2931,-9.978775215348875,0,0,300,0.1,0.052507538348436356
2932,79.58414876574163,0,0,249,0.1,0.09658487886190414
2933,14.482607677704442,0,0,282,0.1,0.017110632732510567
2934,108.46785307635999,0,0,267,0.1,0.03307315334677696
2935,95.2489659828928,0,0,290,0.1,0.03032522462308407
2936,-34.577358474731454,0,0,158,0.1,5.334339618682861
2937,56.81803402161716,0,0,264,0.1,0.01071151252835989
2938,156.84483599869048,0,0,288,0.1,0.08367318660020828
2939,234.42209309895964,1,0,259,0.1,0.020014377310872078
2940,-0.8127274890753227,0,0,300,0.1,0.10144741833209991
2941,-0.0686393151667739,0,0,300,0.1,0.18065422773361206
2942,-41.0226900100708,0,0,213,0.1,2.7056725025177
2943,2.575807623467167,0,0,233,0.1,0.12455835938453674
2944,407.8971395756813,1,0,290,0.1,0.08790316432714462
2945,-37.510918901758735,0,0,185,0.1,6.494831562042236
2946,29.01438752571609,0,0,300,0.1,0.10555652529001236
2947,78.87414664452409,0,0,300,0.1,0.020700791850686073
2948,40.064813542072415,0,0,300,0.1,0.007134470622986555
2949,6.194159882082355,0,0,279,0.1,0.045695070177316666
2950,25.246496542296118,0,0,290,0.1,0.0979498103260994
2951,-52.06649247963953,0,0,191,0.1,6.541224956512451
2952,128.61966284473874,0,0,282,0.1,0.12795346975326538
2953,-16.755862045288087,0,0,138,0.1,3.2389655113220215
2954,-18.593588158288313,0,0,300,0.1,0.17020243406295776
2955,83.30572147866224,0,0,300,0.1,0.07779275625944138
2956,-53.95654616435501,0,0,279,0.1,2.5868356227874756
2957,5.224316401877653,0,0,255,0.1,0.14206308126449585
2958,21.15322485777104,0,0,296,0.1,0.040297262370586395
2959,7.861752609810533,0,0,224,0.1,0.11660238355398178
2960,-28.48647088289656,0,0,226,0.1,2.8797149658203125
2961,-27.451021745997018,0,0,224,0.1,3.4723572731018066
2962,24.197901900657673,0,0,241,0.1,0.004559469874948263
2963,-109.39160117228957,0,0,213,0.1,3.948099374771118
2964,-34.634889925318305,0,0,232,0.1,3.453324317932129
2965,-100.87342516978711,0,0,236,0.1,3.861055374145508
2966,-27.105628794031688,0,0,231,0.1,3.2635090351104736
2967,-71.13050639232131,0,0,210,0.1,3.9378256797790527
2968,47.63150872568157,0,0,300,0.1,0.02705097571015358
2969,13.7463338402894,0,0,300,0.1,0.16484464704990387
2970,-27.46268134196732,0,0,218,0.1,3.1633694171905518
2971,-45.41652510722608,0,0,226,0.1,3.419330358505249
2972,-13.082110900878904,0,0,73,0.1,5.890527725219727
2973,-43.99166831970217,0,0,116,0.1,6.160417079925537
2974,-13.330028533935547,0,0,66,0.1,6.145007133483887
2975,-16.07959190368652,0,0,73,0.1,6.167397975921631
2976,-42.146523666381825,0,0,145,0.1,6.299130916595459
2977,-50.719268493652336,0,0,121,0.1,6.509817123413086
2978,-8.96548080444336,0,0,72,0.1,6.24137020111084
2979,-15.67092483520508,0,0,93,0.1,6.1227312088012695
2980,-2.5775386810302736,0,0,72,0.1,6.219384670257568
2981,-49.20549959023533,0,0,300,0.1,3.070976734161377
2982,-5.278787460327149,0,0,80,0.1,6.297196865081787
2983,-13.580479125976561,0,0,84,0.1,6.275119781494141
2984,-4.249783477783204,0,0,72,0.1,6.447445869445801
2985,-47.589537429809575,0,0,131,0.1,6.384884357452393
2986,-42.41011779785154,0,0,123,0.1,6.495029449462891
2987,-17.902066497802714,0,0,119,0.1,6.405516624450684
2988,-19.66377876281738,0,0,38,0.1,6.983444690704346
2989,-53.90881392558552,0,0,300,0.1,3.5449025630950928
2990,-40.83023933410644,0,0,124,0.1,6.322559833526611
2991,-33.72667549133302,0,0,132,0.1,6.374168872833252
2992,-40.18183845520022,0,0,119,0.1,6.435459613800049
2993,-21.27996994018555,0,0,80,0.1,6.504992485046387
2994,-41.157071456909165,0,0,126,0.1,6.574267864227295
2995,40.58328273018334,0,0,230,0.1,0.19791279733181
2996,-14.013433609008782,0,0,94,0.1,6.525858402252197
2997,-12.111301116943364,0,0,74,0.1,6.35782527923584
2998,-20.913749694824208,0,0,87,0.1,6.353437423706055
2999,-37.05019248962404,0,0,121,0.1,6.165048122406006
3000,-16.381986007690422,0,0,107,0.1,6.380496501922607
3001,-39.6176276397705,0,0,127,0.1,6.524406909942627
3002,-20.227358627319326,0,0,111,0.1,6.419339656829834
3003,-45.02872390747069,0,0,158,0.1,6.394680976867676
3004,-42.02169723510741,0,0,125,0.1,6.5179243087768555
3005,-40.922607116699204,0,0,131,0.1,6.498151779174805
3006,-47.62946189880368,0,0,137,0.1,6.559865474700928
3007,-42.97201011657714,0,0,142,0.1,6.310502529144287
3008,-45.28295753479003,0,0,134,0.1,6.63823938369751
3009,-29.548171310424806,0,0,99,0.1,7.004542827606201
3010,-7.396466674804684,0,0,89,0.1,6.364116668701172
3011,-40.26076057434081,0,0,127,0.1,6.495190143585205
3012,-32.50572517395019,0,0,136,0.1,6.243931293487549
3013,-42.858840255737285,0,0,135,0.1,6.394710063934326
3014,-32.6411612701416,0,0,136,0.1,6.1427903175354
3015,-35.91004127502441,0,0,130,0.1,6.3050103187561035
3016,-62.332157897949244,0,0,111,0.1,6.070539474487305
3017,-54.21391886790727,0,0,300,0.1,5.378678798675537
3018,-31.758782348632806,0,0,134,0.1,6.387195587158203
3019,-36.928976898193355,0,0,160,0.1,6.32474422454834
3020,-80.18800956726079,0,0,206,0.1,5.9670023918151855
3021,-64.4539284809444,0,0,300,0.1,5.2961812019348145
3022,-55.67786929210156,0,0,300,0.1,5.487166404724121
3023,-38.76059677124023,0,0,177,0.1,6.372649192810059
3024,-28.6976551055908,0,0,102,0.1,6.386913776397705
3025,-40.311300019421836,0,0,292,0.1,2.2726259231567383
3026,-49.84320312499999,0,0,172,0.1,6.25830078125
3027,-19.5215705871582,0,0,81,0.1,6.155392646789551
3028,-54.97120320240517,0,0,241,0.1,3.340101718902588
3029,-41.32178092956542,0,0,159,0.1,6.202945232391357
3030,-31.07846633911133,0,0,112,0.1,6.602116584777832
3031,-17.927948074340815,0,0,160,0.1,6.461987018585205
3032,-41.696255446276254,0,0,300,0.1,5.546762943267822
3033,-69.68224731445332,0,0,232,0.1,6.693061828613281
3034,-28.673403778076153,0,0,133,0.1,6.408350944519043
3035,-32.80669566234078,0,0,300,0.1,5.5218729972839355
3036,-19.010943195321637,0,0,300,0.1,0.12213591486215591
3037,-208.56943840026852,0,0,201,0.1,4.594859600067139
3038,-32.20219161987304,0,0,123,0.1,6.605547904968262
3039,-37.69107840458417,0,0,300,0.1,1.1800705194473267
3040,-15.96651019135979,0,0,256,0.1,0.31839656829833984
3041,-34.40857284545898,0,0,134,0.1,6.557143211364746
3042,82.8224531104181,0,0,225,0.1,0.20781250298023224
3043,7.457633186778749,0,0,223,0.1,0.18861959874629974
3044,-4.175716542997629,0,0,233,0.1,0.0804813951253891
3045,-33.74670501708984,0,0,121,0.1,6.884176254272461
3046,-67.45871429602568,0,0,264,0.1,0.9725767374038696
3047,-127.86731060902136,0,0,300,0.1,1.5091285705566406
3048,-56.57239621082812,0,0,293,0.1,1.5378999710083008
3049,180.9756355021384,1,0,249,0.1,0.1237703412771225
3050,-8.516693702838154,0,0,267,0.1,0.15954391658306122
3051,-16.808678236803733,0,0,66,0.1,6.677368640899658
3052,-67.10126635631062,0,0,300,0.1,2.280515670776367
3053,2.0255852533367045,0,0,300,0.1,0.21625784039497375
3054,-43.08371381839254,0,0,300,0.1,0.9436275362968445
3055,69.8707981650022,0,0,248,0.1,0.15241970121860504
3056,-17.331736230054165,0,0,300,0.1,1.2352349758148193
3057,-36.63123582919564,0,0,300,0.1,0.8455080389976501
3058,30.673239869275353,0,0,300,0.1,0.05878734961152077
3059,-11.088725424608914,0,0,300,0.1,1.4323804378509521
3060,99.32119181712604,0,0,227,0.1,0.1686956137418747
3061,-23.47467856486769,0,0,300,0.1,1.7913687229156494
3062,-51.79617412567137,0,0,166,0.1,3.3665435314178467
3063,59.361568966903974,0,0,274,0.1,0.10263916850090027
3064,-9.265166998705592,0,0,300,0.1,1.813990831375122
3065,81.3257992909339,0,0,260,0.1,0.05159677937626839
3066,-9.700520239672397,0,0,159,0.1,3.2453291416168213
3067,186.71814657489324,1,0,216,0.1,0.06645530462265015
3068,-16.016355056762695,0,0,143,0.1,2.936588764190674
3069,166.67327553490665,1,0,226,0.1,0.08369803428649902
3070,172.52787912229564,1,0,235,0.1,0.06824894994497299
3071,102.97146661708634,0,0,258,0.1,0.12928995490074158
3072,76.28428099463252,0,0,245,0.1,0.06021932512521744
3073,165.15284470865993,1,0,235,0.1,0.05088134482502937
3074,-3.3976386635515383,0,0,221,0.1,0.06260877102613449
3075,181.2508003989842,1,0,218,0.1,0.09592803567647934
3076,170.79398722926643,1,0,224,0.1,0.04958932474255562
3077,168.9758698324349,1,0,231,0.1,0.04709137603640556
3078,186.5619581780818,0,0,245,0.1,0.04098021984100342
3079,0.8723202466454792,0,0,227,0.1,0.19262689352035522
3080,173.19839192027715,1,0,208,0.1,0.07991576194763184
3081,192.60385990420843,1,0,238,0.1,0.08607670664787292
3082,172.5779417986658,1,0,221,0.1,0.06234429404139519
3083,-17.52032932281494,0,0,154,0.1,3.2950823307037354
3084,71.34331518942979,0,0,216,0.1,0.02954677864909172
3085,97.1821229330686,0,0,218,0.1,0.06284170597791672
3086,175.77451509843138,1,0,220,0.1,0.13528339564800262
3087,219.00190075228477,1,0,225,0.1,0.09232275933027267
3088,77.36528847644595,0,0,214,0.1,0.05294014886021614
3089,89.33331101516754,0,0,217,0.1,0.11529260128736496
3090,170.9633769589153,0,0,227,0.1,0.03066137805581093
3091,259.9926591048625,1,0,228,0.1,0.14161193370819092
3092,168.54508247593907,1,0,212,0.1,0.0680386945605278
3093,-38.75645248413085,0,0,173,0.1,3.084113121032715
3094,158.61644004414347,1,0,217,0.1,0.06728506833314896
3095,169.20798209617402,1,0,205,0.1,0.07265549898147583
3096,108.0991078189996,0,0,211,0.1,0.062046460807323456
3097,180.9018046156552,0,0,228,0.1,0.10716142505407333
3098,94.16507207910091,0,0,223,0.1,0.05808330699801445
3099,170.56108930299547,1,0,196,0.1,0.052315909415483475
3100,163.34032209197548,1,0,217,0.1,0.056567318737506866
3101,100.28139785418779,0,0,219,0.1,0.04477832838892937
3102,-146.74847418864712,0,0,300,0.1,2.4173176288604736
3103,173.50892650524645,1,0,200,0.1,0.06261444836854935
3104,149.82414422670868,1,0,231,0.1,0.19279296696186066
3105,151.59401949117446,1,0,243,0.1,0.044635940343141556
3106,110.33523256401094,0,0,218,0.1,0.09629767388105392
3107,-40.121860407190866,0,0,218,0.1,3.4350669384002686
3108,159.50986073950793,1,0,217,0.1,0.08148664236068726
3109,155.80111480633286,1,0,218,0.1,0.09324390441179276
3110,120.62590071673068,1,0,294,0.1,0.07532951235771179
3111,174.24809264788894,1,0,192,0.1,0.10888990759849548
3112,137.6641547308353,0,0,285,0.1,0.08339150995016098
3113,155.12954435745743,1,0,217,0.1,0.12026120722293854
3114,159.30885087678698,1,0,222,0.1,0.0581117682158947
3115,172.88576841796305,1,0,203,0.1,0.03792381286621094
3116,163.10211142818002,1,0,213,0.1,0.05695461481809616
3117,149.12838722998765,1,0,221,0.1,0.03566313907504082
3118,160.6235516817358,1,0,264,0.1,0.10625350475311279
3119,160.61170147816208,1,0,219,0.1,0.06303723901510239
3120,148.13769040557116,1,0,264,0.1,0.09648556262254715
3121,162.30054778809216,1,0,206,0.1,0.055677756667137146
3122,161.53047187010318,1,0,210,0.1,0.05134167894721031
3123,180.26205216775207,1,0,262,0.1,0.07877537608146667
3124,172.51335374454524,1,0,206,0.1,0.03556780517101288
3125,165.7617565099385,1,0,202,0.1,0.0390891470015049
3126,158.59831017995742,1,0,203,0.1,0.033711981028318405
3127,152.50554580430057,1,0,219,0.1,0.07902441173791885
3128,-35.82547007640335,0,0,120,0.1,5.9265666007995605
3129,174.61731798390414,1,0,220,0.1,0.03666616603732109
3130,-66.81644450267288,0,0,223,0.1,3.1118102073669434
3131,164.2873188767817,1,0,241,0.1,0.041998811066150665
3132,-112.97255935668933,0,0,300,0.1,5.330639839172363
3133,-15.980942984423367,0,0,151,0.1,3.3629348278045654
3134,166.02951566825178,1,0,203,0.1,0.058050066232681274
3135,173.271958424845,1,0,206,0.1,0.035186249762773514
3136,-69.66633113861083,0,0,225,0.1,2.83158278465271
3137,181.92089584196475,1,0,223,0.1,0.05202004685997963
3138,-23.06508563995361,0,0,178,0.1,2.8312714099884033
3139,-160.00947811126707,0,0,252,0.1,2.4973695278167725
3140,-93.27532524108888,0,0,240,0.1,2.646331310272217
3141,-74.72784004211427,0,0,300,0.1,2.5319600105285645
3142,175.54360966275001,1,0,220,0.1,0.05889016017317772
3143,-128.602155380249,0,0,300,0.1,2.418038845062256
3144,-45.901226654052785,0,0,300,0.1,2.8778066635131836
3145,-48.38074470520021,0,0,300,0.1,2.655186176300049
3146,161.64453808555868,1,0,248,0.1,0.07668888568878174
3147,-73.0407796478272,0,0,249,0.1,2.682694911956787
3148,-25.17896293640131,0,0,300,0.1,5.422240734100342
3149,-59.81691898345948,0,0,249,0.1,2.606729745864868
3150,-139.74051036834717,0,0,252,0.1,2.460127592086792
3151,-40.09516014099118,0,0,127,0.1,5.801290035247803
3152,-81.01243167877205,0,0,300,0.1,2.613107919692993
3153,178.93109870935348,1,0,225,0.1,0.07560525089502335
3154,175.0749791880462,1,0,209,0.1,0.07336605340242386
3155,-107.63944320678719,0,0,300,0.1,4.397360801696777
3156,179.33770697514086,1,0,210,0.1,0.06420288980007172
3157,116.04092480281857,1,0,288,0.1,0.07225631922483444
3158,178.67169358531504,1,0,207,0.1,0.0596667155623436
3159,96.85945124765371,0,0,222,0.1,0.05866270512342453
3160,138.3398509534214,0,0,214,0.1,0.0936991348862648
3161,225.37578591147926,1,0,232,0.1,0.06730161607265472
3162,232.00732303669187,1,0,211,0.1,0.04648611694574356
3163,159.71885953108338,1,0,200,0.1,0.10696720331907272
3164,196.14434273640182,1,0,211,0.1,0.08840963989496231
3165,154.99441460947062,1,0,210,0.1,0.11904214322566986
3166,-36.654716254076675,0,0,300,0.1,0.9113781452178955
3167,216.7721671052787,1,0,221,0.1,0.08915333449840546
3168,95.3287254337457,0,0,217,0.1,0.048838548362255096
3169,155.84838282098508,0,0,234,0.1,0.10135451704263687
3170,177.07294797966745,1,0,217,0.1,0.03422066569328308
3171,233.08574887970954,1,0,214,0.1,0.15076448023319244
3172,226.2351341560992,0,0,234,0.1,0.1864265501499176
3173,234.00256782988578,1,0,228,0.1,0.09593752771615982
3174,173.30633671412733,1,0,213,0.1,0.0779823288321495
3175,-47.908386535644524,0,0,136,0.1,6.584596633911133
3176,88.19176043162614,0,0,229,0.1,0.05803953483700752
3177,89.6750154553864,0,0,219,0.1,0.03911837190389633
3178,158.16792614007858,1,0,232,0.1,0.04551652818918228
3179,164.0052310591426,1,0,210,0.1,0.0432526096701622
3180,-83.84086212158218,0,0,281,0.1,6.812715530395508
3181,185.73959644069407,0,0,227,0.1,0.09156281501054764
3182,111.13073278670646,0,0,226,0.1,0.08156227320432663
3183,82.70299275746083,0,0,212,0.1,0.06987281888723373
3184,331.3000608413431,1,0,247,0.1,0.06118287891149521
3185,-41.57451629638671,0,0,132,0.1,6.70612907409668
3186,91.0669598709557,0,0,214,0.1,0.057905156165361404
3187,106.04470004757383,0,0,219,0.1,0.0779019445180893
3188,4.686169926128104,0,0,230,0.1,0.06613270193338394
3189,137.4218504022572,0,0,231,0.1,0.060767900198698044
3190,100.81518120964503,0,0,214,0.1,0.09256131947040558
3191,189.88738182773324,1,0,227,0.1,0.07137253880500793
3192,172.1240937403354,1,0,223,0.1,0.0536595955491066
3193,-63.79797142028808,0,0,96,0.1,5.0919928550720215
3194,-34.67765884399414,0,0,139,0.1,7.031914710998535
3195,-52.92627998352047,0,0,147,0.1,6.804069995880127
3196,-162.3551139831544,0,0,300,0.1,6.901278495788574
3197,184.04476208170388,1,0,204,0.1,0.08284293115139008
3198,-100.94233047485358,0,0,213,0.1,7.518082618713379
3199,-111.35807785034193,0,0,242,0.1,6.567019462585449
3200,-82.04411415100104,0,0,192,0.1,6.876028537750244
3201,-93.26258193969723,0,0,300,0.1,6.598145484924316
3202,-42.869213638305666,0,0,139,0.1,5.889803409576416
3203,-71.01886656840782,0,0,300,0.1,2.244915723800659
3204,-38.65766959051151,0,0,300,0.1,0.06578804552555084
3205,-50.1398025425288,0,0,300,0.1,3.1976497173309326
3206,-19.941806593737333,0,0,118,0.1,5.660650730133057
3207,-51.53934329112502,0,0,100,0.1,7.6500349044799805
3208,165.1199389613655,1,0,286,0.1,0.09117734432220459
3209,-25.90931162913771,0,0,300,0.1,2.2625269889831543
3210,-44.81106085697679,0,0,300,0.1,1.8425661325454712
3211,77.57418571402764,0,0,220,0.1,0.06279490888118744
3212,-16.8013722141597,0,0,156,0.1,2.9055421352386475
3213,94.5427685969088,0,0,214,0.1,0.08926702290773392
3214,-0.9963501868632326,0,0,244,0.1,0.1273147612810135
3215,64.11847703566286,0,0,234,0.1,0.04910773038864136
3216,251.88893927679842,1,0,213,0.1,0.19701094925403595
3217,-122.5328191963818,0,0,300,0.1,0.4470038115978241
3218,-82.388867316344,0,0,300,0.1,0.04664742201566696
3219,-47.143612471422884,0,0,86,0.1,7.386102199554443
3220,176.71521388689544,1,0,220,0.1,0.1314842700958252
3221,-183.58439682880905,0,1,175,0.1,2.15090012550354
3222,101.43661770244576,0,0,214,0.1,0.08674367517232895
3223,93.88497842987515,0,0,221,0.1,0.040087029337882996
3224,-241.79606459697231,0,0,300,0.1,2.3267152309417725
3225,50.790768456361036,0,0,227,0.1,0.09963007271289825
3226,-67.08370471954345,0,0,175,0.1,2.7059261798858643
3227,227.12775094191102,1,0,254,0.1,0.09097010642290115
3228,244.28657417138552,1,0,220,0.1,0.09297699481248856
3229,11.961601449349173,0,0,252,0.1,0.08604203164577484
3230,-256.19888444026446,0,0,300,0.1,1.2474201917648315
3231,9.622156064710339,0,0,216,0.1,0.04500123858451843
3232,167.90776920845244,1,0,232,0.1,0.11307001113891602
3233,44.931756001808694,1,0,281,0.1,0.08071646094322205
3234,108.45783065994718,0,0,226,0.1,0.09932703524827957
3235,66.79046319087479,0,0,215,0.1,0.07882429659366608
3236,183.33407986601324,1,0,217,0.1,0.09177259355783463
3237,98.95457953592279,0,0,220,0.1,0.05344370752573013
3238,59.85818389733764,0,0,215,0.1,0.09413300454616547
3239,-219.03659804423805,0,0,226,0.1,2.4868485927581787
3240,109.95211367239693,0,0,237,0.1,0.16734574735164642
3241,-398.03534935792356,0,0,300,0.1,0.06876190751791
3242,80.96250570853684,0,0,251,0.1,0.033042289316654205
3243,-126.52521903991699,0,0,182,0.1,2.861304759979248
3244,-289.0914531326298,0,0,203,0.1,2.2578632831573486
3245,56.71704520086307,1,0,274,0.1,0.04124173894524574
3246,-158.67744735717775,0,1,145,0.1,2.3468618392944336
3247,7.753286282024098,0,0,219,0.1,0.049424007534980774
3248,105.14323983748892,0,0,215,0.1,0.05053491145372391
3249,128.40922266473513,0,0,221,0.1,0.09950338304042816
3250,121.03775052314138,0,0,244,0.1,0.08767944574356079
3251,188.73436542948218,1,0,211,0.1,0.03378849849104881
3252,-53.817114246687616,0,0,230,0.1,0.09879838675260544
3253,15.629532842538094,0,0,210,0.1,0.05576005578041077
3254,22.64849312265845,0,0,231,0.1,0.11624909192323685
3255,113.26291974177099,0,0,228,0.1,0.06894586235284805
3256,78.55038197328783,0,0,224,0.1,0.056479208171367645
3257,5.978789487979129,0,0,228,0.1,0.062026333063840866
3258,122.71687556842832,1,0,227,0.1,0.13938820362091064
3259,119.58976161112524,0,0,245,0.1,0.051082804799079895
3260,67.27939048918455,0,0,223,0.1,0.018606869503855705
3261,136.4192959993098,0,0,236,0.1,0.07066811621189117
3262,109.07484879126287,0,0,231,0.1,0.13389679789543152
3263,77.1667564432833,0,0,217,0.1,0.04910389706492424
3264,100.42129198213554,0,0,220,0.1,0.04810252785682678
3265,127.95972250123955,0,0,224,0.1,0.09730302542448044
3266,264.839043174139,1,0,237,0.1,0.042967744171619415
3267,27.09351970737313,0,0,220,0.1,0.03464704751968384
3268,118.59411758189536,0,0,244,0.1,0.06287073343992233
3269,144.35333758359292,0,0,224,0.1,0.11043033003807068
3270,16.97268318454292,0,0,247,0.1,0.052645493298769
3271,212.91485794221492,1,0,218,0.1,0.06092774495482445
3272,50.84421250512335,0,0,220,0.1,0.031085707247257233
3273,-85.96915336608885,0,0,208,0.1,5.564788341522217
3274,83.94060413551959,0,0,226,0.1,0.030582357197999954
3275,199.3852575009081,1,0,226,0.1,0.037517040967941284
3276,107.91779615973569,0,0,223,0.1,0.09674359112977982
3277,115.87980106850604,0,0,221,0.1,0.07683559507131577
3278,17.126162530979823,0,0,215,0.1,0.0577935166656971
3279,10.928311784169388,0,0,215,0.1,0.09299676865339279
3280,41.2313757136974,0,0,212,0.1,0.030929628759622574
3281,126.62424972762803,0,0,233,0.1,0.14920033514499664
3282,283.12056527485584,1,0,219,0.1,0.053355831652879715
3283,260.47266223942364,0,0,245,0.1,0.05685628578066826
3284,157.3685702634368,0,0,221,0.1,0.04010242596268654
3285,135.68925704156496,0,0,235,0.1,0.07171568274497986
3286,121.07431092267372,0,0,230,0.1,0.1012154221534729
3287,56.97720810939998,0,0,229,0.1,0.0946851596236229
3288,117.9766418548439,0,0,229,0.1,0.25884976983070374
3289,150.64910910775396,0,0,251,0.1,0.13637012243270874
3290,1.005051565966336,0,0,226,0.1,0.05863411724567413
3291,200.32534304951758,1,0,209,0.1,0.09115951508283615
3292,116.69055927132705,0,0,234,0.1,0.045538295060396194
3293,113.19228086908795,0,0,227,0.1,0.08207795768976212
3294,109.65199061681963,0,0,218,0.1,0.156627357006073
3295,92.99441567560172,0,0,214,0.1,0.05465136095881462
3296,207.661653381339,0,0,250,0.1,0.14885665476322174
3297,78.59718296920393,0,0,210,0.1,0.037709590047597885
3298,130.58576622222998,0,0,221,0.1,0.04786880314350128
3299,112.26960563433803,0,0,220,0.1,0.009886408224701881
3300,241.50291377266382,1,0,220,0.1,0.09050322324037552
3301,98.53568931644298,0,0,236,0.1,0.032360538840293884
3302,243.63294734550152,1,0,226,0.1,0.10367491096258163
3303,12.45396408175559,0,0,221,0.1,0.02999594621360302
3304,115.04085085739828,0,0,226,0.1,0.06890396773815155
3305,0.04567568448814319,0,0,231,0.1,0.0457778200507164
3306,129.54134454791884,0,0,222,0.1,0.025037214159965515
3307,-2.3239199900117287,0,0,230,0.1,0.03701013699173927
3308,179.567863137624,1,0,204,0.1,0.05715932324528694
3309,8.910574548518973,0,0,224,0.1,0.08850796520709991
3310,257.42232403775193,1,0,228,0.1,0.2101084142923355
3311,251.0538065635178,1,0,222,0.1,0.04906640946865082
3312,163.16399112252032,0,0,224,0.1,0.14283017814159393
3313,49.495568815818736,0,0,236,0.1,0.0923609733581543
3314,213.61415998208267,1,0,218,0.1,0.24749775230884552
3315,132.07891369943954,0,0,235,0.1,0.0557965487241745
3316,112.37543120597935,0,0,224,0.1,0.1997176855802536
3317,192.70145774473878,1,0,219,0.1,0.1989985853433609
3318,83.74437142198418,0,0,216,0.1,0.06908940523862839
3319,177.56116622333857,0,0,224,0.1,0.15122883021831512
3320,163.6620607857916,1,0,204,0.1,0.05815379321575165
3321,103.8636568257723,0,0,245,0.1,0.07029883563518524
3322,181.34682469805213,0,0,250,0.1,0.09065225720405579
3323,199.98685078700512,0,0,230,0.1,0.05390944331884384
3324,149.2682923473183,0,0,253,0.1,0.08972354978322983
3325,91.9918942960117,0,0,225,0.1,0.19433291256427765
3326,31.068836954138018,0,0,228,0.1,0.0581497885286808
3327,72.8623331130061,0,0,218,0.1,0.0405520498752594
3328,89.73131724489383,1,0,283,0.1,0.05132857710123062
3329,53.5165789577875,0,0,236,0.1,0.07100091129541397
3330,56.74168668573235,0,0,232,0.1,0.023572595790028572
3331,104.24228972998897,0,0,245,0.1,0.06872767955064774
3332,94.70429382962618,0,0,242,0.1,0.051499295979738235
3333,-0.11101890901590927,0,0,269,0.1,0.03829091042280197
3334,70.44006127317881,0,0,226,0.1,0.024800099432468414
3335,70.30635524933669,0,0,219,0.1,0.04426783695816994
3336,-4.036001597889916,0,0,237,0.1,0.1404346525669098
3337,163.116376163936,0,0,240,0.1,0.10802420973777771
3338,207.01140173872443,1,0,214,0.1,0.17705152928829193
3339,104.9039762168143,0,0,223,0.1,0.04062771797180176
3340,166.4067215069148,1,0,207,0.1,0.042435236275196075
3341,299.0018051715706,1,0,245,0.1,0.13800786435604095
3342,106.12290799339748,0,0,233,0.1,0.1799062043428421
3343,-42.98112586975096,0,0,91,0.1,5.797781467437744
3344,90.53942093928788,0,0,242,0.1,0.17941826581954956
3345,122.10511146103481,0,0,230,0.1,0.17834454774856567
3346,146.6086676221106,0,0,231,0.1,0.08055461198091507
3347,165.56584738174897,0,0,238,0.1,0.11381237208843231
3348,-18.97384292602539,0,0,89,0.1,5.100960731506348
3349,98.30330435032516,0,0,264,0.1,0.36808207631111145
3350,191.6796158353377,1,0,212,0.1,0.06292832642793655
3351,100.47060682897902,0,0,235,0.1,0.27631598711013794
3352,131.63525484656432,0,0,245,0.1,0.02569040283560753
3353,114.18575614025332,0,0,231,0.1,0.08509451895952225
3354,4.9261434842410905,0,0,227,0.1,0.1349228471517563
3355,-40.80717053333783,0,0,158,0.1,4.416593551635742
3356,126.15364559648077,0,0,222,0.1,0.0751306414604187
3357,-16.631016320386202,0,0,140,0.1,2.955054998397827
3358,-28.89226246754195,0,0,139,0.1,4.535366535186768
3359,118.01891717155914,0,0,213,0.1,0.19166764616966248
3360,-44.83907006184127,0,0,208,0.1,2.5920684337615967
3361,92.86751118560767,0,0,251,0.1,0.0816969946026802
3362,2.8721307988974596,0,0,231,0.1,0.15058767795562744
3363,-122.85808602253466,0,0,196,0.1,3.3018224239349365
3364,-36.100133666992186,0,0,108,0.1,6.460033416748047
3365,-28.008306121826163,0,0,125,0.1,6.352076530456543
3366,50.16677816299231,0,0,225,0.1,0.06363119184970856
3367,-14.66045971790817,0,0,140,0.1,2.8024158477783203
3368,-50.725116348266596,0,0,134,0.1,6.21877908706665
3369,200.26186987248684,1,0,286,0.1,0.15645192563533783
3370,8.0945487708177,0,0,224,0.1,0.20250271260738373
3371,257.78568654184676,1,0,223,0.1,0.1323378086090088
3372,107.02363624831177,0,0,222,0.1,0.10081090033054352
3373,131.12759982106724,0,0,234,0.1,0.05778610333800316
3374,47.65995912095042,0,0,215,0.1,0.1598934829235077
3375,84.93484495294723,0,0,252,0.1,0.14334486424922943
3376,-4.912356085977286,0,0,228,0.1,0.18492557108402252
3377,-40.55553402821086,0,0,193,0.1,2.728684425354004
3378,5.53327439074845,0,0,218,0.1,0.16882885992527008
3379,116.57362637241818,0,0,236,0.1,0.17811614274978638
3380,-19.252838592529294,0,0,81,0.1,5.130709648132324
3381,10.21277589903654,0,0,214,0.1,0.1065356656908989
3382,7.930605049929339,0,0,238,0.1,0.18449315428733826
3383,-116.22527416055499,0,0,257,0.1,0.07834227383136749
3384,3.2170394824955135,0,0,213,0.1,0.2938178479671478
3385,-19.17300623258086,0,0,256,0.1,0.6461493968963623
3386,-19.342094304538097,0,0,238,0.1,0.11605344712734222
3387,-26.870535359880705,0,0,237,0.1,0.05964288115501404
3388,-119.5385924061152,0,0,198,0.1,4.677347183227539
3389,127.25198298094311,0,0,209,0.1,0.017606908455491066
3390,97.55368358393645,0,0,220,0.1,0.10715638101100922
3391,149.11765057722593,1,0,282,0.1,0.20371918380260468
3392,302.9230945338819,1,0,229,0.1,0.11156679689884186
3393,214.13686633626486,1,0,217,0.1,0.19735093414783478
3394,25.935534830889424,0,0,222,0.1,0.33258137106895447
3395,109.4218756755207,0,0,212,0.1,0.26019588112831116
3396,199.1754155768964,0,0,232,0.1,0.14004603028297424
3397,181.4757790865514,0,0,262,0.1,0.23936863243579865
3398,206.0719183739039,0,0,242,0.1,0.3883512020111084
3399,148.22600023155547,0,0,226,0.1,0.1311960518360138
3400,194.285307405791,1,0,218,0.1,0.23896817862987518
3401,212.99788253193228,0,0,240,0.1,0.04412875697016716
3402,102.84798677166438,0,0,232,0.1,0.20389795303344727
3403,301.7901715513084,1,0,234,0.1,0.14333702623844147
3404,190.79347404400374,1,0,215,0.1,0.18334481120109558
3405,111.7285097410295,0,0,229,0.1,0.18092943727970123
3406,227.82582279165717,1,0,222,0.1,0.2626268267631531
3407,159.8977313645694,0,0,232,0.1,0.23629581928253174
3408,118.70199225937463,0,0,222,0.1,0.07714913040399551
3409,172.1692237599704,0,0,243,0.1,0.41320425271987915
3410,120.69126204868297,0,0,218,0.1,0.02988051064312458
3411,-4.98457660158607,0,0,218,0.1,0.1835758090019226
3412,96.25439428766705,0,0,226,0.1,0.18874239921569824
3413,153.32153879006842,0,0,233,0.1,0.268801748752594
3414,204.39207101541496,0,0,268,0.1,0.24331516027450562
3415,235.84576693972085,1,0,221,0.1,0.25120070576667786
3416,57.96802046048012,0,0,240,0.1,0.19594573974609375
3417,115.76591834207514,0,0,225,0.1,0.3113420903682709
3418,117.84668803209934,0,0,240,0.1,0.17048656940460205
3419,-49.48068820079298,0,0,165,0.1,3.9653711318969727
3420,124.84311867808441,0,0,210,0.1,0.10760326683521271
3421,-26.342297097840582,0,0,244,0.1,0.5179708003997803
3422,-6.315940727838539,0,0,216,0.1,0.1358194649219513
3423,92.31404869561531,0,0,218,0.1,0.25510209798812866
3424,131.4368107116733,0,0,218,0.1,0.09980916976928711
3425,109.87482909639813,0,0,226,0.1,0.09183406829833984
3426,-34.54099795738723,0,0,267,0.1,0.6184161305427551
3427,-17.5116845703125,0,0,109,0.1,4.400421142578125
3428,99.77948536386228,0,0,220,0.1,0.12012206763029099
3429,206.63527959962812,0,0,232,0.1,0.18788066506385803
3430,-31.442739190259235,0,0,248,0.1,1.0654857158660889
3431,123.06460656640567,0,0,226,0.1,0.12167385965585709
3432,-29.608613997301777,0,0,135,0.1,4.14235258102417
3433,195.77018182930973,0,0,233,0.1,0.12404876947402954
3434,-3.140776987471841,0,0,241,0.1,0.4497566521167755
3435,200.25615915989013,1,0,205,0.1,0.10551197081804276
3436,127.6220283812795,0,0,215,0.1,0.05047846585512161
3437,98.40582493191098,0,0,210,0.1,0.09024230390787125
3438,105.23373454680183,0,0,231,0.1,0.3239481747150421
3439,92.20210780163741,0,0,239,0.1,0.17013132572174072
3440,122.74216812779643,0,0,228,0.1,0.13224628567695618
3441,127.6398863074694,0,0,213,0.1,0.16361339390277863
3442,164.8310698135707,0,0,243,0.1,0.07248763740062714
3443,269.44024893497556,0,0,255,0.1,0.0823393240571022
3444,-20.120987854003907,0,0,38,0.1,7.790246963500977
3445,-23.72291343688965,0,0,39,0.1,7.698228359222412
3446,-15.19291267395019,0,0,27,0.1,7.648228168487549
3447,-33.90798713684083,0,0,51,0.1,7.784496784210205
3448,-27.13104087829589,0,0,45,0.1,7.827760219573975
3449,-41.59807281494141,0,0,76,0.1,7.699518203735352
3450,-15.798570632934567,0,0,25,0.1,7.449642658233643
3451,133.58903398518905,0,0,281,0.1,0.15134301781654358
3452,43.39023826936758,0,0,224,0.1,0.20634029805660248
3453,320.2080755532298,1,0,238,0.1,0.21022950112819672
3454,184.73461465140318,0,0,230,0.1,0.20985625684261322
3455,-107.98227527389793,0,0,281,0.1,1.453169345855713
3456,98.99662752842043,0,0,217,0.1,0.2443971037864685
3457,213.69632107672717,0,0,254,0.1,0.12174288183450699
3458,133.41456985612848,0,0,226,0.1,0.10643834620714188
3459,108.91771958043313,0,0,232,0.1,0.2687213122844696
3460,119.46338306469362,0,0,214,0.1,0.10778377205133438
3461,111.92562216242291,0,0,221,0.1,0.3457956314086914
3462,-21.13792640686035,0,0,101,0.1,4.954481601715088
3463,216.08786922430124,0,0,233,0.1,0.13333828747272491
3464,48.27137703438737,0,0,273,0.1,0.6453937292098999
3465,102.63174227257704,0,0,221,0.1,0.08934732526540756
3466,368.8374858910358,0,0,291,0.1,0.049065716564655304
3467,121.17560569447913,0,0,218,0.1,0.045337677001953125
3468,177.6455140570316,0,0,269,0.1,0.0898372158408165
3469,-37.44924053033327,0,0,300,0.1,0.3012131154537201
3470,123.54761741330366,0,0,212,0.1,0.07487232983112335
3471,-48.539072886309334,0,0,300,0.1,0.534967303276062
3472,116.83394017925,0,0,228,0.1,0.19231921434402466
3473,85.2842405860636,0,0,236,0.1,0.2503315508365631
3474,214.25443426539627,0,0,228,0.1,0.12793944776058197
3475,105.67364453991391,0,0,224,0.1,0.20396101474761963
3476,79.81397675444815,0,0,234,0.1,0.13149258494377136
3477,201.3315276922795,0,0,252,0.1,0.2517710328102112
3478,-43.483294452824865,0,0,275,0.1,1.280924677848816
3479,140.71840980668998,0,0,236,0.1,0.059403061866760254
3480,151.59680166786052,0,0,226,0.1,0.0722939744591713
3481,98.77224073459841,0,0,212,0.1,0.2827053964138031
3482,112.53628192891814,0,0,225,0.1,0.1028691753745079
3483,293.17694146086905,0,0,265,0.1,0.15000273287296295
3484,100.09118345437086,0,0,239,0.1,0.24909768998622894
3485,114.69990223032869,0,0,225,0.1,0.03900527581572533
3486,202.47724922840925,0,0,242,0.1,0.12782225012779236
3487,289.2626732248578,0,0,257,0.1,0.2119206041097641
3488,120.4365012275193,0,0,221,0.1,0.07856906950473785
3489,225.26635194902744,0,0,253,0.1,0.06053907424211502
3490,114.7767320842061,0,0,230,0.1,0.040744759142398834
3491,197.72816197966665,0,0,248,0.1,0.15304358303546906
3492,105.86872939409204,0,0,213,0.1,0.04326580464839935
3493,70.47860942686475,0,0,222,0.1,0.017248550429940224
3494,158.27165367762115,1,0,201,0.1,0.008126948028802872
3495,101.36924326559043,0,0,228,0.1,0.057104259729385376
3496,-70.39413989146686,0,0,199,0.1,4.43873405456543
3497,-54.347788191637704,0,0,192,0.1,4.872146129608154
3498,-64.90405688365433,0,0,186,0.1,4.573713302612305
3499,129.27308711459378,0,0,211,0.1,0.12149979174137115
3500,-77.24582939147952,0,0,198,0.1,6.048957347869873
3501,128.03964250018336,0,0,233,0.1,0.10269241034984589
3502,125.00491348361118,0,0,232,0.1,0.20351482927799225
3503,-55.10554527282714,0,0,168,0.1,5.216386318206787
3504,126.18639204790334,0,0,225,0.1,0.1933945268392563
3505,167.94291671489808,0,0,250,0.1,0.06348973512649536
3506,273.22323536241925,1,0,226,0.1,0.09159153699874878
3507,116.40856403311231,0,0,241,0.1,0.1794588416814804
3508,286.4000501247261,0,0,279,0.1,0.4160814583301544
3509,106.82032472928502,0,0,283,0.1,0.19141808152198792
3510,115.47816318412758,0,0,228,0.1,0.23667073249816895
3511,95.702057698122,0,0,228,0.1,0.1678604632616043
3512,-19.09395298083755,0,0,297,0.1,0.42857828736305237
3513,121.96490162794927,0,0,220,0.1,0.06652329862117767
3514,173.27505483975145,0,0,241,0.1,0.13486774265766144
3515,-88.56797242482702,0,0,300,0.1,0.07899242639541626
3516,115.86716711943485,0,0,223,0.1,0.09889163821935654
3517,108.05148201098181,0,0,232,0.1,0.1265876144170761
3518,151.03543047969677,0,0,233,0.1,0.07049456983804703
3519,114.71099644490965,0,0,215,0.1,0.05499860644340515
3520,132.13564073542625,1,0,220,0.1,0.08553776890039444
3521,-41.94513508717083,0,0,177,0.1,1.4960846900939941
3522,111.21474624445177,0,0,235,0.1,0.08174760639667511
3523,310.5868808903311,0,0,271,0.1,0.12925121188163757
3524,114.40228536764654,0,0,228,0.1,0.23511746525764465
3525,-27.32875686645508,0,0,127,0.1,5.8796892166137695
3526,-156.36108426014445,0,0,300,0.1,2.1450719833374023
3527,104.4383982727442,0,0,216,0.1,0.035207971930503845
3528,157.7239685033773,0,0,239,0.1,0.0423118993639946
3529,94.51185682425778,0,0,295,0.1,0.0697811022400856
3530,-34.13807113647461,0,0,185,0.1,5.639517784118652
3531,-68.62537197987103,0,0,300,0.1,2.146143913269043
3532,89.9192751179871,0,0,277,0.1,0.15441565215587616
3533,107.35514399656542,0,0,229,0.1,0.1659575253725052
3534,80.39551249911521,0,0,228,0.1,0.2795841097831726
3535,195.6399306504938,0,0,233,0.1,0.036274030804634094
3536,-116.42014630238091,0,0,228,0.1,5.587337493896484
3537,-58.44276792605848,0,0,300,0.1,0.6533910632133484
3538,-48.95083682139847,0,0,138,0.1,5.38040828704834
3539,-46.825627059936515,0,0,129,0.1,5.776406764984131
3540,95.8115052149955,0,0,209,0.1,0.013980104587972164
3541,-76.52480328480273,0,0,149,0.1,5.663501739501953
3542,140.42967513153835,0,0,298,0.1,0.09326667338609695
3543,53.774502447941636,0,0,227,0.1,0.058784861117601395
3544,102.74596273144223,0,0,225,0.1,0.21669039130210876
3545,-67.1100471496582,0,0,138,0.1,5.577511787414551
3546,-70.5941635131836,0,0,143,0.1,5.748540878295898
3547,-16.313919877209937,0,0,152,0.1,2.8057808876037598
3548,97.32073211858545,0,0,233,0.1,0.08873101323843002
3549,92.83192149420714,0,0,205,0.1,0.043894458562135696
3550,23.722402391829863,0,0,232,0.1,0.1653413623571396
3551,94.38319911008215,0,0,212,0.1,0.03526615351438522
3552,173.4277167542789,0,0,226,0.1,0.036858320236206055
3553,146.58761823038128,1,0,258,0.1,0.09006906300783157
3554,78.55127830455567,0,0,243,0.1,0.07017304003238678
3555,158.6906244448808,1,0,241,0.1,0.007847972214221954
3556,243.46556987305607,0,0,240,0.1,0.06247095763683319
3557,101.17613873024926,0,0,214,0.1,0.03435998782515526
3558,112.99721173475052,1,0,230,0.1,0.058076828718185425
3559,171.27014651442434,0,0,288,0.1,0.08338925242424011
3560,-132.29717140197747,0,0,155,0.1,5.061792850494385
3561,162.77295360048748,0,0,231,0.1,0.06766647100448608
3562,124.50883054236445,0,0,266,0.1,0.10387562960386276
3563,51.02102328667904,0,0,274,0.1,0.0665983334183693
3564,115.2787163611267,0,0,211,0.1,0.03232528641819954
3565,92.37634341759122,0,0,217,0.1,0.27729371190071106
3566,70.68036398222188,0,0,225,0.1,0.19211886823177338
3567,126.62548240055784,0,0,220,0.1,0.07471944391727448
3568,72.54628841350355,0,0,300,0.1,0.16269543766975403
3569,144.82813709785677,0,0,222,0.1,0.1082272157073021
3570,140.86544134368634,0,0,217,0.1,0.08940545469522476
3571,118.26499851813057,0,0,232,0.1,0.03824537992477417
3572,65.27936561057844,0,0,229,0.1,0.07661058753728867
3573,46.04328215182226,0,0,278,0.1,0.13454443216323853
3574,21.61215609063861,0,0,280,0.1,0.03748021274805069
3575,59.23253942867248,0,0,246,0.1,0.07847914844751358
3576,82.1342817078021,0,0,226,0.1,0.05701083317399025
3577,89.59671780725454,0,0,224,0.1,0.04575498402118683
3578,278.8300759740782,1,0,235,0.1,0.08152144402265549
3579,-50.97625112613167,0,0,300,0.1,0.19647181034088135
3580,148.21908609708285,0,0,229,0.1,0.031830959022045135
3581,166.19792534480362,0,0,247,0.1,0.07866381853818893
3582,228.97945827777056,1,0,215,0.1,0.04078429564833641
3583,118.10900061348956,0,0,239,0.1,0.15486446022987366
3584,254.8858016834642,0,0,257,0.1,0.10767778009176254
3585,-131.07716934204112,0,0,167,0.1,7.539292335510254
3586,-201.5545211029055,0,0,300,0.1,7.446130275726318
3587,98.10269131829476,0,0,241,0.1,0.06942197680473328
3588,190.74818793167813,0,0,300,0.1,0.08398164808750153
3589,104.05110513558128,0,0,235,0.1,0.07300607115030289
3590,116.00954159160594,0,0,239,0.1,0.12410087138414383
3591,2.9624508469317217,0,0,300,0.1,0.0617363266646862
3592,131.70728101631144,0,0,231,0.1,0.1359456330537796
3593,125.43136270654836,0,0,231,0.1,0.083913154900074
3594,45.060373385748676,0,0,255,0.1,0.04540613293647766
3595,108.23862115303547,0,0,228,0.1,0.06625056266784668
3596,154.99107940216996,0,0,229,0.1,0.12859591841697693
3597,112.63694672716296,0,0,223,0.1,0.05224679410457611
3598,109.14556322326398,0,0,210,0.1,0.09212881326675415
3599,247.39357053389276,0,0,246,0.1,0.0522373765707016
3600,173.07876240750286,0,0,235,0.1,0.22389546036720276
3601,214.819726242623,0,0,239,0.1,0.1434035450220108
3602,157.41648590703937,0,0,231,0.1,0.06376751512289047
3603,332.0963671897863,0,0,277,0.1,0.11782527714967728
3604,141.0504512163017,0,0,224,0.1,0.37510767579078674
3605,113.10793209513166,0,0,226,0.1,0.08121445775032043
3606,108.00703014781216,0,0,215,0.1,0.01662348583340645
3607,100.07023694326624,0,0,228,0.1,0.048211634159088135
3608,62.15928995420666,0,0,219,0.1,0.038952525705099106
3609,294.05603458682566,0,0,268,0.1,0.12901388108730316
3610,85.20158929487202,0,0,225,0.1,0.06812022626399994
3611,210.86437658140923,1,0,212,0.1,0.06277289241552353
3612,392.01370599369113,0,0,300,0.1,0.0837102010846138
3613,111.36582854223884,0,0,244,0.1,0.0063541242852807045
3614,340.7430965141444,0,0,296,0.1,0.20897802710533142
3615,109.07797897180059,0,0,211,0.1,0.07671919465065002
3616,116.46056517412403,0,0,216,0.1,0.05765653774142265
3617,450.6147440955558,0,0,284,0.1,0.060070574283599854
3618,99.56408393060305,0,0,206,0.1,0.062054287642240524
3619,108.51883889099098,0,0,219,0.1,0.03093336895108223
3620,299.08614864369366,0,0,264,0.1,0.1149313896894455
3621,130.3116502266143,0,0,215,0.1,0.07277962565422058
3622,84.31518911664821,0,0,212,0.1,0.011515052057802677
3623,142.56219116603472,0,0,222,0.1,0.07317523658275604
3624,90.24074423094724,0,0,215,0.1,0.09268736839294434
3625,122.66139698950093,0,0,225,0.1,0.11453520506620407
3626,100.361611160985,0,0,222,0.1,0.03428646922111511
3627,117.64919597750047,0,0,212,0.1,0.1045585423707962
3628,98.93777752568461,0,0,209,0.1,0.007875442504882812
3629,91.88184794922805,0,0,208,0.1,0.016448548063635826
3630,114.65397138518729,0,0,211,0.1,0.03970266506075859
3631,110.59707189945019,0,0,227,0.1,0.05722401291131973
3632,111.90985103209951,0,0,226,0.1,0.09856312721967697
3633,95.71729849716165,0,0,228,0.1,0.03540952876210213
3634,85.06615991821026,0,0,211,0.1,0.022142261266708374
3635,104.1883604322884,0,0,235,0.1,0.04648018255829811
3636,106.45495551755167,0,0,228,0.1,0.1060483306646347
3637,156.87643640150762,0,0,231,0.1,0.0200083926320076
3638,85.08007706483339,0,0,208,0.1,0.07833719998598099
3639,76.45996321847177,0,0,211,0.1,0.06574707478284836
3640,100.02892830257751,0,0,233,0.1,0.05518544092774391
3641,116.65710304895912,0,0,219,0.1,0.18964429199695587
3642,207.3867138711598,1,0,214,0.1,0.2441166788339615
3643,106.02438778122402,0,0,220,0.1,0.06680791825056076
3644,125.01776691297565,0,0,217,0.1,0.08375371247529984
3645,98.32733146732187,0,0,222,0.1,0.03607950732111931
3646,69.80432403286433,0,0,216,0.1,0.0444006510078907
3647,130.5352314455298,0,0,215,0.1,0.09897013753652573
3648,99.11345014770961,0,0,224,0.1,0.01644219644367695
3649,105.30394050856567,0,0,214,0.1,0.051074668765068054
3650,123.4660428110746,0,0,241,0.1,0.2896841764450073
3651,105.98329156359175,0,0,209,0.1,0.022071639075875282
3652,201.8709203271058,1,0,233,0.1,0.10826107859611511
3653,87.9291240961615,0,0,208,0.1,0.04230112209916115
3654,155.5360865441945,1,0,232,0.1,0.30185189843177795
3655,98.221325455508,0,0,225,0.1,0.013870688155293465
3656,80.84762031724188,0,0,228,0.1,0.03515598922967911
3657,110.44206270833956,0,0,295,0.1,0.13115836679935455
3658,128.7557760494713,0,0,220,0.1,0.05453295633196831
3659,125.63680270244816,0,0,223,0.1,0.0818391665816307
3660,187.15818141484144,0,0,230,0.1,0.05379488691687584
3661,59.488570653596206,0,0,227,0.1,0.4183039963245392
3662,97.9298534691844,0,0,213,0.1,0.0736704021692276
3663,235.42004637072338,0,0,252,0.1,0.061761267483234406
3664,109.08403784205655,0,0,206,0.1,0.029166139662265778
3665,117.97132797161606,1,0,277,0.1,0.18801406025886536
3666,192.92441576878102,1,0,267,0.1,0.33737313747406006
3667,87.36167221864201,0,0,218,0.1,0.061665404587984085
3668,262.5458056158337,0,0,244,0.1,0.07206419110298157
3669,204.72092789595453,0,0,229,0.1,0.040772467851638794
3670,112.7998021269355,0,0,206,0.1,0.03497502952814102
3671,90.12330789239593,0,0,209,0.1,0.044145941734313965
3672,115.36126782973744,0,0,202,0.1,0.04147802293300629
3673,87.21611098667121,0,0,200,0.1,0.01930146850645542
3674,119.95025134851673,0,0,225,0.1,0.07654353976249695
3675,-47.86826447804886,0,0,281,0.1,0.41502007842063904
3676,119.45491344322899,0,0,213,0.1,0.05359956994652748
3677,-79.71766670227049,0,0,300,0.1,5.159416675567627
3678,177.36596825723979,0,0,242,0.1,0.04111818969249725
3679,109.54717106809358,0,0,219,0.1,0.04605614021420479
3680,-75.56109618266558,0,0,223,0.1,3.2654731273651123
3681,214.66073046868172,0,0,238,0.1,0.15458080172538757
3682,101.06280296449995,0,0,220,0.1,0.03434807062149048
3683,104.64535212317972,1,0,225,0.1,0.18899793922901154
3684,-25.886386566162106,0,0,99,0.1,6.114096641540527
3685,173.56945831815267,0,0,300,0.1,0.19476456940174103
3686,216.7941505441579,0,0,239,0.1,0.0845588818192482
3687,118.379766559997,1,0,296,0.1,0.30473592877388
3688,42.08580174366502,0,0,234,0.1,0.3806862533092499
3689,121.03274186869604,0,0,225,0.1,0.03206034377217293
3690,93.01123191153147,0,0,219,0.1,0.0247820895165205
3691,141.2039310065893,1,0,229,0.1,0.0485207699239254
3692,149.5435850588468,1,0,214,0.1,0.22604890167713165
3693,116.06548901443816,0,0,213,0.1,0.022879822179675102
3694,96.2300864617017,0,0,256,0.1,0.28519824147224426
3695,99.206413435838,0,0,220,0.1,0.043032269924879074
3696,46.73378253857167,0,0,232,0.1,0.42403239011764526
3697,120.55778286164147,0,0,233,0.1,0.047574833035469055
3698,94.82082980910809,0,0,244,0.1,0.06365279108285904
3699,145.62893767098453,1,0,223,0.1,0.04943203181028366
3700,129.64031269813452,0,0,238,0.1,0.030613955110311508
3701,214.69023138125863,0,0,220,0.1,0.027411706745624542
3702,49.79081989447145,0,0,251,0.1,0.414983868598938
3703,65.33120179811985,0,0,258,0.1,0.15147708356380463
3704,-58.92961350520578,0,0,229,0.1,0.6901024580001831
3705,204.69207796414827,0,0,300,0.1,0.06595303118228912
3706,97.3975847001884,0,0,253,0.1,0.286470890045166
3707,91.38736578365301,0,0,207,0.1,0.027608171105384827
3708,-75.28410209655759,0,0,300,0.1,5.723525524139404
3709,191.4778154788401,0,0,261,0.1,0.10989021509885788
3710,84.59470355431111,1,0,226,0.1,0.22833889722824097
3711,-29.70079795837402,0,0,228,0.1,5.945199489593506
3712,-107.96191294749705,0,0,179,0.1,5.655677318572998
3713,-68.50157958984391,0,0,300,0.1,5.8578948974609375
3714,-55.10994544982925,0,0,300,0.1,5.424986362457275
3715,-32.59487663269027,0,0,300,0.1,4.996219158172607
3716,92.47251784572876,0,0,239,0.1,0.06648152321577072
3717,160.14816480795415,0,0,262,0.1,0.27561312913894653
3718,-11.429018650850708,0,0,288,0.1,0.3636201322078705
3719,46.20173046032466,0,0,252,0.1,0.2736104726791382
3720,42.26959596911927,0,0,280,0.1,0.2544521689414978
3721,112.56291903177775,0,0,300,0.1,0.269512414932251
3722,101.84063116113218,0,0,248,0.1,0.23043957352638245
3723,58.39165175954384,0,0,300,0.1,0.08358334004878998
3724,119.9425346283106,0,0,278,0.1,0.2762478291988373
3725,22.525019778409305,0,0,252,0.1,0.3797967731952667
3726,-0.9968734272332309,0,0,247,0.1,0.3308582603931427
3727,86.37926277796306,0,0,240,0.1,0.26218679547309875
3728,-66.66881022532914,0,0,196,0.1,4.639901638031006
3729,154.97991700271635,0,0,273,0.1,0.12272440642118454
3730,109.33927476207289,0,0,241,0.1,0.24541346728801727
3731,-30.14932610948994,0,0,290,0.1,0.1636333465576172
3732,82.19840403715648,0,0,255,0.1,0.31374284625053406
3733,91.29906012932334,0,0,276,0.1,0.22417619824409485
3734,60.13879122892882,0,0,299,0.1,0.17988735437393188
3735,40.022091178098144,0,0,256,0.1,0.21606414020061493
3736,35.9076628557829,0,0,293,0.1,0.21995648741722107
3737,49.51873788992433,0,0,251,0.1,0.24609997868537903
3738,-184.6101101597163,0,1,176,0.1,1.9952266216278076
3739,153.1185097385434,0,0,256,0.1,0.06965979188680649
3740,85.39919222573313,0,0,245,0.1,0.1399862915277481
3741,-317.84152012427745,0,0,300,0.1,0.3844801187515259
3742,19.05343075434246,0,0,256,0.1,0.2772786021232605
3743,16.886338344416476,0,0,234,0.1,0.29448094964027405
3744,-222.1164376068115,0,1,117,0.1,4.421609401702881
3745,11.29605033437296,0,0,245,0.1,0.3307079076766968
3746,29.49298913041625,0,0,251,0.1,0.07870455086231232
3747,74.1510921386866,0,0,277,0.1,0.2297920286655426
3748,-270.67109002033743,0,0,295,0.1,2.44757342338562
3749,134.66279223004852,0,0,271,0.1,0.21537218987941742
3750,23.407339891591473,0,0,257,0.1,0.377570241689682
3751,34.436501931348246,0,0,262,0.1,0.28921258449554443
3752,228.83575321356318,0,0,290,0.1,0.17799407243728638
3753,51.3544253901627,0,0,249,0.1,0.18401603400707245
3754,136.37342664996655,0,0,265,0.1,0.23687167465686798
3755,-71.6785596760127,0,0,254,0.1,2.8823390007019043
3756,-26.232066756090838,0,0,90,0.1,6.6482157707214355
3757,27.641294969716405,0,0,300,0.1,0.15700916945934296
3758,174.30306652689842,0,0,262,0.1,0.027529103681445122
3759,-92.46528796275578,0,0,300,0.1,1.9790210723876953
3760,-69.9003592439503,0,0,300,0.1,0.23642639815807343
3761,129.53384375075373,0,0,239,0.1,0.09042048454284668
3762,142.2705252049354,0,0,254,0.1,0.15036837756633759
3763,69.04140721122306,0,0,300,0.1,0.07446400076150894
3764,-34.35152445872756,0,0,98,0.1,6.370580196380615
3765,81.28675086359054,0,0,244,0.1,0.17333438992500305
3766,-60.890972231230286,0,0,300,0.1,0.10173211991786957
3767,9.388382217088253,0,0,294,0.1,0.23980256915092468
3768,198.2708401299503,0,0,251,0.1,0.11217284947633743
3769,-34.65277894934147,0,0,300,0.1,0.247176393866539
3770,-38.70327517589065,0,0,161,0.1,2.7435178756713867
3771,98.74044151941808,0,0,232,0.1,0.1976093202829361
3772,-40.124457875094166,0,0,300,0.1,0.2523682415485382
3773,-36.510632696947724,0,0,300,0.1,2.702857255935669
3774,-39.480304556688964,0,0,300,0.1,1.2852752208709717
3775,92.11647237936526,0,0,248,0.1,0.19614776968955994
3776,86.35612782637149,0,0,226,0.1,0.16707180440425873
3777,304.0391740594295,0,0,291,0.1,0.35051411390304565
3778,-80.20222509225329,0,0,300,0.1,0.3206271827220917
3779,104.87927742044002,0,0,250,0.1,0.07994603365659714
3780,199.71846159974598,0,0,263,0.1,0.19184358417987823
3781,85.98143100956942,0,0,267,0.1,0.07272686809301376
3782,95.49537236894041,0,0,239,0.1,0.038265302777290344
3783,144.01342198053874,0,0,277,0.1,0.12560270726680756
3784,174.53573921800148,1,0,215,0.1,0.04517616704106331
3785,226.86417174065045,1,0,223,0.1,0.0430520735681057
3786,-29.57844843944045,0,0,181,0.1,2.729811191558838
3787,259.94365870373804,0,0,288,0.1,0.08155972510576248
3788,111.85265725533043,0,0,241,0.1,0.07106626033782959
3789,81.96196288565665,0,0,234,0.1,0.019063986837863922
3790,94.51196914831668,0,0,232,0.1,0.21069617569446564
3791,311.65205744529635,1,0,238,0.1,0.08202455937862396
3792,99.5277359592405,0,0,254,0.1,0.04859955608844757
3793,18.60153037535515,0,0,240,0.1,0.04227419197559357
3794,178.2980574906295,1,0,228,0.1,0.0018401156412437558
3795,138.3566065299002,0,0,246,0.1,0.04576145485043526
3796,120.57278297285114,0,0,254,0.1,0.08597618341445923
3797,97.97223443905385,0,0,260,0.1,0.06222186237573624
3798,65.97906350622443,0,0,247,0.1,0.008032629266381264
3799,125.28145808825766,0,0,258,0.1,0.08550821244716644
3800,104.58722537035615,0,0,238,0.1,0.03756954148411751
3801,39.18448123211531,0,0,237,0.1,0.030045704916119576
3802,144.22352047572411,0,0,238,0.1,0.09881582111120224
3803,120.95575066919004,0,0,237,0.1,0.05916789546608925
3804,112.18247016115608,0,0,220,0.1,0.06557288020849228
3805,17.3017807879534,0,0,234,0.1,0.06913953274488449
3806,97.77912026772789,0,0,272,0.1,0.08136201649904251
3807,103.61957221473128,0,0,239,0.1,0.025338206440210342
3808,146.97840599345537,0,0,237,0.1,0.047223638743162155
3809,176.5729893798616,0,0,260,0.1,0.02832132764160633
3810,106.45378004113705,0,0,234,0.1,0.28961607813835144
3811,-81.40669665416212,0,0,80,0.1,7.574373245239258
3812,118.55243917661281,0,0,217,0.1,0.04440631717443466
3813,167.50333697760968,0,0,223,0.1,0.06967246532440186
3814,153.0406584373352,0,0,257,0.1,0.02135484106838703
3815,111.06567082992318,0,0,243,0.1,0.03412000834941864
3816,174.3844039017942,1,0,219,0.1,0.030633607879281044
3817,97.77674769739181,0,0,204,0.1,0.030258672311902046
3818,85.90428906554847,0,0,211,0.1,0.01809912919998169
3819,116.20102430457744,0,0,228,0.1,0.11176987737417221
3820,263.9709090965005,0,0,281,0.1,0.020351100713014603
3821,-5.238501441082703,0,0,274,0.1,0.20891597867012024
3822,119.0615858112325,0,0,220,0.1,0.059831708669662476
3823,100.24854550490647,0,0,237,0.1,0.04489383473992348
3824,123.15426636288437,0,0,222,0.1,0.08518945425748825
3825,178.0174546669659,0,0,229,0.1,0.02482946589589119
3826,100.80853114979836,0,0,230,0.1,0.02782261371612549
3827,116.82392209509882,0,0,223,0.1,0.05834344029426575
3828,97.75620226869853,0,0,217,0.1,0.029323449358344078
3829,93.37413843820362,0,0,219,0.1,0.01755175180733204
3830,115.6239606530455,0,0,224,0.1,0.10304586589336395
3831,136.04460168267164,0,0,233,0.1,0.13388346135616302
3832,170.6608942524579,0,0,248,0.1,0.0727461501955986
3833,90.57389888408156,0,0,220,0.1,0.019917504861950874
3834,167.688483619937,0,0,240,0.1,0.07817062735557556
3835,111.67640770594153,0,0,223,0.1,0.06282447278499603
3836,282.6946485556153,1,0,244,0.1,0.07823198288679123
3837,107.4250988439706,0,0,218,0.1,0.031076602637767792
3838,121.59587287013869,0,0,213,0.1,0.0793752521276474
3839,212.556444310197,1,0,225,0.1,0.11334540694952011
3840,109.78005560437711,0,0,225,0.1,0.09443800896406174
3841,243.2139907703039,1,0,210,0.1,0.04190067946910858
3842,124.46175884316237,0,0,235,0.1,0.1370122730731964
3843,105.30136712735033,0,0,211,0.1,0.07403302192687988
3844,-31.21338105122116,0,0,160,0.1,2.8681461811065674
3845,198.1187025609847,0,0,247,0.1,0.04912180081009865
3846,123.69695651953556,0,0,207,0.1,0.09722287207841873
3847,108.57297978927828,0,0,222,0.1,0.052044827491045
3848,93.56314416708916,0,0,229,0.1,0.046917252242565155
3849,162.56681050891547,0,0,225,0.1,0.06993959844112396
3850,266.5712540886786,0,0,286,0.1,0.07421742379665375
3851,111.37251675332459,0,0,221,0.1,0.023046230897307396
3852,88.54028360540539,0,0,222,0.1,0.03321867063641548
3853,82.67348367015394,0,0,221,0.1,0.06217825040221214
3854,99.10444403267034,0,0,231,0.1,0.05851082131266594
3855,183.69760891166072,0,0,250,0.1,0.06179672107100487
3856,118.69882642990473,0,0,239,0.1,0.05128217861056328
3857,133.63315181648855,0,0,239,0.1,0.06771703064441681
3858,98.72497002253802,0,0,224,0.1,0.029754340648651123
3859,129.31329824904475,0,0,237,0.1,0.0899675041437149
3860,115.72112561742337,0,0,228,0.1,0.23538841307163239
3861,129.2195207839695,0,0,230,0.1,0.0806986391544342
3862,205.3352075330962,1,0,219,0.1,0.017016690224409103
3863,130.6714054407415,0,0,241,0.1,0.02336152456700802
3864,123.29573035003183,0,0,258,0.1,0.04266021400690079
3865,95.87725170026093,0,0,233,0.1,0.11702369898557663
3866,84.09433765614895,0,0,211,0.1,0.03310878202319145
3867,104.79040941337617,0,0,237,0.1,0.04475908353924751
3868,74.88785676797366,0,0,213,0.1,0.028367435559630394
3869,7.793487210371741,0,0,242,0.1,0.061358120292425156
3870,79.75154997209576,0,0,224,0.1,0.03103512153029442
3871,102.05283310359836,0,0,239,0.1,0.00299896951764822
3872,103.316345525584,0,0,211,0.1,0.08037357777357101
3873,99.63525592456132,0,0,231,0.1,0.028915459290146828
3874,134.2501746908341,0,0,236,0.1,0.033940721303224564
3875,75.75014215851692,0,0,215,0.1,0.05171073228120804
3876,82.58098755727082,0,0,234,0.1,0.05925910174846649
3877,110.88989207585792,0,0,223,0.1,0.03400804474949837
3878,-87.18800141254926,0,0,300,0.1,2.2943012714385986
3879,109.15615349004538,0,0,227,0.1,0.025348829105496407
3880,81.45677636613584,0,0,208,0.1,0.025559471920132637
3881,132.60811134704838,0,0,232,0.1,0.04356637969613075
3882,218.2037722288954,0,0,238,0.1,0.10089295357465744
3883,182.712684082977,0,0,245,0.1,0.16790771484375
3884,82.15040981426348,0,0,209,0.1,0.10127104818820953
3885,79.10469233950114,0,0,213,0.1,0.11401088535785675
3886,63.84754742351802,0,0,207,0.1,0.03645767644047737
3887,349.80838430022357,0,0,268,0.1,0.024827538058161736
3888,257.8491088210183,0,0,260,0.1,0.017352396622300148
3889,94.6892332323406,0,0,232,0.1,0.06662068516016006
3890,131.86529219037416,0,0,228,0.1,0.04732643812894821
3891,87.26490329225993,0,0,213,0.1,0.1060417965054512
3892,90.27806043615078,0,0,219,0.1,0.038880012929439545
3893,191.36065642093754,0,0,229,0.1,0.08804163336753845
3894,80.04572678645589,0,0,221,0.1,0.040774911642074585
3895,147.82067001064755,0,0,223,0.1,0.2872341573238373
3896,192.50592165490121,0,0,226,0.1,0.06300219148397446
3897,109.18066426565386,0,0,220,0.1,0.06095864996314049
3898,131.52791822304468,0,0,228,0.1,0.08835339546203613
3899,168.7429804496977,0,0,235,0.1,0.034265320748090744
3900,62.20987413977716,0,0,200,0.1,0.014974962919950485
3901,107.70654606362321,0,0,222,0.1,0.03763773664832115
3902,159.1105017650638,0,0,232,0.1,0.03647733852267265
3903,101.9356748518113,0,0,215,0.1,0.06195124611258507
3904,109.5167735755209,0,0,207,0.1,0.04385705292224884
3905,93.80229136159157,0,0,216,0.1,0.009452284313738346
3906,119.54513342415432,0,0,214,0.1,0.05067054554820061
3907,121.82590879601875,0,0,233,0.1,0.09416915476322174
3908,235.87935757180185,0,0,252,0.1,0.06494079530239105
3909,244.15173329328624,0,0,242,0.1,0.027137648314237595
3910,169.2675153199348,0,0,234,0.1,0.04607628285884857
3911,79.2157914665479,0,0,200,0.1,0.04872622713446617
3912,151.78712643752368,0,0,239,0.1,0.13332296907901764
3913,113.64898223685593,0,0,233,0.1,0.1387113630771637
3914,131.86316471179467,0,0,217,0.1,0.011980807408690453
3915,103.56680453037359,0,0,219,0.1,0.08574921637773514
3916,100.16335472275948,0,0,215,0.1,0.0630413293838501
3917,97.1633629601959,0,0,207,0.1,0.012104407884180546
3918,121.9513886071507,0,0,216,0.1,0.0805688425898552
3919,86.84472080042099,0,0,213,0.1,0.03855087608098984
3920,280.03223510017136,1,0,222,0.1,0.050078168511390686
3921,149.61212647875286,0,0,221,0.1,0.03647078573703766
3922,145.42592868422608,0,0,221,0.1,0.03634440153837204
3923,116.16108156090121,0,0,218,0.1,0.08112747222185135
3924,154.56696896655,0,0,214,0.1,0.13489238917827606
3925,173.88773731281492,0,0,234,0.1,0.1119457483291626
3926,181.1735046173397,0,0,226,0.1,0.03896760195493698
3927,85.57674480987225,0,0,209,0.1,0.046662673354148865
3928,100.96430381698048,0,0,219,0.1,0.04738251119852066
3929,110.00188036346321,0,0,218,0.1,0.00475020008161664
3930,79.48302583669756,0,0,214,0.1,0.026573892682790756
3931,105.53091806021966,0,0,205,0.1,0.021270718425512314
3932,124.2317977750812,0,0,220,0.1,0.0447046272456646
3933,106.71583901663757,0,0,217,0.1,0.08515818417072296
3934,97.26244474907853,0,0,203,0.1,0.03642543777823448
3935,149.27805698101855,0,0,231,0.1,0.020526697859168053
3936,77.71820182537174,0,0,225,0.1,0.01222152728587389
3937,84.77649281667057,0,0,213,0.1,0.09811990708112717
3938,99.10388868418968,0,0,215,0.1,0.055479638278484344
3939,119.22959064797946,0,0,219,0.1,0.1061413362622261
3940,104.84202641536928,0,0,244,0.1,0.11714991182088852
3941,209.9194715650889,0,0,248,0.1,0.06785884499549866
3942,135.93963372866185,0,0,257,0.1,0.12801137566566467
3943,94.87443904941416,0,0,223,0.1,0.018878009170293808
3944,128.6166239730034,0,0,236,0.1,0.08402682095766068
3945,163.67771729519103,0,0,236,0.1,0.07163812220096588
3946,295.68620809187627,0,0,251,0.1,0.023807208985090256
3947,165.5725674366716,0,0,228,0.1,0.05851126089692116
3948,252.6573213498058,0,0,238,0.1,0.1472346931695938
3949,191.55847870697704,0,0,249,0.1,0.11084919422864914
3950,134.97020762791374,0,0,229,0.1,0.040593795478343964
3951,74.8847455570612,0,0,212,0.1,0.03166170045733452
3952,141.55713715960718,0,0,229,0.1,0.035288963466882706
3953,106.01172877316812,0,0,206,0.1,0.018944794312119484
3954,105.25229269335549,0,0,274,0.1,0.13684114813804626
3955,-49.578004913330005,0,0,180,0.1,5.1245012283325195
3956,62.24762088631729,0,0,230,0.1,0.09552549570798874
3957,95.67268539468319,0,0,233,0.1,0.178782656788826
3958,87.8277996305612,0,0,257,0.1,0.0793738067150116
3959,101.51017207925659,0,0,221,0.1,0.11177109181880951
3960,111.1213336960462,0,0,231,0.1,0.07762060314416885
3961,150.86713051324227,0,0,229,0.1,0.025536570698022842
3962,121.4507770887998,0,0,231,0.1,0.19851990044116974
3963,207.22945536831875,0,0,262,0.1,0.131182000041008
3964,181.80777735988164,0,0,231,0.1,0.07595188170671463
3965,109.82869139949355,0,0,225,0.1,0.2091052532196045
3966,68.40798454021547,0,0,205,0.1,0.020302174612879753
3967,208.89828634555005,0,0,269,0.1,0.08045177161693573
3968,67.10457518388965,0,0,224,0.1,0.06323092430830002
3969,116.21106920113306,0,0,218,0.1,0.0858815461397171
3970,89.38743524124361,0,0,208,0.1,0.0418042317032814
3971,-157.64813916126755,0,1,97,0.1,4.496835708618164
3972,113.74849176804096,0,0,249,0.1,0.13750408589839935
3973,123.67558103481802,0,0,232,0.1,0.12963849306106567
3974,111.74040977636844,0,0,222,0.1,0.20499475300312042
3975,-204.0642018596318,0,1,105,0.1,4.5108513832092285
3976,142.60115859607728,0,0,232,0.1,0.07024618983268738
3977,99.08610530296832,0,0,231,0.1,0.19440343976020813
3978,134.0700401536611,0,0,238,0.1,0.11790820956230164
3979,183.3072552231934,0,0,267,0.1,0.04427115246653557
3980,103.29405553976567,0,0,237,0.1,0.34833160042762756
3981,104.06056947579125,0,0,219,0.1,0.16041579842567444
3982,258.4150292857972,1,0,239,0.1,0.08574129641056061
3983,102.35398862639933,0,0,241,0.1,0.11062140017747879
3984,62.39627161244418,0,0,242,0.1,0.0770806148648262
3985,115.23515322367223,0,0,225,0.1,0.2588665187358856
3986,100.92599074577427,0,0,232,0.1,0.06409042328596115
3987,260.5996390114214,0,0,260,0.1,0.008434144780039787
3988,108.4857455639032,0,0,235,0.1,0.16584664583206177
3989,125.06846577073013,0,0,235,0.1,0.02218247391283512
3990,112.06783282796414,0,0,235,0.1,0.2574533522129059
3991,123.14493065486226,0,0,223,0.1,0.03998977690935135
3992,102.0687022017923,0,0,224,0.1,0.05043474957346916
3993,164.00843942483402,0,0,243,0.1,0.18397819995880127
3994,205.73774212541542,0,0,251,0.1,0.10286442935466766
3995,183.0150393245879,0,0,228,0.1,0.18716274201869965
3996,102.29764901975663,0,0,241,0.1,0.0600290447473526
3997,121.4788008252767,0,0,237,0.1,0.03440197557210922
3998,102.22374730636813,0,0,205,0.1,0.01613634265959263
3999,178.5481809849527,0,0,234,0.1,0.03953178599476814
4000,-20.143906503566534,0,0,229,0.1,0.07033824920654297
4001,144.16832087506987,0,0,225,0.1,0.09974613785743713
4002,214.80762690255904,0,0,253,0.1,0.07594073563814163
4003,114.96600348273786,0,0,221,0.1,0.21927034854888916
4004,93.11565871064998,0,0,226,0.1,0.030102606862783432
4005,47.237446312806426,0,0,221,0.1,0.09974917769432068
4006,124.08223518053565,0,0,224,0.1,0.1872687041759491
4007,133.1843232863163,0,0,233,0.1,0.1118498221039772
4008,-190.03606938480996,0,0,300,0.1,0.024404849857091904
4009,-258.94423545673095,0,0,288,0.1,0.03022580035030842
4010,277.9125774427082,0,0,270,0.1,0.047877032309770584
4011,130.98128225842984,0,0,229,0.1,0.09179122745990753
4012,109.27324758847692,0,0,207,0.1,0.02072693407535553
4013,274.8838210628418,1,0,211,0.1,0.09225209057331085
4014,114.78390489975484,0,0,242,0.1,0.07521943002939224
4015,292.02917243952425,0,0,300,0.1,0.15103815495967865
4016,122.11157140160475,0,0,222,0.1,0.0661432147026062
4017,96.63029402042302,0,0,226,0.1,0.28013163805007935
4018,-18.816155853271482,0,0,46,0.1,6.406538963317871
4019,117.93304820378759,0,0,210,0.1,0.051362574100494385
4020,199.98100593400628,0,0,233,0.1,0.04861227795481682
4021,169.5655921549586,0,0,249,0.1,0.07366672903299332
4022,96.82958722581603,0,0,213,0.1,0.07574718445539474
4023,90.11524272208548,0,0,227,0.1,0.01025339774787426
4024,90.57526561988034,0,0,213,0.1,0.0018978575244545937
4025,297.0829697652858,0,0,279,0.1,0.0977458506822586
4026,-31.28838323593138,0,0,201,0.1,1.3245958089828491
4027,102.89040013889344,0,0,238,0.1,0.05099033564329147
4028,106.3690621993456,0,0,214,0.1,0.01598932594060898
4029,108.11111534004546,0,0,213,0.1,0.052458249032497406
4030,102.43164075200893,0,0,202,0.1,0.029163410887122154
4031,122.64965921720007,0,0,219,0.1,0.036533258855342865
4032,146.71285564807698,0,0,218,0.1,0.012174827046692371
4033,114.52035600607735,0,0,214,0.1,0.025240575894713402
4034,72.5349854447458,0,0,217,0.1,0.03045964054763317
4035,116.89114252982186,0,0,240,0.1,0.17898255586624146
4036,188.1942346585777,0,0,236,0.1,0.027512816712260246
4037,101.45108737414216,0,0,210,0.1,0.05158105492591858
4038,107.84953713019827,0,0,212,0.1,0.18395934998989105
4039,143.2552807680283,0,0,227,0.1,0.030268218368291855
4040,109.38468409945703,0,0,228,0.1,0.08182954043149948
4041,119.52557856788377,0,0,209,0.1,0.024327024817466736
4042,125.59622381152104,0,0,210,0.1,0.10358104109764099
4043,186.76486183499426,0,0,227,0.1,0.20680716633796692
4044,115.0781204619769,0,0,209,0.1,0.004478903952986002
4045,202.49052096670002,0,0,237,0.1,0.028060216456651688
4046,87.08040856373941,0,0,223,0.1,0.029012326151132584
4047,166.79921869670486,0,0,228,0.1,0.06429051607847214
4048,211.16936433223515,0,0,227,0.1,0.06299476325511932
4049,148.63827096031494,0,0,228,0.1,0.046556297689676285
4050,107.61967992206553,0,0,207,0.1,0.04354407638311386
4051,167.06050581877562,0,0,231,0.1,0.14189092814922333
4052,106.6324678330634,0,0,213,0.1,0.025756636634469032
4053,175.42957215493058,0,0,229,0.1,0.04523683711886406
4054,130.70215736837574,0,0,221,0.1,0.004468896891921759
4055,110.91468388011195,0,0,218,0.1,0.030206307768821716
4056,252.87540378232922,0,0,236,0.1,0.02980523370206356
4057,102.57817719285823,0,0,204,0.1,0.04647140949964523
4058,82.59552546603122,0,0,216,0.1,0.05432211235165596
4059,104.69081911792495,0,0,216,0.1,0.047417160123586655
4060,110.3924756072972,0,0,213,0.1,0.029766174033284187
4061,200.74797363174585,0,0,225,0.1,0.18791119754314423
4062,117.8655258997295,0,0,230,0.1,0.11971775442361832
4063,107.7004095079515,0,0,213,0.1,0.054933708161115646
4064,115.02255363007524,0,0,208,0.1,0.04815312847495079
4065,139.51913598393537,0,0,225,0.1,0.04538746923208237
4066,206.85035970499248,0,0,224,0.1,0.0370565690100193
4067,167.44512546231485,0,0,243,0.1,0.05416221171617508
4068,145.03536601459123,0,0,221,0.1,0.0257456973195076
4069,232.0653033860537,0,0,244,0.1,0.03908880427479744
4070,107.54494930376745,0,0,219,0.1,0.04569348320364952
4071,207.8058595820281,0,0,237,0.1,0.2092355340719223
4072,83.54817054902647,0,0,204,0.1,0.0468246266245842
4073,118.23647631955782,0,0,206,0.1,0.008168688975274563
4074,106.26107819890119,0,0,206,0.1,0.01103572454303503
4075,96.33918200393653,0,0,208,0.1,0.03945589438080788
4076,120.07148117621877,0,0,223,0.1,0.1608179360628128
4077,99.24369476725792,0,0,230,0.1,0.02136320248246193
4078,80.84052066212031,0,0,212,0.1,0.040984146296978
4079,88.57749601369237,0,0,210,0.1,0.025416776537895203
4080,96.43897948091364,0,0,218,0.1,0.03674392029643059
4081,151.52195997645595,0,0,229,0.1,0.06766725331544876
4082,102.81068630998469,0,0,206,0.1,0.07564340531826019
4083,97.21142419566847,0,0,215,0.1,0.058628346771001816
4084,80.64149141510461,0,0,212,0.1,0.10894881933927536
4085,255.97167107363663,0,0,235,0.1,0.023674918338656425
4086,90.88938279350732,0,0,208,0.1,0.06298482418060303
4087,260.13274652935064,0,0,263,0.1,0.10182706266641617
4088,121.09419149403911,0,0,208,0.1,0.021383801475167274
4089,112.5974167994175,0,0,211,0.1,0.053311679512262344
4090,117.79749811967352,0,0,208,0.1,0.044250354170799255
4091,183.71291020145154,0,0,230,0.1,0.09377026557922363
4092,106.93434442003705,0,0,206,0.1,0.07788297533988953
4093,99.02930294190982,0,0,205,0.1,0.06548646837472916
4094,96.92476189096904,0,0,208,0.1,0.07284901291131973
4095,103.00540653651096,0,0,209,0.1,0.06398476660251617
4096,80.9655915748093,0,0,210,0.1,0.0561504103243351
4097,88.81104053889845,0,0,217,0.1,0.03429678454995155
4098,105.80822794282325,0,0,212,0.1,0.007388508412986994
4099,191.24236873840422,0,0,235,0.1,0.14548732340335846
4100,266.06492568423477,0,0,251,0.1,0.1277942955493927
4101,252.20665520598612,0,0,254,0.1,0.2710631787776947
4102,101.32094570835567,0,0,218,0.1,0.02912859246134758
4103,118.80650131603221,0,0,202,0.1,0.08715807646512985
4104,275.7389835444602,0,0,249,0.1,0.07794246822595596
4105,92.19626263683175,0,0,217,0.1,0.039813484996557236
4106,115.80428365071752,0,0,223,0.1,0.07666216790676117
4107,98.97747006212808,0,0,211,0.1,0.01926686055958271
4108,188.2190565151486,0,0,226,0.1,0.0768541470170021
4109,191.64418615838022,0,0,225,0.1,0.13481245934963226
4110,348.9677815513825,0,0,260,0.1,0.030125390738248825
4111,108.42390961383914,0,0,206,0.1,0.013835025951266289
4112,196.85620134552448,0,0,220,0.1,0.0716392919421196
4113,111.51932605435589,0,0,221,0.1,0.05398281291127205
4114,202.5059824137154,0,0,220,0.1,0.019856268540024757
4115,112.45290889275708,0,0,203,0.1,0.02107786014676094
4116,130.46828996484615,0,0,233,0.1,0.046429768204689026
4117,114.29183220287302,0,0,208,0.1,0.07054376602172852
4118,104.37332373937109,0,0,219,0.1,0.05674976482987404
4119,106.92520718296505,0,0,207,0.1,0.013180328533053398
4120,87.76221350857502,0,0,213,0.1,0.05481759086251259
4121,147.67967814957237,0,0,222,0.1,0.023468509316444397
4122,108.5372068448875,0,0,210,0.1,0.1214628592133522
4123,173.5170960613105,0,0,216,0.1,0.1140640377998352
4124,277.4677479894969,0,0,259,0.1,0.07246644049882889
4125,262.42237049778424,0,0,242,0.1,0.1811540275812149
4126,164.79121448060013,0,0,226,0.1,0.03549114987254143
4127,180.37645014008018,0,0,224,0.1,0.16105356812477112
4128,206.09520178531733,0,0,227,0.1,0.027905166149139404
4129,239.1711269633236,0,0,245,0.1,0.16101214289665222
4130,104.24942815726138,0,0,210,0.1,0.027805332094430923
4131,96.22171378259992,0,0,205,0.1,0.02942591719329357
4132,108.65253345449902,0,0,208,0.1,0.04437502846121788
4133,104.64073265516645,0,0,225,0.1,0.023323677480220795
4134,-42.43057407379148,0,0,148,0.1,3.572643518447876
4135,105.73052615960576,0,0,218,0.1,0.18214735388755798
4136,-29.14963516235351,0,0,136,0.1,3.639908790588379
4137,203.19602764879792,0,0,221,0.1,0.027439059689641
4138,170.80127056588864,0,0,224,0.1,0.06042099744081497
4139,73.1251021306727,0,0,212,0.1,0.02055169828236103
4140,73.9055325351048,0,0,220,0.1,0.04526514559984207
4141,79.3751817954842,0,0,213,0.1,0.016638265922665596
4142,119.11393572171669,0,0,219,0.1,0.1807287186384201
4143,198.09988333845996,0,0,268,0.1,0.05203604698181152
4144,107.06873051722982,0,0,202,0.1,0.020634515210986137
4145,-37.114095230102535,0,0,173,0.1,4.273523807525635
4146,80.27455794575188,0,0,273,0.1,0.04445772245526314
4147,178.5065107821438,0,0,227,0.1,0.19715818762779236
4148,80.34244393456243,0,0,216,0.1,0.049676526337862015
4149,66.09000328694914,0,0,218,0.1,0.04937393218278885
4150,170.34395536912118,0,0,228,0.1,0.04704790562391281
4151,106.34650784303882,0,0,211,0.1,0.057673726230859756
4152,192.22249841672806,0,0,226,0.1,0.08883338421583176
4153,153.5689451753113,0,0,222,0.1,0.09251337498426437
4154,139.25423686859654,0,0,248,0.1,0.04113129526376724
4155,106.62201722939945,0,0,209,0.1,0.06463433057069778
4156,197.61189778668313,0,0,218,0.1,0.01085998397320509
4157,96.93462871839738,0,0,217,0.1,0.04076392948627472
4158,142.40165364255643,0,0,214,0.1,0.06097402423620224
4159,76.47493200143313,0,0,211,0.1,0.12895695865154266
4160,87.51963154067731,0,0,211,0.1,0.01855228841304779
4161,137.11861311366297,0,0,227,0.1,0.11088182777166367
4162,116.06845298548677,0,0,204,0.1,0.06199704855680466
4163,154.8286908682201,0,0,225,0.1,0.13358411192893982
4164,100.94349475582577,0,0,209,0.1,0.03179703652858734
4165,261.2266695072266,0,0,249,0.1,0.24561867117881775
4166,118.06065678407886,0,0,209,0.1,0.0462539903819561
4167,106.3500600845132,0,0,205,0.1,0.03861567750573158
4168,129.0194384144757,0,0,222,0.1,0.06899452209472656
4169,99.2972356899593,0,0,212,0.1,0.06722549349069595
4170,87.88654475530124,0,0,209,0.1,0.09211770445108414
4171,94.67888564774282,0,0,202,0.1,0.0475141778588295
4172,111.3187741915647,0,0,221,0.1,0.013428433798253536
4173,122.11999712278583,0,0,217,0.1,0.07378875464200974
4174,240.63950386186562,0,0,242,0.1,0.07988586276769638
4175,110.85823201810457,0,0,209,0.1,0.07220623642206192
4176,108.56939837624765,0,0,210,0.1,0.021079201251268387
4177,103.10992827465272,0,0,224,0.1,0.06798101216554642
4178,103.0074293970082,0,0,205,0.1,0.08201811462640762
4179,282.25799825181696,0,0,248,0.1,0.02890598215162754
4180,95.04176920076347,0,0,204,0.1,0.06898665428161621
4181,87.5794110541556,0,0,208,0.1,0.05833585932850838
4182,96.31426970561479,0,0,226,0.1,0.21163980662822723
4183,92.02488115606344,0,0,201,0.1,0.03717315196990967
4184,75.47242658217884,0,0,214,0.1,0.056271009147167206
4185,101.47325791319348,0,0,210,0.1,0.06385035067796707
4186,150.09239989315606,0,0,227,0.1,0.09540169686079025
4187,106.41461252470948,0,0,200,0.1,0.08502448350191116
4188,83.06850568582752,0,0,204,0.1,0.028578389436006546
4189,105.78794293945171,0,0,209,0.1,0.024721279740333557
4190,213.40434197952473,0,0,237,0.1,0.1633613109588623
4191,199.66861429621906,0,0,225,0.1,0.12275922298431396
4192,166.09593987037871,0,0,226,0.1,0.07153540849685669
4193,137.94141324391106,0,0,223,0.1,0.1661188155412674
4194,122.8485376902435,0,0,217,0.1,0.04761727899312973
4195,188.99765134604155,0,0,235,0.1,0.05617156997323036
4196,99.78547926267125,0,0,211,0.1,0.15190570056438446
4197,77.74382913251851,0,0,202,0.1,0.033992644399404526
4198,101.52802426000572,0,0,203,0.1,0.05169988423585892
4199,83.52380244975421,0,0,209,0.1,0.05418282374739647
4200,89.21063658019041,0,0,203,0.1,0.08585724234580994
4201,182.27754429934055,0,0,229,0.1,0.10143020749092102
4202,82.2982323049519,0,0,199,0.1,0.06429857760667801
4203,173.28544240926837,0,0,241,0.1,0.05447600036859512
4204,264.09908161410567,0,0,245,0.1,0.05682750418782234
4205,246.46894936998808,0,0,242,0.1,0.021550145000219345
4206,94.384189214031,0,0,219,0.1,0.04499955102801323
4207,181.28121066135796,0,0,216,0.1,0.2582279443740845
4208,229.74242700112487,0,0,231,0.1,0.1980118602514267
4209,199.1236240290615,0,0,236,0.1,0.06655415147542953
4210,150.10920195688942,0,0,223,0.1,0.0491647832095623
4211,99.42476083596686,0,0,201,0.1,0.12847629189491272
4212,100.01502111276125,0,0,210,0.1,0.08105362951755524
4213,358.70623940264346,0,0,269,0.1,0.05394010990858078
4214,159.68061257482952,0,0,222,0.1,0.01262420229613781
4215,106.81265388776995,0,0,204,0.1,0.03084271401166916
4216,195.2895304073903,0,0,230,0.1,0.07848387211561203
4217,117.15187741597632,0,0,203,0.1,0.06486042588949203
4218,258.95478787039843,0,0,235,0.1,0.033367909491062164
4219,85.44321000189035,0,0,226,0.1,0.05230691656470299
4220,162.63810580124593,0,0,232,0.1,0.029281670227646828
4221,18.628301711580615,0,0,239,0.1,0.027356935665011406
4222,177.7661473046753,0,0,225,0.1,0.11342822760343552
4223,99.13598409777023,0,0,229,0.1,0.11348138749599457
4224,83.83598139723276,0,0,220,0.1,0.08073991537094116
4225,118.99807130297164,0,0,209,0.1,0.09255401045084
4226,115.11683847417571,0,0,215,0.1,0.04126972705125809
4227,107.50422961247598,0,0,219,0.1,0.10506273061037064
4228,91.63700504621005,0,0,211,0.1,0.04836336895823479
4229,135.4570448482547,0,0,207,0.1,0.03090827167034149
4230,133.70888126452903,0,0,223,0.1,0.21216575801372528
4231,193.59430804928274,0,0,224,0.1,0.13912419974803925
4232,120.05276905914286,0,0,210,0.1,0.05481214448809624
4233,116.87613833514492,0,0,231,0.1,0.11056804656982422
4234,68.49805063327288,0,0,210,0.1,0.3730601370334625
4235,102.22564513360598,0,0,219,0.1,0.06439055502414703
4236,80.40114240457751,0,0,213,0.1,0.09521093964576721
4237,299.4019846301291,1,0,228,0.1,0.03637464717030525
4238,177.30909442325566,0,0,226,0.1,0.03418499976396561
4239,65.43319566806291,0,0,214,0.1,0.14027412235736847
4240,93.89443559815624,0,0,213,0.1,0.09623555839061737
4241,75.8895173414562,0,0,211,0.1,0.13779135048389435
4242,175.27210174669955,0,0,232,0.1,0.1009589433670044
4243,88.98335668300723,0,0,206,0.1,0.007489352487027645
4244,156.6561870331082,0,0,217,0.1,0.12009086459875107
4245,389.56870559026925,1,0,251,0.1,0.11869843304157257
4246,101.1608816685293,0,0,204,0.1,0.12543150782585144
4247,91.7186045845363,0,0,218,0.1,0.11504462361335754
4248,221.88799549659223,0,0,244,0.1,0.2325768917798996
4249,172.88156694789862,0,0,223,0.1,0.02901286818087101
4250,94.34494904731845,0,0,211,0.1,0.05329674482345581
4251,98.60436768849827,0,0,212,0.1,0.06141199171543121
4252,84.07380799134707,0,0,207,0.1,0.10564463585615158
4253,85.42306415160634,0,0,219,0.1,0.08468658477067947
4254,109.0783874615047,0,0,215,0.1,0.0426483117043972
4255,121.10564246257285,0,0,231,0.1,0.12095741927623749
4256,87.16118977864718,0,0,210,0.1,0.21421962976455688
4257,104.25684397344928,0,0,208,0.1,0.029496541246771812
4258,127.35479705681541,0,0,226,0.1,0.21789918839931488
4259,222.33646514316524,0,0,232,0.1,0.02946702390909195
4260,131.54155606885888,0,0,217,0.1,0.0989999771118164
4261,123.3589346759532,0,0,211,0.1,0.035174738615751266
4262,296.2783953610573,0,0,246,0.1,0.13843320310115814
4263,100.23014138658979,0,0,208,0.1,0.07024317234754562
4264,326.56338444968213,0,0,276,0.1,0.06725726276636124
4265,113.51033927013613,0,0,209,0.1,0.07374485582113266
4266,127.60395784805094,0,0,225,0.1,0.060514360666275024
4267,48.400730731091244,0,0,212,0.1,0.07606171816587448
4268,202.3198349517348,0,0,227,0.1,0.1018272116780281
4269,105.39985933025815,0,0,198,0.1,0.12079807370901108
4270,137.55423500274756,0,0,212,0.1,0.06448511779308319
4271,102.38504449804759,0,0,217,0.1,0.16551560163497925
4272,92.51154831429459,0,0,213,0.1,0.04662308841943741
4273,212.24621522759526,0,0,225,0.1,0.05025000125169754
4274,102.45188603480794,0,0,202,0.1,0.013209445402026176
4275,186.9587316718602,0,0,221,0.1,0.006343530025333166
4276,102.29743021567799,0,0,206,0.1,0.07165436446666718
4277,112.17128797908762,0,0,205,0.1,0.05704737454652786
4278,178.30256655459735,0,0,221,0.1,0.05404510349035263
4279,186.214075101814,0,0,225,0.1,0.07753987610340118
4280,115.66012193759423,0,0,236,0.1,0.225946843624115
4281,111.50860978712777,0,0,207,0.1,0.057995397597551346
4282,92.72293758561351,0,0,206,0.1,0.03849444538354874
4283,184.65551854928464,0,0,226,0.1,0.10672260820865631
4284,88.90317684148883,0,0,217,0.1,0.007158566266298294
4285,124.5304841138933,0,0,211,0.1,0.10845723003149033
4286,82.00775675495599,0,0,224,0.1,0.01702626794576645
4287,-44.19634585460158,0,0,97,0.1,4.784285545349121
4288,113.40999042888619,0,0,200,0.1,0.09739411622285843
4289,175.3234439230475,0,0,220,0.1,0.0307149738073349
4290,163.13429773983992,0,0,234,0.1,0.038712356239557266
4291,148.700699236146,0,0,213,0.1,0.09142771363258362
4292,86.96421044429277,0,0,203,0.1,0.26288220286369324
4293,80.09354757925009,0,0,205,0.1,0.07223416119813919
4294,105.30363661696649,0,0,226,0.1,0.0711512640118599
4295,98.67984132488705,0,0,211,0.1,0.08313415944576263
4296,143.86526057471968,0,0,218,0.1,0.03931361064314842
4297,90.09321094920371,0,0,209,0.1,0.05556605011224747
4298,204.14373458181947,0,0,232,0.1,0.06642904132604599
4299,99.26444505584873,0,0,208,0.1,0.06501579284667969
4300,129.83832511027794,0,0,207,0.1,0.11316343396902084
4301,389.0342178766943,0,0,267,0.1,0.09047244489192963
4302,98.1687112941358,0,0,206,0.1,0.10048794001340866
4303,94.74506647442912,0,0,224,0.1,0.04070655256509781
4304,84.33863010873532,0,0,206,0.1,0.10679067671298981
4305,168.21409806137422,0,0,233,0.1,0.011267307214438915
4306,190.8289268117163,0,0,252,0.1,0.15183962881565094
4307,83.93238545407993,0,0,211,0.1,0.05562615022063255
4308,198.26338374034947,0,0,236,0.1,0.06434974819421768
4309,103.91250031997899,0,0,205,0.1,0.044275980442762375
4310,199.65559516420097,0,0,220,0.1,0.17487412691116333
4311,106.06373261874057,0,0,210,0.1,0.09594118595123291
4312,110.77963997562868,0,0,233,0.1,0.09457822144031525
4313,339.6795641689515,0,0,254,0.1,0.11876663565635681
4314,174.32458869521957,0,0,223,0.1,0.078077532351017
4315,94.84322851141434,0,0,229,0.1,0.07223860174417496
4316,194.19239759077757,0,0,234,0.1,0.05346912145614624
4317,97.34387049754595,0,0,219,0.1,0.0893169716000557
4318,86.07784199585653,0,0,235,0.1,0.10881299525499344
4319,85.71280362506846,0,0,207,0.1,0.11831896007061005
4320,86.95778648277263,0,0,214,0.1,0.09629793465137482
4321,90.80663494765273,0,0,218,0.1,0.04962821677327156
4322,106.04853294034942,0,0,210,0.1,0.051761627197265625
4323,90.01812375207882,0,0,207,0.1,0.11252892762422562
4324,148.2065311694655,0,0,229,0.1,0.03627276048064232
4325,124.42721600999579,0,0,210,0.1,0.09522495418787003
4326,129.02765489225726,0,0,209,0.1,0.03437699005007744
4327,100.05460832884057,0,0,224,0.1,0.08514042943716049
4328,108.63082877879482,0,0,221,0.1,0.022115083411335945
4329,109.71944362958416,0,0,234,0.1,0.041276510804891586
4330,105.01154178748399,0,0,214,0.1,0.08028623461723328
4331,14.535433043190565,0,0,202,0.1,0.0628398209810257
4332,63.28443922465187,0,0,230,0.1,0.026984449476003647
4333,94.04941059639198,0,0,229,0.1,0.04627282917499542
4334,93.21171758612134,0,0,216,0.1,0.07497583329677582
4335,106.52965777804589,0,0,220,0.1,0.07242100685834885
4336,117.85294898097851,0,0,208,0.1,0.02861553616821766
4337,133.98678590913752,0,0,231,0.1,0.03472345322370529
4338,106.96721013744808,0,0,228,0.1,0.05891472473740578
4339,190.34053964336846,0,0,252,0.1,0.11924795061349869
4340,110.97989748810865,0,0,222,0.1,0.051940519362688065
4341,85.49441891630626,0,0,215,0.1,0.04107677936553955
4342,207.10264160414664,0,0,249,0.1,0.0300869382917881
4343,103.07780123417716,0,0,234,0.1,0.08296435326337814
4344,87.04762991046046,0,0,221,0.1,0.055648062378168106
4345,79.9465236543629,0,0,215,0.1,0.0376555472612381
4346,118.81838533332089,0,0,225,0.1,0.10151663422584534
4347,131.35311365579705,0,0,233,0.1,0.010752829723060131
4348,116.43161084791163,0,0,229,0.1,0.08692429214715958
4349,90.57372029205298,0,0,215,0.1,0.021266764029860497
4350,152.3687891866777,0,0,238,0.1,0.08356055617332458
4351,97.12046609555817,0,0,213,0.1,0.03481726348400116
4352,97.4754488315199,0,0,221,0.1,0.07906769216060638
4353,101.07091790711023,0,0,229,0.1,0.036212217062711716
4354,177.20334198077651,0,0,241,0.1,0.058557454496622086
4355,78.87889879395696,0,0,212,0.1,0.06008439511060715
4356,119.57347675939538,0,0,216,0.1,0.11265160143375397
4357,-21.359433564343718,0,0,66,0.1,6.927159309387207
4358,115.30001096894482,0,0,232,0.1,0.07865779846906662
4359,-37.35778447071578,0,0,90,0.1,6.914247035980225
4360,117.83492526283005,0,0,228,0.1,0.030183229595422745
4361,229.46484735359874,0,0,269,0.1,0.16135989129543304
4362,109.89591132660843,0,0,220,0.1,0.09556637704372406
4363,81.41842978884918,0,0,214,0.1,0.04357335343956947
4364,-23.433389493627004,0,0,97,0.1,5.773745536804199
4365,84.94495505561565,0,0,219,0.1,0.019308358430862427
4366,113.74966274877525,0,0,222,0.1,0.03873384743928909
4367,188.64302991648648,0,0,265,0.1,0.05099257826805115
4368,65.42995894034836,0,0,225,0.1,0.027680693194270134
4369,111.85559828897455,0,0,266,0.1,0.08052361756563187
4370,116.10808001299837,0,0,227,0.1,0.04432365298271179
4371,136.16044272666312,0,0,234,0.1,0.008594830520451069
4372,101.03575379168129,0,0,222,0.1,0.024656061083078384
4373,173.96150773485635,0,0,226,0.1,0.06105531379580498
4374,101.26349082728366,0,0,247,0.1,0.028344372287392616
4375,121.70128404644764,0,0,241,0.1,0.04377270117402077
4376,268.6456732635709,0,0,273,0.1,0.11936192959547043
4377,104.5937099309776,0,0,223,0.1,0.09194530546665192
4378,253.77069352587182,0,0,265,0.1,0.2203553318977356
4379,118.47362994035223,0,0,222,0.1,0.03772285580635071
4380,80.08904837851858,0,0,224,0.1,0.01835370808839798
4381,78.01085971852278,0,0,225,0.1,0.03573620691895485
4382,108.18992016976215,0,0,242,0.1,0.041958536952733994
4383,99.84608002980686,0,0,232,0.1,0.02572435885667801
4384,108.61026688238121,0,0,220,0.1,0.13513435423374176
4385,73.03519071062539,0,0,227,0.1,0.1956283152103424
4386,115.59698604946473,0,0,233,0.1,0.03296954929828644
4387,137.66533843969438,0,0,300,0.1,0.09904433786869049
4388,80.5006878042731,0,0,212,0.1,0.04649457335472107
4389,92.32275817950702,0,0,237,0.1,0.04307619854807854
4390,104.517927107862,0,0,233,0.1,0.0350409597158432
4391,127.50559855719546,0,0,227,0.1,0.09781298786401749
4392,85.10398740415904,0,0,210,0.1,0.026786867529153824
4393,103.40359714945293,0,0,210,0.1,0.05095886439085007
4394,212.51565990721315,0,0,229,0.1,0.2440498173236847
4395,104.03148277511335,0,0,236,0.1,0.09948946535587311
4396,170.21623575334877,0,0,300,0.1,0.03689020872116089
4397,152.95482978483176,0,0,222,0.1,0.1256275475025177
4398,337.2804248740291,0,0,271,0.1,0.06829211860895157
4399,192.46987209205952,0,0,256,0.1,0.11900594830513
4400,231.05998265971868,0,0,242,0.1,0.09913362562656403
4401,294.74054272135237,0,0,284,0.1,0.13296738266944885
4402,228.51207160358751,0,0,238,0.1,0.06454112380743027
4403,95.97127566953635,0,0,220,0.1,0.035609856247901917
4404,86.07049109106401,0,0,225,0.1,0.1310972422361374
4405,253.91144920905552,0,0,239,0.1,0.21678142249584198
4406,160.49399573919808,0,0,223,0.1,0.05780135840177536
4407,78.90362803419572,0,0,220,0.1,0.12984487414360046
4408,126.65545393606172,0,0,282,0.1,0.097975954413414
4409,-53.43793418884277,0,0,92,0.1,6.789483547210693
4410,86.10915470441316,0,0,201,0.1,0.08227089792490005
4411,86.7178047808025,0,0,260,0.1,0.23454976081848145
4412,86.4549215706203,0,0,222,0.1,0.2287607640028
4413,199.26349135716885,0,0,262,0.1,0.008892333135008812
4414,109.89089738836029,0,0,227,0.1,0.09952454268932343
4415,132.3968460257862,0,0,216,0.1,0.2353782206773758
4416,138.373042716882,0,0,226,0.1,0.038042034953832626
4417,110.31609295686222,0,0,231,0.1,0.1186189353466034
4418,120.80494173740487,0,0,215,0.1,0.035627998411655426
4419,162.78902697940802,0,0,237,0.1,0.11353696882724762
4420,178.30559440103804,0,0,224,0.1,0.04163976386189461
4421,126.19757931878307,0,0,225,0.1,0.11856885254383087
4422,138.2372959345345,0,0,221,0.1,0.08451680094003677
4423,71.75738915418718,0,0,211,0.1,0.03046497516334057
4424,95.32008079071976,0,0,231,0.1,0.1739068180322647
4425,182.16871462126704,0,0,228,0.1,0.07549667358398438
4426,86.73401980725565,0,0,221,0.1,0.056686531752347946
4427,99.22267822218573,0,0,215,0.1,0.08636783063411713
4428,194.85733153065178,0,0,232,0.1,0.04384402558207512
4429,87.23000967850425,0,0,243,0.1,0.028976643458008766
4430,174.03535008361078,0,0,242,0.1,0.057042885571718216
4431,115.3952389672164,0,0,218,0.1,0.04258468747138977
4432,194.83785098989935,0,0,231,0.1,0.018011583015322685
4433,90.64079104063548,0,0,202,0.1,0.04177328571677208
4434,104.30569648911693,0,0,221,0.1,0.013251903466880322
4435,116.20418084443996,0,0,225,0.1,0.05864249914884567
4436,99.66022184742128,0,0,226,0.1,0.041291430592536926
4437,103.65634014075135,0,0,217,0.1,0.053437624126672745
4438,236.95575807298093,1,0,220,0.1,0.0672001987695694
4439,227.02203458043306,1,0,209,0.1,0.0695933923125267
4440,103.7721193876353,0,0,218,0.1,0.023017577826976776
4441,91.61018150081372,0,0,216,0.1,0.1355239301919937
4442,264.8370229502532,0,0,233,0.1,0.016026590019464493
4443,97.5230487659064,0,0,222,0.1,0.03460288420319557
4444,152.7418278731916,0,0,227,0.1,0.07616405189037323
4445,151.4460271505502,0,0,229,0.1,0.105181485414505
4446,101.0089100556586,0,0,225,0.1,0.05207974091172218
4447,111.92022462705643,0,0,214,0.1,0.0389549545943737
4448,118.27073617795976,0,0,223,0.1,0.0351715087890625
4449,141.87024430880817,0,0,244,0.1,0.03907659277319908
4450,133.15009656483804,0,0,218,0.1,0.026634084060788155
4451,-18.807896376452177,0,0,117,0.1,4.324673175811768
4452,119.19924691965319,0,0,220,0.1,0.038395512849092484
4453,243.44361715650678,1,0,217,0.1,0.05945519730448723
4454,78.08879411796605,0,0,231,0.1,0.07398810982704163
4455,100.41110381459333,0,0,214,0.1,0.055549316108226776
4456,110.09188578809174,0,0,220,0.1,0.0588405542075634
4457,115.99504610424378,0,0,214,0.1,0.017895566299557686
4458,207.7927300302174,0,0,242,0.1,0.06072024628520012
4459,183.0036429605868,0,0,233,0.1,0.08679237216711044
4460,130.75933968072275,0,0,222,0.1,0.06688625365495682
4461,116.31160596007975,0,0,230,0.1,0.045689232647418976
4462,97.39089471797018,0,0,219,0.1,0.11866561323404312
4463,124.585587707558,0,0,221,0.1,0.04679950326681137
4464,111.55462519953521,0,0,220,0.1,0.10993526130914688
4465,130.40848715523754,0,0,223,0.1,0.05968329310417175
4466,91.74571602473526,0,0,222,0.1,0.0675131231546402
4467,171.34209516475465,0,0,254,0.1,0.16278089582920074
4468,113.0983228450504,0,0,221,0.1,0.09395789355039597
4469,100.01311439769835,0,0,225,0.1,0.21893107891082764
4470,110.23903536001713,0,0,223,0.1,0.1096162497997284
4471,218.5419034437325,0,0,255,0.1,0.11635591089725494
4472,100.84375743339332,0,0,239,0.1,0.04166356474161148
4473,86.76270660350589,0,0,219,0.1,0.03889421746134758
4474,122.54603155831371,0,0,222,0.1,0.09267602860927582
4475,201.8000831007447,0,0,247,0.1,0.05230753868818283
4476,106.70889509046943,0,0,223,0.1,0.04262586683034897
4477,164.6417508463052,0,0,236,0.1,0.07797182351350784
4478,112.10183294469985,0,0,240,0.1,0.10618261247873306
4479,97.20519082675249,0,0,215,0.1,0.06628961116075516
4480,124.94989463771257,0,0,218,0.1,0.011108984239399433
4481,95.93562704274922,0,0,213,0.1,0.08097980916500092
4482,109.43325050110491,0,0,217,0.1,0.033110544085502625
4483,97.1392343423751,0,0,230,0.1,0.05383472144603729
4484,183.49247907812264,0,0,233,0.1,0.13029545545578003
4485,195.23075568447376,0,0,238,0.1,0.037630025297403336
4486,319.99359406764194,0,0,266,0.1,0.07805533707141876
4487,122.27559487993392,0,0,227,0.1,0.058012980967760086
4488,108.48483069846898,0,0,216,0.1,0.02706933207809925
4489,118.74129456857713,0,0,222,0.1,0.05830078944563866
4490,166.81817496503263,0,0,227,0.1,0.06849467754364014
4491,-137.52929809570324,0,0,244,0.1,5.749824523925781
4492,119.6856921484557,0,0,216,0.1,0.04918144643306732
4493,169.68787571916846,0,0,232,0.1,0.016671014949679375
4494,95.37631591013192,0,0,207,0.1,0.02420998364686966
4495,188.74337157557275,0,0,252,0.1,0.08153638988733292
4496,108.02138879577191,0,0,215,0.1,0.024178912863135338
4497,87.51379292427718,0,0,251,0.1,0.11367415636777878
4498,-168.49870012760942,0,0,269,0.1,0.9370144009590149
4499,83.6067845064912,0,0,242,0.1,0.12257560342550278
4500,40.67911949301639,0,0,240,0.1,0.09148812294006348
4501,180.90356659879419,0,0,261,0.1,0.03719627857208252
4502,123.02392066975574,0,0,241,0.1,0.03862917050719261
4503,72.66738363997526,0,0,262,0.1,0.045469146221876144
4504,93.89500290175413,0,0,235,0.1,0.02365671657025814
4505,66.23845278655624,0,0,238,0.1,0.02052866853773594
4506,59.55994101395329,0,0,245,0.1,0.019577505066990852
4507,97.23520018110551,0,0,238,0.1,0.08663588017225266
4508,45.153013161024745,0,0,242,0.1,0.034879785031080246
4509,-31.185126228332507,0,0,172,0.1,3.37878155708313
4510,188.06386229025688,1,0,215,0.1,0.0697595477104187
4511,190.3999258802321,1,0,198,0.1,0.10201720893383026
4512,54.14415349329388,0,0,246,0.1,0.02908919006586075
4513,126.86715358907853,0,0,213,0.1,0.056524213403463364
4514,101.7945734101025,0,0,231,0.1,0.0349741168320179
4515,140.8858524293689,0,0,246,0.1,0.07446939498186111
4516,105.85128079275164,0,0,216,0.1,0.04242630675435066
4517,180.40307195147994,1,0,200,0.1,0.04214838519692421
4518,203.9309383896973,0,0,228,0.1,0.047862108796834946
4519,353.5668431981891,0,0,282,0.1,0.0569889061152935
4520,182.3906016255405,0,0,231,0.1,0.14262762665748596
4521,219.46511192599795,0,0,238,0.1,0.03907676413655281
4522,112.34620625446114,0,0,219,0.1,0.10115321725606918
4523,99.51608066593744,0,0,205,0.1,0.02361106500029564
4524,201.63419135610138,1,0,213,0.1,0.2812219262123108
4525,93.59488910651326,0,0,222,0.1,0.01612706296145916
4526,107.35876055056723,0,0,222,0.1,0.09697125852108002
4527,104.72957990144826,0,0,205,0.1,0.04730185121297836
4528,109.04260118158051,0,0,221,0.1,0.09930910170078278
4529,213.40529166782758,0,0,237,0.1,0.01663106121122837
4530,112.35054035032661,0,0,222,0.1,0.06759180873632431
4531,53.19926344695059,0,0,224,0.1,0.05923061445355415
4532,157.0990162650731,0,0,230,0.1,0.07861627638339996
4533,121.74757929598428,0,0,215,0.1,0.049361180514097214
4534,113.2039164759729,0,0,217,0.1,0.06262491643428802
4535,167.89570851405597,0,0,224,0.1,0.07604672759771347
4536,63.778352469703876,0,0,204,0.1,0.04184408858418465
4537,90.73765416199835,0,0,214,0.1,0.04133135452866554
4538,97.6168700998512,0,0,217,0.1,0.03387245908379555
4539,103.6929140447963,0,0,218,0.1,0.013102483004331589
4540,106.0178515261177,0,0,206,0.1,0.04361386597156525
4541,94.39549222896369,0,0,217,0.1,0.07251951843500137
4542,159.92178047502904,0,0,225,0.1,0.035483282059431076
4543,81.7795815623787,0,0,218,0.1,0.08435866236686707
4544,101.28566790138817,0,0,209,0.1,0.03610507771372795
4545,319.0741784440492,0,0,257,0.1,0.07368035614490509
4546,84.4766862022367,0,0,216,0.1,0.03664927929639816
4547,101.18622737968833,0,0,215,0.1,0.07622460275888443
4548,-32.215624237060545,0,0,151,0.1,2.8914060592651367
4549,105.92813410534086,0,0,224,0.1,0.0459238663315773
4550,-35.04570808410644,0,0,160,0.1,2.7239270210266113
4551,209.0706285739739,1,0,202,0.1,0.01028167549520731
4552,103.95852799256778,0,0,222,0.1,0.012113991193473339
4553,118.3156989630077,0,0,220,0.1,0.09448488801717758
4554,139.47087565084436,0,0,222,0.1,0.027775168418884277
4555,118.37125229476516,0,0,220,0.1,0.052254822105169296
4556,108.43237993707397,0,0,205,0.1,0.16936618089675903
4557,75.14889166215923,0,0,213,0.1,0.046220578253269196
4558,82.99380454862984,0,0,218,0.1,0.07677903771400452
4559,-20.41385536193847,0,0,149,0.1,2.715963840484619
4560,108.22868697057041,0,0,249,0.1,0.06458163261413574
4561,185.24166590342787,0,0,229,0.1,0.04157213494181633
4562,210.13124155814313,0,0,249,0.1,0.1253383755683899
4563,122.22937708346667,0,0,220,0.1,0.02445084974169731
4564,92.01081237985314,0,0,211,0.1,0.011615602299571037
4565,69.36184056023626,0,0,227,0.1,0.01712014339864254
4566,154.89704991275934,0,0,280,0.1,0.14495941996574402
4567,75.15212852338823,0,0,212,0.1,0.07935454696416855
4568,136.01722094940516,0,0,248,0.1,0.11372002214193344
4569,364.55595854660004,1,0,255,0.1,0.07806631177663803
4570,281.2546806386623,0,0,245,0.1,0.06657903641462326
4571,115.66290650328136,0,0,228,0.1,0.0276264026761055
4572,129.5148912775007,0,0,223,0.1,0.06941263377666473
4573,64.40952099616197,0,0,233,0.1,0.029416918754577637
4574,88.09876350661254,0,0,210,0.1,0.07798396795988083
4575,65.8236721509185,0,0,213,0.1,0.043481454253196716
4576,85.96134472543866,0,0,243,0.1,0.16733700037002563
4577,151.1993824541059,0,0,231,0.1,0.026578933000564575
4578,73.86340641337004,0,0,215,0.1,0.020735925063490868
4579,114.64177924426767,0,0,208,0.1,0.03652772307395935
4580,196.03497419456508,1,0,210,0.1,0.10369710624217987
4581,145.1747013572839,0,0,242,0.1,0.09353189915418625
4582,110.41258910159145,0,0,223,0.1,0.02736174687743187
4583,112.35889077017579,0,0,222,0.1,0.035251230001449585
4584,187.78698984573154,0,0,234,0.1,0.10972877591848373
4585,307.84756016919897,0,0,272,0.1,0.21980033814907074
4586,63.71429459827508,0,0,229,0.1,0.01820620335638523
4587,91.00464244345696,0,0,227,0.1,0.13734811544418335
4588,-42.212026100158695,0,0,157,0.1,2.120506525039673
4589,-134.56726783752447,0,0,214,0.1,2.5943169593811035
4590,-43.08892795562744,0,0,159,0.1,2.1547319889068604
4591,169.62435030924647,0,0,267,0.1,0.11305151134729385
4592,-455.1334039688105,0,0,295,0.1,2.170850992202759
4593,-141.27287338256832,0,0,238,0.1,2.19821834564209
4594,28.084676270285026,0,0,288,0.1,0.07252046465873718
4595,17.495214142487686,0,0,254,0.1,0.05488726869225502
4596,97.02282505060107,0,0,225,0.1,0.0781329870223999
4597,120.40160346994669,0,0,227,0.1,0.07050594687461853
4598,-210.84946093609008,0,0,285,0.1,0.06879779696464539
4599,-18.01521384478408,0,0,281,0.1,0.2805400788784027
4600,-273.35898048400895,0,0,221,0.1,2.0722451210021973
4601,119.30874284272532,0,0,207,0.1,0.041174307465553284
4602,83.6735689348963,0,0,259,0.1,0.037821248173713684
4603,-448.5951777648922,0,0,258,0.1,1.9937944412231445
4604,-401.1669136818256,0,0,300,0.1,0.49442750215530396
4605,-322.9544892501832,0,0,224,0.1,1.9836223125457764
4606,-150.531051940918,0,0,294,0.1,2.365262985229492
4607,-162.1616509628296,0,0,188,0.1,2.0854127407073975
4608,114.6990123017368,0,0,206,0.1,0.09855612367391586
4609,139.37325306231645,1,0,226,0.1,0.06263331323862076
4610,146.41502123182156,0,0,228,0.1,0.03515738621354103
4611,116.83964029630161,0,0,228,0.1,0.20830602943897247
4612,84.50968997279685,0,0,256,0.1,0.0368833914399147
4613,108.82727890903625,0,0,223,0.1,0.028184369206428528
4614,203.72859962379067,0,0,237,0.1,0.03659234568476677
4615,72.48612512459496,0,0,229,0.1,0.01910979673266411
4616,-20.603765420517476,0,0,240,0.1,0.013186553493142128
4617,113.0944365598772,0,0,210,0.1,0.01601541042327881
4618,259.4908640324088,0,0,241,0.1,0.07433465868234634
4619,188.72761312042803,0,0,230,0.1,0.08601988852024078
4620,107.98853561321768,0,0,219,0.1,0.0640183836221695
4621,81.31090903902918,0,0,203,0.1,0.12212462723255157
4622,109.42460154382032,0,0,208,0.1,0.021560290828347206
4623,139.3998294931043,0,0,225,0.1,0.0076355827040970325
4624,118.41447411922255,0,0,210,0.1,0.15051311254501343
4625,189.7574146244165,0,0,234,0.1,0.06512705236673355
4626,-78.0242666787604,0,0,300,0.1,0.005462301895022392
4627,184.78231472040082,0,0,243,0.1,0.12380833923816681
4628,118.94193714263412,1,0,219,0.1,0.01774541288614273
4629,114.94740418756876,0,0,215,0.1,0.08074454963207245
4630,110.63228823219873,0,0,221,0.1,0.1177067682147026
4631,107.03723394791159,0,0,224,0.1,0.3460180461406708
4632,249.0614113757151,0,0,245,0.1,0.14417631924152374
4633,305.4203692146156,0,0,266,0.1,0.19821102917194366
4634,106.81422858139015,0,0,218,0.1,0.10158225148916245
4635,123.65223460694293,0,0,217,0.1,0.06962933391332626
4636,130.5630770630155,0,0,207,0.1,0.07909867912530899
4637,310.5400004823271,0,0,249,0.1,0.005520706996321678
4638,345.40330630899876,0,0,267,0.1,0.030000146478414536
4639,130.8482513157044,0,0,229,0.1,0.014362312853336334
4640,135.57073721250038,0,0,211,0.1,0.12393903732299805
4641,120.87663632949332,0,0,218,0.1,0.05591053515672684
4642,172.75448216339086,0,0,234,0.1,0.04792845994234085
4643,138.56207899746934,0,0,219,0.1,0.011658945120871067
4644,178.23972946544623,0,0,234,0.1,0.05452834814786911
4645,140.5175019358609,0,0,217,0.1,0.14492753148078918
4646,110.19481734564044,0,0,210,0.1,0.02727406471967697
4647,147.09071365793682,0,0,212,0.1,0.04236596077680588
4648,261.1662948839875,0,0,237,0.1,0.07780416309833527
4649,128.5036768645186,0,0,224,0.1,0.0038593518547713757
4650,129.4590866359834,0,0,211,0.1,0.009493355639278889
4651,122.96639870842438,0,0,203,0.1,0.07115361094474792
4652,117.99201838334538,0,0,218,0.1,0.10919219255447388
4653,193.6382946451518,0,0,212,0.1,0.05522100627422333
4654,143.63067378311865,0,0,224,0.1,0.09617365151643753
4655,90.42060540725923,0,0,213,0.1,0.1524093598127365
4656,194.5610466327655,0,0,230,0.1,0.09444461017847061
4657,135.36870924704226,0,0,217,0.1,0.047806866466999054
4658,365.4491902263975,0,0,249,0.1,0.11219712346792221
4659,99.11086484064795,0,0,208,0.1,0.01985010877251625
4660,208.182923213667,0,0,235,0.1,0.01734716072678566
4661,103.43823645529784,0,0,221,0.1,0.0363716296851635
4662,83.36044544336829,0,0,216,0.1,0.03689767047762871
4663,112.34412415792681,0,0,212,0.1,0.008068750612437725
4664,123.36687110891083,0,0,214,0.1,0.09663156419992447
4665,96.90197206442689,0,0,219,0.1,0.054162248969078064
4666,120.88965243083877,0,0,202,0.1,0.016478784382343292
4667,108.12475598712898,0,0,217,0.1,0.06672292947769165
4668,89.0139284485437,0,0,213,0.1,0.006288198754191399
4669,119.5013754435394,0,0,221,0.1,0.07124371081590652
4670,155.67556611885763,0,0,227,0.1,0.03402988240122795
4671,174.89974926163885,0,0,233,0.1,0.04759244620800018
4672,405.5640740709521,0,0,268,0.1,0.020806634798645973
4673,89.5666642562065,0,0,216,0.1,0.07049879431724548
4674,3.18171141793462,0,0,213,0.1,0.10440521687269211
4675,113.83720128422118,0,0,217,0.1,0.06451964378356934
4676,127.17636056491624,0,0,220,0.1,0.006305084563791752
4677,108.58957813417057,0,0,210,0.1,0.03446940332651138
4678,115.72559427087644,0,0,235,0.1,0.019744625315070152
4679,101.5205851135168,0,0,208,0.1,0.07664252072572708
4680,177.9102522136781,0,0,226,0.1,0.046340975910425186
4681,125.15307129254082,0,0,221,0.1,0.0596579946577549
4682,105.89223162283636,0,0,213,0.1,0.02012224681675434
4683,117.37369700004794,0,0,212,0.1,0.06436941772699356
4684,250.44319644471128,0,0,261,0.1,0.12304584681987762
4685,154.15784033914545,0,0,227,0.1,0.09709934890270233
4686,87.83164598484967,0,0,224,0.1,0.02129107527434826
4687,109.11154610594251,0,0,223,0.1,0.08387158066034317
4688,212.45012340237824,0,0,254,0.1,0.13557693362236023
4689,125.95862936472041,0,0,236,0.1,0.02974911592900753
4690,289.01076540519927,0,0,247,0.1,0.010348426178097725
4691,131.77251908083898,0,0,200,0.1,0.04275408387184143
4692,117.79076434341708,0,0,209,0.1,0.015506673604249954
4693,104.98619103824235,0,0,204,0.1,0.013974543660879135
4694,115.7441023229573,0,0,211,0.1,0.12113464623689651
4695,175.99638300043975,0,0,230,0.1,0.04614228382706642
4696,99.60011324306463,0,0,208,0.1,0.049062665551900864
4697,170.6077553448591,0,0,227,0.1,0.01804237812757492
4698,87.75110003789409,0,0,300,0.1,0.005022559314966202
4699,103.34122437601424,0,0,225,0.1,0.02806767262518406
4700,177.58843005528183,0,0,230,0.1,0.03924829512834549
4701,200.12176974823205,0,0,240,0.1,0.025074923411011696
4702,220.51412404363478,0,0,242,0.1,0.12427619099617004
4703,131.27046870028116,0,0,222,0.1,0.03334258869290352
4704,135.3943229930613,0,0,225,0.1,0.028219303116202354
4705,191.3211456354472,0,0,237,0.1,0.13014763593673706
4706,119.68572747801878,0,0,229,0.1,0.04764612391591072
4707,122.25040432741382,0,0,223,0.1,0.10295221209526062
4708,216.66632177045076,0,0,228,0.1,0.12002364546060562
4709,123.81993754406908,0,0,224,0.1,0.11460006237030029
4710,185.28526761492222,0,0,250,0.1,0.1957436054944992
4711,116.3615184130285,0,0,214,0.1,0.10677629709243774
4712,111.94377194715179,0,0,224,0.1,0.10451675951480865
4713,209.72355918308227,0,0,225,0.1,0.17771613597869873
4714,192.15462865462035,0,0,231,0.1,0.040630556643009186
4715,229.4327492180976,0,0,245,0.1,0.015498676337301731
4716,111.36022955169418,0,0,213,0.1,0.04029422625899315
4717,191.28666415666672,0,0,235,0.1,0.07800843566656113
4718,110.57532717382053,0,0,207,0.1,0.02197309397161007
4719,99.05129978110527,0,0,229,0.1,0.04197080433368683
4720,149.86987794948257,0,0,220,0.1,0.0631895512342453
4721,113.16649387618043,0,0,209,0.1,0.07554967701435089
4722,176.94864102517695,0,0,222,0.1,0.0986284613609314
4723,209.73784203370542,0,0,219,0.1,0.12170108407735825
4724,94.44543712337946,0,0,224,0.1,0.012231055647134781
4725,124.59442838312576,0,0,216,0.1,0.04275467246770859
4726,210.52821222735076,0,0,248,0.1,0.01293522585183382
4727,189.86696829353897,0,0,229,0.1,0.03998268023133278
4728,125.08721724895277,0,0,221,0.1,0.013600190170109272
4729,115.41628036042191,0,0,213,0.1,0.008289366960525513
4730,142.92142891639358,0,0,233,0.1,0.052622612565755844
4731,87.48649567743276,0,0,230,0.1,0.07831455767154694
4732,118.6370761098478,0,0,215,0.1,0.027048418298363686
4733,103.86070750420427,0,0,211,0.1,0.04558919370174408
4734,189.5755343033883,0,0,230,0.1,0.141092911362648
4735,267.811465633786,0,0,248,0.1,0.04665110632777214
4736,186.38390903604656,0,0,238,0.1,0.16462354362010956
4737,210.34690177922576,0,0,224,0.1,0.055367276072502136
4738,94.9012042065475,0,0,218,0.1,0.0758327767252922
4739,110.84972224732378,0,0,207,0.1,0.08120526373386383
4740,304.4267661418531,0,0,257,0.1,0.032186318188905716
4741,207.23667799984543,0,0,224,0.1,0.1279948353767395
4742,113.68776264314987,0,0,220,0.1,0.029010025784373283
4743,143.62361708988882,0,0,213,0.1,0.0753137618303299
4744,122.81425911506155,0,0,215,0.1,0.03138145059347153
4745,126.29668641274311,0,0,217,0.1,0.05042660981416702
4746,206.80477793013185,0,0,236,0.1,0.0801023617386818
4747,279.7354466553542,0,0,261,0.1,0.14620345830917358
4748,266.12864637543885,0,0,249,0.1,0.06555021554231644
4749,114.86857835208514,0,0,218,0.1,0.06255083531141281
4750,-36.582380379446306,0,0,258,0.1,0.38888680934906006
4751,-124.06630990107988,0,0,266,0.1,1.146776556968689
4752,94.22727229794,0,0,222,0.1,0.04230865463614464
4753,-171.48905876159665,0,1,215,0.1,1.73976469039917
4754,197.50395399247734,0,0,225,0.1,0.33010414242744446
4755,163.54324837525817,0,0,234,0.1,0.022906623780727386
4756,103.17843915407991,0,0,219,0.1,0.04391852393746376
4757,105.23020056252814,0,0,220,0.1,0.041298866271972656
4758,92.42977705349666,0,0,218,0.1,0.0911363884806633
4759,-16.42057907978562,0,0,186,0.1,1.1374456882476807
4760,127.12983459075431,0,0,211,0.1,0.03047679364681244
4761,209.02252131660907,0,0,223,0.1,0.0459480918943882
4762,115.12844321509338,0,0,214,0.1,0.06822779774665833
4763,121.7124986160312,0,0,232,0.1,0.0626010075211525
4764,-102.49434672912095,0,0,266,0.1,0.9131213426589966
4765,128.47986644943694,0,0,206,0.1,0.04980204254388809
4766,197.81786775221553,0,0,232,0.1,0.05350391939282417
4767,110.22932341983056,0,0,223,0.1,0.03771655261516571
4768,167.23619028364752,0,0,230,0.1,0.1678607165813446
4769,110.7531775887821,0,0,216,0.1,0.07217971980571747
4770,119.665498033515,0,0,220,0.1,0.07453285157680511
4771,100.5460155053202,0,0,219,0.1,0.039106063544750214
4772,-11.176052887447645,0,0,276,0.1,0.42992448806762695
4773,155.68354389584766,0,0,225,0.1,0.07296770066022873
4774,114.83691192080714,0,0,229,0.1,0.0614621639251709
4775,394.44790372734445,0,0,270,0.1,0.03071042150259018
4776,-72.11948819638091,0,0,296,0.1,0.7785665392875671
4777,99.30991744210456,0,0,214,0.1,0.03515946865081787
4778,135.3646753275905,0,0,216,0.1,0.0389278382062912
4779,152.04852869843577,0,0,215,0.1,0.09626344591379166
4780,130.35975557108858,0,0,212,0.1,0.030163511633872986
4781,213.67302972910431,0,0,252,0.1,0.05938701704144478
4782,245.660701529966,1,0,220,0.1,0.007323819678276777
4783,156.46397687999044,0,0,236,0.1,0.012849424965679646
4784,-63.011843242645234,0,0,210,0.1,1.180460810661316
4785,113.58772053500152,0,0,217,0.1,0.13271233439445496
4786,109.78604029094316,0,0,222,0.1,0.03377470001578331
4787,159.96931381081674,0,0,225,0.1,0.023501137271523476
4788,152.23949981530643,0,0,227,0.1,0.13787277042865753
4789,119.3705781599272,0,0,232,0.1,0.04560082033276558
4790,125.32575679545741,0,0,216,0.1,0.07027434557676315
4791,127.45768003304939,0,0,210,0.1,0.07764168828725815
4792,125.80331880500057,0,0,214,0.1,0.07399173080921173
4793,164.19489070062977,0,0,229,0.1,0.02152450755238533
4794,104.59279481371381,0,0,218,0.1,0.02942020446062088
4795,123.5138879360769,0,0,218,0.1,0.09549691528081894
4796,183.0027209663901,0,0,237,0.1,0.038514457643032074
4797,129.7538651364062,0,0,221,0.1,0.05349142476916313
4798,220.63074643006055,0,0,245,0.1,0.04823916032910347
4799,123.24822076608875,0,0,223,0.1,0.03938192129135132
4800,179.23143688132495,0,0,229,0.1,0.23178887367248535
4801,172.75264751662945,0,0,219,0.1,0.08416227996349335
4802,91.01393444695958,0,0,214,0.1,0.014978610910475254
4803,126.20562351336221,0,0,228,0.1,0.06739406287670135
4804,129.46143320625166,0,0,214,0.1,0.007879311218857765
4805,136.6657166359339,0,0,206,0.1,0.024058634415268898
4806,140.4873084548196,0,0,222,0.1,0.07070985436439514
4807,177.90177081585722,0,0,231,0.1,0.2631118595600128
4808,125.1618718516003,0,0,258,0.1,0.09322760999202728
4809,133.43771347285113,0,0,224,0.1,0.3157322406768799
4810,108.58343090058169,0,0,216,0.1,0.13549713790416718
4811,203.95735195939866,0,0,232,0.1,0.050304923206567764
4812,114.05358191550575,0,0,222,0.1,0.15775421261787415
4813,118.80095752202772,0,0,223,0.1,0.052218422293663025
4814,129.38349881792888,0,0,216,0.1,0.0010168665321543813
4815,283.1339132386525,0,0,272,0.1,0.14801335334777832
4816,172.50499113558934,0,0,237,0.1,0.3357572853565216
4817,187.204636065952,0,0,257,0.1,0.2386549711227417
4818,194.3696668709207,0,0,228,0.1,0.10067722946405411
4819,109.25856798171212,0,0,228,0.1,0.24642615020275116
4820,43.23503941895929,0,0,208,0.1,0.01558291632682085
4821,-64.96738340457412,0,0,248,0.1,0.9220449328422546
4822,95.77794060229469,0,0,214,0.1,0.3740304708480835
4823,299.9906808632535,0,0,277,0.1,0.053103018552064896
4824,-42.51569503784174,0,0,185,0.1,1.0189237594604492
4825,182.81823407172362,0,0,253,0.1,0.21971198916435242
4826,133.2294981834214,1,0,199,0.1,0.2497342824935913
4827,113.01675281523872,0,0,245,0.1,0.30682578682899475
4828,113.80978630899598,0,0,223,0.1,0.21342407166957855
4829,79.9944209861677,0,0,277,0.1,0.27138569951057434
4830,101.1278869426172,0,0,233,0.1,0.435339093208313
4831,245.17577647327582,0,0,261,0.1,0.14940884709358215
4832,260.13932059518197,0,0,270,0.1,0.004417599178850651
4833,170.03100043296024,0,0,252,0.1,0.20570068061351776
4834,182.96012179746432,1,0,207,0.1,0.26657724380493164
4835,-40.81279139400309,0,0,270,0.1,0.3482224643230438
4836,-16.12950853347775,0,0,192,0.1,0.07880346477031708
4837,-32.96421948432921,0,0,207,0.1,0.5760548710823059
4838,35.311942939750395,0,0,235,0.1,0.4042759835720062
4839,80.86467749594853,0,0,217,0.1,0.22093547880649567
4840,141.3520553255003,1,0,261,0.1,0.32038119435310364
4841,-4.301089701661396,0,0,296,0.1,0.21164993941783905
4842,-45.23855338811871,0,0,217,0.1,0.40715640783309937
4843,154.15561919688398,1,0,202,0.1,0.24997879564762115
4844,-18.894781069755556,0,0,212,0.1,0.50589519739151
4845,-20.99071619272232,0,0,239,0.1,0.45624884963035583
4846,157.2887737059514,1,0,206,0.1,0.34134194254875183
4847,158.12169476031465,1,0,242,0.1,0.2535969316959381
4848,-2.51282850980759,0,0,202,0.1,0.33273470401763916
4849,-10.732283097505556,0,0,218,0.1,0.23633605241775513
4850,-18.01136318206787,0,0,202,0.1,0.4898154139518738
4851,176.21013080834547,1,0,227,0.1,0.1145724430680275
4852,182.66484485506226,1,0,211,0.1,0.0913291797041893
4853,-4.542900159358983,0,0,199,0.1,0.29636257886886597
4854,0.42297208428383726,0,0,199,0.1,0.19605803489685059
4855,201.94503847955872,0,0,264,0.1,0.16789023578166962
4856,-94.076117620468,0,0,244,0.1,0.6165294051170349
4857,-43.52313420772552,0,0,300,0.1,0.41023001074790955
4858,89.77789943098236,0,0,270,0.1,0.13770723342895508
4859,-103.19707918167103,0,0,258,0.1,0.3945804238319397
4860,154.36147581457305,1,0,199,0.1,0.08957116305828094
4861,-2.68623601317405,0,0,200,0.1,0.1626603901386261
4862,-64.91883370399462,0,0,213,0.1,0.7372084259986877
4863,-99.61289152145372,0,0,226,0.1,0.6932228803634644
4864,-45.64280794143663,0,0,207,0.1,0.5660035610198975
4865,112.94707556544948,0,0,215,0.1,0.10564754158258438
4866,-50.63820231437671,0,0,210,0.1,0.6895505785942078
4867,319.36179648219775,0,0,300,0.1,0.10568298399448395
4868,98.22433489287764,0,0,215,0.1,0.023538680747151375
4869,-79.33995917320246,0,0,249,0.1,0.8274897933006287
4870,-62.694634704589724,0,0,261,0.1,0.4352036416530609
4871,-90.76207719802854,0,0,253,0.1,0.9130192995071411
4872,146.30777040719994,1,0,202,0.1,0.13020232319831848
4873,-147.55242649078338,0,0,300,0.1,0.5356066226959229
4874,78.11583349823158,0,0,294,0.1,0.12764257192611694
4875,-81.05553375244132,0,0,247,0.1,0.6113834381103516
4876,-68.69722843170156,0,0,232,0.1,0.674307107925415
4877,155.944381517462,1,0,193,0.1,0.06518121808767319
4878,48.32368594843095,0,0,283,0.1,0.006164607126265764
4879,302.28465406238246,0,0,280,0.1,0.04933455213904381
4880,155.09789900898153,1,0,193,0.1,0.17429819703102112
4881,144.39450109838654,1,0,192,0.1,0.22730249166488647
4882,-18.831831598289575,0,0,300,0.1,0.1753234714269638
4883,76.67813741802388,0,0,211,0.1,0.03742750734090805
4884,108.13030943154509,0,0,217,0.1,0.08732689917087555
4885,173.02920395611932,0,0,233,0.1,0.1505753993988037
4886,-87.3483156879756,0,0,300,0.1,2.592278003692627
4887,114.56308271168878,0,0,203,0.1,0.38111627101898193
4888,94.82484603165797,0,0,227,0.1,0.12053316831588745
4889,188.51618954925937,1,0,203,0.1,0.06557410955429077
4890,-32.04618832112144,0,0,190,0.1,0.6952415704727173
4891,-42.548563980452144,0,0,229,0.1,0.08390279859304428
4892,86.56952229499028,0,0,227,0.1,0.16706861555576324
4893,-27.743129224188976,0,0,264,0.1,0.04150047525763512
4894,156.43513458727998,1,0,174,0.1,0.3381147086620331
4895,125.07743652223768,0,0,231,0.1,0.09725303202867508
4896,-64.31986000523754,0,0,275,0.1,0.037977736443281174
4897,186.42386490582638,0,0,229,0.1,0.1473531275987625
4898,149.93530554055377,1,0,185,0.1,0.3258548974990845
4899,-144.752961473465,0,0,264,0.1,0.9182403683662415
4900,105.49244880064536,0,0,206,0.1,0.0653441995382309
4901,-4.365119661696601,0,0,282,0.1,0.1737634241580963
4902,175.97138073980022,0,0,248,0.1,0.06855334341526031
4903,145.67397082328014,1,0,175,0.1,0.15208831429481506
4904,99.14107637802631,0,0,221,0.1,0.12496797740459442
4905,115.80556024789027,1,0,178,0.1,0.31600651144981384
4906,107.74555348633933,0,0,196,0.1,0.3119827210903168
4907,-84.72923178752394,0,0,221,0.1,2.630007028579712
4908,179.21056045129103,1,0,195,0.1,0.027197832241654396
4909,-131.79153571208445,0,0,271,0.1,2.8580830097198486
4910,176.7784546661298,1,0,176,0.1,0.30797797441482544
4911,-65.61810365160432,0,0,223,0.1,0.05760548636317253
4912,63.07354823588533,0,0,209,0.1,0.14894606173038483
4913,123.58569309293439,0,0,208,0.1,0.10723424702882767
4914,106.99031011285753,0,0,243,0.1,0.04695781320333481
4915,156.53566601275605,1,0,190,0.1,0.1528770923614502
4916,175.80350138782663,1,0,184,0.1,0.11802715063095093
4917,152.89391450404332,1,0,180,0.1,0.21972234547138214
4918,148.27794797181292,1,0,178,0.1,0.24063071608543396
4919,103.87919187604598,0,0,198,0.1,0.10284170508384705
4920,141.7815384788733,1,0,185,0.1,0.0596533864736557
4921,242.7137367963712,1,0,205,0.1,0.3125072121620178
4922,73.10431957244093,0,0,227,0.1,0.04742416739463806
4923,109.37465334533869,0,0,215,0.1,0.10080353915691376
4924,178.12571282125216,1,0,194,0.1,0.010124349035322666
4925,93.32178951660666,0,0,234,0.1,0.07422994077205658
4926,140.4092260862377,1,0,211,0.1,0.02372395619750023
4927,143.22857425629306,0,0,208,0.1,0.052367981523275375
4928,168.8568861198346,1,0,205,0.1,0.05009777471423149
4929,118.48714728175807,0,0,238,0.1,0.06190522015094757
4930,105.50966804812226,0,0,226,0.1,0.06965066492557526
4931,314.7103290910509,1,0,243,0.1,0.01145376730710268
4932,134.8673330317359,0,0,222,0.1,0.06639150530099869
4933,-12.644541908502571,0,0,211,0.1,0.1338111311197281
4934,97.26196134223746,0,0,211,0.1,0.023571684956550598
4935,65.77221929065091,0,0,209,0.1,0.021161403506994247
4936,22.05735382392212,0,0,200,0.1,0.019468627870082855
4937,29.761293342552626,0,0,213,0.1,0.0288047157227993
4938,170.09601987361114,1,0,181,0.1,0.1984032392501831
4939,147.54245230644156,1,0,198,0.1,0.023660976439714432
4940,70.75447744483618,0,0,210,0.1,0.022444365546107292
4941,96.92533417523991,0,0,204,0.1,0.009516232647001743
4942,167.16792957722356,0,0,213,0.1,0.14726397395133972
4943,-252.62053026467066,0,0,287,0.1,0.02649342268705368
4944,-38.857119551500965,0,0,237,0.1,0.12781082093715668
4945,88.83900016645465,0,0,263,0.1,0.0515051931142807
4946,169.9937540054242,1,0,200,0.1,0.1700989305973053
4947,164.06948493401075,1,0,211,0.1,0.205033540725708
4948,186.69756915315196,1,0,197,0.1,0.020177137106657028
4949,182.36069623618522,0,0,225,0.1,0.023707078769803047
4950,122.92150341718605,0,0,223,0.1,0.07934246957302094
4951,173.11182682029113,1,0,199,0.1,0.024282734841108322
4952,-238.69014837424237,0,0,154,0.1,4.162935256958008
4953,-50.36363453785451,0,0,143,0.1,5.230709552764893
4954,38.3542484786596,0,0,265,0.1,0.03572782501578331
4955,-31.550771454968714,0,0,68,0.1,6.769993782043457
4956,-21.26576641956833,0,0,66,0.1,6.183742523193359
4957,181.95556687711877,1,0,182,0.1,0.25549113750457764
4958,119.96627515544633,0,0,216,0.1,0.0479213148355484
4959,74.47359965740844,0,0,197,0.1,0.02631993032991886
4960,16.348738597039546,0,0,259,0.1,0.07260572165250778
4961,221.77326685442733,1,0,230,0.1,0.029311425983905792
4962,217.36840420027707,0,0,245,0.1,0.1597222238779068
4963,122.6829236335073,0,0,229,0.1,0.0453781932592392
4964,84.39063641746975,0,0,217,0.1,0.0856766328215599
4965,86.48100681712368,0,0,217,0.1,0.11737935990095139
4966,132.23967077254463,0,0,213,0.1,0.04417940601706505
4967,111.97850538755914,0,0,215,0.1,0.012625700794160366
4968,-77.54551292419438,0,0,107,0.1,6.946378231048584
4969,89.0445262970541,0,0,215,0.1,0.048530496656894684
4970,196.44371382733314,0,0,261,0.1,0.05664447695016861
4971,125.711268863282,0,0,236,0.1,0.15529686212539673
4972,231.71092205101127,0,0,246,0.1,0.3441859781742096
4973,364.0301645739886,1,0,247,0.1,0.0424543172121048
4974,123.69977914547069,0,0,225,0.1,0.0516790896654129
4975,72.84066227873302,0,0,234,0.1,0.22962307929992676
4976,107.60217954134092,0,0,223,0.1,0.07314475625753403
4977,101.8802234323833,0,0,218,0.1,0.03717958182096481
4978,84.98910110285027,0,0,220,0.1,0.04537542536854744
4979,98.15589089547734,0,0,238,0.1,0.04271765798330307
4980,179.16149719019862,0,0,246,0.1,0.08468928188085556
4981,94.284913905761,0,0,220,0.1,0.1727825552225113
4982,89.32819929619777,0,0,226,0.1,0.09175092726945877
4983,136.16949200888624,0,0,225,0.1,0.10586615651845932
4984,42.753241121671,0,0,220,0.1,0.03935019671916962
4985,91.83154117723443,0,0,212,0.1,0.04662295803427696
4986,132.51552614276753,0,0,228,0.1,0.07377263903617859
4987,80.32874036311317,0,0,262,0.1,0.20229408144950867
4988,218.56195173730578,0,0,238,0.1,0.05765872448682785
4989,83.04678378065567,0,0,226,0.1,0.10112141072750092
4990,126.46689055433013,0,0,216,0.1,0.02843596041202545
4991,100.93746717741227,0,0,218,0.1,0.012050486169755459
4992,106.78643942316508,0,0,228,0.1,0.07984486222267151
4993,86.88299620886787,0,0,230,0.1,0.11546451598405838
4994,216.5430178589138,0,0,228,0.1,0.02478410117328167
4995,146.6986347522353,0,0,254,0.1,0.19937601685523987
4996,373.009190535783,0,0,273,0.1,0.15331000089645386
4997,142.9090839391712,0,0,213,0.1,0.06499195098876953
4998,55.533959719440695,0,0,219,0.1,0.034729551523923874
4999,104.71939085831389,0,0,227,0.1,0.03710450604557991
