episode,reward,success,collision,steps,epsilon,final_distance
0,-85.39377265930172,0,0,204,0.999,7.2709431648254395
1,-59.64665756225584,0,0,151,0.998001,6.824164390563965
2,-51.455976867675744,0,0,125,0.997002999,7.701494216918945
3,-42.94534301757811,0,0,81,0.996005996001,7.798835754394531
4,-65.03716278076172,0,0,97,0.995009990004999,7.57179069519043
5,-329.14088714599615,0,1,79,0.994014980014994,8.502721786499023
6,-56.25426559448241,0,0,138,0.993020965034979,6.9260663986206055
7,-71.09121986389161,0,0,180,0.9920279440699441,7.0328049659729
8,-55.811166076660164,0,0,84,0.9910359161258742,7.445291519165039
9,-83.15592018127444,0,0,200,0.9900448802097482,7.3114800453186035
10,-57.03019198497265,0,0,166,0.9890548353295385,7.1702470779418945
11,-56.56588737487792,0,0,80,0.988065780494209,7.848971843719482
12,-67.70653411865234,0,0,87,0.9870777147137147,8.059133529663086
13,-58.954892272949216,0,0,127,0.986090636999001,7.833723068237305
14,-47.335504379272436,0,0,101,0.9851045463620021,7.686376094818115
15,-66.17839884837599,0,0,80,0.98411944181564,7.729798793792725
16,-45.80172546386716,0,0,88,0.9831353223738244,7.680431365966797
17,-53.24154045104978,0,0,97,0.9821521870514506,7.680385112762451
18,-45.06017582813766,0,0,85,0.9811700348643991,7.409844875335693
19,-48.81167846679685,0,0,85,0.9801888648295347,7.625419616699219
20,-82.54378288269037,0,0,300,0.9792086759647052,5.590945720672607
21,-65.96865776062013,0,0,84,0.9782294672887405,7.609664440155029
22,-56.865573624768516,0,0,80,0.9772512378214517,7.911194324493408
23,-90.59276542663574,0,0,90,0.9762739865836303,7.9356913566589355
24,-57.87935485839843,0,0,120,0.9752977125970467,7.432338714599609
25,-51.696395492553705,0,0,86,0.9743224148844496,7.461598873138428
26,-66.68429664611816,0,0,128,0.9733480924695651,7.973574161529541
27,-51.283512649536114,0,0,116,0.9723747443770956,7.055878162384033
28,-72.25641696055865,0,0,181,0.9714023696327185,7.144303321838379
29,-59.87289749145508,0,0,95,0.9704309672630859,7.7532243728637695
30,-53.067019882202146,0,0,107,0.9694605362958227,7.594254970550537
31,-65.56026939392089,0,0,161,0.9684910757595269,6.630067348480225
32,-68.89788406372071,0,0,172,0.9675225846837673,7.054471015930176
33,-74.56153671264649,0,0,184,0.9665550620990835,6.722884178161621
34,-44.537932662963854,0,0,95,0.9655885070369844,7.376983165740967
35,-75.42531707763675,0,0,183,0.9646229185299474,7.28632926940918
36,-51.50801818847655,0,0,126,0.9636582956114175,7.019504547119141
37,-92.39034255981441,0,0,300,0.9626946373158061,6.762585639953613
38,-93.72295254627728,0,0,256,0.9617319426784903,6.8230390548706055
39,-74.6625824737549,0,0,300,0.9607702107358118,5.520645618438721
40,-89.23943946838382,0,0,221,0.959809440525076,6.877359867095947
41,-107.49993621826168,0,0,81,0.9588496310845509,8.09498405456543
42,-93.82292129516591,0,0,300,0.9578907814534664,6.200730323791504
43,-66.16638648986815,0,0,165,0.9569328906720129,7.196596622467041
44,-102.41048248291011,0,0,263,0.9559759577813409,6.270120620727539
45,-95.99715019226075,0,0,234,0.9550199818235596,6.9967875480651855
46,-76.3496102142334,0,0,137,0.9540649618417361,7.55490255355835
47,-92.48920242309563,0,0,300,0.9531108968798944,6.954800605773926
48,-44.368895081677685,0,0,85,0.9521577859830145,7.462024688720703
49,-75.68197769165042,0,0,194,0.9512056281970315,7.310494422912598
50,-81.56252807617184,0,0,300,0.9502544225688344,6.655632019042969
51,-107.95085083007808,0,0,300,0.9493041681462656,5.460212707519531
52,-95.2859180450439,0,0,207,0.9483548639781193,7.058979511260986
53,-110.41880043029781,0,0,278,0.9474065091141411,6.209700107574463
54,-83.94961799621584,0,0,228,0.946459102605027,6.077404499053955
55,-104.8133413696289,0,0,105,0.9455126435024219,8.143335342407227
56,-98.37748344421384,0,0,261,0.9445671308589195,6.949370861053467
57,-51.731865844726556,0,0,86,0.9436225637280606,7.755466461181641
58,-69.24664390563966,0,0,162,0.9426789411643326,7.341660976409912
59,-81.83697227478025,0,0,300,0.9417362622231683,6.074243068695068
60,-44.87062911987303,0,0,98,0.9407945259609451,7.392657279968262
61,-81.26291313171387,0,0,198,0.9398537314349842,7.028228282928467
62,-47.02402702331542,0,0,90,0.9389138777035492,7.653506755828857
63,-64.045203781128,0,0,224,0.9379749638258457,6.923800945281982
64,-36.32726882934569,0,0,142,0.9370369888620198,7.271817207336426
65,-82.04188415527344,0,0,192,0.9360999518731578,7.017971038818359
66,-60.75580879211422,0,0,155,0.9351638519212846,6.6989521980285645
67,-78.55136421203609,0,0,300,0.9342286880693633,5.630341053009033
68,-52.28845172008009,0,0,126,0.933294459381294,7.11981201171875
69,-83.52505302429198,0,0,300,0.9323611649219127,6.756263256072998
70,-92.760436706543,0,0,272,0.9314288037569908,7.270109176635742
71,-73.68321090698238,0,0,179,0.9304973749532338,7.0308027267456055
72,-103.49345092773433,0,0,276,0.9295668775782806,6.735862731933594
73,-53.91841522216796,0,0,115,0.9286373107007023,7.752103805541992
74,-66.9748471069336,0,0,130,0.9277086733900016,7.486211776733398
75,-58.77307922363278,0,0,131,0.9267809647166116,6.863269805908203
76,-50.12344047546385,0,0,85,0.925854183751895,7.850860118865967
77,-78.93727516174313,0,0,300,0.9249283295681431,5.236818790435791
78,-78.97239486694333,0,0,300,0.9240034012385749,6.26309871673584
79,-60.71225303649899,0,0,123,0.9230793978373364,7.568063259124756
80,-42.38086204528807,0,0,129,0.9221563184394991,7.3327155113220215
81,-36.53374984741209,0,0,125,0.9212341621210596,7.438437461853027
82,-90.03333439747361,0,0,219,0.9203129279589385,7.035634517669678
83,-94.7837571716308,0,0,243,0.9193926150309796,6.893439292907715
84,-56.71815655628708,0,0,126,0.9184732224159486,7.436840057373047
85,-75.74366752624516,0,0,178,0.9175547491935327,7.080916881561279
86,-49.48994038502242,0,0,87,0.9166371944443392,7.879786014556885
87,-90.80648872375491,0,0,199,0.9157205572498949,7.084122180938721
88,-49.27586224476363,0,0,106,0.914804836692645,7.3762664794921875
89,-62.17723274230957,0,0,122,0.9138900318559524,7.544308185577393
90,-47.36765533447264,0,0,87,0.9129761418240965,7.576913833618164
91,-62.011716584363285,0,0,149,0.9120631656822724,7.57273006439209
92,-63.314052247205055,0,0,144,0.9111511025165902,7.355813980102539
93,-45.04798912048338,0,0,96,0.9102399514140735,7.32699728012085
94,-60.57398262023927,0,0,80,0.9093297114626595,7.5434956550598145
95,-47.666684159436485,0,0,102,0.9084203817511969,7.2289719581604
96,-82.2863293162969,0,0,208,0.9075119613694457,6.936383247375488
97,-97.55636924743646,0,0,278,0.9066044494080763,6.279092311859131
98,-63.67369102478027,0,0,146,0.9056978449586682,6.920922756195068
99,-92.65920013427734,0,0,300,0.9047921471137096,6.554800033569336
100,-76.8838512420654,0,0,300,0.9038873549665959,5.670962810516357
101,-73.3623624420166,0,0,135,0.9029834676116293,7.63809061050415
102,-97.09445091247561,0,0,247,0.9020804841440176,6.9711127281188965
103,-90.34304473876956,0,0,249,0.9011784036598737,7.028261184692383
104,-121.78179908752438,0,0,300,0.9002772252562138,4.9429497718811035
105,-80.68142956654104,0,0,300,0.8993769480309576,5.875158309936523
106,-56.16497467041013,0,0,123,0.8984775710829266,7.233743667602539
107,-91.15687843322743,0,0,300,0.8975790935118436,6.486719608306885
108,-80.28314811706542,0,0,221,0.8966815144183318,6.365787029266357
109,-102.77587112426751,0,0,268,0.8957848329039134,6.6089677810668945
110,-171.25255737304693,0,0,300,0.8948890480710096,4.913139343261719
111,-79.07348968505859,0,0,173,0.8939941590229386,6.638372421264648
112,-58.795486602783186,0,0,81,0.8931001648639156,7.971371650695801
113,-99.8754423522949,0,0,300,0.8922070646990518,6.1338605880737305
114,-84.52638839721682,0,0,300,0.8913148576343527,5.384097099304199
115,-49.99283279418944,0,0,85,0.8904235427767183,7.463208198547363
116,-81.36617218017577,0,0,194,0.8895331192339416,6.689043045043945
117,-82.19357246398924,0,0,300,0.8886435861147077,6.3758931159973145
118,-84.32796455383291,0,0,300,0.887754942528593,5.266991138458252
119,-82.51063705444334,0,0,300,0.8868671875860644,6.25015926361084
120,-89.39747360229482,0,0,300,0.8859803203984784,6.2168684005737305
121,-88.63541442871093,0,0,300,0.88509434007808,5.516353607177734
122,-82.20404823303221,0,0,300,0.8842092457380019,5.593512058258057
123,-95.49486701965324,0,0,247,0.8833250364922639,6.64121675491333
124,-70.96041488647464,0,0,152,0.8824417114557717,7.427603721618652
125,-91.36217437744142,0,0,284,0.8815592697443159,6.438043594360352
126,-98.13833442687991,0,0,300,0.8806777104745716,5.119583606719971
127,-79.11776885986323,0,0,300,0.8797970327640969,6.31694221496582
128,-90.83023002624505,0,0,300,0.8789172357313328,5.200057506561279
129,-82.07375335693347,0,0,300,0.8780383184956015,5.580938339233398
130,-81.39053039550778,0,0,300,0.8771602801771059,5.897632598876953
131,-105.17621185302731,0,0,295,0.8762831198969288,6.039052963256836
132,-62.564758529663074,0,0,134,0.8754068367770318,7.5186896324157715
133,-78.78359336853028,0,0,81,0.8745314299402548,7.958398342132568
134,-69.33837913513185,0,0,156,0.8736568985103146,7.587094783782959
135,-79.86935943603518,0,0,211,0.8727832416118043,5.544839859008789
136,-49.986215362548805,0,0,109,0.8719104583701925,7.306553840637207
137,-156.42655487060551,0,0,300,0.8710385479118223,4.869138717651367
138,-89.6565939331055,0,0,250,0.8701675093639105,6.066648483276367
139,-95.01123413085938,0,0,253,0.8692973418545467,6.730308532714844
140,-79.96075210571286,0,0,300,0.8684280445126921,5.340188026428223
141,-94.55313850402825,0,0,300,0.8675596164681794,6.44828462600708
142,-88.15984275817867,0,0,300,0.8666920568517111,5.594960689544678
143,-84.9530043029785,0,0,300,0.8658253647948594,5.815751075744629
144,-107.85557830810544,0,0,297,0.8649595394300645,6.181394577026367
145,-54.116875610351535,0,0,94,0.8640945798906344,7.601718902587891
146,-68.04690940856935,0,0,206,0.8632304853107438,5.866727352142334
147,-74.64914886474608,0,0,205,0.862367254825433,6.869787216186523
148,-70.21129608154297,0,0,300,0.8615048875706075,5.365324020385742
149,-76.50852859497073,0,0,190,0.8606433826830369,6.094632148742676
150,-83.64179008483887,0,0,300,0.8597827393003539,5.115447521209717
151,-15.609110031127925,0,0,42,0.8589229565610536,7.237277507781982
152,-74.15275199890138,0,0,200,0.8580640336044925,6.580687999725342
153,-78.87577545166016,0,0,300,0.857205969570888,5.813943862915039
154,-50.194788208007786,0,0,119,0.8563487636013172,6.988697052001953
155,-83.1381148529053,0,0,240,0.8554924148377159,6.054528713226318
156,-94.8142631530761,0,0,280,0.8546369224228781,6.441065788269043
157,-81.185023727417,0,0,300,0.8537822855004553,6.436255931854248
158,-9.624305419921875,0,0,20,0.8529285032149548,7.548576354980469
159,-79.95531150817868,0,0,300,0.8520755747117399,6.683827877044678
160,-93.1794192504883,0,0,288,0.8512234991370281,6.17735481262207
161,-52.120569152832005,0,0,107,0.8503722756378911,7.425142288208008
162,-49.51944145202634,0,0,87,0.8495219033622532,7.419860363006592
163,-85.96458168029787,0,0,300,0.8486723814588909,5.066145420074463
164,-85.84903221130367,0,0,300,0.847823709077432,5.824758052825928
165,-55.57108711242675,0,0,125,0.8469758853683546,7.1452717781066895
166,-73.47433227539064,0,0,188,0.8461289094829862,7.321083068847656
167,-61.05578819274905,0,0,165,0.8452827805735033,7.098947048187256
168,-81.13682723999018,0,0,300,0.8444374977929298,6.156706809997559
169,-51.25594337463376,0,0,125,0.8435930602951368,7.106485843658447
170,-47.051542282104485,0,0,105,0.8427494672348417,7.262885570526123
171,-127.07211250305171,0,0,300,0.8419067177676068,5.0955281257629395
172,-83.65772010803224,0,0,300,0.8410648110498392,5.284430027008057
173,-78.2528309631347,0,0,300,0.8402237462387894,5.193207740783691
174,-95.09151226917768,0,0,279,0.8393835224925505,5.820178985595703
175,-55.565353698730476,0,0,127,0.838544138970058,7.373838424682617
176,-92.7153523254395,0,0,254,0.8377055948310879,6.108838081359863
177,-65.64641029357915,0,0,300,0.8368678892362568,5.769102573394775
178,-131.34553276062013,0,0,300,0.8360310213470206,4.933883190155029
179,-136.64496658325191,0,0,300,0.8351949903256736,5.166241645812988
180,-79.29122367858886,0,0,201,0.8343597953353479,7.095305919647217
181,-92.59399520874015,0,0,300,0.8335254355400126,6.993498802185059
182,-103.56697036743157,0,0,296,0.8326919101044725,6.19924259185791
183,-86.90376296997074,0,0,257,0.831859218194368,7.435940742492676
184,-98.30059989929202,0,0,277,0.8310273589761736,6.740149974822998
185,-92.88457092285152,0,0,300,0.8301963316171974,6.948642730712891
186,-72.43294570922849,0,0,300,0.8293661352855802,6.050736427307129
187,-83.59199287414546,0,0,300,0.8285367691502946,6.330498218536377
188,-97.72856239318844,0,0,275,0.8277082323811443,6.109640598297119
189,-98.99180206298821,0,0,248,0.8268805241487632,6.78795051574707
190,-80.73232902526856,0,0,200,0.8260536436246144,6.648082256317139
191,-90.39837631225579,0,0,300,0.8252275899809898,6.702094078063965
192,-89.5013429260253,0,0,300,0.8244023623910088,6.397835731506348
193,-83.40745277404785,0,0,300,0.8235779600286178,5.739363193511963
194,-69.14527313232419,0,0,145,0.8227543820685892,7.306318283081055
195,-80.86166053771979,0,0,219,0.8219316276865206,6.637915134429932
196,-80.20636479298138,0,0,300,0.8211096960588341,6.011392116546631
197,-84.82949424743651,0,0,300,0.8202885863627752,6.704873561859131
198,-54.7163092803955,0,0,141,0.8194682977764125,7.499077320098877
199,-80.46682701110838,0,0,300,0.818648829478636,6.4667067527771
200,-83.17318145751958,0,0,237,0.8178301806491574,6.625795364379883
201,-86.1238139343262,0,0,260,0.8170123504685082,6.388453483581543
202,-73.10268722534182,0,0,300,0.8161953381180397,5.935671806335449
203,-82.01233947753904,0,0,300,0.8153791427799216,6.283084869384766
204,-90.6573642730713,0,0,281,0.8145637636371417,6.376841068267822
205,-10.08266456604004,0,0,45,0.8137491998735046,7.18816614151001
206,-95.66364715576174,0,0,244,0.812935450673631,6.60841178894043
207,-51.07886909484861,0,0,95,0.8121225152229574,7.709717273712158
208,-44.46646965026854,0,0,83,0.8113103927077344,7.521617412567139
209,-91.20924018859867,0,0,294,0.8104990823150267,5.929810047149658
210,-62.17793296813965,0,0,153,0.8096885832327116,6.296983242034912
211,-70.63444969177245,0,0,300,0.8088788946494789,5.291112422943115
212,-24.829165573120108,0,0,92,0.8080700157548294,7.239791393280029
213,-53.687131576538064,0,0,129,0.8072619457390746,6.7517828941345215
214,-78.18324150085449,0,0,300,0.8064546837933355,6.823310375213623
215,-67.73768463134768,0,0,142,0.8056482291095421,7.646921157836914
216,-75.9150154876709,0,0,300,0.8048425808804326,5.471253871917725
217,-77.74781318664554,0,0,225,0.8040377382995522,6.384453296661377
218,-73.72584889332325,0,0,300,0.8032337005612527,5.93876314163208
219,-76.23815673828125,0,0,300,0.8024304668606914,6.2620391845703125
220,-95.51135551452634,0,0,254,0.8016280363938307,6.972838878631592
221,-79.90543502807617,0,0,255,0.8008264083574369,6.678858757019043
222,-67.58615440368652,0,0,178,0.8000255819490795,7.099038600921631
223,-89.75421089172356,0,0,300,0.7992255563671304,6.328552722930908
224,-52.33959625244139,0,0,126,0.7984263308107633,6.589899063110352
225,-70.86948791503907,0,0,300,0.7976279044799526,6.927371978759766
226,-82.92325981140144,0,0,230,0.7968302765754727,6.898314952850342
227,-99.37539936939743,0,0,278,0.7960334462988972,6.278650760650635
228,-91.77618534962207,0,0,269,0.7952374128525983,6.301347255706787
229,-54.94524787902829,0,0,94,0.7944421754397457,7.36381196975708
230,-81.70957397460933,0,0,300,0.7936477332643059,6.242393493652344
231,-61.818898849487304,0,0,157,0.7928540855310416,7.284724712371826
232,-82.62188835144048,0,0,90,0.7920612314455105,7.605472087860107
233,-82.01844520568848,0,0,300,0.7912691702140651,6.204611301422119
234,-76.18957394520308,0,0,300,0.790477901043851,6.002194404602051
235,-74.77514915466314,0,0,300,0.7896874231428072,5.8062872886657715
236,-97.64183891296386,0,0,289,0.7888977357196644,5.877959728240967
237,-71.01276756286619,0,0,300,0.7881088379839447,6.000691890716553
238,-61.258478775024415,0,0,151,0.7873207291459607,7.5921196937561035
239,-76.06356086730958,0,0,300,0.7865334084168147,6.290890216827393
240,-83.56520172119139,0,0,254,0.7857468750083979,6.213800430297852
241,-53.13867660522459,0,0,135,0.7849611281333895,6.732169151306152
242,-78.78884419361617,0,0,233,0.784176167005256,6.239511966705322
243,-84.2753332519532,0,0,210,0.7833919908382508,7.546333312988281
244,-74.8154697418213,0,0,219,0.7826085988474126,6.391367435455322
245,-53.28930419921873,0,0,143,0.7818259902485653,6.8998260498046875
246,-61.44646980285648,0,0,179,0.7810441642583167,6.919117450714111
247,-62.86489624023437,0,0,182,0.7802631200940584,6.418724060058594
248,-69.22831329345705,0,0,300,0.7794828569739644,6.972078323364258
249,-75.39870162963868,0,0,300,0.7787033741169904,6.547175407409668
250,-72.54166328430178,0,0,300,0.7779246707428734,5.9804158210754395
251,-79.160372467041,0,0,300,0.7771467460721305,6.672593116760254
252,-54.24211059570311,0,0,147,0.7763695993260584,6.783027648925781
253,-58.646989898681625,0,0,178,0.7755932297267324,6.64174747467041
254,-63.44303115844726,0,0,170,0.7748176364970056,6.588257789611816
255,-86.93177482604976,0,0,247,0.7740428188605086,6.052943706512451
256,-77.48306221008296,0,0,300,0.7732687760416481,6.573265552520752
257,-62.94597267150878,0,0,80,0.7724955072656065,7.551493167877197
258,-71.11088699340822,0,0,159,0.7717230117583408,7.167721748352051
259,-75.59687988281253,0,0,300,0.7709512887465825,5.919219970703125
260,-87.51845794677733,0,0,230,0.7701803374578359,6.364614486694336
261,-83.58413963317872,0,0,300,0.7694101571203781,6.196034908294678
262,-92.56101593017573,0,0,299,0.7686407469632577,6.617753982543945
263,-70.87499053955077,0,0,199,0.7678721062162944,7.011247634887695
264,-56.224368286132865,0,0,213,0.7671042341100781,6.756092071533203
265,-90.99817794799803,0,0,264,0.766337129875968,6.764544486999512
266,-69.1605342102051,0,0,300,0.7655707927460921,6.8976335525512695
267,-65.46276443481445,0,0,176,0.764805221953346,6.633191108703613
268,-69.3123352813721,0,0,176,0.7640404167313927,6.633083820343018
269,-84.70596267700196,0,0,300,0.7632763763146613,6.171490669250488
270,-74.70855674743653,0,0,300,0.7625130999383466,5.714639186859131
271,-49.626032028198225,0,0,139,0.7617505868384082,6.4915080070495605
272,-95.7627917480469,0,0,292,0.7609888362515699,6.410697937011719
273,-85.30623153686518,0,0,300,0.7602278474153183,6.379057884216309
274,-96.9418660736084,0,0,260,0.759467619567903,6.4454665184021
275,-49.772420578002915,0,0,119,0.7587081519483351,6.773105144500732
276,-72.80058006286623,0,0,227,0.7579494437963867,6.002645015716553
277,-66.97599224964648,0,0,182,0.7571914943525904,6.296298980712891
278,-50.162193069457985,0,0,125,0.7564343028582378,6.850548267364502
279,-81.65546318054194,0,0,300,0.7556778685553796,6.048865795135498
280,-74.82442214965818,0,0,235,0.7549221906868242,7.323605537414551
281,-75.0989516448975,0,0,300,0.7541672684961374,6.194737911224365
282,-73.46073135375977,0,0,198,0.7534131012276413,6.467682838439941
283,-72.8647183227539,0,0,193,0.7526596881264136,6.558679580688477
284,-56.67601348876953,0,0,128,0.7519070284382872,7.539003372192383
285,-69.30280743519333,0,0,300,0.7511551214098489,6.425502777099609
286,-82.13841300964359,0,0,270,0.750403966288439,6.457103252410889
287,-79.42349080006137,0,0,300,0.7496535623221505,5.78567361831665
288,-52.66893951416013,0,0,144,0.7489039087598284,7.374734878540039
289,-68.06854000965627,0,0,300,0.7481550048510686,6.541935920715332
290,-43.980563125610345,0,0,94,0.7474068498462175,7.567640781402588
291,-84.49415095408888,0,0,246,0.7466594429963713,6.663736820220947
292,-70.25250213623048,0,0,189,0.745912783553375,7.268125534057617
293,-85.11040161132811,0,0,300,0.7451668707698216,5.782600402832031
294,-85.55798149108878,0,0,300,0.7444217038990517,6.201995372772217
295,-73.0355770874024,0,0,188,0.7436772821951526,7.063894271850586
296,-71.2277899169922,0,0,162,0.7429336049129575,6.984447479248047
297,-62.96933769226073,0,0,105,0.7421906713080445,7.4323344230651855
298,-53.173391647338846,0,0,128,0.7414484806367364,6.963347911834717
299,-74.39351768493654,0,0,181,0.7407070321560997,6.985879421234131
300,-28.507595520019507,0,0,109,0.7399663251239436,6.756898880004883
301,-74.62487960815426,0,0,300,0.7392263587988196,6.091219902038574
302,-82.87359715382121,0,0,300,0.7384871324400207,6.093200206756592
303,-52.64719223022458,0,0,109,0.7377486453075807,7.476798057556152
304,-74.10896611134078,0,0,300,0.737010896662273,6.217042446136475
305,-53.896861085095644,0,0,159,0.7362738857656108,6.411516189575195
306,-79.20558232227832,0,0,277,0.7355376118798452,6.19369649887085
307,-69.0601715087891,0,0,177,0.7348020742679654,7.040042877197266
308,-77.78111521800496,0,0,300,0.7340672721936974,6.337977886199951
309,-54.84749366760252,0,0,150,0.7333332049215037,6.894373416900635
310,-46.364993468126954,0,0,118,0.7325998717165821,6.928947448730469
311,-80.93800148010254,0,0,300,0.7318672718448656,6.587000370025635
312,-80.17907890319829,0,0,257,0.7311354045730207,6.7097697257995605
313,-78.17082031250006,0,0,255,0.7304042691684477,6.460205078125
314,-73.61628604014854,0,0,300,0.7296738648992792,6.33927059173584
315,-87.48008293151857,0,0,271,0.7289441910343799,6.385020732879639
316,-73.96947036743161,0,0,236,0.7282152468433455,6.58986759185791
317,-77.30785331726076,0,0,207,0.7274870315965022,7.1144633293151855
318,-85.46852223316695,0,0,277,0.7267595445649057,5.701931476593018
319,-64.47533131519825,0,0,300,0.7260327850203407,5.86863374710083
320,-63.735193986096725,0,0,300,0.7253067522353204,5.8060994148254395
321,-72.97883616527054,0,0,300,0.724581445483085,6.027408123016357
322,-76.56674206654101,0,0,300,0.723856864037602,5.486486434936523
323,-74.31520344654587,0,0,211,0.7231330071735643,7.138601779937744
324,-77.59296261707809,0,0,300,0.7224098741663908,5.308041572570801
325,-81.90145382801568,0,0,263,0.7216874642922244,6.390164375305176
326,-81.73093335072076,0,0,278,0.7209657768279322,6.017534255981445
327,-69.17447018543746,0,0,207,0.7202448110511043,6.9834184646606445
328,-66.77323857227833,0,0,300,0.7195245662400531,5.03061056137085
329,-69.34100552479295,0,0,300,0.7188050416738131,5.722552299499512
330,-81.50654988209281,0,0,265,0.7180862366321393,5.616438388824463
331,-75.14301701466105,0,0,300,0.7173681503955072,5.923055171966553
332,-150.21817250172177,0,0,300,0.7166507822451117,5.0693440437316895
333,-79.95428875843552,0,0,248,0.7159341314628666,5.668373107910156
334,-136.54265088001748,0,0,300,0.7152181973314037,4.840463638305664
335,-73.44067237854003,0,0,222,0.7145029791340722,7.11516809463501
336,-69.42871540943658,0,0,300,0.7137884761549381,5.5619797706604
337,-125.22359669605754,0,0,300,0.7130746876787832,5.088200092315674
338,-127.73974781910434,0,0,298,0.7123616129911045,5.109737873077393
339,-79.77627403259277,0,0,300,0.7116492513781133,6.301568508148193
340,-49.97447155872845,0,0,125,0.7109376021267352,6.873418807983398
341,-48.32741859436034,0,0,114,0.7102266645246085,7.136854648590088
342,-62.714327286877925,0,0,300,0.7095164378600839,5.318382740020752
343,-59.690930985608375,0,0,163,0.7088069214222238,6.325033664703369
344,-70.68840057373058,0,0,300,0.7080981145008015,6.217100143432617
345,-73.40049911499025,0,0,300,0.7073900163863007,6.410124778747559
346,-57.80690940856929,0,0,140,0.7066826263699144,6.679227352142334
347,-107.00603291431926,0,0,300,0.7059759437435444,5.1988091468811035
348,-69.02246952930953,0,0,198,0.7052699677998009,6.317918300628662
349,-77.45039466857912,0,0,246,0.704564697832001,6.352598667144775
350,-98.3179160014775,0,0,300,0.7038601331341691,4.871779918670654
351,-73.60945454517868,0,0,249,0.7031562730010349,5.677164554595947
352,-67.4353664104131,0,0,219,0.7024531167280339,5.793642520904541
353,-66.4026229564336,0,0,300,0.7017506636113059,5.535456657409668
354,-42.11682342529296,0,0,82,0.7010489129476946,7.719205856323242
355,-74.29709919849898,0,0,300,0.7003478640347469,5.116575717926025
356,-70.76892326354985,0,0,252,0.6996475161707122,6.259730815887451
357,-77.25455474853518,0,0,300,0.6989478686545415,6.813638687133789
358,-61.544990281262656,0,0,220,0.698248920785887,5.768548488616943
359,-116.61245961109655,0,0,300,0.6975506718651011,4.7929158210754395
360,-64.41742111206057,0,0,199,0.6968531211932361,6.476855278015137
361,-70.01930953979492,0,0,300,0.6961562680720428,5.7498273849487305
362,-69.71706387440227,0,0,300,0.6954601118039707,5.2515668869018555
363,-88.2722219085694,0,0,282,0.6947646516921667,6.290555477142334
364,-60.8319992534306,0,0,206,0.6940698870404746,6.5353007316589355
365,-66.96306996265916,0,0,300,0.6933758171534341,5.7930684089660645
366,-47.56497509876753,0,0,112,0.6926824413362807,7.248544692993164
367,-53.86689816395311,0,0,121,0.6919897588949444,7.316525459289551
368,-80.5949071208623,0,0,278,0.6912977691360495,6.193527698516846
369,-18.344274291992186,0,0,45,0.6906064713669134,7.708568572998047
370,-37.18000964244338,0,0,109,0.6899158648955466,6.78270149230957
371,-60.922447187108396,0,0,213,0.689225949030651,5.6685099601745605
372,-85.68551304737592,0,0,264,0.6885367230816204,6.103679180145264
373,-47.82688453674315,0,0,110,0.6878481863585387,7.074221134185791
374,-50.46266418457029,0,0,103,0.6871603381721801,7.100666046142578
375,-51.74151844898729,0,0,300,0.686473177834008,5.325180530548096
376,-67.7559205802255,0,0,300,0.685786704656174,5.3985819816589355
377,-78.46108329772949,0,0,300,0.6851009179515178,6.645270824432373
378,-62.900112380981504,0,0,300,0.6844158170335664,5.102528095245361
379,-43.98679496765134,0,0,121,0.6837314012165328,6.741698741912842
380,-65.32636395374801,0,0,300,0.6830476698153162,5.356391906738281
381,-46.18867630004881,0,0,93,0.6823646221455009,7.437169075012207
382,-52.70678990284466,0,0,183,0.6816822575233553,6.508998394012451
383,-61.703420991101495,0,0,190,0.6810005752658319,7.14815616607666
384,-69.52454472462202,0,0,300,0.680319574690566,6.068437099456787
385,-76.37351063648731,0,0,209,0.6796392551158754,6.273178577423096
386,-45.84199536243941,0,0,115,0.6789596158607596,6.930299758911133
387,-65.84360340992482,0,0,300,0.6782806562448989,5.703201770782471
388,-82.38038700977839,0,0,265,0.677602375588654,6.23739767074585
389,-64.43356292724616,0,0,300,0.6769247732130653,5.250890731811523
390,-132.8257561492919,0,0,300,0.6762478484398523,4.186439037322998
391,-71.46083503723145,0,0,300,0.6755716005914124,5.475208759307861
392,-74.78368779102834,0,0,252,0.674896028990821,5.58322286605835
393,-63.02928006092573,0,0,163,0.6742211329618302,7.729620933532715
394,-79.50335873524216,0,0,230,0.6735469118288684,6.843140602111816
395,-72.99803367614744,0,0,218,0.6728733649170395,7.022008419036865
396,-55.46286499023435,0,0,162,0.6722004915521225,6.398216247558594
397,-64.3114211273193,0,0,239,0.6715282910605703,6.272855281829834
398,-38.00874130249022,0,0,97,0.6708567627695098,7.209685325622559
399,-75.53885243336221,0,0,300,0.6701859060067403,5.642014026641846
400,-66.72403846740721,0,0,182,0.6695157201007336,6.653509616851807
401,-74.52279167175291,0,0,226,0.6688462043806328,5.930697917938232
402,-43.07944946289062,0,0,87,0.6681773581762521,7.757362365722656
403,-69.20776448170218,0,0,300,0.6675091808180759,5.654242038726807
404,-55.591126174926735,0,0,140,0.6668416716372578,6.7177815437316895
405,-59.67663955688479,0,0,184,0.6661748299656206,6.419159889221191
406,-51.97588935852049,0,0,143,0.6655086551356549,6.328972339630127
407,-69.27871342579388,0,0,300,0.6648431464805192,5.331979274749756
408,-72.34776860157523,0,0,300,0.6641783033340387,5.449243068695068
409,-62.00825741688287,0,0,300,0.6635141250307047,5.496865272521973
410,-75.8728619853642,0,0,245,0.662850610905674,6.188016414642334
411,-79.31842205921677,0,0,300,0.6621877602947683,5.274406433105469
412,-63.56794046242768,0,0,196,0.6615255725344735,6.774086952209473
413,-50.7025763702392,0,0,163,0.660864046961939,6.8706440925598145
414,-48.55511668284865,0,0,118,0.660203182914977,7.128978252410889
415,-42.99908073425292,0,0,110,0.6595429797320621,7.042270183563232
416,-47.62095108032225,0,0,122,0.6588834367523301,7.367737770080566
417,-64.28053489685055,0,0,300,0.6582245533155777,5.5926337242126465
418,-53.010574722290016,0,0,141,0.6575663287622622,6.90264368057251
419,-61.58511421203616,0,0,300,0.6569087624334999,5.466278553009033
420,-76.16743301391605,0,0,300,0.6562518536710664,5.981858253479004
421,-67.03490570068365,0,0,180,0.6555956018173954,6.938726425170898
422,-76.64233609119918,0,0,300,0.654940006215578,4.735384941101074
423,-71.91525235096482,0,0,300,0.6542850662093624,6.3186140060424805
424,-77.90422096252432,0,0,300,0.6536307811431531,6.3135552406311035
425,-58.687403458752954,0,0,300,0.65297715036201,5.794151782989502
426,-76.18042408863568,0,0,300,0.6523241732116479,5.767406940460205
427,-79.18379516601559,0,0,300,0.6516718490384363,6.183448791503906
428,-69.53887936512496,0,0,238,0.6510201771893979,5.8320207595825195
429,-77.05838127136235,0,0,300,0.6503691570122084,6.277095317840576
430,-67.48653119007625,0,0,300,0.6497187878551962,5.7664337158203125
431,-66.28565361022946,0,0,180,0.649069069067341,6.441413402557373
432,-72.04167714039356,0,0,261,0.6484199999982736,5.725220203399658
433,-67.96632545471195,0,0,300,0.6477715799982753,5.5090813636779785
434,-75.49834205627442,0,0,234,0.647123808418277,6.4320855140686035
435,-79.01166714588673,0,0,278,0.6464766846098587,5.595217704772949
436,-67.72693069458006,0,0,145,0.6458302079252489,7.2867326736450195
437,-68.64525029102826,0,0,265,0.6451843777173236,5.73361349105835
438,-88.7118627635625,0,0,251,0.6445391933396063,5.5652666091918945
439,-66.99255314747359,0,0,212,0.6438946541462667,6.022939205169678
440,-71.21343678394823,0,0,300,0.6432507594921204,5.50816011428833
441,-83.25253193775674,0,0,300,0.6426075087326283,5.0829339027404785
442,-72.6003192607549,0,0,221,0.6419649012238956,6.30988073348999
443,-147.15717381397778,0,0,300,0.6413229363226717,4.306594371795654
444,-56.42970672607421,0,0,141,0.640681613386349,7.067426681518555
445,-65.09777188221486,0,0,300,0.6400409317729626,5.4642438888549805
446,-70.17265370289351,0,0,215,0.6394008908411897,5.912964344024658
447,-73.70218226512398,0,0,300,0.6387614899503485,5.118244647979736
448,-69.33467137257131,0,0,300,0.6381227284603982,5.368468761444092
449,-62.68540974537404,0,0,300,0.6374846057319378,4.308653354644775
450,-60.019934921264635,0,0,134,0.6368471211262058,7.372483730316162
451,-59.06896194458007,0,0,166,0.6362102740050796,7.6822404861450195
452,-70.38045422474408,0,0,300,0.6355740637310745,5.929914474487305
453,-73.35072387695314,0,0,214,0.6349384896673435,6.615180969238281
454,-74.41996060291791,0,0,254,0.6343035511776761,5.829791069030762
455,-36.94771328846481,0,0,95,0.6336692476264985,7.1992292404174805
456,-74.90660786549117,0,0,234,0.6330355783788719,6.853952884674072
457,-50.040933350720664,0,0,146,0.632402542800493,6.767534255981445
458,-73.47380902210739,0,0,300,0.6317701402576925,5.865753173828125
459,-85.20303408702348,0,0,258,0.6311383701174348,5.50595760345459
460,-79.50933873096974,0,0,280,0.6305072317473174,5.599635601043701
461,-78.46154202381638,0,0,228,0.6298767245155701,6.332686424255371
462,-72.8259917918828,0,0,300,0.6292468477910546,5.978798866271973
463,-55.21323437611132,0,0,300,0.6286176009432635,5.880609512329102
464,-74.12563397327929,0,0,249,0.6279889833423202,5.966209411621094
465,-69.03989140430956,0,0,300,0.6273609943589779,5.407273769378662
466,-58.779585524401384,0,0,172,0.6267336333646188,6.587595462799072
467,-51.76110420227046,0,0,145,0.6261068997312542,7.102776050567627
468,-63.467777566113796,0,0,300,0.6254807928315229,3.786745309829712
469,-66.94579250335697,0,0,300,0.6248553120386914,3.8439481258392334
470,-64.32113952636718,0,0,192,0.6242304567266527,6.342784881591797
471,-98.97346771240228,0,0,300,0.623606226269926,4.273366928100586
472,-90.499408569336,0,0,300,0.6229826200436561,5.164852142333984
473,-69.04464439392089,0,0,300,0.6223596374236124,5.126161098480225
474,-74.07795143127443,0,0,219,0.6217372777861888,6.7694878578186035
475,-45.72343749999996,0,0,124,0.6211155405084027,7.068359375
476,-48.99767189025877,0,0,119,0.6204944249678943,7.486917972564697
477,-79.46669525146481,0,0,246,0.6198739305429264,6.319173812866211
478,-236.84779754638683,0,0,300,0.6192540566123834,4.42194938659668
479,-50.42862426757809,0,0,122,0.6186348025557711,7.452156066894531
480,-56.14510932922361,0,0,153,0.6180161677532153,6.808777332305908
481,-98.4994499969483,0,0,289,0.6173981515854621,6.2423624992370605
482,-41.63743713378905,0,0,108,0.6167807534338766,7.276859283447266
483,-44.4403088378906,0,0,152,0.6161639726804428,6.040077209472656
484,-68.19777847290041,0,0,300,0.6155478087077623,5.734444618225098
485,-63.19681446949518,0,0,300,0.6149322608990545,5.506504535675049
486,-80.39283596912898,0,0,264,0.6143173286381555,6.383009910583496
487,-73.90128827015437,0,0,300,0.6137030113095173,5.540122985839844
488,-73.2216449737548,0,0,249,0.6130893082982078,6.905411243438721
489,-43.684821929931644,0,0,124,0.6124762189899097,6.58620548248291
490,-67.90328228870897,0,0,300,0.6118637427709198,6.633121490478516
491,-76.08941204945114,0,0,254,0.6112518790281489,6.0046539306640625
492,-70.04320777893064,0,0,300,0.6106406271491208,6.163301944732666
493,-67.5074433135986,0,0,235,0.6100299865219717,6.344360828399658
494,-79.1998644725469,0,0,242,0.6094199565354498,6.342267036437988
495,-101.67381398121375,0,0,289,0.6088105365789144,5.440754413604736
496,-56.2608437347412,0,0,147,0.6082017260423355,7.132710933685303
497,-81.12367010275796,0,0,264,0.6075935243162931,5.963815689086914
498,-66.67114384571582,0,0,211,0.6069859307919768,6.275086879730225
499,-71.056307220459,0,0,241,0.6063789448611848,5.851576805114746
500,-60.64032752990723,0,0,225,0.6057725659163237,6.452581882476807
501,-69.04158401489259,0,0,300,0.6051667933504074,5.5103960037231445
502,-73.3372573852539,0,0,258,0.6045616265570569,6.896814346313477
503,-50.34253646850584,0,0,127,0.6039570649304998,7.830634117126465
504,-63.06346385081738,0,0,176,0.6033531078655693,6.783565044403076
505,-82.06398101806643,0,0,284,0.6027497547577038,6.650995254516602
506,-72.89415924072271,0,0,224,0.602147005002946,7.243539810180664
507,-66.31724784851079,0,0,185,0.6015448579979431,6.7093119621276855
508,-66.3319941711426,0,0,300,0.6009433131399452,5.1154985427856445
509,-62.82487464904782,0,0,193,0.6003423698268052,6.453718662261963
510,-48.91879440307614,0,0,130,0.5997420274569785,7.352198600769043
511,-80.11084884643556,0,0,251,0.5991422854295215,6.167712211608887
512,-67.33547079245524,0,0,300,0.598543143144092,4.4242658615112305
513,-64.51966566800684,0,0,300,0.5979446000009478,5.899319171905518
514,-68.24160702625778,0,0,193,0.5973466554009469,7.042702674865723
515,-55.63530247608694,0,0,300,0.596749308745546,5.803626537322998
516,-68.18992169300581,0,0,300,0.5961525594368005,5.654781341552734
517,-81.0227840717647,0,0,293,0.5955564068773637,5.920895099639893
518,-70.21424723704786,0,0,300,0.5949608504704863,5.923760890960693
519,-49.46243850708005,0,0,105,0.5943658896200158,7.3231096267700195
520,-61.47124534606934,0,0,187,0.5937715237303958,6.165311336517334
521,-50.09250839233395,0,0,112,0.5931777522066654,7.440627098083496
522,-56.47998684803514,0,0,157,0.5925845744544587,7.074797630310059
523,-61.63077923695113,0,0,206,0.5919919898800042,6.2924957275390625
524,-51.904600800671815,0,0,139,0.5913999978901242,7.430951118469238
525,-56.71705143848919,0,0,150,0.590808597892234,7.386563777923584
526,-34.465037918090815,0,0,85,0.5902177892943418,7.528759479522705
527,-56.124470185437445,0,0,166,0.5896275715050474,7.1084184646606445
528,-81.24505894581355,0,0,250,0.5890379439335424,6.831065654754639
529,-95.18935826221964,0,0,279,0.5884489059896089,5.854640483856201
530,-64.65276904185745,0,0,300,0.5878604570836192,5.298391342163086
531,-69.7274976054814,0,0,240,0.5872725966265356,6.426675319671631
532,-72.76796162525683,0,0,300,0.5866853240299091,6.0367913246154785
533,-91.98870167652642,0,0,293,0.5860986387058792,5.911976337432861
534,-47.30299649158978,0,0,190,0.5855125400671733,6.3030500411987305
535,-47.90462750355269,0,0,130,0.5849270275271061,6.805957794189453
536,-53.65253669738768,0,0,147,0.584342100499579,6.958134174346924
537,-54.5222128589961,0,0,171,0.5837577583990794,6.223252296447754
538,-49.21676419178513,0,0,133,0.5831740006406804,7.186491966247559
539,-72.21020710865527,0,0,247,0.5825908266400397,6.147352695465088
540,-53.75568509022261,0,0,169,0.5820082358133997,7.003722190856934
541,-73.21713397105667,0,0,300,0.5814262275775862,5.621982574462891
542,-53.37775810241696,0,0,175,0.5808448013500086,6.386939525604248
543,-38.41941902160643,0,0,130,0.5802639565486586,6.612354755401611
544,-62.6250351246211,0,0,170,0.57968369259211,6.883957862854004
545,-42.00112271229293,0,0,104,0.5791040088995179,6.877581596374512
546,-47.27910336414838,0,0,139,0.5785249048906184,6.549576759338379
547,-81.32963581959277,0,0,80,0.5779463799857277,7.719709873199463
548,-40.957574234008774,0,0,125,0.577368433605742,6.461893558502197
549,-82.6723696605352,0,0,272,0.5767910651721362,6.497893333435059
550,-82.31195744434865,0,0,280,0.576214274106964,6.432790279388428
551,-77.39941883961228,0,0,300,0.5756380598328571,4.412155628204346
552,-84.36869305531057,0,0,263,0.5750624217730242,6.421974182128906
553,-82.1491299438477,0,0,226,0.5744873593512512,7.079782485961914
554,-57.69315086364749,0,0,157,0.5739128719918999,6.708287715911865
555,-68.75505187988283,0,0,300,0.573338959119908,5.681262969970703
556,-57.72794136047358,0,0,159,0.572765620160788,7.284485340118408
557,-46.00400802612303,0,0,126,0.5721928545406272,7.133502006530762
558,-62.377148284912096,0,0,236,0.5716206616860866,6.746787071228027
559,-53.75913459777828,0,0,146,0.5710490410244006,7.29728364944458
560,-66.10554756164551,0,0,300,0.5704779919833761,5.366386890411377
561,-48.16739494323728,0,0,132,0.5699075139913927,6.774348735809326
562,-59.14532287597652,0,0,201,0.5693376064774013,5.891330718994141
563,-55.53071044921872,0,0,300,0.5687682688709239,4.1976776123046875
564,-64.09913619995116,0,0,300,0.5681995006020529,5.814784049987793
565,-61.33587020874022,0,0,230,0.5676313011014509,6.223967552185059
566,-54.90154747009275,0,0,125,0.5670636698003494,6.840386867523193
567,-67.30741477966312,0,0,300,0.5664966061305491,6.0118536949157715
568,-50.64902374267575,0,0,134,0.5659301095244186,6.669755935668945
569,-41.97842193603515,0,0,114,0.5653641794148941,6.492105484008789
570,-57.38695930480955,0,0,199,0.5647988152354793,6.411739826202393
571,-45.66131813049315,0,0,109,0.5642340164202437,7.210329532623291
572,-48.20964584350583,0,0,136,0.5636697824038235,6.777411460876465
573,-55.262527084350594,0,0,178,0.5631061126214196,7.2281317710876465
574,-74.97309028625494,0,0,254,0.5625430065087982,6.275772571563721
575,-63.931490402221684,0,0,187,0.5619804635022894,6.36287260055542
576,-61.929182252087855,0,0,215,0.561418483038787,5.994596481323242
577,-79.48845707813769,0,0,292,0.5608570645557482,5.656915187835693
578,-70.65635623057813,0,0,207,0.5602962074911925,6.689288139343262
579,-65.36222274780279,0,0,300,0.5597359112837013,6.195555686950684
580,-49.8045049754765,0,0,152,0.5591761753724176,6.23842716217041
581,-78.31448628345998,0,0,281,0.5586169991970452,7.63842248916626
582,-52.208824234008766,0,0,124,0.5580583821978482,7.594706058502197
583,-62.361863098144504,0,0,186,0.5575003238156504,7.475465774536133
584,-59.161639251708976,0,0,198,0.5569428234918348,7.092909812927246
585,-54.245409287610286,0,0,180,0.5563858806683429,6.553653240203857
586,-68.91430900573731,0,0,227,0.5558294947876746,6.421077251434326
587,-63.97436225891116,0,0,300,0.5552736652928869,6.398590564727783
588,-34.69297760009766,0,0,106,0.5547183916275941,6.815744400024414
589,-69.18719329833982,0,0,300,0.5541636732359665,6.071798324584961
590,-80.58794158935552,0,0,285,0.5536095095627305,6.036985397338867
591,-59.317148666381826,0,0,200,0.5530559000531677,6.771787166595459
592,-62.046811599731456,0,0,208,0.5525028441531146,6.256702899932861
593,-40.15916000366208,0,0,130,0.5519503413089615,6.199790000915527
594,-40.861602859497054,0,0,113,0.5513983909676525,7.195400714874268
595,-52.16186915477246,0,0,193,0.5508469925766849,6.323166370391846
596,-56.86532371520994,0,0,192,0.5502961455841082,6.54633092880249
597,-64.52420071522266,0,0,300,0.5497458494385241,2.7483510971069336
598,-172.37639172474434,0,0,280,0.5491961035890855,5.388898849487305
599,-78.81772564808401,0,0,258,0.5486469074854965,5.896732330322266
600,-131.84401562611126,0,0,300,0.548098260578011,5.330804824829102
601,-80.70654171864058,0,0,284,0.547550162317433,6.318936347961426
602,-77.3210568706181,0,0,300,0.5470026121551156,5.9500651359558105
603,-43.77484458923338,0,0,107,0.5464556095429605,7.20871114730835
604,-52.36696067810054,0,0,154,0.5459091539334175,7.3017401695251465
605,-75.61968589782717,0,0,262,0.5453632447794842,5.714921474456787
606,-66.93667373657223,0,0,256,0.5448178815347047,6.896668434143066
607,-84.81315216064453,0,0,261,0.54427306365317,6.993288040161133
608,-54.33467686573532,0,0,185,0.5437287905895168,6.615970134735107
609,-119.90923933188377,0,0,299,0.5431850617989273,5.400207996368408
610,-54.23158164978024,0,0,148,0.5426418767371284,7.317895412445068
611,-62.243294830322284,0,0,192,0.5420992348603912,7.780823707580566
612,-86.45685674826574,0,0,279,0.5415571356255309,6.729612350463867
613,-49.88746197620894,0,0,132,0.5410155784899053,7.391666412353516
614,-50.21650799671676,0,0,143,0.5404745629114154,6.533927917480469
615,-56.95567854086819,0,0,193,0.539934088348504,5.464317798614502
616,-62.61944386402638,0,0,229,0.5393941542601555,6.414661884307861
617,-57.52461502075194,0,0,124,0.5388547601058953,7.513653755187988
618,-58.85937092701464,0,0,219,0.5383159053457894,6.409643650054932
619,-44.58463523864742,0,0,147,0.5377775894404436,7.088658809661865
620,-53.53263911326855,0,0,300,0.5372398118510032,4.483358860015869
621,-63.71502919117476,0,0,278,0.5367025720391522,5.193558216094971
622,-79.42483509937793,0,0,283,0.536165869467113,5.761009693145752
623,-82.38903080860656,0,0,289,0.5356297035976458,5.257058620452881
624,-56.09170590321099,0,0,300,0.5350940738940482,4.372727394104004
625,-61.999299897351605,0,0,300,0.5345589798201541,4.46712589263916
626,-65.34552372852829,0,0,233,0.534024420840334,6.17868185043335
627,-49.2442390147832,0,0,300,0.5334903964194936,4.95836067199707
628,-53.427465027966825,0,0,300,0.5329569060230741,4.904167175292969
629,-47.81506176868942,0,0,300,0.532423949117051,4.528566360473633
630,-191.82969578663386,0,0,300,0.531891525167934,5.374724864959717
631,-54.17386258045699,0,0,216,0.5313596336427661,5.638266563415527
632,-67.94026205222083,0,0,300,0.5308282740091232,4.987963676452637
633,-56.881925735473644,0,0,160,0.5302974457351142,6.992981433868408
634,-61.005473145642576,0,0,300,0.5297671482893791,5.063669204711914
635,-87.0101873485234,0,0,300,0.5292373811410898,4.389847755432129
636,-41.34998791615036,0,0,135,0.5287081437599487,5.857297897338867
637,-178.5815336314824,0,0,270,0.5281794356161887,4.720184326171875
638,-69.76315297047158,0,0,250,0.5276512561805725,6.4705891609191895
639,-35.5495524597168,0,0,90,0.5271236049243919,7.319888114929199
640,-56.88315869251758,0,0,300,0.5265964813194676,5.158090591430664
641,-44.204162970385234,0,0,300,0.5260698848381481,3.826239824295044
642,-75.86737556457521,0,0,284,0.5255438149533099,5.604343891143799
643,-67.52910644531248,0,0,235,0.5250182711383566,6.364776611328125
644,-51.02575192371873,0,0,300,0.5244932528672183,4.983738899230957
645,-57.11837051391599,0,0,171,0.5239687596143511,7.409592628479004
646,-56.2247145549443,0,0,300,0.5234447908547367,5.7984795570373535
647,-66.33350415150193,0,0,268,0.522921346063882,5.285676956176758
648,-67.02827130238083,0,0,212,0.522398424717818,6.544368743896484
649,-65.45411280711636,0,0,300,0.5218760262931003,4.976227283477783
650,-46.061143646240275,0,0,300,0.5213541502668072,4.575285911560059
651,-69.99043187061812,0,0,300,0.5208327961165404,5.7274088859558105
652,-54.44317921558889,0,0,300,0.5203119633204238,5.278095722198486
653,-66.17233342091114,0,0,300,0.5197916513571034,5.560384273529053
654,-52.8203166198731,0,0,300,0.5192718597057463,3.6250791549682617
655,-45.345061645507805,0,0,87,0.5187525878460405,7.621265411376953
656,-62.638284577527244,0,0,238,0.5182338352581944,5.6893720626831055
657,-60.20966114918267,0,0,300,0.5177156014229363,5.392216205596924
658,-50.177946671643504,0,0,135,0.5171978858215134,7.144287586212158
659,-47.94499571005767,0,0,300,0.5166806879356919,5.464147090911865
660,-52.901579360961875,0,0,187,0.5161640072477562,6.2928948402404785
661,-56.44872703552241,0,0,158,0.5156478432405085,6.949681758880615
662,-80.08674026489253,0,0,300,0.515132195397268,5.0816850662231445
663,-35.70157974243163,0,0,83,0.5146170632018707,7.38039493560791
664,-48.967852172851536,0,0,181,0.5141024461386688,6.039463043212891
665,-67.3274147033691,0,0,216,0.5135883436925301,6.719353675842285
666,-73.68825271606447,0,0,253,0.5130747553488376,6.727063179016113
667,-67.88296470642092,0,0,238,0.5125616805934888,6.383241176605225
668,-80.1952683258057,0,0,293,0.5120491189128954,6.441317081451416
669,-47.0681929016113,0,0,137,0.5115370697939825,6.844548225402832
670,-57.19760841369627,0,0,150,0.5110255327241885,7.439402103424072
671,-55.63781219482419,0,0,130,0.5105145071914643,6.769453048706055
672,-54.56186958312985,0,0,139,0.5100039926842729,7.025467395782471
673,-42.52401390075681,0,0,113,0.5094939886915886,7.343503475189209
674,-67.22194831848142,0,0,258,0.508984494702897,6.385487079620361
675,-65.30999221801764,0,0,300,0.508475510208194,5.9774980545043945
676,-45.14789169311523,0,0,116,0.5079670346979859,7.429472923278809
677,-102.3814192962646,0,0,209,0.5074590676632879,5.002854824066162
678,-56.57699137767285,0,0,185,0.5069516085956246,5.751946926116943
679,-52.09829864501959,0,0,300,0.506444656987029,5.374574661254883
680,-57.843290023803675,0,0,185,0.505938212330042,6.915822505950928
681,-48.427210769653286,0,0,159,0.505432274117712,6.92930269241333
682,-64.88955078125008,0,0,300,0.5049268418435943,6.6348876953125
683,-59.03146328846473,0,0,205,0.5044219150017507,7.4101667404174805
684,-59.30386999289457,0,0,300,0.5039174930867489,5.751365661621094
685,-46.82543540954586,0,0,158,0.5034135755936622,6.328858852386475
686,-64.36135635375972,0,0,210,0.5029101620180685,7.502839088439941
687,-57.20721450805661,0,0,186,0.5024072518560504,6.32430362701416
688,-46.306449279785106,0,0,300,0.5019048446041944,5.424112319946289
689,-52.47217323303218,0,0,163,0.5014029397595902,6.613043308258057
690,-56.69860084533687,0,0,182,0.5009015368198305,6.7796502113342285
691,-84.4807586669922,0,0,203,0.5004006352830107,7.307689666748047
692,-52.3640087890625,0,0,176,0.4999002346477277,6.808502197265625
693,-76.75652758677934,0,0,300,0.49940033441307996,4.769330978393555
694,-49.656052551269525,0,0,127,0.49890093407866687,6.986513137817383
695,-67.82533851623536,0,0,228,0.4984020331445882,6.166334629058838
696,-64.91395797729493,0,0,213,0.4979036311114436,7.4409894943237305
697,-65.39749687194822,0,0,222,0.4974057274803321,6.9293742179870605
698,-62.81753952026369,0,0,199,0.49690832175285177,6.561884880065918
699,-50.557717132568335,0,0,125,0.4964114134310989,7.18942928314209
700,-41.772200393676755,0,0,105,0.4959150020176678,7.3055500984191895
701,-49.61212239185838,0,0,300,0.49541908701565013,5.692831516265869
702,-51.382761582532154,0,0,199,0.49492366792863446,6.257991313934326
703,-47.994963378906235,0,0,107,0.4944287442607058,7.5062408447265625
704,-65.72283798217768,0,0,230,0.4939343155164451,6.353209495544434
705,-62.412010116577164,0,0,224,0.4934403812009287,5.810502529144287
706,-161.6392088023809,0,0,300,0.4929469408197278,4.284603118896484
707,-120.28513455311312,0,0,300,0.49245399387890804,4.51108455657959
708,-47.339224900403316,0,0,300,0.4919615398850291,4.8771071434021
709,-99.62981620788575,0,0,300,0.4914695783451441,5.0549540519714355
710,-63.69141812244919,0,0,300,0.4909781087667989,4.312655448913574
711,-64.86351109425098,0,0,300,0.4904871306580321,5.215678691864014
712,-116.02237907409665,0,0,192,0.4899966435273741,5.21559476852417
713,-36.24297935485839,0,0,97,0.4895066468838467,7.4182448387146
714,-61.56656562805177,0,0,177,0.48901714023696286,7.2366414070129395
715,-62.91378730773925,0,0,249,0.4885281230967259,6.8059468269348145
716,-58.885800094604505,0,0,245,0.48803959497362914,6.103950023651123
717,-67.28565078735357,0,0,222,0.4875515553786555,7.368912696838379
718,-65.9463875579834,0,0,200,0.48706400382327686,7.47909688949585
719,-51.060429153442335,0,0,133,0.4865769398194536,7.562607288360596
720,-55.52052261352536,0,0,202,0.48609036287963414,6.750130653381348
721,-75.90988319396963,0,0,281,0.48560427251675453,5.994970798492432
722,-71.75713653564445,0,0,300,0.48511866824423777,5.201784133911133
723,-44.381632843017556,0,0,99,0.4846335495759935,7.0854082107543945
724,-78.02831741333004,0,0,300,0.4841489160264175,4.8920793533325195
725,-97.21231094360344,0,0,300,0.4836647671103911,4.700577735900879
726,-77.11156654357904,0,0,300,0.4831811023432807,4.340391635894775
727,-42.82182937622069,0,0,123,0.4826979212409374,7.127957344055176
728,-43.87190269470212,0,0,140,0.48221522331969646,6.657975673675537
729,-50.64641528209179,0,0,137,0.48173300809637676,6.58430290222168
730,-65.1116021259639,0,0,233,0.48125127508828036,6.073099613189697
731,-65.88929028431437,0,0,300,0.48077002381319206,5.174623489379883
732,-61.40721280018356,0,0,228,0.48028925378937887,6.399104118347168
733,-53.69579594532514,0,0,141,0.47980896453558947,7.381249904632568
734,-75.0222318736699,0,0,285,0.4793291555710539,5.86785888671875
735,-54.34893124500772,0,0,176,0.47884982641548285,6.732033729553223
736,-64.6540756694462,0,0,224,0.47837097658906735,7.278319835662842
737,-63.70530201832322,0,0,300,0.47789260561247826,6.11112642288208
738,-84.04591514587392,0,0,300,0.4774147130068658,6.193978786468506
739,-54.857202453613276,0,0,300,0.4769372982938589,5.42180061340332
740,-58.99511235157519,0,0,191,0.47646036099556505,7.268579006195068
741,-53.827513627209875,0,0,300,0.47598390063456947,6.66417932510376
742,-65.72442288319135,0,0,212,0.4755079167339349,6.445906639099121
743,-76.78458996693163,0,0,277,0.47503240881720094,6.20844841003418
744,-54.800051193237415,0,0,300,0.47455737640838375,5.580012798309326
745,-78.12277214050299,0,0,261,0.47408281903197536,6.300693035125732
746,-51.635310592651365,0,0,300,0.47360873621294336,5.173827648162842
747,-53.10438766479495,0,0,300,0.4731351274767304,5.8635969161987305
748,-65.69270086447668,0,0,253,0.4726619923492537,5.731073379516602
749,-71.97498629649618,0,0,243,0.47218933035690447,7.058945655822754
750,-73.82215695301554,0,0,254,0.47171714102654755,7.070340156555176
751,-57.02211125294237,0,0,300,0.471245423885521,6.612828731536865
752,-60.28971997181439,0,0,250,0.47077417846163544,6.347230911254883
753,-41.003090201220154,0,0,300,0.4703034042831738,2.670971632003784
754,-90.23837771495296,0,0,300,0.46983310087889063,2.0822935104370117
755,-106.69145806232937,0,0,300,0.46936326777801174,2.530165433883667
756,-129.95946591297638,0,0,255,0.4688939045102337,5.32216739654541
757,-79.96521634022263,0,0,188,0.4684250106057235,5.383605003356934
758,-63.05271008411917,0,0,300,0.46795658559511777,4.945478439331055
759,-125.26650608936795,0,0,300,0.46748862900952265,5.7214274406433105
760,-41.94647328297161,0,0,155,0.4670211403805131,6.1964192390441895
761,-208.70653099934103,0,0,300,0.4665541192401326,3.5039336681365967
762,-47.14709071238965,0,0,156,0.4660875651208925,6.461971759796143
763,-41.193096694946284,0,0,108,0.4656214775557716,7.470774173736572
764,-67.1762576588008,0,0,196,0.46515585607821586,7.654263496398926
765,-67.81991020202632,0,0,282,0.46469070022213765,6.539977550506592
766,-61.86151756286625,0,0,300,0.4642260095219155,5.867879390716553
767,-60.715833464464886,0,0,300,0.4637617835123936,5.104157447814941
768,-55.50539710998537,0,0,300,0.46329802172888124,5.243849277496338
769,-40.35187583923339,0,0,112,0.46283472370715234,6.63546895980835
770,-58.19181797901651,0,0,300,0.46237188898344517,6.49275541305542
771,-54.81834851185354,0,0,300,0.4619095170944617,6.116888046264648
772,-50.99347973743942,0,0,300,0.46144760757736725,5.685670852661133
773,-50.024077500500994,0,0,300,0.46098615996978987,5.673320293426514
774,-56.02040150562797,0,0,300,0.46052517380982005,6.124901294708252
775,-42.472973374524386,0,0,103,0.4600646486360102,7.050544261932373
776,-97.61198689381129,0,0,300,0.4596045839873742,5.08779764175415
777,-44.939573716321235,0,0,136,0.45914497940338683,6.624694347381592
778,-59.23751071055868,0,0,300,0.4586858344239834,5.424576759338379
779,-51.66190269470208,0,0,300,0.45822714858955943,6.032975673675537
780,-82.66271484374995,0,0,300,0.45776892144096987,4.8831787109375
781,-68.47091511646772,0,0,281,0.4573111525195289,5.985029697418213
782,-52.664705581665025,0,0,169,0.4568538413670094,7.21117639541626
783,-50.39099395751949,0,0,300,0.4563969875256424,5.627748489379883
784,-37.670414733886716,0,0,112,0.45594059053811675,7.09260368347168
785,-59.694299392700145,0,0,300,0.45548464994757865,4.503574848175049
786,-119.14730590820292,0,0,300,0.45502916529763104,3.3643264770507812
787,-48.48428161621088,0,0,300,0.45457413613233344,5.413570404052734
788,-58.167308252649846,0,0,300,0.4541195619962011,3.2539288997650146
789,-56.483628052869115,0,0,300,0.4536654424342049,5.055707931518555
790,-51.41028492847953,0,0,300,0.45321177699177073,5.184872150421143
791,-55.78077076832315,0,0,185,0.452758565214779,6.63749361038208
792,-54.980390290418,0,0,300,0.4523058066495642,5.814898490905762
793,-42.67362103382617,0,0,300,0.45185350084291465,5.2707061767578125
794,-52.992654694714886,0,0,300,0.4514016473420717,5.0904645919799805
795,-62.2975417033818,0,0,300,0.45095024569472963,5.1791863441467285
796,-71.03452588001755,0,0,300,0.4504992954490349,4.570932388305664
797,-55.39087239185836,0,0,181,0.45004879615358584,6.435019016265869
798,-55.081778229871034,0,0,187,0.44959874735743227,6.725245475769043
799,-35.972830781140594,0,0,92,0.4491491486100748,7.555508613586426
800,-68.41810833851358,0,0,236,0.44869999946146477,7.2018280029296875
801,-51.26611724853523,0,0,300,0.4482512994620033,4.714029312133789
802,-62.61555561939742,0,0,259,0.4478030481625413,5.381189823150635
803,-47.41184910694629,0,0,300,0.44735524511437874,4.832763195037842
804,-50.5042194072392,0,0,300,0.4469078898692644,4.910855770111084
805,-45.58494374195598,0,0,300,0.4464609819793951,4.968536853790283
806,-55.34079197803996,0,0,300,0.44601452099741573,6.014998912811279
807,-56.56345211903122,0,0,300,0.4455685064764183,5.050663948059082
808,-58.05497372547659,0,0,300,0.4451229379699419,5.29604434967041
809,-50.64229092518362,0,0,300,0.44467781503197196,5.262873649597168
810,-46.55793156544228,0,0,300,0.44423313721693997,4.979283809661865
811,-69.64269886890916,0,0,286,0.44378890407972305,5.5104756355285645
812,-56.41455487171672,0,0,300,0.44334511517564335,5.595939636230469
813,-47.48075703541304,0,0,127,0.4429017700604677,7.362490177154541
814,-99.65243240356443,0,0,300,0.44245886829040726,4.548108100891113
815,-167.0049740600586,0,0,300,0.44201640942211684,5.143743515014648
816,-47.57944996754196,0,0,300,0.44157439301269474,4.752163410186768
817,-53.635250748792004,0,0,300,0.44113281861968207,5.176113605499268
818,-53.56523495594532,0,0,300,0.4406916858010624,4.628609657287598
819,-68.18162884632613,0,0,289,0.4402509941152613,5.1977081298828125
820,-58.198795746960855,0,0,223,0.43981074312114604,6.064499855041504
821,-139.9392145069453,0,0,300,0.4393709323780249,5.535002708435059
822,-53.057610825696294,0,0,300,0.4389315614456469,5.309203624725342
823,-49.34282852172849,0,0,300,0.43849262988420123,4.208207130432129
824,-137.0542388621953,0,0,300,0.438054137254317,4.873360633850098
825,-64.86347851673631,0,0,300,0.4376160831170627,4.630670547485352
826,-63.34431561390429,0,0,300,0.43717846703394564,4.878379821777344
827,-53.5292097179082,0,0,300,0.4367412885669117,4.79460334777832
828,-74.79442204395798,0,0,294,0.4363045472783448,4.8534064292907715
829,-40.18169079700973,0,0,104,0.43586824273106645,7.520223617553711
830,-57.33610066334281,0,0,300,0.4354323744883354,5.438826084136963
831,-58.61834965626269,0,0,300,0.43499694211384704,5.691888332366943
832,-63.86605008045695,0,0,240,0.4345619451717332,6.011313438415527
833,-67.84744473377728,0,0,242,0.43412738322656147,6.0991621017456055
834,-74.7426483623174,0,0,275,0.4336932558433349,5.687963008880615
835,-47.835209274291984,0,0,121,0.43325956258749154,7.421302318572998
836,-60.0445637981083,0,0,242,0.43282630302490405,5.693441867828369
837,-52.08913014332324,0,0,300,0.43239347672187917,5.46708345413208
838,-55.20815297047158,0,0,300,0.4319610832451573,5.0643391609191895
839,-54.97856608470412,0,0,223,0.43152912216191214,5.577340602874756
840,-55.846193513074155,0,0,238,0.4310975930397502,4.411349296569824
841,-77.2393695537236,0,0,250,0.43066649544671043,6.582143306732178
842,-78.5962863628057,0,0,284,0.4302358289512637,5.5088725090026855
843,-63.56016400257606,0,0,200,0.4298055931223125,6.5098419189453125
844,-50.34568737904093,0,0,300,0.42937578752919014,4.778722763061523
845,-60.806949280896504,0,0,300,0.4289464117416609,5.354038238525391
846,-44.91832821766394,0,0,300,0.42851746532991924,5.749382972717285
847,-52.11959439198042,0,0,220,0.42808894786458934,5.579699516296387
848,-73.00924504200489,0,0,271,0.42766085891672473,5.53461217880249
849,-49.85766354481245,0,0,186,0.427233198057808,6.5517168045043945
850,-56.00485173145791,0,0,177,0.4268059648597502,6.2760138511657715
851,-60.61394146839646,0,0,300,0.4263791588948904,5.708286285400391
852,-64.16509877125291,0,0,231,0.42595277973599555,6.203575611114502
853,-47.92394030650593,0,0,300,0.42552682695625954,5.508684158325195
854,-53.21565861622365,0,0,300,0.4251013001293033,5.256215572357178
855,-51.77173191944624,0,0,300,0.424676198829174,4.927733898162842
856,-52.87244755665323,0,0,208,0.4242515226303448,5.5779128074646
857,-64.17860585133108,0,0,300,0.42382727110771445,5.469452381134033
858,-50.890466889538956,0,0,300,0.4234034438366067,5.797417640686035
859,-69.14516690174607,0,0,256,0.4229800403927701,6.406092643737793
860,-55.44925541798137,0,0,300,0.42255706035237733,4.814614772796631
861,-46.949737290540014,0,0,300,0.42213450329202495,5.557235240936279
862,-65.15818112293765,0,0,300,0.4217123687887329,5.6218461990356445
863,-70.76664143482706,0,0,294,0.4212906564199442,5.116461277008057
864,-44.84234478870894,0,0,300,0.42086936576352424,5.142887115478516
865,-47.709517487683634,0,0,300,0.4204484963977607,5.239680290222168
866,-39.82787495533493,0,0,122,0.42002804790136294,7.13176965713501
867,-56.474278488159065,0,0,300,0.4196080198534616,6.358569622039795
868,-61.963353242078114,0,0,300,0.4191884118336081,5.658139228820801
869,-64.23426724354287,0,0,274,0.41876922342177453,6.495867729187012
870,-73.1417168895391,0,0,299,0.41835045419835276,5.867730140686035
871,-57.66976773182423,0,0,300,0.4179321037441544,6.014742851257324
872,-81.83015789906054,0,0,296,0.41751417164041027,6.359840393066406
873,-59.10757733265431,0,0,300,0.41709665746876984,5.651695251464844
874,-52.45161732594034,0,0,300,0.4166795608113011,5.467705249786377
875,-45.11683235168452,0,0,122,0.41626288125048977,7.441708087921143
876,-40.38917228698729,0,0,95,0.41584661836923925,7.479793071746826
877,-73.33064198414353,0,0,298,0.41543077175087,6.834961414337158
878,-65.3955108348515,0,0,274,0.41501534097911913,6.05867862701416
879,-44.70849494934082,0,0,83,0.41460032563814003,7.664623737335205
880,-57.457804536023374,0,0,300,0.4141857253125019,5.591752052307129
881,-61.37545695384476,0,0,300,0.41377153958718943,5.554063320159912
882,-51.22939511219525,0,0,300,0.4133577680476022,5.132149696350098
883,-65.09589848438765,0,0,273,0.4129444102795546,5.126275539398193
884,-66.83948880116013,0,0,282,0.412531465869275,5.509673118591309
885,-59.109692048230386,0,0,260,0.41211893440340575,4.667223930358887
886,-62.212137879529294,0,0,300,0.41170681546900234,5.132835388183594
887,-49.51140858570605,0,0,300,0.41129510865353336,5.125153064727783
888,-59.98123768726853,0,0,225,0.41088381354487985,5.550110340118408
889,-52.798190888562424,0,0,232,0.410472929731335,5.8743486404418945
890,-63.422222014269536,0,0,221,0.41006245680160364,5.885754585266113
891,-75.81487744251747,0,0,275,0.40965239434480205,4.723520278930664
892,-52.08228062550092,0,0,114,0.40924274195045723,7.275371074676514
893,-60.360190858044916,0,0,300,0.40883349920850676,6.0948486328125
894,-70.13078015247845,0,0,272,0.40842466570929825,5.614995956420898
895,-38.154281586804544,0,0,300,0.40801624104358897,5.360871315002441
896,-56.96591392517087,0,0,195,0.4076082248025454,6.388978481292725
897,-46.591571015515584,0,0,300,0.4072006165777428,5.732693672180176
898,-48.87530507008107,0,0,300,0.4067934159611651,5.498627185821533
899,-62.590759934583005,0,0,268,0.4063866225452039,6.4149909019470215
900,-64.66322140614066,0,0,263,0.4059802359226587,5.718106269836426
901,-34.06605842590332,0,0,101,0.40557425568673605,6.82151460647583
902,-52.26663517872355,0,0,208,0.40516868143104934,5.943959712982178
903,-56.66910237232716,0,0,300,0.4047635127496183,5.122076511383057
904,-56.82717663685348,0,0,195,0.4043587492368687,5.754095077514648
905,-51.076135529675796,0,0,300,0.4039543904876318,5.173834800720215
906,-57.67531216541789,0,0,289,0.4035504360971442,5.388628959655762
907,-35.142017669677735,0,0,108,0.40314688566104706,7.393004417419434
908,-56.226071395873916,0,0,300,0.402743738775386,6.421517848968506
909,-60.26669232288858,0,0,201,0.4023409950366106,5.9639739990234375
910,-46.12501525878904,0,0,175,0.401938654041574,6.218753814697266
911,-47.3305999461796,0,0,300,0.4015367153875324,5.667450904846191
912,-64.1926413726807,0,0,234,0.4011351786721449,6.455660343170166
913,-60.013992538452165,0,0,101,0.40073404349347275,7.755998134613037
914,-41.88538502613555,0,0,300,0.40033330944997925,5.851147174835205
915,-49.15005538940421,0,0,194,0.39993297614052925,5.855013847351074
916,-44.60420820395413,0,0,176,0.3995330431643887,5.528950214385986
917,-42.06349621693157,0,0,300,0.39913351012122433,5.67817497253418
918,-52.08051533619428,0,0,227,0.3987343766111031,5.7224297523498535
919,-57.774651336669926,0,0,178,0.398335642234492,7.6186628341674805
920,-55.246776169934506,0,0,300,0.3979373065922575,5.733994960784912
921,-61.408814133801755,0,0,300,0.39753936928566525,5.994504451751709
922,-46.52385948181151,0,0,160,0.3971418299163796,5.885964870452881
923,-44.97839874267575,0,0,132,0.3967446880864632,7.572099685668945
924,-40.78045147816199,0,0,300,0.3963479433983767,5.087413787841797
925,-45.58070721546673,0,0,196,0.3959515954549783,5.547477722167969
926,-89.7067612163212,0,0,290,0.39555564385952335,5.341491222381592
927,-58.05407295227045,0,0,212,0.39516008821566384,6.613518238067627
928,-40.73378453175088,0,0,300,0.3947649281274482,5.160747051239014
929,-55.415360840955096,0,0,300,0.3943701631993207,5.316141128540039
930,-51.56821250915521,0,0,300,0.3939757930361214,4.954553127288818
931,-51.705664338269465,0,0,208,0.3935818172430853,5.943717002868652
932,-56.98986572265621,0,0,204,0.3931882354258422,6.1374664306640625
933,-59.80238830566404,0,0,215,0.39279504719041636,6.295597076416016
934,-55.98262875477344,0,0,300,0.39240225214322594,5.515458106994629
935,-47.600799560546854,0,0,139,0.39200984989108273,7.462699890136719
936,-59.85638870239249,0,0,215,0.39161784004119166,6.0540971755981445
937,-66.76790580749508,0,0,290,0.39122622220115044,5.791976451873779
938,-49.86884277343749,0,0,250,0.3908349959789493,5.172210693359375
939,-41.353158950805536,0,0,300,0.3904441609829703,5.275789737701416
940,-41.842643890380856,0,0,125,0.3900537168219873,7.233160972595215
941,-47.05110745350384,0,0,300,0.3896636631051653,5.440077781677246
942,-54.918413391113205,0,0,300,0.38927399944206015,5.73210334777832
943,-134.11597073475377,0,0,291,0.3888847254426181,5.373793601989746
944,-45.93447781483194,0,0,181,0.38849584071717547,6.108420372009277
945,-55.860561981201116,0,0,300,0.3881073448764583,6.242640495300293
946,-47.14596798817176,0,0,300,0.3877192375315819,5.843792915344238
947,-54.950638856091686,0,0,300,0.3873315182940503,5.217460632324219
948,-108.60517048756137,0,0,284,0.38694418677575626,5.59109354019165
949,-55.11484036366007,0,0,300,0.3865572425889805,4.506011009216309
950,-39.748748855590804,0,0,83,0.38617068534639154,7.604687213897705
951,-58.68088765064739,0,0,209,0.38578451466104513,6.310022830963135
952,-63.66778088490034,0,0,300,0.3853987301463841,5.291746139526367
953,-38.19944633483887,0,0,147,0.3850133314162377,5.639861583709717
954,-59.328617095947216,0,0,163,0.3846283180848215,7.269654273986816
955,-44.91410278320308,0,0,169,0.3842436897667367,5.731025695800781
956,-49.9190603637695,0,0,154,0.3838594460769699,6.882265090942383
957,-51.95128491322065,0,0,173,0.38347558663089293,5.920122146606445
958,-38.665291671752925,0,0,99,0.38309211104426205,7.133822917938232
959,-48.43466400146481,0,0,158,0.3827090189332178,7.486166000366211
960,-37.29707257191208,0,0,96,0.38232630991428457,7.096569061279297
961,-40.44437728881835,0,0,141,0.38194398360437026,6.77109432220459
962,-54.42543174743645,0,0,226,0.3815620396207659,5.913857936859131
963,-61.76844853321575,0,0,300,0.38118047758114515,4.959413051605225
964,-43.49306610107421,0,0,81,0.380799297103564,7.553266525268555
965,-55.78895874023435,0,0,131,0.3804184978064605,7.709739685058594
966,-59.20774131774902,0,0,300,0.380038079308654,5.911935329437256
967,-77.74943008422845,0,0,229,0.3796580412293454,6.212357521057129
968,-55.51483169555664,0,0,186,0.379278383188116,7.58870792388916
969,-41.49938839832803,0,0,300,0.3788991048049279,5.392148017883301
970,-65.06665440479782,0,0,285,0.37852020570012296,6.028964519500732
971,-57.55863800048827,0,0,226,0.37814168549442284,5.10215950012207
972,-46.26295600891112,0,0,102,0.3777635438089284,7.850739002227783
973,-59.47306892395019,0,0,287,0.3773857802651195,6.125767230987549
974,-50.42663632313276,0,0,232,0.37700839448485435,6.331459999084473
975,-67.8691938487675,0,0,297,0.3766313860903695,5.579599380493164
976,-45.69538334766888,0,0,138,0.37625475470427916,7.291146755218506
977,-66.66828091541792,0,0,254,0.3758784999495749,6.336871147155762
978,-47.64975819508105,0,0,300,0.3755026214496253,5.889740467071533
979,-38.055756378173804,0,0,146,0.3751271188281757,6.063939094543457
980,-57.50090893665818,0,0,246,0.3747519917093475,5.91752815246582
981,-56.65966398398346,0,0,300,0.37437723971763814,6.2678141593933105
982,-60.77610618591298,0,0,238,0.37400286247792053,6.6765265464782715
983,-52.57736869812012,0,0,177,0.3736288596154426,6.966842174530029
984,-35.23765029907227,0,0,108,0.37325523075582717,6.896912574768066
985,-45.325341653027714,0,0,300,0.37288197552507135,3.1586363315582275
986,-33.14115829467774,0,0,119,0.37250909354954626,6.297789573669434
987,-48.08717803955076,0,0,300,0.37213658445599673,4.884294509887695
988,-61.75661206165816,0,0,229,0.3717644478715407,5.87895393371582
989,-47.803954972424734,0,0,164,0.3713926834236692,6.168289661407471
990,-48.112426071166986,0,0,300,0.37102129074024554,5.458106517791748
991,-46.62898620605461,0,0,300,0.3706502694495053,5.447246551513672
992,-52.93111633300784,0,0,300,0.3702796191800558,6.235279083251953
993,-52.13921633800002,0,0,300,0.36990933956087574,6.3050031661987305
994,-51.9726123340937,0,0,226,0.36953943022131486,6.128352165222168
995,-35.42396842956535,0,0,300,0.3691698907910935,6.325992107391357
996,-57.928753509521385,0,0,275,0.3688007209003024,5.384688377380371
997,-64.74352253834275,0,0,300,0.36843192017940213,5.090681552886963
998,-50.99075917164356,0,0,300,0.36806348825922275,5.864990711212158
999,-50.42050336996973,0,0,300,0.3676954247709635,5.228024005889893
1000,-56.09628952026362,0,0,225,0.36732772934619257,5.679072380065918
1001,-47.782901980873014,0,0,300,0.3669604016168464,5.27012825012207
1002,-56.0583891765263,0,0,300,0.3665934412152296,4.894398212432861
1003,-85.32504082600134,0,0,300,0.3662268477740143,3.7685611248016357
1004,-47.42399826049801,0,0,300,0.36586062092624033,5.130999565124512
1005,-58.18921264648439,0,0,254,0.3654947603053141,4.274803161621094
1006,-38.7805000305176,0,0,300,0.36512926554500874,4.1076250076293945
1007,-34.03375717163086,0,0,102,0.36476413627946375,7.205939292907715
1008,-40.28571357727048,0,0,193,0.3643993721431843,5.721428394317627
1009,-97.8315766143799,0,0,281,0.36403497277104113,5.262894153594971
1010,-56.16134010314951,0,0,300,0.3636709377982701,4.8253350257873535
1011,-57.27922050476076,0,0,259,0.3633072668604718,5.3398051261901855
1012,-63.40155212402345,0,0,269,0.36294395959361136,5.557888031005859
1013,-42.10376747131346,0,0,144,0.36258101563401773,6.443441867828369
1014,-66.06259269714363,0,0,227,0.3622184346183837,5.153148174285889
1015,-53.01802062988277,0,0,292,0.36185621618376534,5.442005157470703
1016,-54.02082672119147,0,0,300,0.36149435996758156,4.280206680297852
1017,-106.80157493591301,0,0,274,0.361132865607614,5.2028937339782715
1018,-45.545470657348694,0,0,300,0.36077173274200636,4.713867664337158
1019,-59.048233032226634,0,0,300,0.36041096100926434,5.387058258056641
1020,-45.78769876320891,0,0,174,0.3600505500482551,6.259026527404785
1021,-57.96024650573725,0,0,230,0.35969049949820686,5.880061626434326
1022,-49.90534622192385,0,0,300,0.3593308089987087,5.521336555480957
1023,-57.23698822021484,0,0,244,0.35897147818971,5.894247055053711
1024,-55.09662925720216,0,0,181,0.3586125067115203,5.994157314300537
1025,-48.61281311035155,0,0,175,0.35825389420480874,5.685703277587891
1026,-44.16560279846189,0,0,152,0.35789564031060395,5.5739006996154785
1027,-49.96665618896484,0,0,217,0.35753774467029337,5.809164047241211
1028,-57.54355690002441,0,0,263,0.3571802069256231,5.9558892250061035
1029,-43.55943847656249,0,0,174,0.3568230267186975,5.699859619140625
1030,-45.34651802062984,0,0,300,0.3564662036919788,5.154129505157471
1031,-44.74676864624022,0,0,196,0.35610973748828684,5.954192161560059
1032,-39.36773544311521,0,0,154,0.35575362775079855,6.201933860778809
1033,-41.563917083740236,0,0,105,0.35539787412304774,7.723479270935059
1034,-39.54111167907717,0,0,300,0.3550424762489247,4.142777919769287
1035,-38.89138679504393,0,0,189,0.3546874337726758,5.210346698760986
1036,-45.377901840209944,0,0,162,0.35433274633890316,7.08197546005249
1037,-39.58603549083206,0,0,80,0.35397841359256427,7.644207954406738
1038,-48.72785003662105,0,0,152,0.3536244351789717,5.974462509155273
1039,-43.87919441223143,0,0,149,0.35327081074379274,6.304798603057861
1040,-51.16984860340627,0,0,300,0.352917539933049,4.189763069152832
1041,-45.796430024304655,0,0,152,0.3525646223931159,5.723908424377441
1042,-42.03477323691313,0,0,300,0.3522120577707228,5.034091472625732
1043,-97.138399734497,0,0,261,0.3518598457129521,6.624599933624268
1044,-45.64538848876948,0,0,300,0.35150798586723914,5.753847122192383
1045,-50.211708268323164,0,0,300,0.3511564778813719,5.06522798538208
1046,-51.70142044067378,0,0,214,0.3508053214034905,5.640355110168457
1047,-37.3250144958496,0,0,95,0.35045451608208705,7.606253623962402
1048,-105.99975102345,0,0,300,0.350104061566005,2.7072386741638184
1049,-37.57860327800241,0,0,300,0.349753957504439,3.639849901199341
1050,-52.895912628173775,0,0,225,0.3494042035469346,5.916478157043457
1051,-51.775237227282325,0,0,300,0.3490547993433876,5.154008388519287
1052,-56.29473838806152,0,0,216,0.34870574454404424,5.486184597015381
1053,-34.641930741467604,0,0,300,0.3483570387995002,3.245283603668213
1054,-46.54299725452927,0,0,300,0.3480086817607007,4.665550231933594
1055,-36.71881199757124,0,0,300,0.34766067307894,5.679503917694092
1056,-35.27172177235154,0,0,107,0.34731301240586104,6.90023136138916
1057,-65.45615827719634,0,0,300,0.3469656993934552,3.516937732696533
1058,-42.186754426160114,0,0,300,0.3466187336940617,4.746489524841309
1059,-42.448229895434025,0,0,300,0.34627211496036764,3.894756555557251
1060,-65.56413490295401,0,0,285,0.3459258428454073,5.436033725738525
1061,-49.069409027099596,0,0,120,0.34557991700256185,7.607352256774902
1062,-45.98256294250483,0,0,210,0.3452343370855593,5.515640735626221
1063,-54.51951484680164,0,0,300,0.34488910274847373,3.8048787117004395
1064,-46.03099975585934,0,0,177,0.34454421364572524,6.357749938964844
1065,-56.97446311950675,0,0,225,0.3441996694320795,6.521115779876709
1066,-46.599880570569255,0,0,300,0.34385546976264747,4.4972710609436035
1067,-50.460882186889584,0,0,249,0.34351161429288485,6.240220546722412
1068,-51.789503173828095,0,0,300,0.34316810267859194,6.177375793457031
1069,-55.05798591613763,0,0,225,0.34282493457591334,6.229496479034424
1070,-40.947320251464824,0,0,300,0.3424821096413374,4.479330062866211
1071,-43.20752258300776,0,0,300,0.3421396275316961,5.564380645751953
1072,-51.394804000854364,0,0,238,0.34179748790416437,6.473701000213623
1073,-63.39045951843258,0,0,245,0.3414556904162602,6.977614879608154
1074,-62.321455230712914,0,0,226,0.34111423472584396,6.020363807678223
1075,-49.728834075927736,0,0,300,0.34077312049111813,6.827208518981934
1076,-40.18451484680175,0,0,153,0.340432347370627,7.3361287117004395
1077,-58.154884338378864,0,0,255,0.34009191502325636,6.788721084594727
1078,-43.84947463989255,0,0,108,0.3397518231082331,7.5948686599731445
1079,-34.28347457885742,0,0,107,0.33941207128512485,6.9108686447143555
1080,-43.832574996948196,0,0,181,0.3390726592138397,6.7306437492370605
1081,-56.44315353393547,0,0,223,0.3387335865546259,6.695788383483887
1082,-55.052327804565394,0,0,212,0.33839485296807126,7.593081951141357
1083,-64.97721702575677,0,0,264,0.3380564581151032,7.289304256439209
1084,-50.55180557250974,0,0,200,0.33771840165698813,7.055451393127441
1085,-44.167843399047825,0,0,98,0.33738068325533116,7.526960849761963
1086,-48.346070709228485,0,0,163,0.3370433025720758,6.539017677307129
1087,-51.33573997497556,0,0,300,0.33670625926950376,7.2389349937438965
1088,-37.54149101257323,0,0,142,0.33636955301023425,7.3278727531433105
1089,-41.90341842651367,0,0,149,0.336033183457224,6.505854606628418
1090,-41.08783647696434,0,0,300,0.3356971502737668,3.64985728263855
1091,-59.631743927001914,0,0,283,0.335361453123493,5.340435981750488
1092,-61.939430923461934,0,0,230,0.3350260916703695,5.2423577308654785
1093,-50.93832090537015,0,0,218,0.33469106557869915,6.59747838973999
1094,-59.26897320667758,0,0,281,0.33435637451312045,4.169544219970703
1095,-43.210547485351505,0,0,164,0.3340220181386073,6.980136871337891
1096,-48.93523809592198,0,0,300,0.33368799612046873,5.36170768737793
1097,-44.6720802688598,0,0,300,0.33335430812434824,3.670520067214966
1098,-48.54920498768357,0,0,168,0.3330209538162239,7.472102165222168
1099,-47.2272195903447,0,0,300,0.33268793286240766,4.994105815887451
1100,-51.718611878552686,0,0,208,0.33235524492954527,5.639453887939453
1101,-55.35882077137492,0,0,248,0.33202288968461574,5.5045061111450195
1102,-69.37304364124805,0,0,262,0.33169086679493115,5.505561828613281
1103,-52.183347748914066,0,0,300,0.33135917592813624,5.535637855529785
1104,-41.88204023520411,0,0,300,0.3310278167522081,4.098408222198486
1105,-38.753637894787886,0,0,300,0.3306967889354559,3.850710391998291
1106,-43.80054257313277,0,0,300,0.33036609214652046,3.9574365615844727
1107,-38.417835892834894,0,0,300,0.3300357260543739,4.62175989151001
1108,-43.33429997364542,0,0,300,0.32970569032831953,4.7283759117126465
1109,-46.935323990979406,0,0,300,0.3293759846379912,5.101131916046143
1110,-44.108465813794375,0,0,300,0.3290466086533532,3.679417371749878
1111,-64.41493725697066,0,0,274,0.3287175620446999,4.543535232543945
1112,-36.58293339649692,0,0,300,0.32838884448265515,3.593034267425537
1113,-52.800838746228436,0,0,300,0.3280604556381725,4.192510604858398
1114,-55.07274548450967,0,0,266,0.32773239518253433,6.102987289428711
1115,-39.481313294568324,0,0,137,0.3274046627873518,6.042629241943359
1116,-32.686242074170224,0,0,300,0.32707725812456445,3.618861436843872
1117,-45.88733335654201,0,0,300,0.32675018086643987,3.727231502532959
1118,-44.134375199475535,0,0,300,0.32642343068557345,4.508394718170166
1119,-40.3020059410757,0,0,300,0.3260970072548879,2.963399648666382
1120,-62.00485086600251,0,0,300,0.325770910247633,3.0591108798980713
1121,-42.84695004383578,0,0,300,0.32544513933738534,3.216538429260254
1122,-42.48715977589157,0,0,300,0.3251196941980479,5.04909086227417
1123,-46.618442582287976,0,0,300,0.32479457450384985,4.456911563873291
1124,-45.92515267292526,0,0,300,0.324469779929346,3.1360890865325928
1125,-36.17772744099162,0,0,300,0.32414531014941667,3.4267327785491943
1126,-57.69202160755654,0,0,214,0.32382116483926726,5.36280632019043
1127,-47.72184101978806,0,0,300,0.323497343674428,5.140261173248291
1128,-45.46358059803509,0,0,300,0.3231738463307536,4.995696067810059
1129,-45.459656991162504,0,0,300,0.32285067248442284,2.919715166091919
1130,-65.40464881896965,0,0,300,0.3225278218119384,4.028662204742432
1131,-39.548943108716315,0,0,300,0.3222052939901265,2.9345366954803467
1132,-39.14357506672409,0,0,300,0.32188308869613635,3.4456946849823
1133,-40.945830430188295,0,0,300,0.3215612056074402,4.903758525848389
1134,-43.47066590229536,0,0,300,0.3212396444018328,3.627467393875122
1135,-63.71059872547653,0,0,289,0.32091840475743094,4.67495059967041
1136,-59.92211117664828,0,0,291,0.3205974863526735,4.695328712463379
1137,-42.34779347340129,0,0,300,0.32027688886632083,4.304249286651611
1138,-52.57858548084757,0,0,234,0.3199566119774545,4.746947288513184
1139,-50.89193165699512,0,0,300,0.31963665536547703,4.255283832550049
1140,-38.04811512867473,0,0,300,0.31931701871011153,3.8593297004699707
1141,-51.94231175343059,0,0,258,0.3189977016914014,4.8028788566589355
1142,-43.488681611218624,0,0,300,0.31867870398971,4.421971321105957
1143,-37.72255862315622,0,0,300,0.31836002528572027,3.333338737487793
1144,-31.10481560627478,0,0,300,0.31804166526043454,3.371004819869995
1145,-59.8355792530391,0,0,274,0.3177236235951741,3.869093894958496
1146,-53.19307778278849,0,0,283,0.3174058999715789,3.430570363998413
1147,-36.76355549732716,0,0,300,0.31708849407160733,3.7631897926330566
1148,-51.78053307453654,0,0,300,0.31677140557753575,2.759934186935425
1149,-51.333759918212806,0,0,212,0.31645463417195824,5.985939979553223
1150,-45.05995301167029,0,0,300,0.3161381795377863,3.694789171218872
1151,-34.316382217407224,0,0,129,0.3158220413582485,6.504095554351807
1152,-51.318781110448285,0,0,278,0.3155062193168902,4.2075934410095215
1153,-36.655897369384746,0,0,148,0.31519071309757335,5.666474342346191
1154,-41.941320885815834,0,0,300,0.3148755223844758,3.052631139755249
1155,-41.199338120618094,0,0,200,0.31456064686209134,5.5096354484558105
1156,-46.69343426624795,0,0,183,0.31424608621522926,5.605659484863281
1157,-28.960581788220626,0,0,300,0.31393184012901404,3.9899463653564453
1158,-54.68909649769329,0,0,216,0.31361790828888503,4.662075042724609
1159,-57.891032227673776,0,0,297,0.31330429038059615,5.660058975219727
1160,-41.92402645985151,0,0,300,0.31299098609021553,4.49080753326416
1161,-38.45367836872598,0,0,300,0.3126779951041253,3.740720510482788
1162,-48.20643502155802,0,0,282,0.31236531710902116,3.913909673690796
1163,-41.4414916316654,0,0,300,0.3120529517919121,3.0426738262176514
1164,-39.254026269116586,0,0,300,0.3117408988401202,3.4783074855804443
1165,-123.22179455677528,0,0,300,0.31142915794128007,2.632749557495117
1166,-42.332088919481855,0,0,300,0.31111772878333877,3.338221311569214
1167,-33.25225514332322,0,0,163,0.3108066110545554,5.76786470413208
1168,-46.09965969959758,0,0,207,0.3104958044435009,6.209715843200684
1169,-36.24255894581337,0,0,300,0.3101853086390574,4.252940654754639
1170,-31.891208678087793,0,0,300,0.30987512333041833,3.338001251220703
1171,-51.319314774670815,0,0,196,0.3095652482070879,6.504629611968994
1172,-32.32806683460724,0,0,300,0.30925568295888084,2.956817626953125
1173,-51.28547314564251,0,0,218,0.308946427275922,6.188669204711914
1174,-35.47928116718786,0,0,300,0.30863748084864606,3.4396212100982666
1175,-44.442329453625916,0,0,163,0.3083288433677974,5.787883281707764
1176,-60.001684875488266,0,0,241,0.30802051452442963,5.50792121887207
1177,-73.07998801310987,0,0,300,0.3077124940099052,2.8276960849761963
1178,-66.72383572498809,0,0,300,0.3074047815158953,3.36575984954834
1179,-43.44925300598143,0,0,182,0.30709737673437937,5.507313251495361
1180,-53.70709368785344,0,0,212,0.30679027935764497,6.369472503662109
1181,-29.846092634996946,0,0,300,0.3064834890782873,3.289222240447998
1182,-35.57210854450729,0,0,300,0.306177005589209,3.8228280544281006
1183,-28.830993508496476,0,0,300,0.3058708285836198,3.372549295425415
1184,-40.389494370618046,0,0,300,0.30556495775503617,5.0496745109558105
1185,-30.689690369763504,0,0,300,0.30525939279728115,3.2322235107421875
1186,-63.003031586804596,0,0,257,0.30495413340448385,5.665558815002441
1187,-40.27770905415078,0,0,300,0.3046491792710794,3.3717281818389893
1188,-27.638979233899384,0,0,108,0.3043445300918083,6.339545726776123
1189,-38.82852978626755,0,0,152,0.30404018556171647,5.909433364868164
1190,-29.253960198559945,0,0,300,0.30373614537615473,3.048290967941284
1191,-84.3595864399288,0,0,263,0.3034324092307786,6.035095691680908
1192,-64.81924950520062,0,0,298,0.3031289768215478,3.4271132946014404
1193,-46.731169310412085,0,0,300,0.30282584784472627,6.220491409301758
1194,-55.164649153551764,0,0,190,0.3025230219968815,6.56386137008667
1195,-32.24598105510197,0,0,300,0.3022204989748846,3.039194345474243
1196,-46.849374075731866,0,0,300,0.30191827847590974,3.642542600631714
1197,-45.78644648631543,0,0,300,0.3016163601974338,3.779310703277588
1198,-39.27895840565228,0,0,300,0.3013147438372364,4.7370405197143555
1199,-39.01269064982858,0,0,300,0.3010134290933992,3.223371744155884
1200,-29.395488501390975,0,0,300,0.3007124156643058,3.409071207046509
1201,-36.73145871082807,0,0,300,0.30041170324864147,3.235165596008301
1202,-37.636115998425716,0,0,300,0.30011129154539284,3.668829917907715
1203,-28.62795909007517,0,0,300,0.29981118025384745,3.0096888542175293
1204,-44.138845910229854,0,0,300,0.2995113690735936,3.2895123958587646
1205,-67.94472494284567,0,0,300,0.29921185770452,3.3190793991088867
1206,-38.24304455677531,0,0,300,0.2989126458468155,3.078062057495117
1207,-61.67228492736815,0,0,292,0.2986137332009687,3.520571231842041
1208,-52.79752937316907,0,0,300,0.29831511946776773,2.7843823432922363
1209,-47.07719230651853,0,0,300,0.29801680434829997,2.5817980766296387
1210,-66.39350021362304,0,0,218,0.29771878754395165,4.440875053405762
1211,-57.32966201782225,0,0,256,0.29742106875640767,5.974915504455566
1212,-46.649944534301746,0,0,210,0.29712364768765126,5.4149861335754395
1213,-72.35829235950973,0,0,271,0.2968265240399636,5.899374008178711
1214,-31.798014954724504,0,0,300,0.2965296975159237,3.556804656982422
1215,-55.267209595837826,0,0,260,0.29623316781840775,4.864103317260742
1216,-64.54359448353316,0,0,265,0.29593693465058934,6.10569953918457
1217,-68.29615773121384,0,0,292,0.29564099771593877,6.353840351104736
1218,-62.21224255482226,0,0,260,0.2953453567182228,4.817861557006836
1219,-52.29119755665327,0,0,266,0.2950500113615046,5.0701003074646
1220,-50.409255828857354,0,0,221,0.2947549613501431,5.9548139572143555
1221,-44.18030700683592,0,0,165,0.294460206388793,5.645076751708984
1222,-43.770522050061466,0,0,201,0.2941657461824042,5.52493143081665
1223,-53.07163246154784,0,0,196,0.2938715804362218,5.622908115386963
1224,-48.3101839447021,0,0,250,0.2935777088557856,5.030045986175537
1225,-330.7470626449584,0,0,300,0.2932841311469298,2.509265661239624
1226,-42.543930579027815,0,0,300,0.2929908470157829,2.8086817264556885
1227,-35.02871070861818,0,0,300,0.2926978561687671,4.417177677154541
1228,-39.7952319335937,0,0,300,0.29240515831259833,4.9188079833984375
1229,-46.907477264404235,0,0,203,0.29211275315428575,6.256869316101074
1230,-44.45418373107909,0,0,190,0.2918206404011315,6.136045932769775
1231,-50.117186936536086,0,0,228,0.29152881976073036,5.241597652435303
1232,-35.882194442749025,0,0,112,0.2912372909409696,6.803048610687256
1233,-59.71409123341107,0,0,280,0.2909460536500286,6.260823726654053
1234,-33.73560783386229,0,0,136,0.2906551075963786,6.316401958465576
1235,-31.606110428967746,0,0,117,0.2903644524887822,6.503828525543213
1236,-35.129600457349014,0,0,300,0.2900740880362934,3.23970103263855
1237,-30.67227425495646,0,0,300,0.28978401394825715,3.6953694820404053
1238,-52.835734986462825,0,0,266,0.2894942299343089,5.298734664916992
1239,-36.50983223835483,0,0,300,0.2892047357043746,3.1047589778900146
1240,-43.975574065050765,0,0,258,0.28891553096867023,3.729092597961426
1241,-32.41262288013956,0,0,300,0.2886266154377016,3.8679566383361816
1242,-35.19344601551555,0,0,300,0.28833798882226386,3.525662422180176
1243,-44.420395058789495,0,0,262,0.2880496508334416,3.7523996829986572
1244,-60.21805539051553,0,0,282,0.28776160118260813,3.456814765930176
1245,-34.05006298939244,0,0,300,0.2874738395814255,3.489816665649414
1246,-41.58225552479288,0,0,300,0.2871863657418441,3.6053647994995117
1247,-46.919770554700136,0,0,270,0.28689917937610226,4.149743556976318
1248,-30.575654114880773,0,0,300,0.2866122801967262,3.2487144470214844
1249,-45.75349942127728,0,0,274,0.28632566791652947,3.5256757736206055
1250,-43.92506424824262,0,0,263,0.28603934224861294,3.3785669803619385
1251,-33.13881207386515,0,0,300,0.2857533029063643,3.409503936767578
1252,-37.90857281605264,0,0,300,0.28546754960345794,3.691944122314453
1253,-44.865375260510675,0,0,300,0.2851820820538545,3.723644733428955
1254,-26.578436173596604,0,0,300,0.2848968999718006,3.3869099617004395
1255,-53.091850594678164,0,0,279,0.2846120030718288,3.692763566970825
1256,-41.64164898792768,0,0,253,0.284327391068757,3.542713165283203
1257,-48.69139790455367,0,0,278,0.2840430636776882,4.112650394439697
1258,-41.95488011280561,0,0,300,0.28375902061401054,3.4610209465026855
1259,-41.31320885578658,0,0,300,0.28347526159339653,3.883103132247925
1260,-46.00777958790328,0,0,218,0.28319178633180314,4.2567458152771
1261,-58.06917805592086,0,0,279,0.28290859454547135,4.469595432281494
1262,-47.925342682996025,0,0,285,0.28262568595092585,4.701136589050293
1263,-34.95221806446572,0,0,300,0.2823430602649749,3.2378554344177246
1264,-50.97208996693159,0,0,109,0.28206071720470993,8.13032341003418
1265,-55.73467469135781,0,0,258,0.2817786564875052,3.685969591140747
1266,-25.476663560071195,0,0,300,0.28149687783101773,3.441466808319092
1267,-71.57572522083785,0,0,232,0.2812153809531867,5.421232223510742
1268,-56.483605851330964,0,0,293,0.28093416557223355,3.375702381134033
1269,-46.88622016906737,0,0,238,0.2806532314066613,4.046555042266846
1270,-33.14670402526855,0,0,300,0.2803725781752547,4.206676006317139
1271,-34.02086006164551,0,0,300,0.2800922055970794,4.165215015411377
1272,-46.0162088012695,0,0,252,0.2798121133914823,4.276552200317383
1273,-50.97955192565916,0,0,263,0.2795323012780908,5.147387981414795
1274,-35.308247756957996,0,0,300,0.2792527689768127,5.089561939239502
1275,-35.02836250305169,0,0,300,0.2789735162078359,3.6345906257629395
1276,-40.83589210510246,0,0,300,0.2786945426916281,4.421473026275635
1277,-37.17968238830565,0,0,151,0.27841584814893644,6.259920597076416
1278,-36.4570336151123,0,0,99,0.2781374323007875,7.119258403778076
1279,-25.742569007873517,0,0,300,0.27785929486848676,3.738142251968384
1280,-40.845582008361816,0,0,300,0.27758143557361825,3.961395502090454
1281,-28.080851449170336,0,0,300,0.27730385413804465,3.862513780593872
1282,-27.311649140515527,0,0,300,0.2770265502839066,2.752713203430176
1283,-61.121511565050824,0,0,227,0.2767495237336227,5.500576972961426
1284,-28.948945626416396,0,0,300,0.2764727742098891,3.2120373249053955
1285,-39.416765315528735,0,0,300,0.2761963014356792,3.3960940837860107
1286,-31.999488830566307,0,0,300,0.27592010513424353,4.749872207641602
1287,-45.93483488242092,0,0,262,0.2756441850291093,4.4366068840026855
1288,-48.13534220775095,0,0,243,0.2753685408440802,4.196534633636475
1289,-60.342241677441805,0,0,282,0.2750931723032361,3.985361337661743
1290,-34.496413756212846,0,0,300,0.27481807913093287,3.859302520751953
1291,-46.079383765062914,0,0,300,0.27454326105180193,1.5400450229644775
1292,-47.027180604138636,0,0,233,0.2742687177907501,4.2140960693359375
1293,-34.670167799792,0,0,300,0.2739944490729594,3.9477410316467285
1294,-64.50222557067873,0,0,193,0.27372045462388644,5.268056392669678
1295,-116.56995211680861,0,0,300,0.2734467341692626,4.362687110900879
1296,-46.84077052195996,0,0,300,0.27317328743509334,4.635391712188721
1297,-33.22785392761226,0,0,300,0.27290011414765825,4.329463481903076
1298,-53.42809516906736,0,0,271,0.2726272140335106,4.339523792266846
1299,-57.07092147827149,0,0,267,0.27235458681947705,4.940230369567871
1300,-36.179447937011645,0,0,300,0.2720822322326576,4.34486198425293
1301,-40.15394584655756,0,0,221,0.2718101500004249,4.558486461639404
1302,-34.189674224853505,0,0,300,0.27153833985042447,3.649918556213379
1303,-48.837349777221654,0,0,232,0.27126680151057403,4.67683744430542
1304,-57.96810241699215,0,0,285,0.27099553470906346,3.939525604248047
1305,-45.71122222900388,0,0,238,0.2707245391743544,4.537805557250977
1306,-38.30634262084957,0,0,300,0.27045381463518003,4.196585655212402
1307,-31.64290924072263,0,0,300,0.27018336082054484,4.610727310180664
1308,-25.878896141052184,0,0,300,0.2699131774597243,3.9322240352630615
1309,-53.03404548645017,0,0,259,0.2696432642822646,4.126011371612549
1310,-24.18983211517331,0,0,300,0.26937362101798235,3.884958028793335
1311,-90.43247131347641,0,0,189,0.26910424739696437,3.7856178283691406
1312,-31.30141120910636,0,0,300,0.2688351431495674,3.8728528022766113
1313,-34.18888603210443,0,0,300,0.26856630800641784,3.394721508026123
1314,-55.46165702819825,0,0,287,0.2682977416984114,4.3079142570495605
1315,-239.26382049560573,0,0,239,0.268029443956713,5.043455123901367
1316,-73.76620335499317,0,0,295,0.2677614145127563,3.8938517570495605
1317,-44.2716669551518,0,0,251,0.2674936530982436,3.9577176570892334
1318,-28.1153359309819,0,0,300,0.26722615944514533,3.283634901046753
1319,-58.00443127552526,0,0,270,0.2669589332857002,4.308408737182617
1320,-26.532747620740135,0,0,300,0.2666919743524145,4.167987823486328
1321,-50.872943085828084,0,0,229,0.26642528237806207,6.553036689758301
1322,-39.530205582776325,0,0,172,0.266158857095684,5.797352313995361
1323,-20.355175809064033,0,0,300,0.2658926982385883,1.0085948705673218
1324,-44.2042846385623,0,0,300,0.26562680554034973,2.1233720779418945
1325,-84.60943267822269,0,0,287,0.26536117873480936,4.344858169555664
1326,-54.72996569553868,0,0,300,0.26509581755607453,1.6197923421859741
1327,-55.58043375889315,0,0,300,0.26483072173851846,1.4824093580245972
1328,-293.1483817378668,0,1,287,0.26456589101677996,2.0943963527679443
1329,-54.31693847656244,0,0,300,0.2643013251257632,4.121734619140625
1330,-39.19045292774703,0,0,93,0.2640370238006374,7.207414150238037
1331,-286.20920005798314,0,0,300,0.2637729867768368,3.0748000144958496
1332,-95.78002232471955,0,0,300,0.26350921379006,3.274806499481201
1333,-64.09426333507025,0,0,248,0.26324570457626995,6.203764915466309
1334,-50.17014750560253,0,0,244,0.2629824588716937,3.5802359580993652
1335,-279.6564373779291,0,0,300,0.262719476412822,3.606609344482422
1336,-25.687430170374427,0,0,300,0.2624567569364092,3.606459379196167
1337,-45.71474151611326,0,0,259,0.26219430017947276,3.0411853790283203
1338,-50.1569893058114,0,0,257,0.2619321058792933,4.30134916305542
1339,-43.89263966480754,0,0,185,0.261670173773414,6.217960834503174
1340,-33.69249752918742,0,0,300,0.2614085035996406,4.4154253005981445
1341,-53.58633526722458,0,0,300,0.26114709509604095,3.501384735107422
1342,-29.03936102946723,0,0,300,0.2608859480009449,3.5000393390655518
1343,-49.82999987681837,0,0,199,0.26062506205294395,5.84269905090332
1344,-46.947714385986316,0,0,232,0.260364436990891,4.721928596496582
1345,-31.297110930285033,0,0,300,0.2601040725539001,3.4119768142700195
1346,-43.37183078765863,0,0,300,0.2598439684813462,3.820457696914673
1347,-67.70129450877639,0,0,243,0.2595841245128649,3.9630227088928223
1348,-47.91089356342816,0,0,238,0.259324540388352,3.385024309158325
1349,-43.195184660753924,0,0,136,0.25906521584796366,7.308995246887207
1350,-45.04501217762497,0,0,211,0.2588061506321157,5.3410539627075195
1351,-50.434120894274415,0,0,261,0.2585473444814836,3.856229305267334
1352,-38.06546399036907,0,0,117,0.2582887971370021,6.963666915893555
1353,-40.396399239697715,0,0,227,0.2580305083398651,3.856400728225708
1354,-42.618266020617206,0,0,162,0.2577724778315252,5.299765586853027
1355,-89.32395268360632,0,0,300,0.25751470535369364,4.143289089202881
1356,-27.816277457079547,0,0,300,0.25725719064833996,3.214268445968628
1357,-26.02654129902384,0,0,300,0.2569999334576916,2.741436243057251
1358,-68.74729296763869,0,0,294,0.25674293352423394,3.0045223236083984
1359,-26.891053170361722,0,0,300,0.2564861905907097,3.3575642108917236
1360,-25.83875384410346,0,0,300,0.256229704400119,3.5448875427246094
1361,-63.987211312451606,0,0,300,0.25597347469571885,3.7891037464141846
1362,-46.15822197834515,0,0,267,0.25571750122102316,3.5368564128875732
1363,-33.25223883708444,0,0,300,0.25546178371980216,3.7257587909698486
1364,-28.71937024036904,0,0,300,0.25520632193608234,3.9021434783935547
1365,-39.41747263987989,0,0,148,0.25495111561414624,6.654567241668701
1366,-45.46981745799509,0,0,207,0.2546961644985321,6.47515344619751
1367,-39.593631257214795,0,0,159,0.2544414683340336,5.8407087326049805
1368,-42.403918791613265,0,0,149,0.25418702686569955,6.648678779602051
1369,-48.542662611803706,0,0,207,0.25393283983883386,6.448364734649658
1370,-31.312052048840773,0,0,300,0.25367890699899504,4.195313930511475
1371,-68.5393653106689,0,0,300,0.253425228091996,3.3798413276672363
1372,-31.804918793835846,0,0,300,0.253171802863904,3.258530616760254
1373,-47.45301591713957,0,0,250,0.2529186310610401,3.275355815887451
1374,-49.743151978650324,0,0,257,0.2526657124299791,3.168088912963867
1375,-48.89309603770704,0,0,262,0.2524130467175491,3.2659730911254883
1376,-40.14850890239211,0,0,238,0.2521606336708316,3.254826307296753
1377,-30.173242386975517,0,0,300,0.25190847303716074,3.468111515045166
1378,-29.95185013691447,0,0,300,0.25165656456412355,3.1252634525299072
1379,-37.21919865528611,0,0,246,0.25140490799955945,3.0696005821228027
1380,-34.06229412952916,0,0,300,0.25115350309155987,2.7978744506835938
1381,-40.8092871562626,0,0,300,0.2509023495884683,2.7446227073669434
1382,-34.023691491284566,0,0,300,0.25065144723887983,3.4882237911224365
1383,-48.80690414428711,0,0,207,0.25040079579164093,5.309226036071777
1384,-23.418941239514595,0,0,300,0.2501503949958493,3.1745362281799316
1385,-32.2563060847904,0,0,300,0.24990024460085344,3.0263774394989014
1386,-27.6926778117802,0,0,300,0.24965034435625258,2.967970371246338
1387,-52.082263450622484,0,0,290,0.24940069401189632,3.9630658626556396
1388,-36.574743394055574,0,0,300,0.24915129331788444,2.9259867668151855
1389,-30.075668402514143,0,0,300,0.24890214202456656,3.3741161823272705
1390,-29.806650780835312,0,0,300,0.248653239882542,2.916463613510132
1391,-30.812061852612704,0,0,300,0.24840458664265946,3.6878163814544678
1392,-52.48964878956338,0,0,273,0.2481561820560168,3.0697131156921387
1393,-57.95432919422645,0,0,279,0.2479080258739608,3.13088321685791
1394,-60.16564026752972,0,0,300,0.24766011784808684,2.941210985183716
1395,-46.402837266125886,0,0,277,0.24741245773023876,2.7930102348327637
1396,-132.71306488911168,0,0,300,0.24716504527250852,2.6855671405792236
1397,-40.636845808825214,0,0,243,0.24691788022723601,3.1619105339050293
1398,-32.500244034924776,0,0,114,0.24667096234700878,6.467361927032471
1399,-59.87461495319866,0,0,274,0.24642429138466176,3.720954656600952
1400,-47.42282475391889,0,0,259,0.2461778670932771,3.198007106781006
1401,-32.094663209118984,0,0,300,0.24593168922618383,2.9459667205810547
1402,-36.03748718261711,0,0,300,0.24568575753695765,6.781871795654297
1403,-68.86312034606941,0,0,193,0.2454400717794207,5.645780086517334
1404,-45.53147048950193,0,0,92,0.24519463170764128,7.645367622375488
1405,-45.79836853027341,0,0,191,0.24494943707593364,6.054592132568359
1406,-38.068264130749895,0,0,300,0.24470448763885772,3.4243669509887695
1407,-52.67513577381634,0,0,300,0.24445978315121886,3.128584861755371
1408,-41.5887654113769,0,0,208,0.24421532336806764,4.452191352844238
1409,-33.940903443494086,0,0,300,0.24397110804469957,4.482526779174805
1410,-47.81927625815335,0,0,167,0.24372713693665488,5.407717227935791
1411,-48.69745277404783,0,0,240,0.24348340979971822,5.301863193511963
1412,-43.09859466552729,0,0,242,0.2432399263899185,4.712148666381836
1413,-17.10811557769774,0,0,300,0.2429966864635286,3.5520288944244385
1414,-43.173350601196276,0,0,243,0.24275368977706507,4.723337650299072
1415,-47.137884826660056,0,0,237,0.24251093608728802,3.916971206665039
1416,-38.091325912475575,0,0,192,0.24226842515120073,4.2328314781188965
1417,-31.982526817321702,0,0,300,0.24202615672604952,3.5481317043304443
1418,-40.40361091613762,0,0,300,0.24178413056932346,3.733402729034424
1419,-30.72009829600779,0,0,300,0.24154234643875414,3.0427236557006836
1420,-39.9579377746581,0,0,300,0.24130080409231539,5.536984443664551
1421,-58.86707614898678,0,0,290,0.24105950328822306,3.219269037246704
1422,-38.91480682373046,0,0,208,0.24081844378493483,4.546201705932617
1423,-51.78796775817867,0,0,282,0.2405776253411499,4.364491939544678
1424,-66.42965362548819,0,0,300,0.24033704771580874,5.29991340637207
1425,-45.061349220275865,0,0,213,0.24009671066809293,3.8728373050689697
1426,-35.7696883392334,0,0,115,0.23985661395742483,7.13742208480835
1427,-52.26181835174553,0,0,265,0.2396167573434674,3.5804545879364014
1428,-47.75857585906979,0,0,262,0.23937714058612394,3.829643964767456
1429,-38.678765411376936,0,0,222,0.23913776344553783,3.3271913528442383
1430,-44.85917087554928,0,0,237,0.2388986256820923,3.974792718887329
1431,-32.80345768848923,0,0,101,0.2386597270564102,6.715665340423584
1432,-32.15777889251697,0,0,300,0.23842106732935378,3.4994447231292725
1433,-22.849186926684073,0,0,300,0.23818264626202443,3.202495813369751
1434,-36.82812995910645,0,0,250,0.2379444636157624,3.3445324897766113
1435,-44.44108428955074,0,0,232,0.23770651915214663,4.135271072387695
1436,-48.03170963287343,0,0,279,0.2374688126329945,3.392927408218384
1437,-30.78866215626261,0,0,300,0.23723134382036148,3.0844664573669434
1438,-33.552582368054594,0,0,300,0.23699411247654112,4.425446510314941
1439,-43.29145741383099,0,0,243,0.23675711836406457,3.700165271759033
1440,-24.812085800170852,0,0,300,0.2365203612457005,3.3455214500427246
1441,-27.13222641865272,0,0,300,0.2362838408844548,3.2353575229644775
1442,-38.61038524627681,0,0,300,0.23604755704357036,3.760096311569214
1443,-44.96262591441604,0,0,249,0.2358115094865268,3.5683555603027344
1444,-44.35197147369381,0,0,276,0.23557569797704025,3.627992868423462
1445,-42.561638327440896,0,0,266,0.2353401222790632,3.70810866355896
1446,-37.122003784179654,0,0,179,0.23510478215678413,6.220500946044922
1447,-34.582650070190404,0,0,300,0.23486967737462733,4.175662517547607
1448,-46.463272552490196,0,0,214,0.2346348076972527,6.183318138122559
1449,-43.720380401611315,0,0,300,0.23440017288955545,4.592595100402832
1450,-51.14024211009474,0,0,295,0.2341657727166659,3.155259609222412
1451,-46.506663246154716,0,0,300,0.2339316069439492,3.3341658115386963
1452,-30.00663902282707,0,0,300,0.23369767533700525,4.371659755706787
1453,-33.396452551684085,0,0,300,0.23346397766166824,3.314312219619751
1454,-32.651579255261595,0,0,300,0.23323051368400657,3.510195732116699
1455,-31.56850109974411,0,0,146,0.23299728317032256,5.554426193237305
1456,-62.13041130939973,0,0,268,0.23276428588715223,3.429903745651245
1457,-49.283212403455025,0,0,266,0.23253152160126508,3.265604019165039
1458,-31.72214508930701,0,0,300,0.23229899007966381,3.1803371906280518
1459,-64.64982246398927,0,0,194,0.23206669108958414,4.7274556159973145
1460,-156.049972076416,0,0,186,0.23183462439849456,4.882493019104004
1461,-163.28320030212393,0,0,259,0.23160278977409607,5.685800075531006
1462,-38.30840351978803,0,0,300,0.23137118698432196,4.134401798248291
1463,-36.53814385334512,0,0,300,0.23113981579733764,3.8918368816375732
1464,-36.58203602711228,0,0,171,0.2309086759815403,6.332809925079346
1465,-49.948193024792985,0,0,300,0.23067776730555875,4.064349174499512
1466,-53.2247270965576,0,0,259,0.23044708953825319,5.446181774139404
1467,-61.397133301892545,0,0,91,0.23021664244871493,7.926584243774414
1468,-32.96218266407514,0,0,300,0.22998642580626621,4.142846584320068
1469,-40.77086418151855,0,0,91,0.22975643938045995,7.585216045379639
1470,-42.298303078809035,0,0,249,0.2295266829410795,3.40187668800354
1471,-35.258222054639106,0,0,300,0.22929715625813843,3.6418564319610596
1472,-47.08764809528854,0,0,258,0.2290678591018803,3.414212942123413
1473,-46.08024487415816,0,0,156,0.22883879124277842,5.87236213684082
1474,-30.98947640339401,0,0,300,0.22860995245153565,3.8221700191497803
1475,-58.402750786938995,0,0,300,0.22838134249908412,3.7754886150360107
1476,-22.33673596302533,0,0,300,0.22815296115658504,3.523984909057617
1477,-126.96578808704861,0,0,236,0.22792480819542846,2.8787479400634766
1478,-32.19740265766641,0,0,300,0.22769688338723304,2.7541515827178955
1479,-80.59745686451471,0,0,226,0.22746918650384582,3.2316651344299316
1480,-25.940883607068283,0,0,300,0.22724171731734197,3.5575218200683594
1481,-29.0584991161014,0,0,300,0.22701447560002463,3.32442569732666
1482,-26.39640742381542,0,0,300,0.2267874611244246,3.644300937652588
1483,-59.52282618602247,0,0,277,0.22656067366330018,5.880905628204346
1484,-48.76011036793254,0,0,298,0.22633411298963688,3.444828510284424
1485,-34.11398971557617,0,0,101,0.22610777887664724,7.120997428894043
1486,-44.668801469006794,0,0,195,0.22588167109777058,6.4395012855529785
1487,-46.94682571411133,0,0,92,0.2256557894266728,7.306706428527832
1488,-40.17889744679001,0,0,97,0.22543013363724612,7.154525279998779
1489,-44.18444030761718,0,0,94,0.22520470350360888,7.251110076904297
1490,-44.19968838612107,0,0,89,0.2249794988001053,7.377223014831543
1491,-34.080505828857426,0,0,117,0.2247545193013052,6.9001264572143555
1492,-30.95351262012984,0,0,300,0.22452976478200387,4.19067907333374
1493,-66.17613438526651,0,0,294,0.22430523501722185,3.53633451461792
1494,-51.526289567151316,0,0,300,0.22408092978220462,3.4813733100891113
1495,-29.608614052930072,0,0,300,0.2238568488524224,3.3819544315338135
1496,-35.60803118785355,0,0,139,0.22363299200356998,5.859706878662109
1497,-55.28863368113965,0,0,247,0.22340935901156642,5.669857501983643
1498,-48.178964996337875,0,0,239,0.22318594965255484,6.194741249084473
1499,-34.908493652343665,0,0,300,0.22296276370290227,4.8171234130859375
1500,-60.28032786448931,0,0,300,0.22273980093919937,5.612781047821045
1501,-47.5272739879277,0,0,256,0.22251706113826017,3.609119415283203
1502,-39.743811806836376,0,0,300,0.2222945440771219,3.573253870010376
1503,-29.37453030506636,0,0,300,0.22207224953304477,3.598433494567871
1504,-46.949596176147466,0,0,239,0.22185017728351172,6.047399044036865
1505,-28.619260245165464,0,0,300,0.2216283271062282,3.4825141429901123
1506,-38.099900054931624,0,0,216,0.22140669877912197,5.38747501373291
1507,-24.20439011494181,0,0,300,0.22118529208034285,3.160898447036743
1508,-40.03923954884076,0,0,160,0.2209641067882625,7.037110805511475
1509,-30.983238343396405,0,0,300,0.22074314268147424,3.5281105041503906
1510,-33.42923358043166,0,0,300,0.22052239953879277,2.3475074768066406
1511,-30.077883042493088,0,0,300,0.22030187713925398,3.4492716789245605
1512,-26.64143199046583,0,0,300,0.22008157526211472,3.1730570793151855
1513,-41.55299819072217,0,0,277,0.2198614936868526,3.2909486293792725
1514,-38.863486137390026,0,0,300,0.21964163219316574,3.630871534347534
1515,-26.754349488415937,0,0,300,0.21942199056097256,3.4358882904052734
1516,-27.887007628283126,0,0,300,0.2192025685704116,3.9294509887695312
1517,-27.809637060961425,0,0,300,0.21898336600184118,3.390108346939087
1518,-39.37078076283003,0,0,300,0.21876438263583933,4.392496109008789
1519,-36.186912202038975,0,0,300,0.21854561825320348,4.136528968811035
1520,-34.600153359570776,0,0,300,0.21832707263495027,3.4873392581939697
1521,-24.950439881482314,0,0,300,0.21810874556231533,3.314910888671875
1522,-32.66268265644569,0,0,300,0.217890636816753,2.8229715824127197
1523,-52.7204990474369,0,0,234,0.21767274617993623,3.2424256801605225
1524,-39.312852296033164,0,0,250,0.2174550734337563,2.9780139923095703
1525,-43.42987404743694,0,0,291,0.21723761836032254,3.9572694301605225
1526,-28.3802134029057,0,0,300,0.21702038074196223,3.49735426902771
1527,-36.85435333251952,0,0,131,0.21680336036122028,6.301088333129883
1528,-42.33437522888177,0,0,167,0.21658655700085905,6.248593807220459
1529,-25.503505982556607,0,0,300,0.2163699704438582,3.9306774139404297
1530,-23.743743638196207,0,0,300,0.21615360047341434,3.505736827850342
1531,-28.643058242797814,0,0,300,0.21593744687294092,4.238264560699463
1532,-26.95069271961713,0,0,300,0.21572150942606796,3.3474740982055664
1533,-48.42518768310546,0,0,225,0.2155057879166419,6.331296920776367
1534,-31.8601634979248,0,0,300,0.21529028212872525,5.140040874481201
1535,-20.464676818847625,0,0,300,0.21507499184659654,3.126169204711914
1536,-33.15557649771636,0,0,232,0.21485991685474995,3.214292287826538
1537,-29.829419831433505,0,0,300,0.2146450569378952,3.589655876159668
1538,-30.120134412450184,0,0,300,0.21443041188095732,3.4479317665100098
1539,-37.268819122314454,0,0,174,0.21421598146907636,6.559704780578613
1540,-18.655142907300256,0,0,300,0.21400176548760727,3.1960866451263428
1541,-53.23143818775679,0,0,287,0.21378776372211966,3.4276604652404785
1542,-49.063398463722045,0,0,297,0.21357397595839755,3.9327523708343506
1543,-49.528319596448064,0,0,300,0.21336040198243916,4.57188081741333
1544,-415.2607589634267,0,0,300,0.21314704158045672,2.540388822555542
1545,-43.48608410755658,0,0,288,0.21293389453887626,2.4038219451904297
1546,-34.299530533948214,0,0,166,0.21272096064433738,5.56968355178833
1547,-51.00948855479687,0,0,220,0.21250823968369303,6.132571220397949
1548,-35.464322310290065,0,0,141,0.21229573144400934,6.30627965927124
1549,-39.71550776561233,0,0,136,0.21208343571256533,6.859076023101807
1550,-41.396868591308575,0,0,130,0.21187135227685275,7.191717147827148
1551,-50.99186080932615,0,0,205,0.2116594809245759,7.637965202331543
1552,-37.563448638915986,0,0,154,0.21144782144365132,7.398362159729004
1553,-71.09227290233108,0,0,180,0.21123637362220768,7.045767307281494
1554,-44.56632060130568,0,0,200,0.21102513724858546,6.7792792320251465
1555,-50.58176547130081,0,0,181,0.21081411211133688,6.440640449523926
1556,-156.48940356334197,0,0,240,0.21060329799922556,8.10004997253418
1557,-227.79396227916237,0,0,110,0.21039269470122635,8.061189651489258
1558,-157.34491915782428,0,0,80,0.21018230200652513,8.283928871154785
1559,-234.7216276844356,0,1,64,0.2099721197045186,8.560606002807617
1560,-109.55914935191603,0,0,80,0.20976214758481407,8.489986419677734
1561,-73.6182723530147,0,0,86,0.20955238543722926,7.389767169952393
1562,-176.51502758900193,0,1,59,0.20934283305179202,8.551057815551758
1563,-75.63505947987116,0,0,171,0.20913349021874023,7.753565788269043
1564,-138.94409878651166,0,0,127,0.2089243567285215,7.843325614929199
1565,-50.14392306407424,0,0,94,0.20871543237179296,7.716179847717285
1566,-39.59044921874997,0,0,124,0.20850671693942116,6.9276123046875
1567,-41.7162607105586,0,0,148,0.20829821022248174,7.229264259338379
1568,-51.53581263621777,0,0,258,0.20808991201225926,6.939152240753174
1569,-154.5237360676142,0,0,253,0.207881822100247,4.986133098602295
1570,-37.4051786804199,0,0,300,0.20767394027814676,6.5662946701049805
1571,-35.88998023986816,0,0,193,0.2074662663378686,5.804995059967041
1572,-34.69067649841308,0,0,111,0.20725880007153075,6.8476691246032715
1573,-34.30139839172363,0,0,139,0.20705154127145922,6.607849597930908
1574,-39.246393775939886,0,0,265,0.20684448973018776,3.0990984439849854
1575,-53.28537345886225,0,0,265,0.20663764524045758,4.631343364715576
1576,-33.73239067077628,0,0,300,0.20643100759521713,4.363097667694092
1577,-44.76297187805169,0,0,268,0.20622457658762192,4.0032429695129395
1578,-32.17900177001953,0,0,173,0.2060183520110343,5.679750442504883
1579,-34.51927360534665,0,0,300,0.20581233365902327,5.79481840133667
1580,-51.364204101562436,0,0,270,0.20560652132536425,6.171051025390625
1581,-31.909752434888023,0,0,300,0.20540091480403888,3.0247390270233154
1582,-178.490813111463,0,0,187,0.20519551388923485,4.850004196166992
1583,-426.40087750355144,0,0,300,0.20499031837534562,5.157520294189453
1584,-108.91798460721573,0,0,300,0.20478532805697028,5.016398906707764
1585,-35.159679870605466,0,0,110,0.2045805427289133,7.607419967651367
1586,-42.47437339782712,0,0,166,0.20437596218618437,7.103593349456787
1587,-189.12889737049647,0,0,300,0.2041715862239982,5.487025260925293
1588,-54.86274182240028,0,0,216,0.2039674146377742,6.937986373901367
1589,-49.60102007945508,0,0,166,0.20376344722313644,5.6529541015625
1590,-32.13925730784866,0,0,96,0.2035596837759133,7.127513408660889
1591,-36.25235534667969,0,0,129,0.20335612409213738,7.310588836669922
1592,-55.99135108947753,0,0,130,0.20315276796804524,7.257837772369385
1593,-39.85781433105467,0,0,156,0.2029496152000772,7.209453582763672
1594,-34.76871482849121,0,0,121,0.20274666558487714,7.337178707122803
1595,-36.92857643127438,0,0,163,0.20254391891929227,6.9296441078186035
1596,-40.23227722167965,0,0,158,0.20234137500037297,6.790569305419922
1597,-49.01574653625484,0,0,165,0.20213903362537258,7.768936634063721
1598,-42.85629554748533,0,0,144,0.2019368945917472,7.286573886871338
1599,-54.19793205261229,0,0,140,0.20173495769715546,7.536983013153076
1600,-55.912757644653375,0,0,163,0.2015332227394583,7.60068941116333
1601,-31.691707077026358,0,0,97,0.20133168951671884,7.562926769256592
1602,-34.69474662780762,0,0,88,0.20113035782720212,7.763686656951904
1603,-74.27944987376667,0,0,279,0.20092922746937492,6.960061550140381
1604,-58.54481288035843,0,0,80,0.20072829824190555,7.76890230178833
1605,-40.02878161509963,0,0,88,0.20052756994366364,7.389894485473633
1606,-35.9398352344844,0,0,82,0.20032704237371998,7.627657890319824
1607,-48.075121184191396,0,0,196,0.20012671533134627,7.136479377746582
1608,-35.384187575182644,0,0,115,0.19992658861601492,6.876245975494385
1609,-39.46210406383016,0,0,300,0.19972666202739892,5.61822509765625
1610,-32.76623194774124,0,0,136,0.19952693536537153,6.331757068634033
1611,-35.26129748424026,0,0,144,0.19932740843000615,6.683023452758789
1612,-429.04071345408795,0,0,238,0.19912808102157614,5.657877445220947
1613,-32.115517196655276,0,0,89,0.19892895294055457,7.638879299163818
1614,-53.13522033691399,0,0,179,0.19873002398761402,7.396305084228516
1615,-35.11713775634765,0,0,102,0.1985312939636264,7.569284439086914
1616,-35.745279998779296,0,0,88,0.19833276266966277,7.881319999694824
1617,-27.962154282727507,0,0,87,0.1981344299069931,7.270339488983154
1618,-80.74779721180475,0,0,300,0.1979362954770861,6.449250221252441
1619,-32.829107178845675,0,0,142,0.197738359181609,5.987077713012695
1620,-56.248240156969686,0,0,248,0.1975406208224274,6.704759120941162
1621,-42.683828764757806,0,0,205,0.197343080201605,6.186156272888184
1622,-42.7945133503291,0,0,217,0.19714573712140337,6.288827419281006
1623,-34.43033401489258,0,0,110,0.19694859138428197,7.3150835037231445
1624,-39.96280357360839,0,0,90,0.1967516427928977,7.3732008934021
1625,-44.273730163574186,0,0,123,0.1965548911501048,7.410932540893555
1626,-32.034306564331054,0,0,87,0.19635833625895469,7.311076641082764
1627,-41.274988632202124,0,0,145,0.19616197792269574,7.511247158050537
1628,-60.699657363891525,0,0,200,0.19596581594477305,7.5699143409729
1629,-55.391750488281176,0,0,198,0.19576985012882828,7.4329376220703125
1630,-50.401167831420835,0,0,177,0.19557408027869944,7.110291957855225
1631,-59.43936264038085,0,0,230,0.19537850619842073,7.079840660095215
1632,-36.17993591308594,0,0,92,0.19518312769222232,7.237483978271484
1633,-42.681631546020455,0,0,135,0.19498794456453009,7.237907886505127
1634,-32.48763234058883,0,0,109,0.19479295661996557,7.106709003448486
1635,-60.86966061512492,0,0,255,0.1945981636633456,7.0322160720825195
1636,-53.00013142506144,0,0,207,0.19440356549968224,6.48733377456665
1637,-69.91905792236327,0,0,236,0.19420916193418256,7.45976448059082
1638,-69.22021679798634,0,0,300,0.19401495277224837,5.107355117797852
1639,-53.734974212646414,0,0,162,0.19382093781947612,7.416243553161621
1640,-31.26365760803223,0,0,93,0.19362711688165665,7.055914402008057
1641,-41.48710563659664,0,0,142,0.193433489764775,7.42677640914917
1642,-56.831234436035075,0,0,239,0.19324005627501023,7.212808609008789
1643,-46.03225250244134,0,0,196,0.1930468162187352,6.895563125610352
1644,-43.80894157409665,0,0,175,0.19285376940251647,7.14723539352417
1645,-49.59852714538566,0,0,233,0.19266091563311397,7.0996317863464355
1646,-39.645972366333,0,0,99,0.19246825471748086,7.193993091583252
1647,-39.07044578552245,0,0,151,0.1922757864627634,7.015111446380615
1648,-48.76579017639156,0,0,177,0.1920835106763006,7.0164475440979
1649,-37.72948570251465,0,0,115,0.19189142716562432,7.257371425628662
1650,-54.01907737731935,0,0,183,0.1916995357384587,7.359769344329834
1651,-50.580835037231424,0,0,187,0.19150783620272022,7.225208759307861
1652,-39.58401829639939,0,0,155,0.1913163283665175,6.943305492401123
1653,-33.54556103626753,0,0,300,0.19112501203815097,5.898691177368164
1654,-38.05639874378707,0,0,143,0.1909338870261128,6.611400604248047
1655,-42.421131638684514,0,0,180,0.19074295313908668,5.600083827972412
1656,-49.88574505726362,0,0,295,0.1905522101859476,3.7212371826171875
1657,-37.07606300354004,0,0,104,0.19036165797576166,7.12151575088501
1658,-52.38366940418743,0,0,300,0.1901712963177859,3.4032182693481445
1659,-30.975297288098602,0,0,124,0.1899811250214681,6.226125240325928
1660,-68.84398388783008,0,0,300,0.18979114389644663,4.900796890258789
1661,-30.00642567554978,0,0,109,0.1896013527525502,6.301407337188721
1662,-38.82677966197458,0,0,300,0.18941175139979763,3.376893997192383
1663,-25.22777882496378,0,0,300,0.18922233964839782,3.2692456245422363
1664,-42.611263398328056,0,0,292,0.18903311730874942,4.560116767883301
1665,-33.9880138103154,0,0,105,0.18884408419144066,6.731804370880127
1666,-29.443226881823243,0,0,300,0.1886552401072492,3.528505802154541
1667,-81.45385874827828,0,0,300,0.18846658486714196,3.5761637687683105
1668,-34.485100173950194,0,0,128,0.1882781182822748,6.646275043487549
1669,-37.60387954711911,0,0,119,0.18808984016399252,6.938469886779785
1670,-40.741579437255716,0,0,300,0.18790175032382853,6.210394859313965
1671,-61.079724273681634,0,0,221,0.1877138485735047,5.27993106842041
1672,-40.29679133494827,0,0,300,0.1875261347249312,5.754396915435791
1673,-37.1522678375244,0,0,188,0.1873386085902063,5.6255669593811035
1674,-44.27432162364451,0,0,163,0.18715126998161608,5.236279487609863
1675,-64.581604309082,0,0,153,0.18696411871163446,5.440401077270508
1676,-394.8065979003894,0,0,279,0.18677715459292282,5.089149475097656
1677,-42.82918468475334,0,0,300,0.1865903774383299,3.4797961711883545
1678,-33.36651458740234,0,0,126,0.18640378706089158,6.804128646850586
1679,-35.990084715685484,0,0,300,0.1862173832738307,4.665220260620117
1680,-54.20450004577628,0,0,233,0.18603116589055688,5.591125011444092
1681,-138.31040718078611,0,0,266,0.18584513472466632,4.072601795196533
1682,-202.74818702697775,0,0,300,0.18565928958994166,4.009546756744385
1683,-65.84053675731153,0,0,186,0.18547363030035172,4.915333271026611
1684,-113.40877426147452,0,0,237,0.18528815667005136,5.694693565368652
1685,-165.7839601898195,0,0,255,0.1851028685133813,4.298490047454834
1686,-94.31168434143065,0,0,253,0.18491776564486792,3.522921085357666
1687,-40.96924320220947,0,0,230,0.18473284787922306,3.764810800552368
1688,-34.30889384349319,0,0,137,0.18454811503134383,6.7824225425720215
1689,-34.213773604235385,0,0,133,0.18436356691631248,6.708642482757568
1690,-29.6799475391719,0,0,113,0.18417920334939616,6.500185966491699
1691,-37.21003787120313,0,0,180,0.18399502414604677,6.320208549499512
1692,-40.15843333323927,0,0,118,0.18381102912190073,7.064807415008545
1693,-50.817879439196275,0,0,233,0.18362721809277882,6.264668941497803
1694,-48.95324470520016,0,0,177,0.18344359087468604,7.420811176300049
1695,-37.44367904663086,0,0,80,0.18326014728381135,7.748419761657715
1696,-34.72240753173827,0,0,101,0.18307688713652753,7.69310188293457
1697,-98.8930525501582,0,0,80,0.182893810249391,8.040962219238281
1698,-55.249604063830226,0,0,300,0.1827109164391416,6.22760009765625
1699,-45.93930384715529,0,0,156,0.18252820552270246,6.302525043487549
1700,-38.997852354845726,0,0,138,0.18234567731717977,6.802162170410156
1701,-51.4916189106318,0,0,163,0.1821633316398626,6.8606038093566895
1702,-45.31756823619334,0,0,216,0.18198116830822272,6.28209114074707
1703,-35.18206222534185,0,0,300,0.1817991871399145,5.713015556335449
1704,-40.813012695312416,0,0,300,0.18161738795277457,6.303253173828125
1705,-133.6982371052119,0,0,300,0.1814357705648218,6.629758358001709
1706,-40.90698550303906,0,0,217,0.18125433479425698,6.479445457458496
1707,-38.18264643748729,0,0,175,0.18107308045946272,5.875860691070557
1708,-41.377205534777346,0,0,197,0.18089200737900324,6.424500465393066
1709,-35.00762049754583,0,0,300,0.18071111537162424,6.019604206085205
1710,-49.22344772338867,0,0,205,0.1805304042562526,6.388361930847168
1711,-72.94536357005563,0,0,258,0.18034987385199636,4.6590399742126465
1712,-67.39042475779982,0,0,181,0.18016952397814437,6.025305271148682
1713,-32.591809340319365,0,0,104,0.17998935445416622,6.5656514167785645
1714,-69.4490867145869,0,0,285,0.17980936509971204,5.534970760345459
1715,-40.502090407213885,0,0,204,0.17962955573461234,5.010721683502197
1716,-65.09640757640337,0,0,268,0.17944992617887773,5.9168009757995605
1717,-46.02204173167682,0,0,300,0.17927047625269885,6.27070951461792
1718,-32.34975631713868,0,0,139,0.17909120577644616,6.067439079284668
1719,-44.16751299937695,0,0,167,0.17891211457066972,6.699577331542969
1720,-43.18934272766115,0,0,300,0.17873320245609906,5.549835681915283
1721,-49.53788134654495,0,0,232,0.17855446925364296,6.014669418334961
1722,-49.5107977294922,0,0,300,0.17837591478438933,5.317699432373047
1723,-29.26765335083008,0,0,121,0.17819753886960493,6.0969133377075195
1724,-44.72613792419426,0,0,193,0.17801934133073533,6.544034481048584
1725,-41.81688468933103,0,0,186,0.17784132198940458,6.471721172332764
1726,-72.29268977244837,0,0,300,0.1776634806674152,5.453371524810791
1727,-39.78008418162797,0,0,300,0.17748581718674777,5.117720127105713
1728,-149.25189597209422,0,0,300,0.17730833136956103,3.98067307472229
1729,-37.91441754261519,0,0,161,0.17713102303819148,7.220905303955078
1730,-36.34658058166504,0,0,114,0.1769538920151533,6.50414514541626
1731,-54.93248320659138,0,0,300,0.17677693812313813,3.5408198833465576
1732,-57.67591629028317,0,0,271,0.17660016118501498,5.893979072570801
1733,-31.471441222033178,0,0,300,0.17642356102382997,3.5030593872070312
1734,-35.1359394367549,0,0,300,0.17624713746280615,3.824183940887451
1735,-67.95844494740041,0,0,297,0.17607089032534334,4.711912155151367
1736,-46.00596554676553,0,0,267,0.175894819435018,3.921292304992676
1737,-31.629885834851486,0,0,300,0.17571892461558297,4.05477237701416
1738,-27.98386765400433,0,0,300,0.1755432056909674,3.245767831802368
1739,-42.155407791137634,0,0,198,0.17536766248527644,6.193851947784424
1740,-40.70762892802688,0,0,241,0.17519229482279117,3.2471063137054443
1741,-43.55155020793408,0,0,260,0.17501710252796837,3.745586633682251
1742,-206.59134954611733,0,0,298,0.1748420854254404,5.095735549926758
1743,-38.728124160766605,0,0,102,0.17466724334001496,6.86453104019165
1744,-46.82492459217565,0,0,300,0.17449257609667496,3.551032066345215
1745,-47.85709477345016,0,0,228,0.1743180835205783,5.901574611663818
1746,-48.80171078602339,0,0,211,0.1741437654370577,6.717728614807129
1747,-44.32767456054685,0,0,113,0.17396962167162064,7.849418640136719
1748,-38.18954661448926,0,0,162,0.173795652049949,6.287585735321045
1749,-36.169298142590684,0,0,300,0.17362185639789907,6.802125453948975
1750,-78.92385711669915,0,0,300,0.17344823454150116,3.0684642791748047
1751,-28.216003265380863,0,0,122,0.17327478630695967,6.156500816345215
1752,-28.395360119346744,0,0,300,0.1731015115206527,3.9969372749328613
1753,-41.3463050548222,0,0,214,0.17292841000913206,5.608877182006836
1754,-27.381562661328562,0,0,300,0.17275548159912293,3.172691583633423
1755,-30.367026986279658,0,0,300,0.17258272611752382,3.296557664871216
1756,-29.84230248371623,0,0,300,0.17241014339140628,3.5453765392303467
1757,-38.49436416625974,0,0,153,0.1722377332480149,6.523591041564941
1758,-46.491216395701244,0,0,234,0.17206549551476688,6.183600425720215
1759,-42.70093345642087,0,0,201,0.1718934300192521,6.300233364105225
1760,-29.129651718139648,0,0,138,0.17172153658923286,6.049912929534912
1761,-43.36735740661621,0,0,120,0.17154981505264363,6.301839351654053
1762,-82.68773208777387,0,0,300,0.17137826523759098,1.6398311853408813
1763,-120.35025617758699,0,0,220,0.1712068869723534,4.6529622077941895
1764,-37.18256561279296,0,0,133,0.17103568008538103,7.065641403198242
1765,-43.8082406616211,0,0,169,0.17086464440529564,6.387060165405273
1766,-138.86414030234283,0,0,300,0.17069377976089034,4.578933238983154
1767,-42.484797821044864,0,0,167,0.17052308598112945,6.2811994552612305
1768,-97.66691345214842,0,0,288,0.17035256289514833,5.306728363037109
1769,-43.93800010681147,0,0,195,0.17018221033225317,6.697000026702881
1770,-41.508035659790025,0,0,167,0.17001202812192093,6.75200891494751
1771,-31.590780105590824,0,0,121,0.169842016093799,6.500195026397705
1772,-58.408102111816305,0,0,268,0.1696721740777052,6.769525527954102
1773,-52.7582495880127,0,0,268,0.1695025019036275,6.547062397003174
1774,-35.79379203796387,0,0,161,0.1693329994017239,6.253448009490967
1775,-66.04950419505577,0,0,300,0.16916366640232217,5.8450751304626465
1776,-31.802330017089837,0,0,104,0.16899450273591984,6.763082504272461
1777,-62.129446640014635,0,0,249,0.16882550823318393,5.622361660003662
1778,-56.72981376647947,0,0,229,0.16865668272495074,5.819953441619873
1779,-32.79640243530273,0,0,114,0.1684880260422258,7.204100608825684
1780,-56.88944793701168,0,0,196,0.16831953801618357,5.59486198425293
1781,-29.158750305175786,0,0,128,0.16815121847816739,5.474687576293945
1782,-37.12161674499505,0,0,300,0.16798306725968923,5.867904186248779
1783,-32.6374690246582,0,0,129,0.16781508419242955,6.729367256164551
1784,-58.59622375488273,0,0,248,0.16764726910823713,5.856555938720703
1785,-41.285138015747044,0,0,188,0.1674796218391289,6.476284503936768
1786,-37.748057946362735,0,0,300,0.16731214221728977,3.3493154048919678
1787,-42.487217797437,0,0,300,0.16714483007507247,3.4641053676605225
1788,-68.38748488346602,0,0,300,0.1669776852449974,1.8241721391677856
1789,-47.81585925181838,0,0,142,0.1668107075597524,6.96916389465332
1790,-54.43329592784379,0,0,213,0.16664389685219266,6.553523063659668
1791,-46.5779295349121,0,0,300,0.16647725295534047,6.446982383728027
1792,-53.535256805419884,0,0,220,0.16631077570238512,6.0238142013549805
1793,-33.77618949890136,0,0,132,0.16614446492668272,6.524047374725342
1794,-31.30563903808594,0,0,141,0.16597832046175603,5.823909759521484
1795,-64.4594976512578,0,0,246,0.16581234214129428,6.439675331115723
1796,-37.79557621876266,0,0,92,0.16564652979915298,7.543694972991943
1797,-58.57870030323534,0,0,183,0.16548088326935384,7.021975994110107
1798,-41.55103634754684,0,0,153,0.1653154023860845,6.705060005187988
1799,-70.4214531413702,0,0,300,0.1651500869836984,3.070164203643799
1800,-51.36475482066596,0,0,182,0.1649849368967147,6.176387786865234
1801,-55.863537398180696,0,0,192,0.164819951959818,6.2535834312438965
1802,-42.99128459056349,0,0,300,0.16465513200785817,3.5630202293395996
1803,-44.55118250926458,0,0,300,0.1644904768758503,5.260494709014893
1804,-44.17936195373535,0,0,80,0.16432598639897444,7.822340488433838
1805,-72.38356422424319,0,0,97,0.16416166041257546,7.973391056060791
1806,-49.94991795460255,0,0,300,0.16399749875216288,4.259780406951904
1807,-42.417315444946254,0,0,201,0.16383350125341073,6.176828861236572
1808,-56.94485568126169,0,0,255,0.16366966775215733,5.73641300201416
1809,-44.3088435832646,0,0,206,0.16350599808440516,4.587011814117432
1810,-45.706482743420864,0,0,224,0.16334249208632076,4.216421604156494
1811,-45.977097044787136,0,0,161,0.16317914959423443,6.489473342895508
1812,-45.23209979136912,0,0,182,0.1630159704446402,6.550724029541016
1813,-45.99652201732129,0,0,157,0.16285295447419557,6.541829586029053
1814,-38.80939890941113,0,0,170,0.16269010151972138,5.695048809051514
1815,-59.97387606700386,0,0,267,0.16252741141820165,6.848668098449707
1816,-50.97953898509465,0,0,281,0.16236488400678345,4.912583827972412
1817,-36.81539156993361,0,0,154,0.16220251912277667,6.506546974182129
1818,-43.61641314586132,0,0,170,0.1620403166036539,6.8318023681640625
1819,-46.147048140368135,0,0,226,0.16187827628705023,5.2469611167907715
1820,-49.80074374278516,0,0,270,0.16171639801076318,6.0303850173950195
1821,-34.41757286071769,0,0,300,0.1615546816127524,4.384393215179443
1822,-38.47444172779574,0,0,300,0.16139312693113966,4.880911350250244
1823,-31.713835279149396,0,0,300,0.16123173380420852,3.2263569831848145
1824,-51.565898742675685,0,0,206,0.16107050207040433,5.181474685668945
1825,-39.3463612659785,0,0,238,0.16090943156833393,5.556789398193359
1826,-33.74037974437206,0,0,300,0.1607485221367656,4.575294017791748
1827,-46.08236805836218,0,0,300,0.16058777361462884,5.167892932891846
1828,-23.944346894421752,0,0,300,0.1604271858410142,4.615887641906738
1829,-37.7375581566519,0,0,300,0.16026675865517317,2.859787702560425
1830,-47.417087481821945,0,0,300,0.160106491896518,2.802568197250366
1831,-208.77993240356452,0,0,300,0.15994638540462147,4.407483100891113
1832,-52.18646505515036,0,0,300,0.15978643901921685,4.722014427185059
1833,-71.54708530744436,0,0,300,0.15962665258019765,2.060067653656006
1834,-89.94543783347066,0,0,300,0.15946702592761744,2.9392576217651367
1835,-43.48878845214839,0,0,209,0.15930755890168982,7.162197113037109
1836,-31.594199981689382,0,0,300,0.15914825134278812,5.063549995422363
1837,-29.17954017639154,0,0,300,0.15898910309144534,5.4148850440979
1838,-42.12305095672601,0,0,300,0.1588301139883539,3.8982627391815186
1839,-34.94592536926263,0,0,300,0.15867128387436555,2.951481342315674
1840,-44.791184539794926,0,0,192,0.15851261259049118,6.2927961349487305
1841,-52.99250221252439,0,0,145,0.1583540999779007,7.6856255531311035
1842,-51.419782333374016,0,0,122,0.1581957458779228,7.309945583343506
1843,-52.48805374145506,0,0,87,0.15803755013204487,7.6995134353637695
1844,-57.70647331237792,0,0,102,0.15787951258191282,7.811618328094482
1845,-80.78367256164552,0,0,130,0.1577216330693309,7.885918140411377
1846,-123.01276443481443,0,0,80,0.15756391143626158,8.133191108703613
1847,-51.051504716077304,0,0,300,0.15740634752482532,3.9876770973205566
1848,-30.14767642100783,0,0,98,0.1572489411773005,7.297118186950684
1849,-46.119964629015605,0,0,162,0.1570916922361232,7.457690238952637
1850,-48.97220314025874,0,0,221,0.15693460054388708,6.335550785064697
1851,-43.52579116821285,0,0,191,0.1567776659433432,7.006447792053223
1852,-44.03055717468261,0,0,166,0.15662088827739984,6.690139293670654
1853,-38.64293418884278,0,0,139,0.15646426738912245,6.320733547210693
1854,-49.47151840209959,0,0,261,0.1563078031217333,5.335379600524902
1855,-56.28174888610842,0,0,193,0.15615149531861158,4.9154372215271
1856,-43.044340926012694,0,0,164,0.15599534382329297,6.926284313201904
1857,-57.235089064440444,0,0,205,0.15583934847946967,6.306471347808838
1858,-41.43748889049026,0,0,160,0.15568350913099022,5.894571304321289
1859,-37.237642517089846,0,0,152,0.15552782562185924,5.874410629272461
1860,-82.99421534617868,0,0,300,0.15537229779623737,5.221252918243408
1861,-37.97929034312696,0,0,188,0.15521692549844113,6.155021667480469
1862,-36.36751566966507,0,0,207,0.15506170857294269,5.24957799911499
1863,-59.734460906982434,0,0,270,0.15490664686436975,6.6636152267456055
1864,-66.19529864390816,0,0,280,0.15475174021750537,5.679023742675781
1865,-54.865000983080435,0,0,289,0.15459698847728787,3.833949327468872
1866,-43.066304846605924,0,0,300,0.1544423914888106,3.7217752933502197
1867,-47.074518080553716,0,0,201,0.15428794909732177,5.423828601837158
1868,-42.10051524241894,0,0,169,0.15413366114822444,5.367827892303467
1869,-29.85039477427928,0,0,300,0.15397952748707622,3.5727977752685547
1870,-45.25532488902538,0,0,223,0.15382554795958914,5.986530303955078
1871,-73.99415939331053,0,0,300,0.15367172241162955,5.141039848327637
1872,-36.266646241345676,0,0,213,0.15351805068921792,4.043962478637695
1873,-42.21027241627243,0,0,91,0.1533645326385287,7.777369022369385
1874,-40.51104374805953,0,0,91,0.15321116810589017,7.640061855316162
1875,-44.72281845092773,0,0,98,0.1530579569377843,7.723204612731934
1876,-114.5561915588378,0,0,218,0.1529048989808465,7.734047889709473
1877,-55.6236608123779,0,0,177,0.15275199408186566,7.403415203094482
1878,-34.57305603027344,0,0,112,0.15259924208778378,7.193264007568359
1879,-59.79136726379391,0,0,199,0.15244664284569598,7.705341815948486
1880,-74.40971290588388,0,0,218,0.15229419620285028,7.634928226470947
1881,-41.6428303527832,0,0,91,0.15214190200664743,7.665707588195801
1882,-52.16763198852537,0,0,141,0.15198976010464077,7.634407997131348
1883,-56.83462837219241,0,0,155,0.15183777034453613,7.201157093048096
1884,-54.89073997497555,0,0,205,0.1516859325741916,7.6451849937438965
1885,-59.31588623046875,0,0,209,0.1515342466416174,6.3364715576171875
1886,-32.26516136169433,0,0,127,0.1513827123949758,6.731290340423584
1887,-49.97894004821775,0,0,179,0.15123132968258082,6.859735012054443
1888,-39.264682540893546,0,0,87,0.15108009835289823,7.251170635223389
1889,-38.52691276550294,0,0,133,0.15092901825454533,6.924228191375732
1890,-57.77725445667778,0,0,300,0.15077808923629077,5.104114532470703
1891,-152.67176559448313,0,0,300,0.15062731114705447,4.3479413986206055
1892,-44.427313919067345,0,0,168,0.1504766838359074,7.201828479766846
1893,-54.373171005249,0,0,185,0.15032620715207148,6.615792751312256
1894,-41.84262120167281,0,0,120,0.1501758809449194,7.120456218719482
1895,-117.16083073536416,0,0,216,0.15002570506397447,4.230008602142334
1896,-63.54904621998338,0,0,230,0.1498756793589105,6.404562473297119
1897,-37.869708938598556,0,0,300,0.14972580367955157,6.362427234649658
1898,-64.90946058432526,0,0,217,0.14957607787587202,6.58776330947876
1899,-61.74041211048631,0,0,258,0.14942650179799613,6.594903945922852
1900,-31.601066025891573,0,0,110,0.14927707529619813,6.98756742477417
1901,-45.75793215831253,0,0,122,0.14912779822090194,7.2571821212768555
1902,-40.191006927490236,0,0,91,0.14897867042268104,7.227751731872559
1903,-56.90141116221879,0,0,158,0.14882969175225835,7.133051872253418
1904,-78.92679931640632,0,0,300,0.1486808620605061,5.6016998291015625
1905,-53.15479527393839,0,0,244,0.14853218119844558,5.450999736785889
1906,-47.94594952503704,0,0,230,0.14838364901724713,5.621288299560547
1907,-45.94594010591906,0,0,300,0.14823526536822987,4.957082271575928
1908,-109.13624892314401,0,0,300,0.14808703010286164,2.319261312484741
1909,-153.01544430653115,0,0,196,0.1479389430727588,6.623661994934082
1910,-49.07751956065629,0,0,300,0.14779100412968604,5.417078971862793
1911,-35.91667056163284,0,0,170,0.14764321312555637,6.226866722106934
1912,-43.617482329210965,0,0,137,0.14749556991243082,6.864569664001465
1913,-38.52298472484086,0,0,300,0.1473480743425184,6.3209452629089355
1914,-61.26612124522664,0,0,286,0.14720072626817587,5.976729393005371
1915,-46.494209700426765,0,0,220,0.1470535255419077,6.13875150680542
1916,-42.264361754259774,0,0,192,0.1469064720163658,6.091289520263672
1917,-40.801347075304705,0,0,150,0.14675956554434944,6.620535850524902
1918,-62.25032519420126,0,0,300,0.14661280597880508,4.937780380249023
1919,-63.03988085826373,0,0,278,0.14646619317282628,4.542669296264648
1920,-34.156370820203094,0,0,93,0.14631972697965345,7.743893623352051
1921,-58.11659809986619,0,0,215,0.1461734072526738,7.663950443267822
1922,-32.954393586316385,0,0,119,0.14602723384542113,7.250899314880371
1923,-37.258650330701144,0,0,91,0.14588120661157572,7.4344635009765625
1924,-89.27488105773917,0,0,213,0.14573532540496414,6.8987202644348145
1925,-44.04193473815917,0,0,146,0.14558959007955918,7.132983684539795
1926,-120.39309536854286,0,0,300,0.1454440004894796,5.258074760437012
1927,-47.067325410046806,0,0,278,0.14529855648899012,5.754132270812988
1928,-36.26788586536911,0,0,142,0.14515325793250114,7.396772384643555
1929,-35.30359074512985,0,0,92,0.14500810467456865,7.52319860458374
1930,-33.32432225147751,0,0,98,0.14486309656989407,7.138381481170654
1931,-38.146677979626915,0,0,114,0.1447182334733242,7.223970413208008
1932,-53.904506882825146,0,0,152,0.14457351523985087,6.988427639007568
1933,-45.775214309692316,0,0,191,0.14442894172461102,7.163803577423096
1934,-55.51587646484372,0,0,214,0.1442845127828864,6.7714691162109375
1935,-37.63310264587402,0,0,132,0.1441402282701035,6.785775661468506
1936,-23.74566048542513,0,0,300,0.1439960880418334,3.9537160396575928
1937,-45.74585820118455,0,0,124,0.14385209195379156,4.936265468597412
1938,-137.43584011951947,0,0,300,0.14370823986183776,5.238760948181152
1939,-60.86843296925096,0,0,209,0.1435645316219759,7.351909160614014
1940,-39.450176268419945,0,0,165,0.14342096709035393,7.477743148803711
1941,-49.606468535265634,0,0,170,0.14327754612326357,7.436816215515137
1942,-37.966791487536156,0,0,168,0.14313426857714032,6.839396953582764
1943,-65.65753016551474,0,0,283,0.14299113430856317,6.012081623077393
1944,-45.09765258789059,0,0,207,0.1428481431742546,7.234413146972656
1945,-45.46940032958979,0,0,200,0.14270529503108034,6.699850082397461
1946,-29.757898178100582,0,0,104,0.14256258973604927,6.7294745445251465
1947,-41.71639930725096,0,0,115,0.14242002714631322,7.336599826812744
1948,-52.6389865875244,0,0,150,0.1422776071191669,7.3472466468811035
1949,-51.54049288829299,0,0,228,0.14213532951204774,5.852822303771973
1950,-46.60558751026656,0,0,242,0.1419931941825357,6.39619779586792
1951,-32.054473876953125,0,0,93,0.14185120098835316,7.326118469238281
1952,-35.6210213470459,0,0,131,0.1417093497873648,6.760255336761475
1953,-43.59698715209959,0,0,145,0.14156764043757744,7.174246788024902
1954,-42.2699573985722,0,0,300,0.14142607279713987,6.294790267944336
1955,-39.373187379040886,0,0,300,0.14128464672434274,5.700597763061523
1956,-83.30306826671095,0,0,300,0.1411433620776184,5.233466148376465
1957,-44.673298474950144,0,0,244,0.14100221871554078,5.88372278213501
1958,-21.8578197010371,0,0,300,0.14086121649682523,4.924654006958008
1959,-50.920740280151264,0,0,230,0.14072035528032842,5.190185070037842
1960,-102.64760749816875,0,0,300,0.1405796349250481,4.866901874542236
1961,-58.79219238281253,0,0,165,0.14043905529012304,6.030548095703125
1962,-54.8721543121338,0,0,173,0.14029861623483292,6.510538578033447
1963,-45.10071014404298,0,0,246,0.1401583176185981,6.215177536010742
1964,-50.18721099853518,0,0,164,0.1400181593009795,6.369302749633789
1965,-39.524451828002945,0,0,146,0.1398781411416785,6.668612957000732
1966,-93.1216871349003,0,0,246,0.13973826300053682,6.542722702026367
1967,-32.58274017333984,0,0,114,0.13959852473753628,6.868185043334961
1968,-154.59254676818847,0,0,151,0.13945892621279873,7.068136692047119
1969,-35.41544486999512,0,0,118,0.13931946728658592,6.661361217498779
1970,-71.85365147511034,0,0,114,0.13918014781929933,7.228213787078857
1971,-33.817829895019536,0,0,113,0.13904096767148003,6.691957473754883
1972,-34.879083709716795,0,0,115,0.13890192670380855,6.824770927429199
1973,-20.927009993395508,0,0,300,0.13876302477710473,2.7469515800476074
1974,-23.58357392231485,0,0,300,0.13862426175232762,2.683194398880005
1975,-29.282111616930592,0,0,300,0.1384856374905753,5.1382269859313965
1976,-16.431270380816155,0,0,300,0.13834715185308472,1.913016676902771
1977,-25.797488814196246,0,0,300,0.13820880470123162,5.164571285247803
1978,-24.830556212267517,0,0,300,0.1380705958965304,3.752838134765625
1979,-111.63579388538852,0,0,243,0.13793252530063388,1.9212493896484375
1980,-92.35474202076469,0,0,250,0.13779459277533324,3.5984864234924316
1981,-50.941560258069245,0,0,234,0.1376567981825579,6.1776909828186035
1982,-40.10519036213426,0,0,300,0.13751914138437535,3.006098508834839
1983,-39.90719723621872,0,0,176,0.13738162224299097,6.416600227355957
1984,-32.553745710057655,0,0,300,0.13724424062074797,5.143834590911865
1985,-32.61222837607323,0,0,300,0.13710699638012722,5.0284552574157715
1986,-29.196119596166028,0,0,300,0.1369698893837471,5.344428062438965
1987,-40.52403485218545,0,0,209,0.13683291949436335,6.103309631347656
1988,-25.691327497166952,0,0,300,0.13669608657486898,4.938230037689209
1989,-35.62688977161911,0,0,154,0.1365593904882941,5.766523361206055
1990,-41.78860430797071,0,0,300,0.1364228310978058,2.8698501586914062
1991,-26.713234710693285,0,0,300,0.13628640826670801,5.16580867767334
1992,-93.37129463195807,0,0,300,0.1361501218584413,5.370323657989502
1993,-44.227674531140636,0,0,300,0.13601397173658286,5.546719551086426
1994,-99.16409338156643,0,0,235,0.1358779577648463,4.7539215087890625
1995,-42.136592072644476,0,0,173,0.13574207980708144,6.243948936462402
1996,-30.237361611523816,0,0,300,0.13560633772727437,3.201641321182251
1997,-33.75974152485393,0,0,300,0.1354707313895471,3.1972362995147705
1998,-30.44515332142376,0,0,300,0.13533526065815754,2.7785892486572266
1999,-54.05085102955377,0,0,300,0.1351999253974994,2.7850136756896973
2000,-37.37800774494676,0,0,265,0.13506472547210188,3.446802854537964
2001,-41.7864642628047,0,0,197,0.1349296607466298,5.431815147399902
2002,-29.836982574462898,0,0,173,0.13479473108588316,5.874245643615723
2003,-26.865849838256825,0,0,300,0.13465993635479728,4.126462459564209
2004,-41.1308304595947,0,0,201,0.13452527641844247,5.487707614898682
2005,-36.69934371948243,0,0,200,0.13439075114202403,5.2898359298706055
2006,-45.222860535779205,0,0,241,0.134256360390882,6.005516052246094
2007,-106.60192715565219,0,0,218,0.13412210403049113,5.3727827072143555
2008,-39.435026198229494,0,0,181,0.13398798192646064,6.3489556312561035
2009,-41.179318724474584,0,0,171,0.13385399394453418,6.590028762817383
2010,-34.50073657115432,0,0,155,0.13372013995058965,6.347883224487305
2011,-41.16347923278805,0,0,300,0.13358641981063907,5.5658698081970215
2012,-39.24464935302733,0,0,189,0.13345283339082842,6.201162338256836
2013,-37.2746663371708,0,0,300,0.13331938055743758,6.125967502593994
2014,-90.73328680197655,0,0,300,0.13318606117688014,3.9437198638916016
2015,-223.6404015231098,0,0,300,0.13305287511570327,3.1870031356811523
2016,-54.4773392192509,0,0,300,0.13291982224058757,4.009135723114014
2017,-57.98209729115029,0,0,300,0.13278690241834698,3.085325241088867
2018,-18.89267411152389,0,0,300,0.13265411551592862,2.687969446182251
2019,-38.524317474365155,0,0,300,0.13252146140041268,5.701079368591309
2020,-42.797155532836896,0,0,166,0.13238893993901227,6.8467888832092285
2021,-35.46452293395997,0,0,128,0.13225655099907327,6.90363073348999
2022,-57.12432026783492,0,0,300,0.1321242944480742,3.6583809852600098
2023,-53.06874313354487,0,0,225,0.13199217015362613,5.8546857833862305
2024,-38.873784713745124,0,0,146,0.1318601779834725,6.423446178436279
2025,-38.29079078674303,0,0,300,0.13172831780548902,5.637697696685791
2026,-23.81495071411126,0,0,300,0.13159658948768352,6.013737678527832
2027,-48.11948638916013,0,0,300,0.13146499289819583,4.889871597290039
2028,-61.94836219787601,0,0,194,0.13133352790529762,4.839590549468994
2029,-19.477020483813003,0,0,300,0.13120219437739233,2.8719542026519775
2030,-32.61921333312988,0,0,107,0.13107099218301493,6.844803333282471
2031,-35.585267457165834,0,0,300,0.13093992119083192,5.921117782592773
2032,-30.817337951660157,0,0,104,0.13080898126964108,6.589334487915039
2033,-32.14271270751953,0,0,110,0.13067817228837145,6.505678176879883
2034,-32.31272323608399,0,0,187,0.13054749411608307,5.808180809020996
2035,-30.695000886121072,0,0,102,0.13041694662196698,6.738551139831543
2036,-36.365912408032685,0,0,296,0.13028652967534501,3.1012790203094482
2037,-34.09244175831343,0,0,235,0.13015624314566968,3.4729113578796387
2038,-78.01591946522264,0,0,300,0.130026086902524,3.0012807846069336
2039,-143.5183914653447,0,0,300,0.1298960608156215,3.544398784637451
2040,-29.205016089281767,0,0,210,0.12976616475480587,3.248953104019165
2041,-47.2372747890141,0,0,250,0.12963639859005108,3.5241196155548096
2042,-44.62630741993446,0,0,215,0.12950676219146104,5.551377773284912
2043,-28.926902665295813,0,0,300,0.1293772554292696,4.699026584625244
2044,-36.464536332288056,0,0,98,0.1292478781738403,7.143435001373291
2045,-53.2963318339971,0,0,300,0.12911863029566648,3.276383876800537
2046,-26.882681550183456,0,0,300,0.12898951166537082,3.737971305847168
2047,-27.527972458997038,0,0,109,0.12886052215370544,6.259294033050537
2048,-45.131097115674216,0,0,274,0.12873166163155172,3.1500751972198486
2049,-39.407524727978966,0,0,230,0.12860292996992018,3.3166821002960205
2050,-42.393788460889084,0,0,235,0.12847432703995026,3.3807480335235596
2051,-43.20447135051221,0,0,286,0.12834585271291032,3.4863169193267822
2052,-53.911264886059996,0,0,269,0.12821750686019742,3.545117139816284
2053,-31.84086987415818,0,0,186,0.12808928935333722,5.47001838684082
2054,-30.154959975084992,0,0,216,0.12796120006398387,3.7089390754699707
2055,-36.38905333598588,0,0,300,0.1278332388639199,3.0974624156951904
2056,-20.21377098083491,0,0,300,0.12770540562505597,4.46094274520874
2057,-31.405151625475572,0,0,300,0.1275777002194309,5.156486988067627
2058,-33.89559439738723,0,0,245,0.12745012251921148,3.0240976810455322
2059,-42.37488499561813,0,0,300,0.12732267239669226,2.9310221672058105
2060,-34.66548130909453,0,0,300,0.12719534972429558,5.986171245574951
2061,-10.75073056141402,0,0,239,0.12706815437457128,3.552483558654785
2062,-22.357748955884254,0,0,300,0.1269410862201967,3.161738157272339
2063,-48.40689785877731,0,0,300,0.1268141451339765,3.5840253829956055
2064,-29.97622021595506,0,0,250,0.12668733098884255,3.661355972290039
2065,-35.9255033580449,0,0,278,0.12656064365785372,4.0186767578125
2066,-44.440963143506266,0,0,286,0.12643408301419587,3.8950417041778564
2067,-24.509079713025326,0,0,300,0.12630764893118168,3.499570846557617
2068,-38.01534739573927,0,0,225,0.1261813412822505,4.649035930633545
2069,-35.02534197886918,0,0,247,0.12605515994096825,4.131534576416016
2070,-36.1380147846553,0,0,201,0.12592910478102728,6.034702777862549
2071,-35.22640922546386,0,0,181,0.12580317567624627,5.924102306365967
2072,-35.668447523913116,0,0,169,0.12567737250057,5.907310962677002
2073,-37.92476956287888,0,0,205,0.12555169512806943,5.690993309020996
2074,-21.16803396939829,0,0,300,0.12542614343294137,3.763911247253418
2075,-30.91330754200486,0,0,172,0.12530071728950842,5.95062780380249
2076,-40.42148044904597,0,0,246,0.12517541657221892,5.7761664390563965
2077,-31.980963639416963,0,0,118,0.1250502411556467,6.327541828155518
2078,-42.46359026670052,0,0,261,0.12492519091449104,3.4028003215789795
2079,-34.91259428183502,0,0,153,0.12480026572357655,6.608546733856201
2080,-24.937525053820135,0,0,300,0.12467546545785298,4.914580345153809
2081,-73.39230803569285,0,0,250,0.12455078999239512,2.6482760906219482
2082,-33.193743515014646,0,0,131,0.12442623920240273,7.098435878753662
2083,-29.268301514783104,0,0,300,0.12430181296320032,4.31187629699707
2084,-19.768286904492623,0,0,300,0.12417751115023712,3.3293726444244385
2085,-58.253604079088696,0,0,273,0.12405333363908688,4.023600101470947
2086,-38.85609702189892,0,0,231,0.1239292803054478,3.701723337173462
2087,-29.11480458179978,0,0,142,0.12380535102514234,5.761002063751221
2088,-65.54726113239789,0,0,235,0.1236815456741172,3.916616201400757
2089,-42.00246783336121,0,0,300,0.12355786412844308,3.5083160400390625
2090,-34.63346949656936,0,0,231,0.12343430626431463,4.1160664558410645
2091,-34.08855185588333,0,0,229,0.12331087195805032,3.8073370456695557
2092,-32.669853125414576,0,0,282,0.12318756108609227,3.375162363052368
2093,-53.825410452685105,0,0,300,0.12306437352500618,2.931551694869995
2094,-24.489030312695732,0,0,300,0.12294130915148117,3.7620584964752197
2095,-25.04350997050727,0,0,300,0.12281836784232969,3.6935765743255615
2096,-122.2186319645257,0,0,300,0.12269554947448735,3.8073570728302
2097,-37.742010413012146,0,0,300,0.12257285392501287,3.7932016849517822
2098,-37.50445925792187,0,0,290,0.12245028107108785,3.093813896179199
2099,-32.56047951618698,0,0,235,0.12232783079001676,3.4874207973480225
2100,-48.88504409790035,0,0,230,0.12220550295922675,6.471261024475098
2101,-34.06074111938476,0,0,135,0.12208329745626752,6.345185279846191
2102,-30.872726716199193,0,0,214,0.12196121415881125,3.710482597351074
2103,-54.94156980514529,0,0,300,0.12183925294465245,1.360392451286316
2104,-30.75975962718459,0,0,228,0.1217174136917078,3.885138988494873
2105,-35.78226872364549,0,0,202,0.12159569627801609,5.1453680992126465
2106,-58.75852412303423,0,0,283,0.12147410058173808,3.7023301124572754
2107,-17.641183022656595,0,0,300,0.12135262648115634,3.317596673965454
2108,-17.890460633435495,0,0,300,0.12123127385467519,3.3749160766601562
2109,-25.180384568371995,0,0,300,0.12111004258082052,4.002397060394287
2110,-13.882759610814512,0,0,300,0.1209889325382397,2.456088066101074
2111,-25.182681054272873,0,0,300,0.12086794360570145,3.680471181869507
2112,-25.641613091626382,0,0,300,0.12074707566209575,3.6402041912078857
2113,-33.77577588001756,0,0,246,0.12062632858643366,4.016244888305664
2114,-71.46386833190911,0,0,259,0.12050570225784722,5.815967082977295
2115,-65.84567321777334,0,0,300,0.12038519655558938,4.676418304443359
2116,-68.52342674255364,0,0,193,0.12026481135903379,5.138356685638428
2117,-54.95027420043941,0,0,248,0.12014454654767476,7.432568550109863
2118,-34.36968238830567,0,0,137,0.12002440200112709,6.197420597076416
2119,-37.37814590454103,0,0,128,0.11990437759912596,7.727036476135254
2120,-32.81528610229492,0,0,164,0.11978447322152684,5.6563215255737305
2121,-35.9088020324707,0,0,153,0.11966468874830531,6.602200508117676
2122,-41.297769775390606,0,0,148,0.11954502405955701,7.139442443847656
2123,-32.01829689025878,0,0,92,0.11942547903549745,7.272074222564697
2124,-37.301607178845636,0,0,300,0.11930605355646196,6.752702713012695
2125,-24.44041104237105,0,0,300,0.11918674750290549,3.312403678894043
2126,-31.71093434254196,0,0,113,0.11906756075540259,6.757534503936768
2127,-33.77867726246383,0,0,109,0.11894849319464719,6.749470233917236
2128,-23.475228623547746,0,0,300,0.11882954470145254,6.226108074188232
2129,-37.67025334278608,0,0,154,0.11871071515675109,6.464864253997803
2130,-32.5412090007451,0,0,129,0.11859200444159435,6.695103168487549
2131,-36.15137661854291,0,0,220,0.11847341243715274,5.380145072937012
2132,-31.517569703259745,0,0,108,0.1183549390247156,6.839193344116211
2133,-37.819415558972615,0,0,234,0.11823658408569088,5.709654808044434
2134,-34.07449252208206,0,0,268,0.11811834750160519,4.248822212219238
2135,-30.40787716785935,0,0,124,0.11800022915410358,6.489270210266113
2136,-32.536595124402325,0,0,141,0.11788222892494947,5.9439496994018555
2137,-32.350995817980504,0,0,109,0.11776434669602452,7.012948036193848
2138,-32.85418940623733,0,0,144,0.1176465823493285,6.583746433258057
2139,-56.56823922077683,0,0,283,0.11752893576697916,3.2668607234954834
2140,-32.94796872059369,0,0,300,0.11741140683121218,3.051793098449707
2141,-27.547637948193742,0,0,300,0.11729399542438097,3.0742104053497314
2142,-33.555517815747535,0,0,294,0.11717670142895659,3.228680372238159
2143,-37.64633305470016,0,0,282,0.11705952472752763,3.5188841819763184
2144,-30.146451034545898,0,0,120,0.1169424652028001,6.401612758636475
2145,-22.21274005015821,0,0,300,0.1168255227375973,4.085884094238281
2146,-23.212090119519495,0,0,300,0.1167086972148597,3.3403234481811523
2147,-23.22718644062543,0,0,300,0.11659198851764484,3.2465975284576416
2148,-42.311837662854465,0,0,204,0.1164753965291272,4.207760334014893
2149,-58.27460507313283,0,0,298,0.11635892113259806,5.623452186584473
2150,-73.5717280284552,0,0,273,0.11624256221146546,5.510232925415039
2151,-39.480462769665984,0,0,214,0.116126319649254,4.627416610717773
2152,-43.91068489948774,0,0,285,0.11601019332960474,3.8974721431732178
2153,-30.744981202283125,0,0,300,0.11589418313627514,5.02354621887207
2154,-44.3101954356816,0,0,218,0.11577828895313887,5.76984977722168
2155,-31.769239968457487,0,0,220,0.11566251066418573,3.3021109104156494
2156,-41.805478333630795,0,0,238,0.11554684815352155,6.578670501708984
2157,-36.42171414295701,0,0,174,0.11543130130536802,6.087729454040527
2158,-33.95474731445313,0,0,105,0.11531587000406265,7.083686828613281
2159,-32.32860150257615,0,0,104,0.1152005541340586,7.0469512939453125
2160,-17.6263247768071,0,0,300,0.11508535357992454,3.5013821125030518
2161,-14.868858269849092,0,0,300,0.11497026822634461,3.11201548576355
2162,-32.29090756336697,0,0,300,0.11485529795811826,4.840027809143066
2163,-37.91599124034377,0,0,91,0.11474044266016015,7.369196891784668
2164,-49.147929106554706,0,0,217,0.11462570221749999,6.619681358337402
2165,-36.7935820301387,0,0,94,0.11451107651528249,7.241094589233398
2166,-34.52767909129593,0,0,107,0.11439656543876721,7.284618854522705
2167,-59.95879923900093,0,0,176,0.11428216887332844,6.144898891448975
2168,-36.9192708881709,0,0,238,0.11416788670445512,5.005016803741455
2169,-34.38786921580765,0,0,152,0.11405371881775066,6.194666385650635
2170,-24.330778923034632,0,0,300,0.11393966509893291,2.810194730758667
2171,-33.14266510009766,0,0,156,0.11382572543383399,6.360666275024414
2172,-17.362790383496552,0,0,300,0.11371189970840015,3.270498514175415
2173,-33.8022681427002,0,0,125,0.11359818780869176,6.420567035675049
2174,-33.12467514038086,0,0,156,0.11348458962088306,5.816168785095215
2175,-36.21646066506439,0,0,189,0.11337110503126219,6.381217002868652
2176,-48.28969350974025,0,0,300,0.11325773392623092,2.9028215408325195
2177,-35.548799514770494,0,0,141,0.1131444761923047,6.012199878692627
2178,-50.56104377746578,0,0,300,0.11303133171611239,4.505260944366455
2179,-31.980200347900322,0,0,300,0.11291830038439628,5.105050086975098
2180,-43.32841598510739,0,0,240,0.11280538208401188,5.6771039962768555
2181,-113.4665060043335,0,0,261,0.11269257670192787,3.741626501083374
2182,-30.93127052307129,0,0,113,0.11257988412522593,6.690317630767822
2183,-30.283602447509764,0,0,97,0.1124673042411007,6.953400611877441
2184,-33.355307540893556,0,0,132,0.1123548369368596,6.786326885223389
2185,-59.506288833618164,0,0,200,0.11224248209992274,7.109072208404541
2186,-41.17510292053221,0,0,135,0.11213023961782281,7.863775730133057
2187,-25.0043098449707,0,0,73,0.11201810937820499,6.701077461242676
2188,-38.87061233520507,0,0,130,0.11190609126882678,7.5426530838012695
2189,-39.67004478454588,0,0,125,0.11179418517755796,7.822511196136475
2190,-71.70810772816208,0,0,250,0.1116823909923804,7.049327850341797
2191,-45.09163220325969,0,0,80,0.11157070860138803,7.630208969116211
2192,-80.89987637440228,0,0,300,0.11145913789278664,6.5347700119018555
2193,-95.05819335937511,0,0,269,0.11134767875489385,6.91204833984375
2194,-78.16815778891511,0,0,125,0.11123633107613895,7.919937610626221
2195,-70.03777946472168,0,0,80,0.11112509474506281,7.78694486618042
2196,-45.105182495117184,0,0,80,0.11101396965031775,7.753795623779297
2197,-95.08373245239257,0,0,80,0.11090295568066744,7.9984331130981445
2198,-63.18916679382327,0,0,110,0.11079205272498677,7.6072916984558105
2199,-116.09519493103025,0,0,81,0.11068126067226178,7.868798732757568
2200,-111.85766632080077,0,0,80,0.11057057941158951,8.071916580200195
2201,-88.05175834655765,0,0,80,0.11046000883217792,7.935439586639404
2202,-114.81139968872067,0,0,106,0.11034954882334574,8.142849922180176
2203,-65.65295433044437,0,0,111,0.1102391992745224,7.478238582611084
2204,-60.729030227661156,0,0,84,0.11012896007524788,7.657257556915283
2205,-52.27406005859373,0,0,86,0.11001883111517263,7.5560150146484375
2206,-101.5715229797364,0,0,167,0.10990881228405747,7.197880744934082
2207,-60.72489410400391,0,0,91,0.10979890347177342,7.353723526000977
2208,-71.93816421508792,0,0,103,0.10968910456830164,7.302041053771973
2209,-72.43031295776369,0,0,90,0.10957941546373333,7.897578239440918
2210,-61.75198860168456,0,0,91,0.1094698360482696,7.450497150421143
2211,-54.576369200548854,0,0,91,0.10936036621222132,7.9142913818359375
2212,-63.058982497057656,0,0,91,0.10925100584600911,7.354944705963135
2213,-83.51650256236528,0,0,91,0.1091417548401631,8.016824722290039
2214,-63.597678099474635,0,0,92,0.10903261308532293,7.294618606567383
2215,-54.170043211779316,0,0,80,0.1089235804722376,7.795209884643555
2216,-66.80931338389846,0,0,98,0.10881465689176537,7.49002742767334
2217,-59.467610121569365,0,0,94,0.1087058422348736,7.6146016120910645
2218,-60.90203814586128,0,0,168,0.10859713639263872,7.9607086181640625
2219,-58.101514769396516,0,0,94,0.10848853925624609,7.848077774047852
2220,-69.62330195506544,0,0,91,0.10838005071698985,7.911024570465088
2221,-219.56311740001178,0,0,91,0.10827167066627286,8.47847843170166
2222,-54.2093929584834,0,0,258,0.10816339899560658,6.25504732131958
2223,-48.77124789317577,0,0,91,0.10805523559661097,7.308011054992676
2224,-46.69315508922071,0,0,69,0.10794718036101436,7.723487854003906
2225,-111.35879275401561,0,0,92,0.10783923318065335,8.344897270202637
2226,-54.69461512645216,0,0,135,0.10773139394747269,6.858852863311768
2227,-126.45494021495318,0,0,123,0.10762366255352522,8.076434135437012
2228,-51.92966204722849,0,0,135,0.1075160388909717,7.715114593505859
2229,-86.31405596812698,0,0,195,0.10740852285208072,6.688713073730469
2230,-32.1336111744258,0,0,45,0.10730111432922863,7.788601875305176
2231,-26.077045088610372,0,0,45,0.1071938132148994,7.296960353851318
2232,-56.15065074046579,0,0,169,0.1070866194016845,7.5978617668151855
2233,-137.8043676288936,0,0,300,0.10697953278228281,6.863790988922119
2234,-96.95551165660362,0,0,274,0.10687255324950053,5.714076995849609
2235,-166.2451016529414,0,0,179,0.10676568069625103,6.943974494934082
2236,-402.0469757374127,0,0,300,0.10665891501555477,6.226943016052246
2237,-137.2245942219111,0,0,300,0.10655225610053921,6.526347637176514
2238,-73.44380679210164,0,0,300,0.10644570384443867,5.508650779724121
2239,-74.245940810046,0,0,300,0.10633925814059424,6.651684284210205
2240,-65.02861476024124,0,0,300,0.10623291888245365,5.879852771759033
2241,-52.854527893066404,0,0,84,0.1061266859635712,7.728631973266602
2242,-77.15260559082027,0,0,106,0.10602055927760762,8.148151397705078
2243,-116.94521118164059,0,0,85,0.10591453871833001,8.108802795410156
2244,-134.78365707397458,0,0,83,0.10580862417961168,8.133414268493652
2245,-107.89773818969724,0,0,83,0.10570281555543207,7.919434547424316
2246,-54.207569732665995,0,0,86,0.10559711273987664,8.204392433166504
2247,-185.64325286865233,0,0,85,0.10549151562713677,8.343313217163086
2248,-161.3065289306641,0,0,87,0.10538602411150963,8.169132232666016
2249,-95.55055145263668,0,0,87,0.10528063808739813,8.06513786315918
2250,-102.09902770996091,0,0,87,0.10517535744931072,8.254756927490234
2251,-198.50869644165044,0,0,88,0.10507018209186142,8.469674110412598
2252,-106.45116775512696,0,0,87,0.10496511190976955,8.005291938781738
2253,-61.47276802062989,0,0,87,0.10486014679785978,7.755692005157471
2254,-72.35604003906244,0,0,91,0.10475528665106192,8.329010009765625
2255,-82.97215148925781,0,0,87,0.10465053136441085,8.063037872314453
2256,-47.470524444580064,0,0,89,0.10454588083304645,7.6451311111450195
2257,-57.22279495239258,0,0,89,0.1044413349522134,7.6331987380981445
2258,-59.18885330200196,0,0,89,0.10433689361726119,7.599713325500488
2259,-46.81183670043944,0,0,89,0.10423255672364393,7.707959175109863
2260,-54.4249698638916,0,0,90,0.10412832416692028,7.9937424659729
2261,-62.37884880065915,0,0,89,0.10402419584275335,7.967212200164795
2262,-52.34257431030272,0,0,94,0.1039201716469106,7.723143577575684
2263,-46.64495887756343,0,0,90,0.10381625147526369,7.748739719390869
2264,-25.81377365112304,0,0,48,0.10371243522378842,7.260943412780762
2265,-46.35439163208007,0,0,93,0.10360872278856463,7.7610979080200195
2266,-44.285711975097655,0,0,91,0.10350511406577606,7.828927993774414
2267,-47.20083534240722,0,0,91,0.10340160895171029,7.520208835601807
2268,-40.455081176757815,0,0,93,0.10329820734275857,7.813770294189453
2269,-47.450847138562466,0,0,86,0.10319490913541582,7.4300127029418945
2270,-74.43737449645997,0,0,113,0.1030917142262804,7.63434362411499
2271,-32.54566365162399,0,0,90,0.10298862251205412,7.561216831207275
2272,-70.91781163136031,0,0,175,0.10288563388954207,7.044253826141357
2273,-62.541262406506796,0,0,164,0.10278274825565252,6.3201165199279785
2274,-52.50872944752243,0,0,127,0.10267996550739687,6.819483280181885
2275,-78.91831372181437,0,0,155,0.10257728554188948,6.861879348754883
2276,-67.86484242359664,0,0,192,0.1024747082563476,6.2785115242004395
2277,-58.02086308399704,0,0,144,0.10237223354809125,6.625016689300537
2278,-102.1836181346563,0,0,195,0.10226986131454316,6.593205451965332
2279,-93.90161488453417,0,0,167,0.10216759145322861,6.9827046394348145
2280,-173.3078406993537,0,0,300,0.10206542386177538,6.424261093139648
2281,-66.09247177124023,0,0,80,0.1019633584379136,7.540617942810059
2282,-176.265990753174,0,0,300,0.10186139507947568,6.686497688293457
2283,-78.09509201049808,0,0,80,0.1017595336843962,7.661273002624512
2284,-70.80817993164065,0,0,80,0.10165777415071181,7.619544982910156
2285,-154.59027053833017,0,0,222,0.1015561163765611,7.1425676345825195
2286,-69.32409484863283,0,0,80,0.10145456026018454,7.686023712158203
2287,-132.303983154297,0,0,177,0.10135310569992435,7.778495788574219
2288,-90.10345230102544,0,0,130,0.10125175259422443,7.688363075256348
2289,-94.22552619934082,0,0,81,0.10115050084163021,7.966381549835205
2290,-19.971448059082025,0,0,24,0.10104935034078859,7.650362014770508
2291,-55.471447296142564,0,0,62,0.1009483009904478,7.3503618240356445
2292,-117.58759994506833,0,0,124,0.10084735268945735,7.72189998626709
2293,-24.2279596710205,0,0,39,0.10074650533676789,7.296989917755127
2294,-122.4814375305175,0,0,143,0.10064575883143112,7.7853593826293945
2295,-99.49547889709469,0,0,212,0.1005451130725997,7.116369724273682
2296,-63.74373573303221,0,0,144,0.1004445679595271,6.575933933258057
2297,-103.3777407836915,0,0,195,0.10034412339156756,6.801935195922852
2298,-62.27137016296386,0,0,121,0.100243779268176,6.570342540740967
2299,-159.5029473876955,0,0,300,0.10014353548890782,6.423236846923828
2300,-136.20761840820307,0,0,293,0.10004339195341891,6.319404602050781
2301,-74.15663314819338,0,0,130,0.1,6.97415828704834
2302,-20.25590698242187,0,0,23,0.1,7.396476745605469
2303,-142.4386249542239,0,0,300,0.1,7.272156238555908
2304,-45.85453216552733,0,0,88,0.1,7.108633041381836
2305,-60.45524597167963,0,0,166,0.1,7.488811492919922
2306,-24.027143554687502,0,0,43,0.1,7.299285888671875
2307,-61.678862304687506,0,0,120,0.1,7.489715576171875
2308,-31.99555915832521,0,0,59,0.1,7.638889789581299
2309,-45.70411628723141,0,0,115,0.1,7.503529071807861
2310,-78.40739753723142,0,0,185,0.1,7.531849384307861
2311,-59.835522384643546,0,0,143,0.1,7.028880596160889
2312,-59.31773086547852,0,0,115,0.1,7.401932716369629
2313,-65.99995826721191,0,0,111,0.1,7.3149895668029785
2314,-165.3803987884522,0,0,276,0.1,6.835099697113037
2315,-93.58363143920907,0,0,131,0.1,7.603407859802246
2316,-106.7460749816895,0,0,146,0.1,6.919018745422363
2317,-104.63947578430178,0,0,168,0.1,7.2948689460754395
2318,-173.16857078552272,0,0,268,0.1,6.784642696380615
2319,-79.9284655761719,0,0,113,0.1,6.864616394042969
2320,-62.23064826965333,0,0,105,0.1,6.87266206741333
2321,-78.37867713928227,0,0,131,0.1,6.904669284820557
2322,-67.37253746032721,0,0,135,0.1,7.383134365081787
2323,-78.53164703369147,0,0,157,0.1,6.927911758422852
2324,-79.65483734130864,0,0,139,0.1,6.858709335327148
2325,-22.509002914428702,0,0,64,0.1,6.879750728607178
2326,-116.11047386169439,0,0,208,0.1,6.530118465423584
2327,-58.06793426513672,0,0,106,0.1,7.14448356628418
2328,-74.6905168151856,0,0,137,0.1,6.770129203796387
2329,-52.41449584960937,0,0,108,0.1,6.753623962402344
2330,-76.82433174133304,0,0,170,0.1,7.023582935333252
2331,-80.61455554088072,0,0,196,0.1,7.728837966918945
2332,-47.3456348713252,0,0,141,0.1,7.039107799530029
2333,-39.571250381469724,0,0,109,0.1,7.095312595367432
2334,-35.552111816406246,0,0,85,0.1,7.5880279541015625
2335,-53.527629089355386,0,0,166,0.1,7.456907272338867
2336,-41.37433169444533,0,0,116,0.1,7.408782005310059
2337,-47.10564448436229,0,0,96,0.1,7.456610202789307
2338,-42.9890295410156,0,0,91,0.1,7.462257385253906
2339,-33.607756271362305,0,0,92,0.1,7.241939067840576
2340,-44.91258875926465,0,0,91,0.1,7.245846271514893
2341,-89.49377230723843,0,0,300,0.1,5.611142158508301
2342,-450.79162953297106,0,0,255,0.1,2.6427083015441895
2343,-218.20875668446146,0,0,300,0.1,1.366990089416504
2344,-81.9583974925664,0,0,247,0.1,5.651900291442871
2345,-41.37678875843551,0,0,122,0.1,7.496498107910156
2346,-61.51188481251269,0,0,154,0.1,7.035272121429443
2347,-64.30003323475393,0,0,139,0.1,6.727309226989746
2348,-54.733575867810515,0,0,150,0.1,6.923194885253906
2349,-233.31653915405272,0,1,81,0.1,8.551634788513184
2350,-108.0209270477295,0,0,132,0.1,7.980231761932373
2351,-171.70583374023443,0,0,161,0.1,8.346458435058594
2352,-195.220030670166,0,1,87,0.1,8.522507667541504
2353,-34.72432334899902,0,0,119,0.1,7.661080837249756
2354,-38.87698875427243,0,0,162,0.1,6.129247188568115
2355,-202.48225173950195,0,1,181,0.1,8.533062934875488
2356,-178.65899841308592,0,1,95,0.1,8.559749603271484
2357,-34.94423904418946,0,0,145,0.1,6.011059761047363
2358,-40.224003829956025,0,0,217,0.1,7.296000957489014
2359,-44.09757133483883,0,0,201,0.1,6.284392833709717
2360,-35.033574981689455,0,0,147,0.1,6.215893745422363
2361,-63.07674850463869,0,0,129,0.1,8.359187126159668
2362,-192.76945617675779,0,1,35,0.1,8.622364044189453
2363,-58.042561187744155,0,0,119,0.1,8.413140296936035
2364,-214.7910641479492,0,1,68,0.1,8.852766036987305
2365,-221.6507162475586,0,1,45,0.1,8.677679061889648
2366,-186.13276397705076,0,1,110,0.1,8.065690994262695
2367,-319.1682324218749,0,1,74,0.1,8.98455810546875
2368,-171.424282502332,0,1,74,0.1,8.245871543884277
2369,-144.21838742176558,0,0,80,0.1,8.416897773742676
2370,-164.04628132740524,0,1,76,0.1,7.453871250152588
2371,-171.22572979847456,0,1,74,0.1,7.596233367919922
2372,-64.77482533375289,0,0,83,0.1,7.633507251739502
2373,-80.6595551005986,0,0,85,0.1,7.442189693450928
2374,-21.624243363538056,0,0,73,0.1,7.130861759185791
2375,-173.81184536854295,0,1,89,0.1,6.812762260437012
2376,-283.4872416392949,0,1,166,0.1,6.839111328125
2377,-179.68011929432421,0,1,82,0.1,6.729830741882324
2378,-319.5998899547237,0,0,261,0.1,6.912273406982422
2379,-76.33438221851854,0,0,235,0.1,6.668396472930908
2380,-37.661904267468714,0,0,177,0.1,6.497776985168457
2381,-45.23510769764446,0,0,158,0.1,7.113577842712402
2382,-67.71191174427537,0,0,128,0.1,6.225278854370117
2383,-69.08774418751263,0,0,194,0.1,7.974236965179443
2384,-46.21613484303023,0,0,142,0.1,7.416334629058838
2385,-106.20454617420704,0,0,272,0.1,6.875937461853027
2386,-105.04266095081839,0,0,250,0.1,7.325466156005859
2387,-111.81703066905472,0,0,80,0.1,8.264456748962402
2388,-77.93596758922074,0,0,82,0.1,7.944190979003906
2389,-26.64835276683303,0,0,120,0.1,5.559787273406982
2390,-47.913490782580105,0,0,80,0.1,7.66107177734375
2391,-188.92366134643555,0,1,36,0.1,8.575915336608887
2392,-74.02926269531255,0,0,80,0.1,7.842315673828125
2393,-89.84248188892867,0,0,198,0.1,7.577921390533447
2394,-35.14283358653519,0,0,93,0.1,7.3159074783325195
2395,-75.26967143138384,0,0,171,0.1,7.317616939544678
2396,-54.2546165760371,0,0,181,0.1,5.416353225708008
2397,-47.469090012707966,0,0,133,0.1,7.7370734214782715
2398,-42.826647614636684,0,0,98,0.1,7.558962821960449
2399,-45.3046266643193,0,0,118,0.1,7.7759575843811035
2400,-216.84904615561442,0,1,156,0.1,7.290159702301025
2401,-39.80411437988277,0,0,177,0.1,6.566028594970703
2402,-42.250351227917925,0,0,134,0.1,7.367388725280762
2403,-39.058106125989205,0,0,145,0.1,7.781827449798584
2404,-33.32819877624511,0,0,120,0.1,6.179549694061279
2405,-38.988971481323226,0,0,162,0.1,6.1822428703308105
2406,-92.34432553211715,0,0,170,0.1,7.778382301330566
2407,-61.862486601671876,0,0,148,0.1,7.525820732116699
2408,-47.40731059154001,0,0,185,0.1,7.13452672958374
2409,-58.29362061739356,0,0,223,0.1,7.49650239944458
2410,-41.469592696032215,0,0,165,0.1,7.582597255706787
2411,-45.817310914197165,0,0,186,0.1,6.929128646850586
2412,-28.62584884643546,0,0,300,0.1,3.0739622116088867
2413,-55.366016082763615,0,0,195,0.1,5.796504020690918
2414,-29.155744476318358,0,0,143,0.1,5.12143611907959
2415,-32.61047096252441,0,0,151,0.1,5.4151177406311035
2416,-54.08591026306151,0,0,269,0.1,5.848977565765381
2417,-111.691302986145,0,0,231,0.1,2.430325746536255
2418,-77.36085609436036,0,0,162,0.1,5.080214023590088
2419,-84.16636647144821,0,0,217,0.1,5.00889253616333
2420,-77.40120762745403,0,0,300,0.1,4.305102825164795
2421,-31.974569960436547,0,0,158,0.1,6.198841571807861
2422,-46.64041293223825,0,0,244,0.1,5.937802314758301
2423,-50.289675187268486,0,0,273,0.1,4.774719715118408
2424,-37.47329185485839,0,0,145,0.1,5.8733229637146
2425,-61.417022171020406,0,0,212,0.1,5.431755542755127
2426,-45.91499534606931,0,0,192,0.1,6.688748836517334
2427,-48.47523742675779,0,0,117,0.1,6.978809356689453
2428,-74.8535220336914,0,0,122,0.1,8.283380508422852
2429,-94.05843513488763,0,0,262,0.1,3.219608783721924
2430,-57.64996940612785,0,0,271,0.1,6.582492351531982
2431,-54.65007110595704,0,0,118,0.1,7.547517776489258
2432,-32.150922851562505,0,0,141,0.1,7.580230712890625
2433,-32.28509521484375,0,0,97,0.1,7.6337738037109375
2434,-209.89362121582027,0,1,44,0.1,8.658405303955078
2435,-215.61328491210935,0,1,43,0.1,8.693321228027344
2436,-210.43271957397457,0,1,47,0.1,8.643179893493652
2437,-234.80717590332029,0,1,56,0.1,8.694293975830078
2438,-250.08151260375973,0,1,71,0.1,8.792878150939941
2439,-256.7105529785154,0,1,156,0.1,8.915138244628906
2440,-32.05810923655959,0,0,122,0.1,7.087226390838623
2441,-68.83602887074028,0,0,205,0.1,6.571308135986328
2442,-56.740557145276355,0,0,194,0.1,7.574940204620361
2443,-49.97354995727536,0,0,256,0.1,5.338387489318848
2444,-56.99549659729,0,0,146,0.1,6.53887414932251
2445,-62.39775527954104,0,0,189,0.1,6.439438819885254
2446,-195.28775378306835,0,1,218,0.1,4.51713752746582
2447,-55.172457427978486,0,0,193,0.1,5.800614356994629
2448,-31.711534012952114,0,0,111,0.1,7.057684421539307
2449,-36.384257401624,0,0,145,0.1,6.575865268707275
2450,-33.38807965199021,0,0,109,0.1,6.909320831298828
2451,-70.08736239512888,0,0,210,0.1,5.054539680480957
2452,-67.82322383006543,0,0,227,0.1,5.641005039215088
2453,-42.657578260106476,0,0,216,0.1,7.214792728424072
2454,-48.03040676991013,0,0,168,0.1,6.557402610778809
2455,-96.27363970836127,0,0,291,0.1,3.8711090087890625
2456,-30.70339035034179,0,0,122,0.1,6.178347587585449
2457,-60.34982032775876,0,0,208,0.1,6.412455081939697
2458,-39.43263687133786,0,0,144,0.1,5.948159217834473
2459,-35.764768418469686,0,0,192,0.1,5.678493022918701
2460,-66.44245086669915,0,0,281,0.1,6.708112716674805
2461,-59.64144912719732,0,0,158,0.1,4.807862281799316
2462,-42.44859214782714,0,0,209,0.1,5.934648036956787
2463,-35.41846412658691,0,0,121,0.1,6.3071160316467285
2464,-41.56092900196579,0,0,223,0.1,5.532533168792725
2465,-34.486392734046795,0,0,108,0.1,7.503500938415527
2466,-41.04938505331938,0,0,205,0.1,7.075244426727295
2467,-37.63304176330567,0,0,145,0.1,6.995760440826416
2468,-29.851870927014623,0,0,141,0.1,6.175268650054932
2469,-47.615432099499955,0,0,217,0.1,6.3861589431762695
2470,-42.35223887523145,0,0,169,0.1,6.278258800506592
2471,-40.36278218189743,0,0,172,0.1,5.982996463775635
2472,-55.19750955422454,0,0,236,0.1,6.796479225158691
2473,-51.093224381604415,0,0,249,0.1,6.063107013702393
2474,-45.28312397877238,0,0,206,0.1,6.633081912994385
2475,-39.911414595446274,0,0,221,0.1,5.920552730560303
2476,-37.652445602416954,0,0,181,0.1,4.775611400604248
2477,-28.16754501342773,0,0,137,0.1,6.059386253356934
2478,-33.488313674926765,0,0,189,0.1,5.9345784187316895
2479,-35.71187026977539,0,0,117,0.1,6.970467567443848
2480,-40.604095764160135,0,0,142,0.1,6.446023941040039
2481,-30.260860366821284,0,0,119,0.1,6.460215091705322
2482,-30.613933076062487,0,0,109,0.1,6.7207841873168945
2483,-33.616182432970724,0,0,123,0.1,6.124244689941406
2484,-37.91116809526551,0,0,152,0.1,7.736995697021484
2485,-43.486852493286094,0,0,212,0.1,5.349213123321533
2486,-32.43668174743652,0,0,145,0.1,5.796670436859131
2487,-24.26946114460489,0,0,300,0.1,2.9471662044525146
2488,-38.3138712016728,0,0,198,0.1,6.003268718719482
2489,-28.698345595202177,0,0,124,0.1,6.127285480499268
2490,-51.59895457347356,0,0,298,0.1,6.237437725067139
2491,-44.726613264879894,0,0,135,0.1,7.246852397918701
2492,-30.216488571166984,0,0,133,0.1,6.436622142791748
2493,-34.36071904102829,0,0,117,0.1,7.32248067855835
2494,-37.45008877674606,0,0,132,0.1,6.167323112487793
2495,-28.547541093030247,0,0,136,0.1,6.589186191558838
2496,-37.415810042223654,0,0,160,0.1,6.556651592254639
2497,-36.10776872475678,0,0,159,0.1,6.919044017791748
2498,-34.54993922313186,0,0,157,0.1,6.6176838874816895
2499,-70.78665042003126,0,0,92,0.1,7.756861686706543
2500,-35.84397860606644,0,0,134,0.1,6.906193733215332
2501,-37.23408839305374,0,0,135,0.1,7.063721179962158
2502,-34.00193827708693,0,0,300,0.1,5.703183650970459
2503,-36.28679654041794,0,0,147,0.1,7.456500053405762
2504,-37.41510829051465,0,0,133,0.1,6.828976154327393
2505,-31.472775832018577,0,0,113,0.1,7.143393039703369
2506,-40.87346206665039,0,0,172,0.1,7.003365516662598
2507,-31.424813308715827,0,0,115,0.1,7.283703327178955
2508,-49.372633666992115,0,0,279,0.1,6.663158416748047
2509,-26.100090332031243,0,0,114,0.1,6.5700225830078125
2510,-41.77133848905168,0,0,184,0.1,6.817237377166748
2511,-33.875337723889615,0,0,126,0.1,7.126135349273682
2512,-28.905742827257843,0,0,109,0.1,7.239134788513184
2513,-57.99078924893936,0,0,193,0.1,7.797100067138672
2514,-32.98790905872849,0,0,136,0.1,6.316778182983398
2515,-38.752874573865185,0,0,112,0.1,7.513019561767578
2516,-33.39482096751662,0,0,157,0.1,6.336404323577881
2517,-29.95222859303025,0,0,110,0.1,6.227858066558838
2518,-30.308074704808643,0,0,134,0.1,7.012416839599609
2519,-44.17235859791302,0,0,245,0.1,6.522890567779541
2520,-29.82379653930664,0,0,109,0.1,6.76094913482666
2521,-46.83395133972157,0,0,131,0.1,6.36848783493042
2522,-43.18858357349899,0,0,183,0.1,6.434446811676025
2523,-26.193665847778313,0,0,97,0.1,6.83341646194458
2524,-29.657497834363195,0,0,300,0.1,5.74167537689209
2525,-45.04100666920208,0,0,173,0.1,6.672552585601807
2526,-57.18836349487306,0,0,297,0.1,6.374590873718262
2527,-41.32108746449019,0,0,182,0.1,7.430072784423828
2528,-70.31966412464635,0,0,251,0.1,6.924716949462891
2529,-39.764831208386646,0,0,203,0.1,5.906008720397949
2530,-40.904709595837865,0,0,163,0.1,6.410978317260742
2531,-41.368729629516594,0,0,167,0.1,7.45718240737915
2532,-43.075894452733436,0,0,185,0.1,7.3643717765808105
2533,-43.9645402526855,0,0,221,0.1,6.926135063171387
2534,-39.758882369995064,0,0,231,0.1,5.104720592498779
2535,-36.78620559692379,0,0,193,0.1,6.366551399230957
2536,-31.348891143798824,0,0,113,0.1,6.617222785949707
2537,-44.3768659973144,0,0,107,0.1,6.746716499328613
2538,-32.93880661010743,0,0,137,0.1,6.8397016525268555
2539,-39.31010833740234,0,0,165,0.1,7.162527084350586
2540,-34.57182136535645,0,0,184,0.1,5.852955341339111
2541,-26.741395111083982,0,0,133,0.1,6.342848777770996
2542,-73.02121124267578,0,0,300,0.1,5.355302810668945
2543,-41.65847379843656,0,0,258,0.1,3.455016613006592
2544,-52.33468185424806,0,0,225,0.1,6.806170463562012
2545,-32.10668281555176,0,0,109,0.1,6.4541707038879395
2546,-33.92848594665527,0,0,102,0.1,7.587121486663818
2547,-45.50503375133015,0,0,300,0.1,6.68145751953125
2548,-31.084930754503937,0,0,164,0.1,5.868931770324707
2549,-24.883902388415066,0,0,104,0.1,6.82367467880249
2550,-270.6076558685302,0,1,194,0.1,6.311913967132568
2551,-46.62265624999998,0,0,223,0.1,6.3056640625
2552,-48.9471856514639,0,0,263,0.1,6.572194576263428
2553,-48.08976585388173,0,0,212,0.1,6.129941463470459
2554,-99.88657171408586,0,0,300,0.1,5.574541091918945
2555,-31.28845515330765,0,0,163,0.1,6.219812870025635
2556,-40.955895826024474,0,0,190,0.1,7.2543721199035645
2557,-47.61905540466302,0,0,189,0.1,7.3697638511657715
2558,-45.94653987010449,0,0,218,0.1,6.8618340492248535
2559,-44.41496810913083,0,0,173,0.1,7.016242027282715
2560,-54.66258418162789,0,0,260,0.1,5.820845127105713
2561,-29.767316436767583,0,0,140,0.1,6.5418291091918945
2562,-31.636285781860344,0,0,125,0.1,6.534071445465088
2563,-77.1584899139405,0,0,209,0.1,5.984622478485107
2564,-45.3701389312744,0,0,189,0.1,5.9550347328186035
2565,-45.127796554565414,0,0,199,0.1,7.494449138641357
2566,-35.37124488830567,0,0,121,0.1,7.035311222076416
2567,-34.84576339721679,0,0,144,0.1,6.973940849304199
2568,-33.888236846923824,0,0,126,0.1,6.699559211730957
2569,-43.94449707031248,0,0,217,0.1,6.558624267578125
2570,-26.60282562255859,0,0,109,0.1,6.468206405639648
2571,-33.3916753681514,0,0,147,0.1,6.935617923736572
2572,-30.91507351795699,0,0,108,0.1,7.261069297790527
2573,-37.54014384349318,0,0,169,0.1,6.5402350425720215
2574,-59.70296844482422,0,0,137,0.1,6.965742111206055
2575,-81.15413757324214,0,0,300,0.1,5.486034393310547
2576,-30.76015213012695,0,0,113,0.1,6.745038032531738
2577,-29.215935897827148,0,0,125,0.1,6.566483974456787
2578,-27.478109207153324,0,0,108,0.1,6.47202730178833
2579,-34.02594924926758,0,0,130,0.1,6.8789873123168945
2580,-30.378849563598628,0,0,125,0.1,6.454712390899658
2581,-47.396558121838815,0,0,212,0.1,5.581440448760986
2582,-62.034292631945284,0,0,195,0.1,6.773772239685059
2583,-47.54738952636714,0,0,191,0.1,6.569347381591797
2584,-45.05283340454097,0,0,209,0.1,6.365708351135254
2585,-31.184718046984393,0,0,118,0.1,7.066378593444824
2586,-35.622002686658185,0,0,158,0.1,6.51030158996582
2587,-53.13715876658888,0,0,218,0.1,6.996988773345947
2588,-33.58691973765823,0,0,145,0.1,6.844429016113281
2589,-39.081459884643486,0,0,300,0.1,5.612864971160889
2590,-40.032038069567406,0,0,151,0.1,7.105708599090576
2591,-39.32776423533886,0,0,160,0.1,6.527140140533447
2592,-62.00419522205854,0,0,231,0.1,5.563349723815918
2593,-42.98759768565621,0,0,225,0.1,6.249598503112793
2594,-68.79928219715623,0,0,294,0.1,5.919621467590332
2595,-33.830467529296875,0,0,141,0.1,6.565116882324219
2596,-49.801826811632864,0,0,300,0.1,6.860655784606934
2597,-90.74365925709263,0,0,176,0.1,6.313215732574463
2598,-30.262045258679667,0,0,138,0.1,5.850312232971191
2599,-41.145981415906164,0,0,245,0.1,5.448796272277832
2600,-56.38660548289745,0,0,237,0.1,5.161850452423096
2601,-42.804611845812474,0,0,242,0.1,5.9688520431518555
2602,-42.93716832081347,0,0,238,0.1,5.996592998504639
2603,-33.96915509144334,0,0,127,0.1,7.114589691162109
2604,-44.21256375233199,0,0,158,0.1,7.805441856384277
2605,-42.33366111755369,0,0,212,0.1,7.198415279388428
2606,-35.065564498901374,0,0,112,0.1,6.863891124725342
2607,-55.363659943738256,0,0,286,0.1,7.57071590423584
2608,-41.62607691844437,0,0,88,0.1,7.7217183113098145
2609,-42.897498808703176,0,0,164,0.1,7.044573783874512
2610,-37.89312149047849,0,0,154,0.1,7.095780372619629
2611,-64.71792384227255,0,0,300,0.1,7.499680042266846
2612,-39.298721894421824,0,0,156,0.1,6.861981391906738
2613,-45.12438117980952,0,0,214,0.1,6.751095294952393
2614,-37.528463363647425,0,0,155,0.1,6.944615840911865
2615,-20.813387222290036,0,0,54,0.1,6.68584680557251
2616,-36.855614166259656,0,0,300,0.1,6.156403541564941
2617,-48.57380139271285,0,0,300,0.1,7.053251266479492
2618,-36.718129348754886,0,0,163,0.1,6.379532337188721
2619,-46.87463664134469,0,0,246,0.1,6.218858242034912
2620,-54.14010531505076,0,0,217,0.1,6.015225410461426
2621,-31.480364685058582,0,0,120,0.1,6.900091171264648
2622,-29.23303985595703,0,0,110,0.1,6.558259963989258
2623,-39.464780396619076,0,0,168,0.1,7.038496017456055
2624,-39.02237805286911,0,0,149,0.1,6.797895431518555
2625,-44.364457121691416,0,0,233,0.1,6.466313362121582
2626,-35.94935749928025,0,0,176,0.1,6.617140293121338
2627,-36.413628493151386,0,0,185,0.1,6.061106204986572
2628,-42.47888537486527,0,0,173,0.1,7.252420425415039
2629,-37.37035405079389,0,0,136,0.1,6.939889430999756
2630,-69.38187423706057,0,0,279,0.1,6.492968559265137
2631,-34.87795826832321,0,0,134,0.1,6.22929048538208
2632,-39.1437935169551,0,0,222,0.1,6.3011474609375
2633,-47.3026178447392,0,0,197,0.1,6.000455379486084
2634,-40.04615074157711,0,0,162,0.1,7.371537685394287
2635,-44.69873908996581,0,0,232,0.1,6.914684772491455
2636,-43.72368324279781,0,0,157,0.1,6.960920810699463
2637,-39.92951891978713,0,0,197,0.1,6.797578811645508
2638,-33.74560607910142,0,0,300,0.1,6.776401519775391
2639,-31.098892393908184,0,0,300,0.1,7.099922180175781
2640,-67.52052055358882,0,0,100,0.1,7.040130138397217
2641,-63.21984504699708,0,0,110,0.1,7.557461261749268
2642,-37.630899658203134,0,0,147,0.1,6.910224914550781
2643,-33.269242630004875,0,0,118,0.1,7.164810657501221
2644,-41.27984634399414,0,0,219,0.1,7.404961585998535
2645,-43.24930256763959,0,0,213,0.1,7.017126560211182
2646,-82.80810888449608,0,0,300,0.1,3.7399253845214844
2647,-45.75383638222746,0,0,87,0.1,7.508060932159424
2648,-267.9635759647699,0,0,300,0.1,2.8935930728912354
2649,-37.30498970031736,0,0,186,0.1,6.418747425079346
2650,-30.218176985583035,0,0,161,0.1,6.639743328094482
2651,-31.03473729054001,0,0,96,0.1,7.150985240936279
2652,-40.45296755870312,0,0,211,0.1,6.320940971374512
2653,-51.52963137706247,0,0,121,0.1,7.5676069259643555
2654,-54.70526672363279,0,0,191,0.1,7.736316680908203
2655,-29.83404438892868,0,0,155,0.1,6.103312015533447
2656,-48.82084742625682,0,0,229,0.1,6.3504109382629395
2657,-46.281210356554666,0,0,188,0.1,6.648001670837402
2658,-56.36746574401852,0,0,268,0.1,6.714366436004639
2659,-36.847553206286136,0,0,181,0.1,7.097087383270264
2660,-31.60331507762405,0,0,132,0.1,7.283527851104736
2661,-65.94934608459468,0,0,291,0.1,7.794836521148682
2662,-34.686712388196256,0,0,133,0.1,6.641479015350342
2663,-51.98766120910641,0,0,194,0.1,7.411915302276611
2664,-33.37771881103515,0,0,124,0.1,7.499429702758789
2665,-41.95607704162597,0,0,126,0.1,7.504019260406494
2666,-34.79617042541504,0,0,107,0.1,7.58654260635376
2667,-47.1727990547842,0,0,199,0.1,6.866097927093506
2668,-45.92015644947557,0,0,300,0.1,6.989840030670166
2669,-32.02408551136521,0,0,147,0.1,6.760822296142578
2670,-44.08337280273438,0,0,192,0.1,6.778343200683594
2671,-41.06893376270797,0,0,201,0.1,6.3220343589782715
2672,-50.05635374228418,0,0,288,0.1,7.526986598968506
2673,-41.24784576416011,0,0,177,0.1,6.781961441040039
2674,-42.06943374633786,0,0,206,0.1,7.377358436584473
2675,-35.13865089416504,0,0,134,0.1,7.15966272354126
2676,-26.492389144897455,0,0,123,0.1,5.888097286224365
2677,-32.35154533386231,0,0,112,0.1,6.837886333465576
2678,-33.65917701721192,0,0,109,0.1,7.4272942543029785
2679,-48.90487716674801,0,0,136,0.1,7.293719291687012
2680,-47.49623823325103,0,0,227,0.1,7.181957721710205
2681,-40.79659489552045,0,0,160,0.1,6.4414496421813965
2682,-41.80959960937497,0,0,172,0.1,7.27239990234375
2683,-35.92298149108887,0,0,109,0.1,7.545745372772217
2684,-36.86785736083984,0,0,114,0.1,7.429464340209961
2685,-34.201162109375,0,0,126,0.1,7.04779052734375
2686,-37.237310409545884,0,0,124,0.1,6.996827602386475
2687,-37.10396929820509,0,0,152,0.1,6.22119140625
2688,-35.36160151561233,0,0,124,0.1,7.045599460601807
2689,-33.089638795056615,0,0,160,0.1,5.87721061706543
2690,-37.84239621082809,0,0,136,0.1,6.975399971008301
2691,-37.25274403492476,0,0,124,0.1,6.857986927032471
2692,-34.10785858154296,0,0,128,0.1,6.546964645385742
2693,-34.62257217407226,0,0,103,0.1,7.158143043518066
2694,-28.173593274754936,0,0,105,0.1,7.228796482086182
2695,-32.46262077331543,0,0,125,0.1,7.043155193328857
2696,-32.011602296033175,0,0,148,0.1,6.59520149230957
2697,-62.25360488891598,0,0,219,0.1,6.625901222229004
2698,-36.23236824035644,0,0,122,0.1,7.368092060089111
2699,-34.124525938830104,0,0,159,0.1,6.36383056640625
2700,-57.360254745483324,0,0,274,0.1,6.34506368637085
2701,-35.65095210154984,0,0,92,0.1,7.597937107086182
2702,-38.16941059986614,0,0,154,0.1,6.884653568267822
2703,-49.80443409840131,0,0,231,0.1,6.755909442901611
2704,-46.25891281127926,0,0,157,0.1,7.062228202819824
2705,-39.91903236389159,0,0,137,0.1,7.1597580909729
2706,-54.68772544860836,0,0,169,0.1,7.0719313621521
2707,-31.33508407592773,0,0,110,0.1,7.053771018981934
2708,-31.039769821166985,0,0,106,0.1,6.964942455291748
2709,-36.01256321827439,0,0,160,0.1,6.757941722869873
2710,-32.42834362904099,0,0,151,0.1,6.646886825561523
2711,-38.302215881347664,0,0,160,0.1,6.433053970336914
2712,-34.15120343128708,0,0,162,0.1,6.967601776123047
2713,-35.37830396811432,0,0,187,0.1,6.287474155426025
2714,-29.857427567639625,0,0,147,0.1,6.286657810211182
2715,-41.58740150451654,0,0,300,0.1,6.92935037612915
2716,-36.34671829223631,0,0,157,0.1,6.716679573059082
2717,-33.92330139160156,0,0,129,0.1,6.935825347900391
2718,-30.636613922119132,0,0,109,0.1,6.889153480529785
2719,-41.88718154907224,0,0,185,0.1,6.526795387268066
2720,-32.88900113026169,0,0,106,0.1,7.099551200866699
2721,-37.604637281102576,0,0,192,0.1,6.361557483673096
2722,-30.22704083363077,0,0,300,0.1,4.791561126708984
2723,-50.41483016967773,0,0,215,0.1,7.488707542419434
2724,-30.690153245129856,0,0,119,0.1,6.39233922958374
2725,-53.07941050609085,0,0,292,0.1,5.5925517082214355
2726,-49.27171696583296,0,0,191,0.1,7.5352301597595215
2727,-39.07548416137694,0,0,177,0.1,7.173871040344238
2728,-34.360392074584965,0,0,130,0.1,6.59509801864624
2729,-28.871450958251952,0,0,103,0.1,6.890362739562988
2730,-33.75519706726074,0,0,101,0.1,7.5587992668151855
2731,-44.56827415466306,0,0,230,0.1,5.8570685386657715
2732,-35.0060238353398,0,0,137,0.1,6.7038068771362305
2733,-51.39651515086621,0,0,186,0.1,7.091827869415283
2734,-35.34621058543655,0,0,150,0.1,6.119251728057861
2735,-37.8304369354248,0,0,137,0.1,7.022609233856201
2736,-41.784424057006824,0,0,150,0.1,7.511106014251709
2737,-28.969525604248048,0,0,128,0.1,6.484881401062012
2738,-43.96705940246579,0,0,175,0.1,6.984264850616455
2739,-33.89585212707519,0,0,140,0.1,6.588963031768799
2740,-33.55206683238478,0,0,112,0.1,6.940715789794922
2741,-39.22070280234283,0,0,121,0.1,7.698073863983154
2742,-42.96569557189941,0,0,145,0.1,7.5039238929748535
2743,-35.344653549194334,0,0,162,0.1,7.101163387298584
2744,-32.79388977050781,0,0,139,0.1,6.695972442626953
2745,-33.00775672912598,0,0,131,0.1,6.809439182281494
2746,-48.06511469920608,0,0,300,0.1,6.398977756500244
2747,-76.64853925864176,0,0,263,0.1,7.170032978057861
2748,-89.58019116322065,0,0,270,0.1,6.952348709106445
2749,-46.565788650512644,0,0,186,0.1,7.353947162628174
2750,-48.244243774414,0,0,230,0.1,6.708560943603516
2751,-31.99218505859375,0,0,116,0.1,6.7630462646484375
2752,-51.82125769376358,0,0,249,0.1,7.622217178344727
2753,-32.83434888998931,0,0,109,0.1,6.773985385894775
2754,-45.576219024658215,0,0,201,0.1,6.971554756164551
2755,-39.929058744115295,0,0,157,0.1,6.5526628494262695
2756,-30.10165725708007,0,0,87,0.1,7.3104143142700195
2757,-46.364495239257806,0,0,198,0.1,7.976123809814453
2758,-42.54733169555663,0,0,188,0.1,6.91683292388916
2759,-42.482530623278286,0,0,184,0.1,6.5483317375183105
2760,-35.179307708740225,0,0,209,0.1,5.542326927185059
2761,-36.09431073109177,0,0,214,0.1,5.720878601074219
2762,-60.94278155406451,0,0,150,0.1,6.268394470214844
2763,-48.70406948963665,0,0,145,0.1,7.023318290710449
2764,-44.75914627075194,0,0,196,0.1,6.987286567687988
2765,-34.298159790039065,0,0,117,0.1,7.087039947509766
2766,-30.566949615478503,0,0,96,0.1,7.014237403869629
2767,-44.53300224304198,0,0,206,0.1,6.855750560760498
2768,-54.94361602783201,0,0,286,0.1,7.018404006958008
2769,-51.2681666564941,0,0,279,0.1,7.537041664123535
2770,-30.810509414672858,0,0,154,0.1,6.210127353668213
2771,-35.56799560546874,0,0,149,0.1,6.5644989013671875
2772,-39.84604696433009,0,0,186,0.1,6.2594099044799805
2773,-31.39766636768846,0,0,142,0.1,6.249217510223389
2774,-35.58171287536621,0,0,145,0.1,7.042928218841553
2775,-36.41917287985747,0,0,190,0.1,6.195191383361816
2776,-31.2606201171875,0,0,85,0.1,7.440155029296875
2777,-43.95228202819817,0,0,212,0.1,6.4680705070495605
2778,-42.7706490794804,0,0,177,0.1,5.974963188171387
2779,-32.82994717518356,0,0,118,0.1,7.162287712097168
2780,-31.425150756835933,0,0,109,0.1,6.823787689208984
2781,-35.030396728515626,0,0,125,0.1,7.250099182128906
2782,-33.4723073577881,0,0,120,0.1,7.7655768394470215
2783,-70.23252665599321,0,0,256,0.1,6.5883307456970215
2784,-39.82380271911619,0,0,167,0.1,6.953450679779053
2785,-36.991504410901335,0,0,203,0.1,6.192677021026611
2786,-35.04521511951951,0,0,134,0.1,6.391104698181152
2787,-39.33974868774411,0,0,187,0.1,7.379937171936035
2788,-42.38077026367188,0,0,160,0.1,6.580192565917969
2789,-40.83516932567092,0,0,198,0.1,6.641491413116455
2790,-55.23434471130359,0,0,177,0.1,6.873586177825928
2791,-46.20349464416498,0,0,170,0.1,6.65087366104126
2792,-39.34466209411619,0,0,121,0.1,7.486165523529053
2793,-33.31762103160355,0,0,178,0.1,6.192104339599609
2794,-32.07202075084183,0,0,147,0.1,6.45820426940918
2795,-36.66047192493943,0,0,133,0.1,7.227418899536133
2796,-47.09238789478803,0,0,218,0.1,7.655397891998291
2797,-37.14742320140335,0,0,146,0.1,7.3020548820495605
2798,-108.58145022471872,0,0,263,0.1,7.643061637878418
2799,-36.16805206298824,0,0,187,0.1,6.70201301574707
2800,-36.695341110229464,0,0,121,0.1,6.798835277557373
2801,-48.413408021130806,0,0,300,0.1,2.0481529235839844
2802,-32.761126327514646,0,0,80,0.1,7.615281581878662
2803,-35.341423750719756,0,0,146,0.1,6.333055019378662
2804,-41.5264632709834,0,0,225,0.1,5.19181489944458
2805,-45.63818008422848,0,0,188,0.1,6.517045021057129
2806,-46.7538121795654,0,0,212,0.1,7.785953044891357
2807,-32.68026222229004,0,0,133,0.1,6.76006555557251
2808,-43.831337620412,0,0,244,0.1,5.6095380783081055
2809,-37.39625849803415,0,0,300,0.1,3.3717637062072754
2810,-66.91310803333779,0,0,227,0.1,5.563077926635742
2811,-31.633052978515632,0,0,104,0.1,7.180763244628906
2812,-60.26525746265908,0,0,300,0.1,2.1036152839660645
2813,-32.349755659899444,0,0,138,0.1,5.675137996673584
2814,-30.40710041920212,0,0,144,0.1,6.734076023101807
2815,-42.60394378662107,0,0,165,0.1,7.098485946655273
2816,-35.94299316406249,0,0,89,0.1,7.610748291015625
2817,-79.220677947998,0,0,138,0.1,7.717669486999512
2818,-54.54013053894041,0,0,144,0.1,7.717532634735107
2819,-35.91539970397949,0,0,97,0.1,7.251349925994873
2820,-39.47508110046384,0,0,138,0.1,7.146270275115967
2821,-35.50116157531738,0,0,110,0.1,7.187790393829346
2822,-57.35472824096679,0,0,256,0.1,6.458682060241699
2823,-38.36045689503216,0,0,172,0.1,6.979915142059326
2824,-40.072734803357335,0,0,300,0.1,6.777984619140625
2825,-104.48429692188762,0,0,80,0.1,7.965875148773193
2826,-43.47856472889445,0,0,300,0.1,6.936942100524902
2827,-43.981246995129794,0,0,149,0.1,7.36011266708374
2828,-42.331594590344665,0,0,152,0.1,6.740199565887451
2829,-45.75053120533491,0,0,138,0.1,6.49993371963501
2830,-46.25983387867477,0,0,147,0.1,6.924759387969971
2831,-36.03337391773727,0,0,122,0.1,6.863144397735596
2832,-46.91454419056437,0,0,137,0.1,6.833436965942383
2833,-64.33590214649699,0,0,300,0.1,5.603776454925537
2834,-54.60937762340035,0,0,258,0.1,6.025043487548828
2835,-42.05271853526564,0,0,197,0.1,5.913378715515137
2836,-42.53910778919722,0,0,193,0.1,6.702077865600586
2837,-49.19140622059368,0,0,255,0.1,6.495152473449707
2838,-55.19317004283398,0,0,259,0.1,6.865991592407227
2839,-35.57746012767287,0,0,140,0.1,7.434564113616943
2840,-40.181215591430636,0,0,213,0.1,6.965303897857666
2841,-30.528316574096678,0,0,94,0.1,7.36207914352417
2842,-33.26633647044625,0,0,300,0.1,6.181783199310303
2843,-84.56432696422073,0,0,240,0.1,6.273780822753906
2844,-33.367677201428684,0,0,143,0.1,5.846720218658447
2845,-39.730635651746056,0,0,203,0.1,6.869959831237793
2846,-61.942019301256806,0,0,209,0.1,5.4632039070129395
2847,-45.247028838,0,0,229,0.1,7.2444562911987305
2848,-36.94561485290527,0,0,157,0.1,7.038903713226318
2849,-87.69258239746098,0,0,171,0.1,7.478145599365234
2850,-38.069722642102505,0,0,200,0.1,6.334731578826904
2851,-52.83256701549024,0,0,300,0.1,4.633340835571289
2852,-41.03837746858989,0,0,209,0.1,6.767691612243652
2853,-32.49511413574209,0,0,300,0.1,6.736278533935547
2854,-31.329513397216783,0,0,85,0.1,7.809878349304199
2855,-42.68373087962597,0,0,166,0.1,6.721131801605225
2856,-46.53406336863966,0,0,137,0.1,7.561214923858643
2857,-28.529792662462853,0,0,300,0.1,5.162647247314453
2858,-31.907862777709965,0,0,83,0.1,7.50946569442749
2859,-36.132666121325215,0,0,143,0.1,7.465865612030029
2860,-30.039491682848663,0,0,157,0.1,5.687572002410889
2861,-60.403438368639684,0,0,216,0.1,7.276058673858643
2862,-39.601459197998004,0,0,230,0.1,6.417864799499512
2863,-34.4169231414795,0,0,121,0.1,7.266730785369873
2864,-40.77099482615918,0,0,178,0.1,7.272947788238525
2865,-31.434908294677726,0,0,128,0.1,6.258727073669434
2866,-34.57039733886719,0,0,124,0.1,7.527599334716797
2867,-35.80876736561325,0,0,139,0.1,6.62949275970459
2868,-37.52871281544235,0,0,182,0.1,6.554479122161865
2869,-92.16453968922163,0,0,190,0.1,4.2634358406066895
2870,-75.66396324157715,0,0,186,0.1,7.498490810394287
2871,-43.2626999076181,0,0,248,0.1,4.36527681350708
2872,-39.18607920726272,0,0,150,0.1,6.559218883514404
2873,-34.94209256092575,0,0,192,0.1,5.825324058532715
2874,-31.46325901905564,0,0,161,0.1,6.7331156730651855
2875,-24.99647265513868,0,0,300,0.1,4.419317245483398
2876,-29.40605303843947,0,0,92,0.1,7.419212341308594
2877,-30.23883212169136,0,0,300,0.1,4.962407112121582
2878,-30.547848158678747,0,0,164,0.1,5.652161121368408
2879,-33.32868990977734,0,0,300,0.1,3.7423715591430664
2880,-33.59016444285842,0,0,171,0.1,6.51524019241333
2881,-48.41442141612498,0,0,215,0.1,6.3263044357299805
2882,-81.71795504649607,0,0,284,0.1,4.694687843322754
2883,-75.0024463653565,0,0,108,0.1,7.575611591339111
2884,-33.59588943481445,0,0,121,0.1,6.808972358703613
2885,-34.71792210499314,0,0,112,0.1,7.0842814445495605
2886,-74.57339793284864,0,0,285,0.1,6.001048564910889
2887,-58.947915267944374,0,0,80,0.1,7.561978816986084
2888,-33.20819313049316,0,0,135,0.1,7.222048282623291
2889,-41.44231783946486,0,0,203,0.1,6.265778541564941
2890,-64.98183447917431,0,0,300,0.1,3.9756577014923096
2891,-33.67462664683791,0,0,93,0.1,7.463855743408203
2892,-23.298013220629304,0,0,300,0.1,3.819702386856079
2893,-23.391446333727526,0,0,300,0.1,3.7255606651306152
2894,-35.23830309947463,0,0,156,0.1,6.579774856567383
2895,-72.1894105823848,0,0,256,0.1,7.072551727294922
2896,-37.357531098523395,0,0,180,0.1,6.896683692932129
2897,-30.102996978759755,0,0,96,0.1,7.110749244689941
2898,-36.84281605640915,0,0,160,0.1,6.2280049324035645
2899,-34.660752516588886,0,0,137,0.1,7.105387210845947
2900,-48.223107100329045,0,0,261,0.1,5.740975856781006
2901,-39.68557803233591,0,0,221,0.1,6.439093589782715
2902,-46.06035723765816,0,0,261,0.1,5.787788391113281
2903,-52.329040404162,0,0,300,0.1,7.174959182739258
2904,-32.12469763516984,0,0,147,0.1,6.488077163696289
2905,-44.03413291931148,0,0,239,0.1,6.268533229827881
2906,-40.00542582591507,0,0,197,0.1,7.15155553817749
2907,-53.570982437133765,0,0,192,0.1,7.210245609283447
2908,-28.6482536315918,0,0,166,0.1,5.674563407897949
2909,-38.05541633605955,0,0,136,0.1,6.766354084014893
2910,-30.86750866810348,0,0,122,0.1,6.964178085327148
2911,-35.76445262034866,0,0,121,0.1,7.208812236785889
2912,-55.972772017321255,0,0,290,0.1,6.455892086029053
2913,-48.11724383433787,0,0,258,0.1,7.322010040283203
2914,-80.47388247569525,0,0,300,0.1,5.043669700622559
2915,-44.478816651501845,0,0,217,0.1,7.334505081176758
2916,-53.096776199340766,0,0,190,0.1,5.786694049835205
2917,-37.48432228088379,0,0,123,0.1,7.003580570220947
2918,-38.85297360340621,0,0,154,0.1,7.490544319152832
2919,-40.543323728246136,0,0,217,0.1,7.451229095458984
2920,-48.961619919934485,0,0,128,0.1,7.537705898284912
2921,-31.86446899414063,0,0,150,0.1,6.543617248535156
2922,-89.04559318542474,0,0,197,0.1,5.218898296356201
2923,-49.897684508166,0,0,252,0.1,5.302120208740234
2924,-50.97841677745317,0,0,300,0.1,3.6548032760620117
2925,-28.793795594373016,0,0,125,0.1,6.760749816894531
2926,-63.93981742858887,0,0,174,0.1,7.422454357147217
2927,-33.22758186340332,0,0,122,0.1,6.77439546585083
2928,-35.7225318145752,0,0,121,0.1,7.175632953643799
2929,-32.33850410461426,0,0,144,0.1,6.0146260261535645
2930,-31.071484451293944,0,0,122,0.1,7.110371112823486
2931,-42.30277961730953,0,0,203,0.1,6.590694904327393
2932,-24.61628949085735,0,0,300,0.1,5.688873291015625
2933,-30.645878935656274,0,0,150,0.1,6.246668815612793
2934,-37.11966366688277,0,0,150,0.1,6.607216835021973
2935,-54.8263505554199,0,0,255,0.1,7.3665876388549805
2936,-44.550744218030246,0,0,145,0.1,5.159986972808838
2937,-47.45293011585733,0,0,217,0.1,6.640533447265625
2938,-51.20971516529583,0,0,230,0.1,6.294729709625244
2939,-33.4839433757451,0,0,130,0.1,6.520786762237549
2940,-39.9932044514033,0,0,238,0.1,6.3460001945495605
2941,-36.358254729113305,0,0,196,0.1,6.259762763977051
2942,-46.70276992797848,0,0,235,0.1,7.068192481994629
2943,-38.94289932250976,0,0,167,0.1,7.210724830627441
2944,-37.37889129638671,0,0,126,0.1,7.45222282409668
2945,-38.0307331085205,0,0,150,0.1,6.695183277130127
2946,-43.00523658752441,0,0,222,0.1,6.6363091468811035
2947,-206.7389663402226,0,1,239,0.1,7.594542503356934
2948,-31.20187359730271,0,0,169,0.1,5.975269317626953
2949,-34.27915745655564,0,0,125,0.1,6.6820902824401855
2950,-73.44573719898739,0,0,248,0.1,7.031235218048096
2951,-34.55767910877732,0,0,146,0.1,6.4717206954956055
2952,-33.580474730334025,0,0,145,0.1,6.987817764282227
2953,-37.905480240979436,0,0,184,0.1,6.391170978546143
2954,-29.405179871716776,0,0,142,0.1,6.068595886230469
2955,-36.828842820325136,0,0,193,0.1,6.099511623382568
2956,-32.72646494945022,0,0,181,0.1,5.376815319061279
2957,-57.44728161732219,0,0,217,0.1,7.734121322631836
2958,-35.646740464368136,0,0,172,0.1,6.7189860343933105
2959,-38.882946319580064,0,0,164,0.1,6.9532365798950195
2960,-37.69020428022275,0,0,189,0.1,7.128347396850586
2961,-29.300231446423805,0,0,143,0.1,6.267358779907227
2962,-30.173394745984258,0,0,300,0.1,5.215649604797363
2963,-44.02198290904491,0,0,169,0.1,7.253194808959961
2964,-168.4777878276496,0,0,300,0.1,5.471747875213623
2965,-33.34475552479294,0,0,140,0.1,6.120989799499512
2966,-25.615097817578498,0,0,300,0.1,3.328575372695923
2967,-71.09162216186508,0,0,257,0.1,5.635405540466309
2968,-54.83732231140135,0,0,300,0.1,2.689330577850342
2969,-65.01306449890133,0,0,218,0.1,4.473266124725342
2970,-71.56563728332519,0,0,142,0.1,5.283909320831299
2971,-44.10981639862058,0,0,194,0.1,3.5674540996551514
2972,-31.501754913330082,0,0,120,0.1,5.8979387283325195
2973,-31.076186523437503,0,0,128,0.1,6.616546630859375
2974,-35.37213333129882,0,0,183,0.1,6.698033332824707
2975,-75.3872278594971,0,0,151,0.1,5.574306964874268
2976,-39.03032150268554,0,0,131,0.1,6.220080375671387
2977,-30.406010636487288,0,0,137,0.1,6.101303577423096
2978,-30.870013856091767,0,0,119,0.1,6.557304382324219
2979,-31.595055618286136,0,0,138,0.1,6.638763904571533
2980,-27.669522933959907,0,0,300,0.1,5.68488073348999
2981,-33.28662124633789,0,0,133,0.1,6.156655311584473
2982,-40.08550254821776,0,0,199,0.1,6.291375637054443
2983,-41.365138232704,0,0,254,0.1,4.300687313079834
2984,-42.548639068603464,0,0,219,0.1,6.009659767150879
2985,-36.441862487792974,0,0,175,0.1,5.697965621948242
2986,-31.085081176757818,0,0,144,0.1,6.063770294189453
2987,-36.45025177001952,0,0,136,0.1,5.687562942504883
2988,-66.17131950378416,0,0,218,0.1,5.037829875946045
2989,-32.06784301757813,0,0,133,0.1,7.376960754394531
2990,-62.32584678649904,0,0,135,0.1,7.551461696624756
2991,-38.16788421630857,0,0,153,0.1,6.826971054077148
2992,-25.56400382995605,0,0,156,0.1,5.171000957489014
2993,-35.37109008789062,0,0,141,0.1,5.552772521972656
2994,-41.683360824584966,0,0,135,0.1,6.98084020614624
2995,-50.74255012512201,0,0,152,0.1,6.000637531280518
2996,-38.465930774208026,0,0,300,0.1,4.4783854484558105
2997,-32.119489135742185,0,0,131,0.1,6.482372283935547
2998,-39.73093208312986,0,0,193,0.1,5.472733020782471
2999,-33.49418342590332,0,0,133,0.1,5.90354585647583
3000,-76.59126716613763,0,0,232,0.1,6.445316791534424
3001,-29.066581010022432,0,0,125,0.1,6.018946170806885
3002,-82.02584877014164,0,0,201,0.1,6.2814621925354
3003,-38.939706344604474,0,0,138,0.1,6.729926586151123
3004,-37.614792556762694,0,0,145,0.1,6.161198139190674
3005,-66.12743278503423,0,0,209,0.1,6.104358196258545
3006,-36.987960569066445,0,0,186,0.1,6.0573883056640625
3007,-31.136113768419946,0,0,125,0.1,6.624227523803711
3008,-33.11882634083298,0,0,144,0.1,7.1695075035095215
3009,-32.377552766003866,0,0,115,0.1,6.591689109802246
3010,-54.40643139759573,0,0,300,0.1,3.3014087677001953
3011,-194.76086537281566,0,0,289,0.1,6.275017261505127
3012,-31.561987152099604,0,0,131,0.1,6.517996788024902
3013,-32.368735075793,0,0,134,0.1,6.402382850646973
3014,-39.84816441456341,0,0,300,0.1,4.939342021942139
3015,-35.987365358667915,0,0,133,0.1,6.971443176269531
3016,-48.59888905445597,0,0,250,0.1,6.604523181915283
3017,-29.79006619373825,0,0,95,0.1,7.46231746673584
3018,-39.52458808898922,0,0,219,0.1,6.0736470222473145
3019,-48.62822796741986,0,0,226,0.1,6.59185791015625
3020,-36.44899334827929,0,0,249,0.1,4.889549255371094
3021,-34.22681762695312,0,0,80,0.1,7.739204406738281
3022,-59.4620516498897,0,0,270,0.1,7.233211994171143
3023,-41.54706011851757,0,0,222,0.1,6.606964111328125
3024,-37.64314236561326,0,0,235,0.1,4.56308650970459
3025,-33.443301421007845,0,0,170,0.1,6.801024436950684
3026,-61.050152388415086,0,0,273,0.1,5.80023717880249
3027,-39.69308476368453,0,0,107,0.1,7.225572109222412
3028,-52.278364469212946,0,0,91,0.1,7.489989280700684
3029,-31.129411955675806,0,0,105,0.1,7.150052070617676
3030,-45.320475035509745,0,0,243,0.1,7.095317840576172
3031,-69.43189476013181,0,0,198,0.1,6.550473690032959
3032,-42.32408429066206,0,0,171,0.1,7.455821990966797
3033,-31.924555388292937,0,0,300,0.1,5.206337928771973
3034,-50.12429284890224,0,0,263,0.1,7.035675048828125
3035,-29.317110014757827,0,0,109,0.1,7.089476585388184
3036,-45.24457011302438,0,0,205,0.1,6.158841609954834
3037,-51.1177069091796,0,0,282,0.1,5.931926727294922
3038,-29.836130065917963,0,0,128,0.1,6.416532516479492
3039,-43.569845046997045,0,0,237,0.1,6.307461261749268
3040,-47.8344430836055,0,0,215,0.1,5.271309852600098
3041,-172.0662637797979,0,0,300,0.1,4.866366863250732
3042,-41.51079592784378,0,0,153,0.1,5.912898063659668
3043,-32.010736571154325,0,0,137,0.1,6.785383224487305
3044,-49.4026320942256,0,0,300,0.1,2.948357105255127
3045,-40.569062758288084,0,0,137,0.1,6.502464771270752
3046,-53.03245716413386,0,0,252,0.1,7.423910617828369
3047,-54.59093855063385,0,0,153,0.1,7.960632801055908
3048,-38.58601705710356,0,0,113,0.1,7.47440242767334
3049,-40.6458639526367,0,0,168,0.1,7.61396598815918
3050,-71.93478117148355,0,0,277,0.1,7.2665934562683105
3051,-36.11887796242763,0,0,300,0.1,6.389321327209473
3052,-39.57710884094238,0,0,150,0.1,7.274277210235596
3053,-29.155032501220695,0,0,95,0.1,7.136258125305176
3054,-28.448870239257804,0,0,106,0.1,7.034717559814453
3055,-30.5737506866455,0,0,179,0.1,6.030937671661377
3056,-27.85656730651855,0,0,108,0.1,6.484141826629639
3057,-33.44800608714551,0,0,137,0.1,6.439700603485107
3058,-36.72749380270899,0,0,300,0.1,3.229771614074707
3059,-112.20840519825472,0,0,223,0.1,5.88190221786499
3060,-43.61559548616806,0,0,231,0.1,6.046996116638184
3061,-47.01005886396295,0,0,208,0.1,6.9983110427856445
3062,-98.78321571350088,0,0,223,0.1,6.083303928375244
3063,-38.79543539206449,0,0,222,0.1,6.829257011413574
3064,-57.35654644886498,0,0,269,0.1,5.141437530517578
3065,-44.555724792480426,0,0,243,0.1,5.406431198120117
3066,-29.374257965087892,0,0,113,0.1,6.051064491271973
3067,-35.41358497619628,0,0,161,0.1,6.533396244049072
3068,-40.7681015602774,0,0,122,0.1,7.097423553466797
3069,-39.344712037244115,0,0,124,0.1,7.645978927612305
3070,-36.24871083179977,0,0,145,0.1,6.824478626251221
3071,-37.361366242566376,0,0,197,0.1,6.475142478942871
3072,-46.74170857349895,0,0,217,0.1,5.047728061676025
3073,-43.619632233777246,0,0,194,0.1,5.4722089767456055
3074,-38.850057208534096,0,0,300,0.1,4.6344170570373535
3075,-32.13080737193556,0,0,151,0.1,6.412900924682617
3076,-31.115688904919885,0,0,161,0.1,5.31622314453125
3077,-39.44333070040143,0,0,269,0.1,5.371429920196533
3078,-42.21784640391796,0,0,202,0.1,6.737160682678223
3079,-32.98610468944047,0,0,148,0.1,6.316725254058838
3080,-49.39051837047069,0,0,285,0.1,7.047828674316406
3081,-58.259424485364235,0,0,252,0.1,5.807157039642334
3082,-30.263990584215847,0,0,153,0.1,6.1411967277526855
3083,-38.578214340209925,0,0,141,0.1,5.72455358505249
3084,-31.620798691907208,0,0,121,0.1,6.255000591278076
3085,-46.80671209494531,0,0,246,0.1,6.212076187133789
3086,-29.083989956382883,0,0,300,0.1,5.7390947341918945
3087,-99.38874221801757,0,0,278,0.1,6.7196855545043945
3088,-39.87264042774701,0,0,133,0.1,6.955461025238037
3089,-35.4152371684697,0,0,153,0.1,6.486110210418701
3090,-56.06076927185053,0,0,268,0.1,7.1526923179626465
3091,-33.91178523143263,0,0,263,0.1,3.7606453895568848
3092,-49.27721148570505,0,0,239,0.1,7.677001953125
3093,-50.27142680247752,0,0,234,0.1,5.470555782318115
3094,-44.54435421864058,0,0,205,0.1,7.195889472961426
3095,-42.30192419211333,0,0,142,0.1,7.393379211425781
3096,-71.38920147816194,0,0,300,0.1,3.517101287841797
3097,-62.1724693004277,0,0,171,0.1,4.690418243408203
3098,-68.91919697681939,0,0,237,0.1,5.5096001625061035
3099,-44.91098236083984,0,0,161,0.1,7.355245590209961
3100,-22.84466784556828,0,0,300,0.1,5.16386604309082
3101,-41.169734467664014,0,0,218,0.1,6.734734535217285
3102,-33.35671546936035,0,0,127,0.1,6.956678867340088
3103,-44.53275990406535,0,0,234,0.1,6.510490894317627
3104,-41.45740857044726,0,0,205,0.1,6.204153060913086
3105,-47.64086872974895,0,0,182,0.1,7.457518100738525
3106,-45.842539978027325,0,0,204,0.1,6.348134994506836
3107,-33.93604924122361,0,0,97,0.1,7.043813228607178
3108,-39.6366757671025,0,0,158,0.1,6.866469860076904
3109,-34.85192825317382,0,0,134,0.1,7.207982063293457
3110,-31.32481968800095,0,0,101,0.1,7.176005840301514
3111,-38.7284618377685,0,0,198,0.1,5.594615459442139
3112,-42.830344191393564,0,0,187,0.1,6.957785129547119
3113,-32.57398617664836,0,0,300,0.1,4.050797462463379
3114,-39.70030262867475,0,0,165,0.1,7.357376575469971
3115,-33.57543301502732,0,0,163,0.1,6.0836591720581055
3116,-30.898129929700175,0,0,109,0.1,6.979333400726318
3117,-42.2664354117685,0,0,213,0.1,6.751210689544678
3118,-33.05260574340821,0,0,109,0.1,6.733151435852051
3119,-34.24939854542282,0,0,135,0.1,6.732150554656982
3120,-38.54077229420211,0,0,193,0.1,6.737493991851807
3121,-66.373841675916,0,0,256,0.1,5.930761337280273
3122,-43.69388111988568,0,0,146,0.1,7.028271198272705
3123,-61.552315415539965,0,0,165,0.1,7.280379772186279
3124,-32.87113624572754,0,0,116,0.1,6.890284061431885
3125,-30.412839842638704,0,0,108,0.1,6.800909042358398
3126,-36.96278407176469,0,0,162,0.1,6.983395099639893
3127,-41.2773752299931,0,0,184,0.1,6.3191447257995605
3128,-47.891115065416955,0,0,289,0.1,3.0029778480529785
3129,-43.76613064686321,0,0,207,0.1,6.70383358001709
3130,-41.00874064525097,0,0,206,0.1,5.692384243011475
3131,-43.022487916150325,0,0,240,0.1,5.747922897338867
3132,-34.75336140553024,0,0,126,0.1,7.518141269683838
3133,-36.249053162732366,0,0,141,0.1,6.397064208984375
3134,-45.55451942443844,0,0,135,0.1,7.448629856109619
3135,-79.48351294278706,0,0,300,0.1,2.922780990600586
3136,-30.414582930407068,0,0,300,0.1,5.298844814300537
3137,-39.730472764172816,0,0,185,0.1,7.257419109344482
3138,-135.80176701466098,0,0,204,0.1,4.602742671966553
3139,-59.13790470997361,0,0,256,0.1,5.644277095794678
3140,-34.30666587829589,0,0,137,0.1,7.081666469573975
3141,-30.339126616320346,0,0,134,0.1,6.262480735778809
3142,-42.75354270935058,0,0,215,0.1,6.8008856773376465
3143,-39.851658049425794,0,0,190,0.1,6.538113594055176
3144,-29.899350480237274,0,0,125,0.1,6.207138538360596
3145,-28.17523181041213,0,0,118,0.1,6.136507034301758
3146,-31.48854095458983,0,0,204,0.1,5.417135238647461
3147,-106.0736395088857,0,0,280,0.1,5.2338080406188965
3148,-29.22185467640419,0,0,300,0.1,3.5602645874023438
3149,-30.28826405445602,0,0,110,0.1,6.881866931915283
3150,-28.080788621106414,0,0,100,0.1,7.207498073577881
3151,-40.41013874928028,0,0,300,0.1,5.067335605621338
3152,-53.446715134778245,0,0,187,0.1,7.23397970199585
3153,-29.61847445567581,0,0,91,0.1,7.472317695617676
3154,-25.309494946006915,0,0,300,0.1,4.7029709815979
3155,-62.69373965342969,0,0,284,0.1,7.233633995056152
3156,-35.67535673300688,0,0,164,0.1,6.69923734664917
3157,-47.475832977294885,0,0,262,0.1,6.4214582443237305
3158,-53.71892135620115,0,0,185,0.1,6.072230339050293
3159,-43.157535400390614,0,0,220,0.1,6.891883850097656
3160,-22.748546092506206,0,0,300,0.1,3.4515392780303955
3161,-44.63761670033,0,0,245,0.1,5.956705093383789
3162,-45.44945012012985,0,0,277,0.1,5.14966344833374
3163,-48.582445297241186,0,0,242,0.1,6.668111324310303
3164,-25.71959563016488,0,0,300,0.1,4.384301662445068
3165,-26.747658483189944,0,0,300,0.1,2.3723127841949463
3166,-36.92890295743544,0,0,208,0.1,6.526628494262695
3167,-22.382168435254314,0,0,300,0.1,3.497843027114868
3168,-53.172936143079,0,0,272,0.1,6.435534954071045
3169,-25.497951020398343,0,0,300,0.1,4.066788673400879
3170,-31.912359284558566,0,0,108,0.1,6.592890739440918
3171,-41.59483235279576,0,0,300,0.1,4.981009006500244
3172,-36.61057835499312,0,0,156,0.1,6.6399455070495605
3173,-34.406914244494175,0,0,165,0.1,6.596927642822266
3174,-50.07886157115426,0,0,265,0.1,6.179914474487305
3175,-51.61453419605752,0,0,279,0.1,6.953434467315674
3176,-52.64865971485637,0,0,140,0.1,7.099465847015381
3177,-74.99219967762495,0,0,292,0.1,6.7453508377075195
3178,-44.9577616413447,0,0,255,0.1,6.144639492034912
3179,-33.41771855274704,0,0,173,0.1,5.881730556488037
3180,-32.36036785999802,0,0,123,0.1,6.632392883300781
3181,-33.503811310925805,0,0,300,0.1,3.703253746032715
3182,-37.360815875526285,0,0,176,0.1,5.7546067237854
3183,-48.56428578297165,0,0,137,0.1,7.2608723640441895
3184,-40.87897076527147,0,0,300,0.1,5.372043609619141
3185,-29.17821604808303,0,0,92,0.1,7.024753093719482
3186,-30.434327286877902,0,0,103,0.1,7.068382740020752
3187,-36.25891560474898,0,0,175,0.1,6.144529819488525
3188,-27.672949494519504,0,0,117,0.1,6.310538291931152
3189,-60.3785897064209,0,0,235,0.1,7.387147426605225
3190,-36.03001078685257,0,0,158,0.1,6.482701778411865
3191,-57.08661061207307,0,0,293,0.1,5.57145357131958
3192,-31.463412522473607,0,0,99,0.1,7.055654048919678
3193,-45.705480851331025,0,0,250,0.1,6.043671131134033
3194,-37.30969204823043,0,0,176,0.1,6.042223930358887
3195,-36.91996491352579,0,0,300,0.1,3.5122921466827393
3196,-30.6739449485116,0,0,300,0.1,5.860588073730469
3197,-53.15388227621966,0,0,298,0.1,6.843868732452393
3198,-34.444444893994486,0,0,300,0.1,3.1134121417999268
3199,-31.620654343762673,0,0,137,0.1,5.157464504241943
3200,-32.69857528686523,0,0,130,0.1,6.167143821716309
3201,-53.5202372741699,0,0,263,0.1,7.5500593185424805
3202,-74.4198141010616,0,0,178,0.1,6.417652606964111
3203,-30.84108637889358,0,0,145,0.1,6.272970676422119
3204,-32.39304655234282,0,0,122,0.1,6.986159801483154
3205,-108.96550457874793,0,0,300,0.1,3.5736770629882812
3206,-66.58960246165726,0,0,265,0.1,4.397599697113037
3207,-27.29461878856155,0,0,145,0.1,5.461353778839111
3208,-41.07120162963868,0,0,142,0.1,7.250300407409668
3209,-41.7160622111943,0,0,177,0.1,7.0813164710998535
3210,-32.44691246032714,0,0,117,0.1,7.254228115081787
3211,-38.79831761280563,0,0,182,0.1,7.0293803215026855
3212,-28.825827407836908,0,0,117,0.1,6.8814568519592285
3213,-43.83402142445111,0,0,256,0.1,6.4983062744140625
3214,-47.2065799125009,0,0,249,0.1,6.496246814727783
3215,-18.508528031506785,0,0,300,0.1,4.3069329261779785
3216,-32.56308143615723,0,0,105,0.1,6.908270359039307
3217,-49.89244252125288,0,0,244,0.1,6.522911548614502
3218,-25.784723798436545,0,0,300,0.1,6.119079113006592
3219,-40.08741131702924,0,0,168,0.1,7.234153747558594
3220,-48.93682137091293,0,0,300,0.1,2.893209934234619
3221,-30.077626143297795,0,0,300,0.1,4.852105617523193
3222,-40.57273486216994,0,0,243,0.1,6.258382797241211
3223,-30.055227631726453,0,0,300,0.1,6.04860782623291
3224,-47.0524935825679,0,0,300,0.1,3.3208224773406982
3225,-38.0197098072383,0,0,197,0.1,6.820126533508301
3226,-42.35402306795516,0,0,236,0.1,6.121603012084961
3227,-55.27763264576475,0,0,300,0.1,4.651709079742432
3228,-62.43179164012413,0,0,238,0.1,6.768146991729736
3229,-35.88005467335248,0,0,300,0.1,6.232314586639404
3230,-27.06822348674261,0,0,300,0.1,3.5122549533843994
3231,-71.0044907848027,0,0,272,0.1,3.583423614501953
3232,-87.90163205067186,0,0,104,0.1,8.045208930969238
3233,-32.86573429981736,0,0,130,0.1,6.916234493255615
3234,-57.349493467015606,0,0,297,0.1,5.780271530151367
3235,-42.63441265980266,0,0,269,0.1,4.375904083251953
3236,-35.55080960194138,0,0,138,0.1,7.145003318786621
3237,-35.11159451405075,0,0,164,0.1,5.260199546813965
3238,-34.46880856434371,0,0,163,0.1,6.767003059387207
3239,-33.24249421914154,0,0,126,0.1,6.7227253913879395
3240,-29.834436614509436,0,0,300,0.1,1.975511908531189
3241,-33.743623170056615,0,0,198,0.1,6.08570671081543
3242,-65.078698014417,0,0,266,0.1,6.809475421905518
3243,-40.58573638916012,0,0,193,0.1,6.491434097290039
3244,-37.20890843311814,0,0,130,0.1,7.4620280265808105
3245,-37.14297095059956,0,0,300,0.1,4.252645492553711
3246,-29.618944303197313,0,0,206,0.1,3.6776342391967773
3247,-69.79439422607413,0,0,300,0.1,6.018598556518555
3248,-22.660499772229375,0,0,300,0.1,3.8024258613586426
3249,-45.10073796192671,0,0,233,0.1,6.174985408782959
3250,-28.984061690172865,0,0,300,0.1,3.3137145042419434
3251,-51.016690949597546,0,0,285,0.1,6.448973655700684
3252,-43.43531277576945,0,0,265,0.1,5.228629112243652
3253,-35.62511245727539,0,0,153,0.1,6.488778114318848
3254,-49.73389898459373,0,0,261,0.1,7.151372909545898
3255,-49.70227810780069,0,0,265,0.1,6.122870445251465
3256,-29.015603531995048,0,0,300,0.1,6.008701801300049
3257,-19.86252101024121,0,0,300,0.1,4.818329334259033
3258,-34.93058688243362,0,0,158,0.1,6.400345802307129
3259,-34.38485684315231,0,0,141,0.1,6.9360151290893555
3260,-21.06019547382858,0,0,300,0.1,3.509849786758423
3261,-22.453674671653808,0,0,300,0.1,3.5140159130096436
3262,-55.04200764576467,0,0,199,0.1,5.710302829742432
3263,-34.83865399281052,0,0,166,0.1,6.536964416503906
3264,-42.911162003674775,0,0,221,0.1,6.140091419219971
3265,-28.952502335706033,0,0,213,0.1,4.405426502227783
3266,-51.88183773914834,0,0,269,0.1,5.687760353088379
3267,-38.275831938585966,0,0,158,0.1,7.879157066345215
3268,-32.065407838025365,0,0,119,0.1,6.496152877807617
3269,-98.6493054199217,0,0,300,0.1,4.454826354980469
3270,-37.55791027943158,0,0,273,0.1,3.6217784881591797
3271,-37.33764012257125,0,0,169,0.1,6.254210948944092
3272,-51.604107484021455,0,0,108,0.1,6.563327789306641
3273,-32.96361769437396,0,0,228,0.1,4.6503071784973145
3274,-33.11113960266112,0,0,97,0.1,7.010284900665283
3275,-29.30097579956054,0,0,114,0.1,6.825243949890137
3276,-34.37728439331055,0,0,127,0.1,6.879321098327637
3277,-38.28915725708007,0,0,190,0.1,6.9822893142700195
3278,-31.51763890186813,0,0,85,0.1,7.5117106437683105
3279,-34.423396119275374,0,0,170,0.1,5.605649948120117
3280,-36.5803504474971,0,0,158,0.1,7.067786693572998
3281,-82.4330736629154,0,0,300,0.1,3.5730693340301514
3282,-35.177783977989336,0,0,179,0.1,6.910043239593506
3283,-43.23532679637397,0,0,241,0.1,6.299030780792236
3284,-34.355002411999976,0,0,124,0.1,7.0885515213012695
3285,-31.70301594654586,0,0,120,0.1,6.890554904937744
3286,-38.12689021190138,0,0,153,0.1,7.396921634674072
3287,-31.90005108753708,0,0,141,0.1,6.172313690185547
3288,-45.65100062449899,0,0,225,0.1,6.627949237823486
3289,-26.181438598632813,0,0,300,0.1,3.380359649658203
3290,-31.15971287647752,0,0,121,0.1,6.894729137420654
3291,-32.93218602100876,0,0,192,0.1,5.887847423553467
3292,-46.0100060741093,0,0,282,0.1,4.409802436828613
3293,-28.5474571696904,0,0,131,0.1,6.089165210723877
3294,-39.421890229382754,0,0,268,0.1,4.740273475646973
3295,-29.941952162584982,0,0,137,0.1,6.250687122344971
3296,-48.35738173245987,0,0,296,0.1,5.556248188018799
3297,-23.40538856506346,0,0,300,0.1,4.733847141265869
3298,-43.15178547779583,0,0,246,0.1,6.137747287750244
3299,-33.716852111816415,0,0,112,0.1,6.449213027954102
3300,-34.10396458546188,0,0,198,0.1,4.710792064666748
3301,-33.96112454334763,0,0,162,0.1,6.397582054138184
3302,-51.71555180470011,0,0,246,0.1,6.881188869476318
3303,-31.397918862500415,0,0,300,0.1,3.9342806339263916
3304,-49.96338292042277,0,0,170,0.1,6.565646648406982
3305,-38.4722074715322,0,0,300,0.1,7.133450031280518
3306,-40.0125492095947,0,0,139,0.1,7.365637302398682
3307,-36.224921569824204,0,0,173,0.1,6.403730392456055
3308,-31.75022399902344,0,0,111,0.1,7.092555999755859
3309,-39.804453107518604,0,0,167,0.1,7.2040114402771
3310,-43.84919918934365,0,0,249,0.1,4.929600715637207
3311,-40.51491734425089,0,0,266,0.1,4.451030254364014
3312,-45.042563582262694,0,0,257,0.1,3.3458399772644043
3313,-26.075585632324216,0,0,120,0.1,6.323896408081055
3314,-35.68425091663864,0,0,159,0.1,6.9008636474609375
3315,-43.076042175292926,0,0,203,0.1,6.581510543823242
3316,-32.5463300792363,0,0,98,0.1,6.923883438110352
3317,-35.89906832774613,0,0,205,0.1,5.729966163635254
3318,-39.068473672070745,0,0,300,0.1,3.7444193363189697
3319,-16.044756020703584,0,0,300,0.1,2.803489923477173
3320,-29.500706757703107,0,0,145,0.1,5.667477607727051
3321,-39.74796829223629,0,0,153,0.1,6.724492073059082
3322,-35.05602836608887,0,0,163,0.1,7.076507091522217
3323,-33.29860987742873,0,0,123,0.1,6.597351551055908
3324,-39.140523253283234,0,0,166,0.1,6.642829895019531
3325,-40.11341687122847,0,0,238,0.1,6.103155136108398
3326,-35.114475766820306,0,0,300,0.1,3.889017105102539
3327,-31.861893204846645,0,0,101,0.1,7.2102742195129395
3328,-34.88963348388672,0,0,100,0.1,7.45490837097168
3329,-41.21282675504287,0,0,216,0.1,6.927609443664551
3330,-124.20830802917483,0,0,268,0.1,4.102077007293701
3331,-32.12294491688278,0,0,147,0.1,6.448037147521973
3332,-33.26653447071579,0,0,130,0.1,6.718934535980225
3333,-45.535274399915,0,0,300,0.1,4.226119518280029
3334,-52.33949429432414,0,0,126,0.1,7.257174491882324
3335,-74.26795895496875,0,0,160,0.1,6.361790657043457
3336,-29.782074038978315,0,0,300,0.1,5.2474212646484375
3337,-45.75947184642287,0,0,260,0.1,5.887567043304443
3338,-44.88049934387202,0,0,183,0.1,6.600124835968018
3339,-34.25109268188477,0,0,152,0.1,6.810273170471191
3340,-35.54076850891114,0,0,126,0.1,7.352692127227783
3341,-35.27786740223436,0,0,190,0.1,6.674267768859863
3342,-111.36044436534377,0,0,281,0.1,5.947810173034668
3343,-25.32418400684845,0,0,300,0.1,2.3783469200134277
3344,-34.339062241711886,0,0,134,0.1,7.142066478729248
3345,-37.17876190185547,0,0,131,0.1,7.309690475463867
3346,-33.82875920216096,0,0,300,0.1,3.1444907188415527
3347,-36.120475158691406,0,0,210,0.1,5.565118789672852
3348,-27.28745982249709,0,0,103,0.1,6.952064037322998
3349,-25.489252938428102,0,0,300,0.1,3.964614152908325
3350,-32.07398040771483,0,0,113,0.1,7.748495101928711
3351,-37.88387205838761,0,0,250,0.1,5.595370769500732
3352,-183.73441550016042,0,0,300,0.1,3.3230066299438477
3353,-38.24157293478909,0,0,198,0.1,6.473291397094727
3354,-30.56842089732616,0,0,300,0.1,3.2623043060302734
3355,-51.94177227894325,0,0,284,0.1,4.347743988037109
3356,-25.100745057263616,0,0,300,0.1,3.7524871826171875
3357,-17.656399697461403,0,0,187,0.1,2.861400842666626
3358,-73.54163983265423,0,0,300,0.1,3.0677108764648438
3359,-94.3036354152348,0,0,300,0.1,1.8132097721099854
3360,-39.42212666431932,0,0,149,0.1,5.6978325843811035
3361,-39.34944148143265,0,0,175,0.1,7.160059452056885
3362,-29.28923075437139,0,0,300,0.1,3.471710443496704
3363,-36.521454362073214,0,0,300,0.1,3.00016450881958
3364,-51.76220001220702,0,0,215,0.1,7.718050003051758
3365,-36.58161152760053,0,0,187,0.1,6.300203800201416
3366,-42.67013255198927,0,0,214,0.1,5.875232219696045
3367,-48.298180618286125,0,0,269,0.1,6.689545154571533
3368,-32.17001974820693,0,0,300,0.1,3.3294076919555664
3369,-35.78817231972749,0,0,156,0.1,6.494144916534424
3370,-33.5170352935791,0,0,101,0.1,7.366758823394775
3371,-87.15008132934571,0,0,137,0.1,7.992520332336426
3372,-45.74557922363274,0,0,174,0.1,6.941394805908203
3373,-39.42379981994626,0,0,144,0.1,7.463449954986572
3374,-51.35183010975389,0,0,141,0.1,5.937758445739746
3375,-96.09945100943514,0,0,300,0.1,3.2227609157562256
3376,-54.4858072368291,0,0,180,0.1,4.671252727508545
3377,-36.28719122092193,0,0,190,0.1,6.73719596862793
3378,-36.8380157470703,0,0,125,0.1,7.159503936767578
3379,-33.61961608886718,0,0,129,0.1,7.014904022216797
3380,-59.85459884643551,0,0,171,0.1,7.316149711608887
3381,-45.41167022705075,0,0,148,0.1,7.160417556762695
3382,-28.387696304321288,0,0,108,0.1,6.774424076080322
3383,-39.165189285278316,0,0,132,0.1,7.59879732131958
3384,-40.55118490378324,0,0,139,0.1,7.443194389343262
3385,-39.49169273376461,0,0,173,0.1,6.072923183441162
3386,-39.666712112426715,0,0,202,0.1,6.7741780281066895
3387,-30.793444366455077,0,0,136,0.1,6.3308610916137695
3388,-34.73363235473633,0,0,137,0.1,7.238408088684082
3389,-40.389244537353484,0,0,142,0.1,7.727311134338379
3390,-40.88385299682614,0,0,168,0.1,7.398463249206543
3391,-39.84494750976562,0,0,144,0.1,6.978736877441406
3392,-69.83053925434619,0,0,250,0.1,3.2024357318878174
3393,-58.77951207081331,0,0,278,0.1,6.972178936004639
3394,-32.38448592265573,0,0,300,0.1,3.541320562362671
3395,-31.789212769665987,0,0,143,0.1,6.869604110717773
3396,-39.85886706431836,0,0,194,0.1,5.98991584777832
3397,-66.4294136341426,0,0,247,0.1,6.647552490234375
3398,-36.157909745374006,0,0,300,0.1,3.2617783546447754
3399,-117.85541851917769,0,0,260,0.1,5.196155548095703
3400,-26.79756132285063,0,0,112,0.1,6.404788494110107
3401,-28.596484193005825,0,0,122,0.1,6.711421966552734
3402,-133.41533430814354,0,0,300,0.1,4.088236331939697
3403,-21.702947587170865,0,0,300,0.1,4.373037815093994
3404,-100.39396031300086,0,0,291,0.1,6.268290996551514
3405,-30.798702040514677,0,0,155,0.1,6.749874591827393
3406,-50.10221681435637,0,0,272,0.1,6.88015604019165
3407,-16.822345093884742,0,0,300,0.1,4.562887191772461
3408,-38.7030573153456,0,0,238,0.1,5.737667083740234
3409,-35.8915167355577,0,0,139,0.1,6.953476428985596
3410,-33.71316633383696,0,0,121,0.1,7.3986897468566895
3411,-33.30025772094726,0,0,96,0.1,7.565064430236816
3412,-28.095530823865207,0,0,122,0.1,6.943683624267578
3413,-35.37758351246384,0,0,155,0.1,6.906696796417236
3414,-40.6806780831045,0,0,247,0.1,6.178067684173584
3415,-55.67498060385646,0,0,209,0.1,7.111643314361572
3416,-45.91186032215618,0,0,237,0.1,6.642765998840332
3417,-43.01376225391893,0,0,183,0.1,6.500741481781006
3418,-35.412219285168916,0,0,225,0.1,5.542855739593506
3419,-29.719329270520475,0,0,131,0.1,6.5796332359313965
3420,-39.59413807789349,0,0,197,0.1,6.793335437774658
3421,-32.262562150159155,0,0,110,0.1,7.6004414558410645
3422,-30.86872410694626,0,0,99,0.1,7.156981945037842
3423,-32.358229293823236,0,0,110,0.1,7.2420573234558105
3424,-22.570002869763584,0,0,300,0.1,3.9998016357421875
3425,-32.052309358912055,0,0,139,0.1,6.807679176330566
3426,-31.972626800537114,0,0,119,0.1,7.463156700134277
3427,-36.981790525121134,0,0,180,0.1,6.495845794677734
3428,-39.376928147473585,0,0,251,0.1,5.019032955169678
3429,-69.24883073647563,0,0,181,0.1,7.5193095207214355
3430,-71.19010104258989,0,0,231,0.1,4.260224342346191
3431,-31.22313743591308,0,0,102,0.1,6.7907843589782715
3432,-73.5439581179579,0,0,298,0.1,4.3478922843933105
3433,-29.29411686817673,0,0,112,0.1,6.853330135345459
3434,-56.94600983540086,0,0,220,0.1,3.9363033771514893
3435,-29.514609727063377,0,0,300,0.1,6.903453350067139
3436,-39.44976735035444,0,0,216,0.1,3.6147427558898926
3437,-42.16979514201613,0,0,294,0.1,3.575147867202759
3438,-68.79081082264443,0,0,300,0.1,2.9500036239624023
3439,-35.184767274060526,0,0,127,0.1,7.728492736816406
3440,-35.93007629394532,0,0,133,0.1,7.062519073486328
3441,-23.094854096570174,0,0,300,0.1,2.8435144424438477
3442,-39.600081540746146,0,0,136,0.1,7.495418548583984
3443,-41.23984331290191,0,0,255,0.1,3.757858991622925
3444,-40.65625572204587,0,0,231,0.1,6.539063930511475
3445,-47.96483301003508,0,0,238,0.1,6.935810089111328
3446,-26.49412152210737,0,0,300,0.1,3.195831298828125
3447,-33.75803352355957,0,0,128,0.1,6.624508380889893
3448,-74.07412010192871,0,0,300,0.1,5.253530025482178
3449,-34.71213996887207,0,0,101,0.1,7.333034992218018
3450,-46.12605259815714,0,0,237,0.1,4.851314067840576
3451,-56.89122787475585,0,0,105,0.1,7.807806968688965
3452,-34.03726179282134,0,0,122,0.1,7.299713611602783
3453,-39.88889735301476,0,0,300,0.1,4.237423419952393
3454,-39.38241744995116,0,0,190,0.1,6.155604362487793
3455,-40.29663497924803,0,0,150,0.1,6.994158744812012
3456,-138.62815823793858,0,0,300,0.1,3.1751368045806885
3457,-34.97680886189011,0,0,256,0.1,3.8515031337738037
3458,-22.18794850269822,0,0,300,0.1,3.16428804397583
3459,-25.931294758323745,0,0,300,0.1,3.830920934677124
3460,-37.538220320543964,0,0,184,0.1,6.904754161834717
3461,-29.811682469044804,0,0,147,0.1,5.834624290466309
3462,-34.021253251233375,0,0,166,0.1,6.532614231109619
3463,-34.32008178710938,0,0,94,0.1,7.060020446777344
3464,-58.01045886119335,0,0,245,0.1,4.64781379699707
3465,-33.42406616210937,0,0,165,0.1,6.893516540527344
3466,-42.83788244406643,0,0,280,0.1,2.9748687744140625
3467,-67.0461552429199,0,0,214,0.1,7.5040388107299805
3468,-31.837126142186573,0,0,167,0.1,6.047179698944092
3469,-38.90497467041014,0,0,161,0.1,6.796243667602539
3470,-30.86506561279297,0,0,129,0.1,6.768766403198242
3471,-36.443011093139646,0,0,145,0.1,7.723252773284912
3472,-38.63096000671386,0,0,185,0.1,6.840240001678467
3473,-26.418058671155244,0,0,121,0.1,5.909315586090088
3474,-39.064868334131745,0,0,166,0.1,7.113318920135498
3475,-19.401660012402786,0,0,300,0.1,3.0902159214019775
3476,-33.38633601268265,0,0,157,0.1,5.551783084869385
3477,-42.172204237780306,0,0,218,0.1,7.045750141143799
3478,-41.2717205516484,0,0,229,0.1,5.782731056213379
3479,-30.782070588269377,0,0,300,0.1,6.335318565368652
3480,-49.90203353881829,0,0,268,0.1,6.48300838470459
3481,-26.94784378051758,0,0,116,0.1,6.3019609451293945
3482,-34.25381645202636,0,0,128,0.1,7.415954113006592
3483,-33.72282264709472,0,0,154,0.1,6.560705661773682
3484,-50.77052456776165,0,0,208,0.1,4.614932060241699
3485,-41.70060742298629,0,0,197,0.1,6.394952774047852
3486,-33.799672241210935,0,0,95,0.1,7.294918060302734
3487,-39.32701611439251,0,0,250,0.1,5.334054946899414
3488,-26.660079583325555,0,0,300,0.1,3.3898208141326904
3489,-40.4528356170654,0,0,181,0.1,6.410708904266357
3490,-26.53480267445114,0,0,192,0.1,4.1985015869140625
3491,-48.842258482775364,0,0,236,0.1,7.325763702392578
3492,-37.55618107716108,0,0,149,0.1,7.233846187591553
3493,-35.26023243824508,0,0,157,0.1,6.632359027862549
3494,-32.59799771229294,0,0,161,0.1,6.326800346374512
3495,-35.080255555310515,0,0,197,0.1,5.822364807128906
3496,-36.86334370533491,0,0,230,0.1,6.34563684463501
3497,-38.48864878734082,0,0,134,0.1,7.2098612785339355
3498,-39.425281953015585,0,0,157,0.1,7.058621406555176
3499,-36.03639921347562,0,0,153,0.1,7.169497966766357
3500,-45.09997596740723,0,0,208,0.1,6.674993991851807
3501,-61.66622345844768,0,0,254,0.1,3.686356782913208
3502,-30.03421404918167,0,0,119,0.1,7.186252593994141
3503,-34.678453169665076,0,0,182,0.1,5.55231237411499
3504,-45.400688065686495,0,0,266,0.1,6.4424729347229
3505,-41.11927616993454,0,0,195,0.1,6.312119960784912
3506,-38.5940055847168,0,0,190,0.1,5.961001396179199
3507,-36.0277953338623,0,0,192,0.1,6.876948833465576
3508,-32.53035038868455,0,0,121,0.1,6.462388515472412
3509,-31.914483269848965,0,0,300,0.1,3.55342173576355
3510,-44.969802827038976,0,0,261,0.1,5.939751625061035
3511,-44.494207640490245,0,0,214,0.1,6.928750991821289
3512,-37.23139218250777,0,0,150,0.1,6.862648963928223
3513,-53.561088274317285,0,0,256,0.1,7.094873905181885
3514,-45.057992943921306,0,0,291,0.1,3.576799154281616
3515,-43.61625343322751,0,0,210,0.1,6.576563358306885
3516,-29.370209655761727,0,0,115,0.1,6.29005241394043
3517,-28.083319520154273,0,0,114,0.1,6.623130798339844
3518,-43.573213254613314,0,0,201,0.1,7.286201477050781
3519,-29.689132203259607,0,0,300,0.1,4.052083969116211
3520,-46.64095875660438,0,0,147,0.1,6.170040607452393
3521,-43.44791921774807,0,0,218,0.1,6.584877967834473
3522,-31.360807618298804,0,0,111,0.1,7.290002822875977
3523,-39.84604443470498,0,0,300,0.1,4.866312026977539
3524,-30.242677430310497,0,0,300,0.1,6.255470275878906
3525,-29.01595425526169,0,0,151,0.1,6.443789482116699
3526,-36.00483757019043,0,0,174,0.1,7.111209392547607
3527,-13.685708295506874,0,0,300,0.1,3.35182523727417
3528,-40.07317489624019,0,0,186,0.1,7.283293724060059
3529,-55.10294601440428,0,0,281,0.1,5.408236503601074
3530,-49.6460968780517,0,0,266,0.1,6.8040242195129395
3531,-55.361320554418015,0,0,165,0.1,5.695728302001953
3532,-56.81667717854049,0,0,300,0.1,2.7464702129364014
3533,-36.02630291859177,0,0,156,0.1,7.168876647949219
3534,-28.060581177869118,0,0,184,0.1,4.649946212768555
3535,-47.48777226368446,0,0,153,0.1,6.926743984222412
3536,-31.306522521972653,0,0,121,0.1,6.536630630493164
3537,-22.835354737439438,0,0,300,0.1,4.228639602661133
3538,-33.23124578635162,0,0,151,0.1,6.170709609985352
3539,-33.29062637329101,0,0,121,0.1,6.612656593322754
3540,-82.42034466663847,0,0,300,0.1,4.3998870849609375
3541,-29.41691145658097,0,0,109,0.1,7.023630619049072
3542,-34.415225609936975,0,0,300,0.1,2.8286073207855225
3543,-100.76071057240024,0,0,300,0.1,7.229978561401367
3544,-37.32153251647949,0,0,154,0.1,6.510383129119873
3545,-25.37425267139933,0,0,300,0.1,4.815864086151123
3546,-46.05430790821576,0,0,197,0.1,5.335877895355225
3547,-39.72892392078903,0,0,149,0.1,7.652031898498535
3548,-29.912408951916966,0,0,149,0.1,5.697903156280518
3549,-38.42382392009226,0,0,281,0.1,3.7686550617218018
3550,-29.352599783739674,0,0,300,0.1,3.730849027633667
3551,-31.35921051025391,0,0,109,0.1,6.834802627563477
3552,-43.61364942709869,0,0,182,0.1,5.446310520172119
3553,-35.43729284445708,0,0,121,0.1,6.534721374511719
3554,-36.1524578388545,0,0,169,0.1,6.3158135414123535
3555,-28.94118357737991,0,0,202,0.1,4.042994976043701
3556,-34.69098767200975,0,0,101,0.1,7.590047836303711
3557,-34.46115254322556,0,0,111,0.1,7.557589054107666
3558,-52.498777685961414,0,0,266,0.1,3.794893503189087
3559,-19.978822928270997,0,0,300,0.1,3.2474048137664795
3560,-52.16454978942865,0,0,256,0.1,7.051137447357178
3561,-33.81338364521531,0,0,203,0.1,3.8131468296051025
3562,-40.89958912769819,0,0,140,0.1,7.33469820022583
3563,-47.01094891468543,0,0,286,0.1,5.312538146972656
3564,-32.128304642834905,0,0,300,0.1,2.5543770790100098
3565,-29.954841643175808,0,0,136,0.1,6.416409492492676
3566,-38.08658640941114,0,0,180,0.1,6.474345684051514
3567,-40.021207122802736,0,0,197,0.1,5.622801780700684
3568,-36.737031296887636,0,0,269,0.1,4.041558742523193
3569,-21.020598038830986,0,0,300,0.1,3.854950428009033
3570,-31.14231056213378,0,0,117,0.1,7.550577640533447
3571,-34.88032127380371,0,0,115,0.1,7.530080318450928
3572,-50.43882405201454,0,0,225,0.1,6.207006931304932
3573,-45.26427531321971,0,0,150,0.1,6.126267910003662
3574,-30.318566865124975,0,0,113,0.1,6.6894426345825195
3575,-24.873393716015983,0,0,300,0.1,3.485649347305298
3576,-42.16774327198533,0,0,281,0.1,3.4017367362976074
3577,-23.49898133198283,0,0,300,0.1,2.602046251296997
3578,-39.94639025767773,0,0,189,0.1,6.331796646118164
3579,-46.002044266858334,0,0,151,0.1,4.985311985015869
3580,-40.49837712208295,0,0,270,0.1,5.4918951988220215
3581,-58.770467042126896,0,0,207,0.1,6.319917678833008
3582,-49.52114105224604,0,0,174,0.1,6.880285263061523
3583,-46.881710557141574,0,0,292,0.1,5.52772855758667
3584,-52.694430876574195,0,0,278,0.1,5.846306800842285
3585,-27.103751021227524,0,0,300,0.1,4.441136837005615
3586,-46.53600863536331,0,0,209,0.1,5.434201240539551
3587,-40.0848088542607,0,0,247,0.1,6.516003131866455
3588,-31.634429503283066,0,0,300,0.1,4.831306457519531
3589,-21.517320738634744,0,0,300,0.1,3.349529266357422
3590,-37.55404404560591,0,0,234,0.1,3.380811929702759
3591,-27.359185685315325,0,0,300,0.1,4.344597339630127
3592,-48.84002903858682,0,0,241,0.1,6.077308177947998
3593,-39.73201847950477,0,0,300,0.1,6.37030553817749
3594,-43.14296635548138,0,0,284,0.1,4.328042507171631
3595,-34.69948079029588,0,0,262,0.1,3.109671115875244
3596,-39.051359910168884,0,0,229,0.1,5.635140895843506
3597,-46.890808152356385,0,0,278,0.1,5.525002956390381
3598,-41.58511555592081,0,0,209,0.1,6.053579807281494
3599,-45.85151886860395,0,0,239,0.1,3.6526806354522705
3600,-31.82901947021484,0,0,118,0.1,6.539754867553711
3601,-34.50101516723633,0,0,136,0.1,6.380253791809082
3602,-36.26642387390137,0,0,184,0.1,5.646605968475342
3603,-36.00348068237305,0,0,188,0.1,5.435870170593262
3604,-51.10376896778608,0,0,205,0.1,4.678243160247803
3605,-36.09485447804002,0,0,179,0.1,6.743514537811279
3606,-33.41385104258986,0,0,116,0.1,7.283661842346191
3607,-18.338027505078564,0,0,300,0.1,3.204307794570923
3608,-20.580585068860294,0,0,300,0.1,3.5049471855163574
3609,-19.937898923558627,0,0,300,0.1,3.4048728942871094
3610,-47.37160625776178,0,0,260,0.1,6.733697891235352
3611,-30.06141887983205,0,0,300,0.1,5.29115104675293
3612,-45.1664522377676,0,0,226,0.1,6.8320112228393555
3613,-37.7923096934941,0,0,159,0.1,6.280378341674805
3614,-29.475260115465844,0,0,234,0.1,3.4040141105651855
3615,-17.93145916859176,0,0,198,0.1,2.9901657104492188
3616,-57.07797933737693,0,0,293,0.1,6.012392997741699
3617,-32.824298943677206,0,0,268,0.1,2.935875654220581
3618,-38.86770528952543,0,0,193,0.1,6.789824485778809
3619,-47.766723450818304,0,0,267,0.1,3.5539817810058594
3620,-42.56392194907131,0,0,214,0.1,5.443878650665283
3621,-37.633510407605435,0,0,184,0.1,6.708178520202637
3622,-39.672747679552714,0,0,206,0.1,5.710886001586914
3623,-28.72821081320704,0,0,300,0.1,3.7699508666992188
3624,-23.020184880895034,0,0,300,0.1,3.530444383621216
3625,-38.027952575683585,0,0,118,0.1,7.719488143920898
3626,-33.02318682750198,0,0,169,0.1,5.965995788574219
3627,-40.044084595837816,0,0,233,0.1,6.125822067260742
3628,-32.12489567677046,0,0,300,0.1,3.6935248374938965
3629,-39.987343673706036,0,0,228,0.1,5.901835918426514
3630,-33.81215341727203,0,0,237,0.1,3.990936517715454
3631,-101.69515118519325,0,0,287,0.1,2.5260887145996094
3632,-55.82965744892622,0,0,271,0.1,2.924715280532837
3633,-36.8532079784062,0,0,195,0.1,6.238102912902832
3634,-42.64688957214351,0,0,229,0.1,5.379222393035889
3635,-30.793310593762666,0,0,145,0.1,6.400628566741943
3636,-45.476585446995955,0,0,300,0.1,6.224544525146484
3637,-50.62905612071481,0,0,257,0.1,6.617463111877441
3638,-39.04473742564651,0,0,186,0.1,7.236383438110352
3639,-46.22424682617183,0,0,210,0.1,6.221061706542969
3640,-37.6959784404423,0,0,257,0.1,3.9787955284118652
3641,-35.019371728101035,0,0,300,0.1,3.887143850326538
3642,-57.134897003173734,0,0,300,0.1,5.218724250793457
3643,-66.61462985118358,0,0,245,0.1,7.311356544494629
3644,-41.232581511339845,0,0,164,0.1,6.833344459533691
3645,-35.832947951159206,0,0,103,0.1,7.710936069488525
3646,-62.25445022583003,0,0,300,0.1,5.7761125564575195
3647,-43.12698809703322,0,0,191,0.1,6.299446105957031
3648,-32.20423108021277,0,0,300,0.1,4.975858688354492
3649,-42.52635667641694,0,0,141,0.1,7.266191005706787
3650,-39.273496598401316,0,0,257,0.1,4.640675067901611
3651,-25.762377683324207,0,0,300,0.1,5.950992584228516
3652,-42.28656561057026,0,0,300,0.1,5.487039566040039
3653,-35.829254132909206,0,0,199,0.1,5.395211696624756
3654,-34.204961929321286,0,0,128,0.1,6.448740482330322
3655,-61.97879850546779,0,0,270,0.1,5.522597789764404
3656,-51.89650289694732,0,0,300,0.1,6.489523887634277
3657,-75.42224058866081,0,0,300,0.1,5.149962902069092
3658,-55.85220937888086,0,0,294,0.1,4.320950508117676
3659,-39.79115041891994,0,0,229,0.1,6.045685768127441
3660,-62.51148381153611,0,0,186,0.1,5.530171871185303
3661,-36.03383442799118,0,0,171,0.1,6.705759525299072
3662,-43.68795742908982,0,0,190,0.1,6.5742902755737305
3663,-29.595097274780272,0,0,124,0.1,6.343774318695068
3664,-42.88614479064939,0,0,183,0.1,6.4940361976623535
3665,-38.0544430541992,0,0,161,0.1,6.718610763549805
3666,-40.62093800465132,0,0,245,0.1,5.047535419464111
3667,-54.10996458212796,0,0,241,0.1,6.280389308929443
3668,-40.866723004979534,0,0,265,0.1,4.352078914642334
3669,-31.483369809789117,0,0,171,0.1,4.933740615844727
3670,-48.78475805441796,0,0,271,0.1,5.951587677001953
3671,-32.22762051502731,0,0,128,0.1,6.5192060470581055
3672,-59.40898953358196,0,0,300,0.1,2.5145483016967773
3673,-28.542869644165037,0,0,126,0.1,6.30321741104126
3674,-30.751345502538143,0,0,124,0.1,6.405734539031982
3675,-64.27489082336416,0,0,237,0.1,6.6512227058410645
3676,-31.81720390319824,0,0,134,0.1,6.3543009757995605
3677,-37.433443756103514,0,0,129,0.1,7.490860939025879
3678,-47.74226577758789,0,0,160,0.1,7.915566444396973
3679,-59.128412933349566,0,0,154,0.1,7.227103233337402
3680,-44.92120758056641,0,0,165,0.1,7.252801895141602
3681,-39.15207633972168,0,0,150,0.1,6.45051908493042
3682,-58.590005569458,0,0,181,0.1,7.415001392364502
3683,-45.21742109457914,0,0,280,0.1,5.414753437042236
3684,-41.973823623657175,0,0,165,0.1,6.660955905914307
3685,-35.65655723571778,0,0,144,0.1,6.436639308929443
3686,-46.986841125488255,0,0,178,0.1,7.07921028137207
3687,-36.983816146850586,0,0,151,0.1,6.4334540367126465
3688,-45.17843063354492,0,0,157,0.1,6.6496076583862305
3689,-29.14963813781738,0,0,156,0.1,5.672409534454346
3690,-29.709356871447298,0,0,106,0.1,6.465038299560547
3691,-40.16856460571288,0,0,146,0.1,6.717141151428223
3692,-34.781970167956075,0,0,133,0.1,6.343191623687744
3693,-24.724312744140626,0,0,133,0.1,5.816078186035156
3694,-28.754652616185595,0,0,110,0.1,6.466561317443848
3695,-33.881822738647465,0,0,124,0.1,7.305455684661865
3696,-48.39070409933988,0,0,289,0.1,6.233074188232422
3697,-34.85601704517857,0,0,300,0.1,5.796305179595947
3698,-42.23098365783687,0,0,223,0.1,6.3902459144592285
3699,-25.912728958129875,0,0,117,0.1,5.870682239532471
3700,-31.936009445190432,0,0,124,0.1,6.599002361297607
3701,-24.69282856861618,0,0,130,0.1,5.448008060455322
3702,-44.581602689427655,0,0,260,0.1,5.2982988357543945
3703,-40.98346196095015,0,0,208,0.1,6.470666408538818
3704,-47.78829313437403,0,0,252,0.1,5.814971446990967
3705,-33.87349179188279,0,0,158,0.1,6.150673866271973
3706,-44.34684171835843,0,0,277,0.1,5.1696085929870605
3707,-17.094375029406283,0,0,300,0.1,2.298792839050293
3708,-40.267589551610314,0,0,300,0.1,4.942295551300049
3709,-56.278098229565906,0,0,273,0.1,3.726825475692749
3710,-30.836119736829062,0,0,97,0.1,6.751330852508545
3711,-62.35580045859281,0,0,193,0.1,4.691848278045654
3712,-128.9349592121455,0,0,300,0.1,2.2214388847351074
3713,-37.00245191733303,0,0,224,0.1,5.678511142730713
3714,-26.866196641125953,0,0,92,0.1,6.966350078582764
3715,-75.03504006306204,0,0,279,0.1,2.8435609340667725
3716,-106.13681382099645,0,0,255,0.1,3.864004373550415
3717,-32.971097535290994,0,0,122,0.1,6.477575302124023
3718,-35.527727173962866,0,0,128,0.1,6.684232711791992
3719,-60.691029586791984,0,0,257,0.1,7.100257396697998
3720,-35.32950973510741,0,0,192,0.1,5.5198774337768555
3721,-41.284209917383706,0,0,123,0.1,6.650654315948486
3722,-25.144128332934102,0,0,300,0.1,3.031231164932251
3723,-33.16482269287103,0,0,300,0.1,4.636205673217773
3724,-41.6948861694336,0,0,182,0.1,5.621221542358398
3725,-36.3391962901738,0,0,145,0.1,7.627099990844727
3726,-31.459707459607387,0,0,137,0.1,6.877227783203125
3727,-30.092637223401347,0,0,217,0.1,4.107960224151611
3728,-40.589849518933505,0,0,213,0.1,4.387263298034668
3729,-47.87047024647261,0,0,264,0.1,4.792418479919434
3730,-59.48050685008487,0,0,185,0.1,5.942825794219971
3731,-26.345210536326242,0,0,300,0.1,4.519598960876465
3732,-46.51951408386225,0,0,223,0.1,7.817378520965576
3733,-49.30647404591109,0,0,161,0.1,6.183919429779053
3734,-59.08830035289262,0,0,169,0.1,6.049774169921875
3735,-58.48196624755862,0,0,180,0.1,7.435491561889648
3736,-36.936150864758694,0,0,300,0.1,4.278838634490967
3737,-80.84814041137689,0,0,196,0.1,7.417035102844238
3738,-65.1071447753907,0,0,178,0.1,6.541786193847656
3739,-42.627675153417044,0,0,300,0.1,4.377316951751709
3740,-45.78592353820798,0,0,241,0.1,6.431480884552002
3741,-23.42873435974117,0,0,300,0.1,3.9046835899353027
3742,-29.629029065770556,0,0,125,0.1,6.957655429840088
3743,-106.37584423939249,0,0,232,0.1,4.471261978149414
3744,-47.58231443564359,0,0,206,0.1,6.46847677230835
3745,-36.97402595520019,0,0,168,0.1,6.683506488800049
3746,-27.304475144543908,0,0,131,0.1,5.745919704437256
3747,-31.55208660999802,0,0,128,0.1,6.135322570800781
3748,-45.10006640513869,0,0,300,0.1,3.5277156829833984
3749,-36.471243667602536,0,0,200,0.1,6.667810916900635
3750,-96.78591110229489,0,0,131,0.1,6.3164777755737305
3751,-36.167776947021494,0,0,144,0.1,6.821944236755371
3752,-20.144357511205023,0,0,300,0.1,1.3889875411987305
3753,-21.590092086791984,0,0,300,0.1,3.672523021697998
3754,-61.43459996143849,0,0,300,0.1,3.7759509086608887
3755,-32.68546363830566,0,0,163,0.1,5.678865909576416
3756,-32.654654723009784,0,0,137,0.1,6.541362762451172
3757,-39.14684516906738,0,0,151,0.1,7.394211292266846
3758,-34.84830737193559,0,0,135,0.1,6.584775924682617
3759,-29.49291384776566,0,0,154,0.1,6.088427543640137
3760,-50.48820134083296,0,0,292,0.1,5.0093512535095215
3761,-33.124366971654354,0,0,135,0.1,6.846489906311035
3762,-64.24619175831334,0,0,217,0.1,7.183848857879639
3763,-78.34449424743653,0,0,84,0.1,7.986123561859131
3764,-42.23905363242094,0,0,300,0.1,6.5801615715026855
3765,-37.05071431080365,0,0,122,0.1,7.312479496002197
3766,-46.34737919172175,0,0,231,0.1,6.832641124725342
3767,-34.62694195667771,0,0,171,0.1,6.024036407470703
3768,-32.726078473729544,0,0,137,0.1,6.936917781829834
3769,-45.550496233301715,0,0,165,0.1,6.7322258949279785
3770,-61.850867462158135,0,0,211,0.1,6.912716865539551
3771,-38.453744354248045,0,0,159,0.1,5.878436088562012
3772,-31.20212750355271,0,0,121,0.1,6.602832794189453
3773,-35.37280306895706,0,0,144,0.1,6.503399848937988
3774,-57.28724391063181,0,0,245,0.1,6.9895100593566895
3775,-39.514457074803765,0,0,133,0.1,7.539012432098389
3776,-72.9472668457031,0,0,220,0.1,6.354316711425781
3777,-29.423684123362357,0,0,300,0.1,5.596717357635498
3778,-62.29912139892572,0,0,282,0.1,6.882280349731445
3779,-48.2342802723262,0,0,80,0.1,7.513769149780273
3780,-30.914034024876997,0,0,106,0.1,7.126406669616699
3781,-28.03432913541397,0,0,152,0.1,6.087985038757324
3782,-67.55878720203901,0,0,288,0.1,4.804497718811035
3783,-36.09483198325104,0,0,150,0.1,6.509106159210205
3784,-37.07816076437895,0,0,182,0.1,6.6399383544921875
3785,-42.2510655506465,0,0,198,0.1,6.232965469360352
3786,-41.35545957724519,0,0,300,0.1,5.86426305770874
3787,-48.87030765851862,0,0,300,0.1,5.0908732414245605
3788,-34.179809464612276,0,0,129,0.1,6.887253284454346
3789,-31.659601135253777,0,0,300,0.1,3.8099002838134766
3790,-36.707451629638655,0,0,151,0.1,5.914362907409668
3791,-51.86154719432322,0,0,238,0.1,5.223085880279541
3792,-43.6268151386592,0,0,233,0.1,6.889402866363525
3793,-36.48698850790915,0,0,300,0.1,3.814645290374756
3794,-44.128929273290105,0,0,248,0.1,4.117630481719971
3795,-19.744288922948186,0,0,300,0.1,4.0564703941345215
3796,-23.52362016837053,0,0,300,0.1,3.8663032054901123
3797,-46.893294566477536,0,0,284,0.1,4.716619968414307
3798,-32.69460566600296,0,0,119,0.1,6.776350498199463
3799,-30.786504135131842,0,0,161,0.1,5.544126033782959
3800,-25.115250188512228,0,0,300,0.1,3.8167107105255127
3801,-26.652665176391576,0,0,300,0.1,3.7781662940979004
3802,-47.73637435913079,0,0,239,0.1,6.189093589782715
3803,-47.280808134875016,0,0,142,0.1,6.7754011154174805
3804,-37.09973121643066,0,0,139,0.1,7.084932804107666
3805,-25.435869445800755,0,0,300,0.1,4.048967361450195
3806,-56.01550712585448,0,0,199,0.1,6.591376781463623
3807,-55.88231985251369,0,0,291,0.1,5.235978126525879
3808,-25.51253890991211,0,0,97,0.1,6.815634727478027
3809,-34.62657344818116,0,0,236,0.1,3.624143362045288
3810,-20.86925697645081,0,0,300,0.1,3.4581105709075928
3811,-37.04965881347656,0,0,163,0.1,5.439914703369141
3812,-46.795503149828605,0,0,300,0.1,3.194074869155884
3813,-46.76848376353708,0,0,228,0.1,6.844820022583008
3814,-160.11871857563568,0,0,300,0.1,2.544480562210083
3815,-49.103116103014614,0,0,155,0.1,7.505978107452393
3816,-44.76421643177536,0,0,126,0.1,7.253355026245117
3817,-35.64378950833878,0,0,300,0.1,5.922850131988525
3818,-29.93814872741699,0,0,129,0.1,6.987037181854248
3819,-19.473748136354846,0,0,300,0.1,3.0849416255950928
3820,-20.77505095243056,0,0,300,0.1,3.9306654930114746
3821,-32.49468055725098,0,0,101,0.1,6.896170139312744
3822,-23.881279737157268,0,0,300,0.1,4.083218097686768
3823,-14.726720085144043,0,0,300,0.1,3.1841800212860107
3824,-43.30826011657712,0,0,258,0.1,4.162065029144287
3825,-23.09986025015774,0,0,300,0.1,3.9428632259368896
3826,-29.56194709777822,0,0,300,0.1,3.83048677444458
3827,-47.49450180053705,0,0,227,0.1,6.506125450134277
3828,-47.601505432128846,0,0,174,0.1,5.235376358032227
3829,-46.81727888266506,0,0,300,0.1,4.444717884063721
3830,-37.04522460937498,0,0,202,0.1,6.65130615234375
3831,-32.10149296680955,0,0,170,0.1,5.880174160003662
3832,-40.409168319702104,0,0,205,0.1,5.957292079925537
3833,-56.53234144370023,0,0,300,0.1,4.45098352432251
3834,-40.76736372153228,0,0,300,0.1,3.9547390937805176
3835,-37.2531529998779,0,0,153,0.1,6.335788249969482
3836,-34.32922119140625,0,0,126,0.1,7.0348052978515625
3837,-43.45935661315916,0,0,194,0.1,6.534839153289795
3838,-32.29571019093063,0,0,91,0.1,7.2987284660339355
3839,-32.65010177612304,0,0,141,0.1,6.507525444030762
3840,-19.16054289023345,0,0,300,0.1,5.0555338859558105
3841,-39.022914810180644,0,0,177,0.1,6.963228702545166
3842,-53.44289993286131,0,0,169,0.1,6.738224983215332
3843,-43.34320880015822,0,0,189,0.1,6.518501281738281
3844,-40.16616659323632,0,0,300,0.1,3.836939811706543
3845,-21.251502732434506,0,0,300,0.1,3.257676601409912
3846,-31.44290429035691,0,0,277,0.1,3.223026990890503
3847,-22.677490310668908,0,0,300,0.1,3.3993725776672363
3848,-26.34830052296189,0,0,115,0.1,6.259376049041748
3849,-28.80669462363189,0,0,121,0.1,6.54207181930542
3850,-42.16900177001952,0,0,280,0.1,4.367250442504883
3851,-56.42089271545407,0,0,178,0.1,7.542723178863525
3852,-98.22586608886716,0,0,223,0.1,4.366466522216797
3853,-31.6081877986577,0,0,300,0.1,2.7468478679656982
3854,-51.256421186131846,0,0,156,0.1,6.34700345993042
3855,-42.654467620849495,0,0,268,0.1,4.091116905212402
3856,-34.40970039367677,0,0,238,0.1,4.9149250984191895
3857,-36.97599925994874,0,0,300,0.1,3.5814998149871826
3858,-29.69729019165039,0,0,216,0.1,3.6718225479125977
3859,-31.29003852844239,0,0,229,0.1,3.8375096321105957
3860,-32.39382713317862,0,0,300,0.1,3.8659567832946777
3861,-22.79811277548734,0,0,300,0.1,3.469926357269287
3862,-48.90783714294431,0,0,248,0.1,5.166959285736084
3863,-47.3918978587773,0,0,246,0.1,6.7402753829956055
3864,-49.9600542537358,0,0,300,0.1,3.4048144817352295
3865,-29.85149452209473,0,0,145,0.1,5.407873630523682
3866,-24.51182090759277,0,0,121,0.1,5.972955226898193
3867,-75.40763308604693,0,0,297,0.1,3.844607353210449
3868,-58.72305428425338,0,0,285,0.1,3.840564489364624
3869,-36.55463208118941,0,0,186,0.1,4.980958938598633
3870,-22.570202971300816,0,0,300,0.1,4.852749824523926
3871,-31.511775952977594,0,0,142,0.1,6.315842151641846
3872,-35.59630844116211,0,0,129,0.1,7.469077110290527
3873,-39.10878700256346,0,0,299,0.1,3.604696750640869
3874,-54.950304650464346,0,0,276,0.1,3.7023770809173584
3875,-20.564565773010234,0,0,300,0.1,3.7986414432525635
3876,-33.21592475891113,0,0,214,0.1,3.486481189727783
3877,-47.55612762451165,0,0,300,0.1,3.6190319061279297
3878,-27.251549835205058,0,0,300,0.1,2.9703874588012695
3879,-33.79590610504151,0,0,299,0.1,3.813976526260376
3880,-32.24982523123686,0,0,293,0.1,2.935354471206665
3881,-19.775566262402805,0,0,300,0.1,3.2161924839019775
3882,-42.67479702869917,0,0,292,0.1,4.303500175476074
3883,-38.70439572254685,0,0,243,0.1,5.190899848937988
3884,-40.957011566162095,0,0,233,0.1,5.774252891540527
3885,-77.18330933491254,0,0,263,0.1,3.480628252029419
3886,-35.721187802953175,0,0,161,0.1,6.933195114135742
3887,-32.226820755004894,0,0,284,0.1,3.6692051887512207
3888,-29.935015411376952,0,0,241,0.1,3.5537538528442383
3889,-36.61566808859776,0,0,300,0.1,5.016815185546875
3890,-39.10676489035551,0,0,215,0.1,6.184589385986328
3891,-33.331691131591796,0,0,132,0.1,7.492922782897949
3892,-35.435657196044914,0,0,178,0.1,5.8764142990112305
3893,-29.278968276977547,0,0,159,0.1,5.147242069244385
3894,-52.33010815540811,0,0,248,0.1,3.0248279571533203
3895,-35.64222663879396,0,0,237,0.1,4.550556659698486
3896,-42.93834793090818,0,0,297,0.1,5.142086982727051
3897,-24.225876541137698,0,0,198,0.1,4.063969135284424
3898,-30.10119361877441,0,0,169,0.1,5.1627984046936035
3899,-21.4634418193486,0,0,300,0.1,3.4381613731384277
3900,-40.608551647667056,0,0,250,0.1,6.1702351570129395
3901,-28.884383125305167,0,0,225,0.1,3.678595781326294
3902,-38.15249155203762,0,0,275,0.1,3.9760210514068604
3903,-21.058845578832063,0,0,300,0.1,3.8076095581054688
3904,-33.42061576843262,0,0,180,0.1,4.892653942108154
3905,-54.495180922350585,0,0,297,0.1,6.226494312286377
3906,-69.51101766745508,0,0,216,0.1,4.8456525802612305
3907,-57.27426869312785,0,0,252,0.1,6.303368091583252
3908,-76.93636547962677,0,0,300,0.1,3.768892288208008
3909,-31.71864692687983,0,0,300,0.1,3.1371617317199707
3910,-57.74376761197652,0,0,155,0.1,5.725344657897949
3911,-17.479872970581052,0,0,300,0.1,4.174968242645264
3912,-35.22170497894288,0,0,276,0.1,3.8004262447357178
3913,-27.044114952087405,0,0,203,0.1,3.4160287380218506
3914,-57.73294242858886,0,0,218,0.1,3.223235607147217
3915,-31.16121566772462,0,0,238,0.1,4.695303916931152
3916,-40.076543379625974,0,0,204,0.1,5.316834926605225
3917,-20.50421966552732,0,0,300,0.1,3.841054916381836
3918,-31.05787384033203,0,0,208,0.1,4.796968460083008
3919,-36.3248230743408,0,0,174,0.1,6.286205768585205
3920,-49.124797458648715,0,0,300,0.1,1.9386993646621704
3921,-33.78038658142088,0,0,222,0.1,4.847596645355225
3922,-22.695168040598684,0,0,300,0.1,4.84708833694458
3923,-21.52064250946043,0,0,300,0.1,3.5076606273651123
3924,-20.754879722595213,0,0,300,0.1,2.7487199306488037
3925,-47.545511322021426,0,0,250,0.1,6.116377830505371
3926,-48.084929046630776,0,0,234,0.1,7.006232261657715
3927,-26.60379357258346,0,0,300,0.1,2.9157493114471436
3928,-32.228665084838866,0,0,248,0.1,3.689666271209717
3929,-32.02588623046875,0,0,183,0.1,5.0239715576171875
3930,-43.35315628051755,0,0,264,0.1,4.3507890701293945
3931,-21.612407006421357,0,0,300,0.1,3.770402669906616
3932,-43.565039273900375,0,0,215,0.1,6.731657981872559
3933,-47.58915473937985,0,0,212,0.1,6.329788684844971
3934,-11.45578299602003,0,0,300,0.1,2.3341448307037354
3935,-34.458188790478964,0,0,234,0.1,3.3618481159210205
3936,-32.563311051526334,0,0,122,0.1,6.468128681182861
3937,-62.73586103598541,0,0,254,0.1,5.311863422393799
3938,-19.831488304138162,0,0,300,0.1,3.100372076034546
3939,-14.454792671203602,0,0,300,0.1,3.3186981678009033
3940,-27.704815682568814,0,0,256,0.1,2.8510048389434814
3941,-26.764733475842707,0,0,300,0.1,4.900984287261963
3942,-26.59506992340088,0,0,188,0.1,3.5137674808502197
3943,-38.66487188498439,0,0,300,0.1,3.4866161346435547
3944,-39.666648635864235,0,0,255,0.1,4.3516621589660645
3945,-30.48884586334229,0,0,234,0.1,3.6122114658355713
3946,-31.06457656860352,0,0,196,0.1,4.843644142150879
3947,-39.17904086192579,0,0,287,0.1,3.554959297180176
3948,-61.65193163951366,0,0,202,0.1,4.818181991577148
3949,-32.30207453807327,0,0,128,0.1,7.045717716217041
3950,-50.58533515930172,0,0,234,0.1,5.9838337898254395
3951,-24.8639347839355,0,0,300,0.1,4.083483695983887
3952,-15.944497090978071,0,0,300,0.1,3.4240224361419678
3953,-24.47547710418693,0,0,300,0.1,3.648869276046753
3954,-26.229100875854495,0,0,160,0.1,4.512275218963623
3955,-21.637949676513657,0,0,300,0.1,3.854487419128418
3956,-23.81932907104492,0,0,209,0.1,3.0048322677612305
3957,-37.69958541870115,0,0,152,0.1,5.054896354675293
3958,-42.96874462127683,0,0,223,0.1,3.464686155319214
3959,-25.608392257690426,0,0,135,0.1,5.647098064422607
3960,-31.220495300292967,0,0,181,0.1,5.222623825073242
3961,-23.536321326098133,0,0,300,0.1,3.2767794132232666
3962,-36.46788480599457,0,0,281,0.1,3.6140730381011963
3963,-35.46186115264893,0,0,266,0.1,3.9854652881622314
3964,-17.244324044385237,0,0,300,0.1,2.668381929397583
3965,-29.093644027709942,0,0,200,0.1,4.49091100692749
3966,-26.672887649536133,0,0,181,0.1,4.208221912384033
3967,-28.872316195960817,0,0,300,0.1,4.642481803894043
3968,-39.57942077636716,0,0,273,0.1,5.089855194091797
3969,-34.936381912231454,0,0,213,0.1,4.396595478057861
3970,-45.053022079467794,0,0,213,0.1,6.593255519866943
3971,-39.39161788940427,0,0,144,0.1,6.880404472351074
3972,-35.21505702098342,0,0,174,0.1,6.76896333694458
3973,-46.99333413918547,0,0,227,0.1,5.792935371398926
3974,-26.14390699545801,0,0,300,0.1,3.676374912261963
3975,-19.389162406921333,0,0,300,0.1,3.0072906017303467
3976,-27.493669815063477,0,0,183,0.1,4.918417453765869
3977,-43.13067835887408,0,0,300,0.1,3.6703686714172363
3978,-39.15307757457229,0,0,153,0.1,6.105968475341797
3979,-44.925666609606466,0,0,171,0.1,5.719115734100342
3980,-50.842376480102516,0,0,113,0.1,7.083094120025635
3981,-57.10494293212883,0,0,293,0.1,6.616235733032227
3982,-61.76702346801756,0,0,217,0.1,7.1542558670043945
3983,-37.76293845256303,0,0,300,0.1,3.0134336948394775
3984,-79.15446888844042,0,0,201,0.1,6.135918140411377
3985,-137.11547139088174,0,0,300,0.1,7.1486687660217285
3986,-69.67211642344928,0,0,205,0.1,6.940728187561035
3987,-159.62077700694533,0,0,226,0.1,5.497893333435059
3988,-53.70246813853712,0,0,85,0.1,7.740816116333008
3989,-107.6350681598995,0,0,157,0.1,7.161466121673584
3990,-82.92834823608396,0,0,147,0.1,7.562087059020996
3991,-28.79836196899413,0,0,87,0.1,7.087090492248535
3992,-84.5315946960449,0,0,80,0.1,7.7103986740112305
3993,-33.29610008239746,0,0,82,0.1,7.464025020599365
3994,-68.47745002746593,0,0,300,0.1,5.834362506866455
3995,-138.31743184010057,0,0,298,0.1,7.291658878326416
3996,-60.366472062268514,0,0,136,0.1,7.078918933868408
3997,-29.928647689819336,0,0,149,0.1,5.562161922454834
3998,-64.5736777496337,0,0,296,0.1,5.650919437408447
3999,-52.698951263427716,0,0,191,0.1,6.919737815856934
4000,-120.96813113292181,0,0,244,0.1,3.472231864929199
4001,-48.56640095631147,0,0,98,0.1,7.53140115737915
4002,-36.28255381663773,0,0,144,0.1,6.968337535858154
4003,-54.366799439587815,0,0,269,0.1,4.071500778198242
4004,-50.43035931507612,0,0,198,0.1,6.2473907470703125
4005,-326.6001741496702,0,0,300,0.1,4.349844455718994
4006,-64.54381851196297,0,0,190,0.1,6.563454627990723
4007,-107.00617012023922,0,0,152,0.1,5.2290425300598145
4008,-312.39760459899827,0,0,300,0.1,2.814401149749756
4009,-46.71934806823722,0,0,300,0.1,4.649837017059326
4010,-44.68685305674999,0,0,242,0.1,7.1369123458862305
4011,-41.920346556505926,0,0,300,0.1,6.400285720825195
4012,-44.544639082751,0,0,300,0.1,6.078858852386475
4013,-43.47677332957719,0,0,300,0.1,5.099392414093018
4014,-50.46241416931149,0,0,300,0.1,4.765603542327881
4015,-38.23201095581054,0,0,262,0.1,3.0280027389526367
4016,-24.033953634096513,0,0,300,0.1,4.339993000030518
4017,-42.575872121645375,0,0,248,0.1,5.732972621917725
4018,-36.47340751647949,0,0,137,0.1,6.428351879119873
4019,-26.814872210825694,0,0,300,0.1,3.2095143795013428
4020,-38.71693197409574,0,0,204,0.1,6.009631156921387
4021,-33.52981185913085,0,0,300,0.1,2.569952964782715
4022,-30.19475509643555,0,0,88,0.1,7.418688774108887
4023,-38.471299934387204,0,0,240,0.1,3.1053249835968018
4024,-36.18101202964789,0,0,300,0.1,0.4850761592388153
4025,-44.38151168823242,0,0,95,0.1,7.7203779220581055
4026,-27.079184417724615,0,0,190,0.1,4.049796104431152
4027,-52.51198025068191,0,0,300,0.1,4.631291389465332
4028,-56.55098676840725,0,0,294,0.1,6.633144855499268
4029,-39.18699771881103,0,0,258,0.1,3.404249429702759
4030,-52.92267044067381,0,0,249,0.1,3.085667610168457
4031,-35.43526357809964,0,0,300,0.1,5.119214057922363
4032,-40.86639447132616,0,0,80,0.1,7.6688995361328125
4033,-39.81159400939942,0,0,171,0.1,6.6403985023498535
4034,-53.45365606467197,0,0,300,0.1,5.70631217956543
4035,-37.093022994995124,0,0,202,0.1,5.478255748748779
4036,-42.31510368347167,0,0,80,0.1,7.60127592086792
4037,-37.25646945953366,0,0,300,0.1,2.634117364883423
4038,-37.028339576721194,0,0,300,0.1,2.644584894180298
4039,-48.43104719321191,0,0,288,0.1,6.6056599617004395
4040,-32.38142539978028,0,0,201,0.1,4.465356349945068
4041,-32.292444992065434,0,0,150,0.1,6.623111248016357
4042,-19.314670668444364,0,0,300,0.1,3.0488667488098145
4043,-31.58129902760056,0,0,108,0.1,7.095125675201416
4044,-37.77740631103516,0,0,239,0.1,4.919351577758789
4045,-42.601619033813456,0,0,173,0.1,7.142904758453369
4046,-35.602094764709435,0,0,300,0.1,3.433023691177368
4047,-16.411504842442913,0,0,300,0.1,2.7607743740081787
4048,-33.253761291503906,0,0,151,0.1,6.250940322875977
4049,-42.091305847167945,0,0,180,0.1,7.055326461791992
4050,-40.171828002929665,0,0,169,0.1,6.987957000732422
4051,-37.90468963623046,0,0,154,0.1,5.953672409057617
4052,-56.65067014853419,0,0,288,0.1,6.945565700531006
4053,-36.11938557545212,0,0,101,0.1,7.444647312164307
4054,-31.142996673583987,0,0,143,0.1,6.940749168395996
4055,-36.16073715209961,0,0,148,0.1,7.260184288024902
4056,-25.052317017712802,0,0,300,0.1,3.360380172729492
4057,-30.798950776257758,0,0,300,0.1,3.1120386123657227
4058,-27.68099656025433,0,0,300,0.1,3.197550058364868
4059,-38.467057753405285,0,0,106,0.1,7.601963520050049
4060,-38.44513206481933,0,0,136,0.1,6.973783016204834
4061,-41.89703697204588,0,0,137,0.1,6.676759243011475
4062,-46.7955640411377,0,0,232,0.1,5.233891010284424
4063,-36.133883514404296,0,0,131,0.1,6.085970878601074
4064,-36.0963761138916,0,0,137,0.1,6.6040940284729
4065,-72.29464057048293,0,0,267,0.1,2.813859224319458
4066,-28.64380534251663,0,0,201,0.1,4.451150417327881
4067,-39.7527817829463,0,0,177,0.1,5.708394527435303
4068,-33.28636573791499,0,0,300,0.1,6.19909143447876
4069,-50.63315981944527,0,0,295,0.1,6.358489036560059
4070,-45.11558316151171,0,0,218,0.1,5.911196708679199
4071,-62.90276623646287,0,0,170,0.1,6.662992477416992
4072,-52.97708706776168,0,0,174,0.1,6.734072685241699
4073,-49.935598602295045,0,0,300,0.1,6.3613996505737305
4074,-31.31291580200195,0,0,97,0.1,6.890728950500488
4075,-87.93862202564755,0,0,267,0.1,5.229456424713135
4076,-33.268906584582055,0,0,157,0.1,7.004925727844238
4077,-35.03022602955369,0,0,155,0.1,6.937357425689697
4078,-40.89930004993943,0,0,154,0.1,7.552125930786133
4079,-34.29092750549316,0,0,93,0.1,7.172731876373291
4080,-55.174260559082164,0,0,300,0.1,4.871065139770508
4081,-30.997250917749938,0,0,129,0.1,6.221414566040039
4082,-31.467863035998064,0,0,130,0.1,6.502164840698242
4083,-40.778539950843644,0,0,221,0.1,6.436537742614746
4084,-39.2494933025029,0,0,177,0.1,6.954674243927002
4085,-30.216288270154198,0,0,300,0.1,4.821372985839844
4086,-60.31892338673157,0,0,300,0.1,6.104531764984131
4087,-88.35324565013387,0,0,229,0.1,5.171010494232178
4088,-35.59099474986527,0,0,219,0.1,3.667947769165039
4089,-38.68092845042678,0,0,194,0.1,6.17293119430542
4090,-47.92464594920605,0,0,154,0.1,6.716360569000244
4091,-35.817624159655296,0,0,83,0.1,7.434605121612549
4092,-27.983063735961903,0,0,300,0.1,5.7982659339904785
4093,-54.384731245836974,0,0,300,0.1,5.168881893157959
4094,-35.90221679687499,0,0,144,0.1,6.31805419921875
4095,-46.045991439819396,0,0,300,0.1,5.381497859954834
4096,-39.237966660657165,0,0,217,0.1,5.779292583465576
4097,-43.67568684498333,0,0,235,0.1,6.543722629547119
4098,-33.42750050465127,0,0,300,0.1,5.604176044464111
4099,-36.928416108289035,0,0,300,0.1,5.959404945373535
4100,-50.23319584766899,0,0,300,0.1,4.793099880218506
4101,-82.97469368855023,0,0,300,0.1,2.7684743404388428
4102,-36.78363391002151,0,0,210,0.1,5.016107559204102
4103,-43.52947825511423,0,0,233,0.1,6.082568645477295
4104,-32.50740737915039,0,0,137,0.1,7.201851844787598
4105,-52.95151773849197,0,0,274,0.1,7.211485862731934
4106,-30.43923260609176,0,0,97,0.1,7.544609069824219
4107,-46.60569973866007,0,0,213,0.1,6.851225852966309
4108,-38.424743851819315,0,0,191,0.1,6.1809868812561035
4109,-48.316095475354444,0,0,207,0.1,6.861324787139893
4110,-27.683878449597554,0,0,300,0.1,5.415770530700684
4111,-25.59181083679197,0,0,300,0.1,4.612952709197998
4112,-40.3001488494873,0,0,174,0.1,5.292537212371826
4113,-29.859733182591768,0,0,300,0.1,3.25283145904541
4114,-37.185942344665506,0,0,277,0.1,3.251485586166382
4115,-27.479339722790982,0,0,129,0.1,6.152135848999023
4116,-30.563595657348635,0,0,100,0.1,7.108398914337158
4117,-78.10194928089642,0,0,190,0.1,6.322788238525391
4118,-71.54568794250474,0,0,249,0.1,4.128921985626221
4119,-62.550389137268056,0,0,238,0.1,2.9900972843170166
4120,-32.98929843028518,0,0,109,0.1,7.4100236892700195
4121,-79.01090766906744,0,0,262,0.1,5.872726917266846
4122,-78.80926887512214,0,0,206,0.1,4.409817218780518
4123,-36.93840217590331,0,0,170,0.1,7.23460054397583
4124,-42.05825358470413,0,0,219,0.1,6.247262477874756
4125,-33.22876335144044,0,0,105,0.1,6.992190837860107
4126,-16.526248914403368,0,0,300,0.1,2.756960391998291
4127,-25.467813978991174,0,0,300,0.1,4.362152576446533
4128,-45.440870654578994,0,0,199,0.1,5.582120418548584
4129,-44.62972061157227,0,0,89,0.1,7.552430152893066
4130,-32.233000535168905,0,0,89,0.1,7.680551052093506
4131,-41.27506573597458,0,0,94,0.1,7.426067352294922
4132,-33.424834183850564,0,0,86,0.1,7.813509464263916
4133,-43.21154522816208,0,0,92,0.1,8.055187225341797
4134,-41.78321385304002,0,0,93,0.1,7.323104381561279
4135,-44.4004112712529,0,0,134,0.1,7.189903736114502
4136,-38.4485543823242,0,0,85,0.1,7.459638595581055
4137,-67.82529560963175,0,0,300,0.1,6.7286248207092285
4138,-36.01825508117676,0,0,139,0.1,6.9820637702941895
4139,-28.471037644543873,0,0,300,0.1,5.490060329437256
4140,-49.033157806396446,0,0,284,0.1,5.825789451599121
4141,-17.954519207481496,0,0,300,0.1,2.2492270469665527
4142,-92.00123670418775,0,0,300,0.1,2.747411012649536
4143,-92.4948953247069,0,0,300,0.1,3.033723831176758
4144,-116.37914364735144,0,0,279,0.1,2.55208683013916
4145,-45.25912457386519,0,0,162,0.1,7.864582061767578
4146,-38.60838925282027,0,0,160,0.1,7.436898231506348
4147,-48.45558079639934,0,0,215,0.1,6.656196117401123
4148,-58.64271553913616,0,0,242,0.1,3.765479803085327
4149,-46.11133107105756,0,0,234,0.1,5.507633686065674
4150,-50.5885307399419,0,0,300,0.1,2.471933603286743
4151,-58.00329844554395,0,0,245,0.1,6.268523693084717
4152,-80.71556445201378,0,0,177,0.1,6.374090194702148
4153,-45.81725460926554,0,0,207,0.1,6.689114570617676
4154,-34.115664872327145,0,0,300,0.1,6.803717136383057
4155,-44.87083290100094,0,0,204,0.1,7.660208225250244
4156,-51.86218780517575,0,0,241,0.1,7.480546951293945
4157,-44.074171295165954,0,0,247,0.1,3.146042823791504
4158,-54.350518493652324,0,0,171,0.1,7.330129623413086
4159,-38.0616909790039,0,0,150,0.1,7.595422744750977
4160,-58.3140921401978,0,0,295,0.1,3.2085230350494385
4161,-47.712484512329105,0,0,221,0.1,6.388121128082275
4162,-44.60958969116208,0,0,239,0.1,6.309897422790527
4163,-39.899263276257756,0,0,178,0.1,6.942116737365723
4164,-39.49027938842772,0,0,160,0.1,7.260069847106934
4165,-41.94703839222454,0,0,184,0.1,6.744060516357422
4166,-32.05522712707519,0,0,140,0.1,6.803806781768799
4167,-40.08655598560839,0,0,179,0.1,6.203939914703369
4168,-36.55882186889654,0,0,300,0.1,3.027205467224121
4169,-46.891755752563505,0,0,300,0.1,4.552938938140869
4170,-45.474065322875916,0,0,270,0.1,7.176016330718994
4171,-74.72285598754881,0,0,233,0.1,7.883213996887207
4172,-40.10870120128121,0,0,300,0.1,4.969874382019043
4173,-42.79967643737789,0,0,300,0.1,4.444919109344482
4174,-94.35981201171873,0,0,217,0.1,3.1549530029296875
4175,-30.573345794677735,0,0,133,0.1,6.045836448669434
4176,-45.75433624267572,0,0,202,0.1,7.031084060668945
4177,-46.98198665618894,0,0,300,0.1,3.397996664047241
4178,-51.364215439954,0,0,279,0.1,6.513354778289795
4179,-44.131884431042934,0,0,300,0.1,5.010272026062012
4180,-29.377803726196287,0,0,97,0.1,7.614450931549072
4181,-44.1361203177743,0,0,218,0.1,6.663631916046143
4182,-38.47312294006346,0,0,269,0.1,4.840780735015869
4183,-73.07068649291983,0,0,285,0.1,5.7901716232299805
4184,-91.38374420166015,0,0,203,0.1,6.293436050415039
4185,-57.53789146423338,0,0,201,0.1,6.42697286605835
4186,-39.55759017944335,0,0,206,0.1,7.21939754486084
4187,-60.36436496734618,0,0,300,0.1,3.751091241836548
4188,-50.22604896545408,0,0,249,0.1,6.676512241363525
4189,-37.34212562561035,0,0,158,0.1,7.030531406402588
4190,-25.90735669056437,0,0,300,0.1,5.116640090942383
4191,-44.96601257324211,0,0,239,0.1,6.341503143310547
4192,-36.2460008239746,0,0,300,0.1,6.109000205993652
4193,-49.80186367908976,0,0,285,0.1,5.7627668380737305
4194,-36.24332631031541,0,0,189,0.1,5.530632495880127
4195,-89.39518765369911,0,0,273,0.1,2.278597831726074
4196,-34.95810768127422,0,0,300,0.1,4.0595269203186035
4197,-40.57658515930173,0,0,239,0.1,3.1791462898254395
4198,-27.073250647387233,0,0,202,0.1,3.4860117435455322
4199,-61.02165370941153,0,0,238,0.1,2.5529134273529053
4200,-37.877366256713856,0,0,212,0.1,4.419341564178467
4201,-34.717747459411626,0,0,276,0.1,1.6144368648529053
4202,-10.709226493835454,0,0,300,0.1,2.0198066234588623
4203,-17.074509429931638,0,0,300,0.1,1.6311273574829102
4204,-66.16660812377927,0,0,198,0.1,4.534152030944824
4205,-56.35717201232906,0,0,276,0.1,4.089293003082275
4206,-60.98984672546386,0,0,233,0.1,4.117461681365967
4207,-60.04412384033203,0,0,186,0.1,4.273530960083008
4208,-24.940769677170092,0,0,300,0.1,4.908886909484863
4209,-23.34817737579339,0,0,300,0.1,3.9145443439483643
4210,-13.099533090591414,0,0,300,0.1,0.8973832726478577
4211,-47.231135923070404,0,0,300,0.1,0.9706821441650391
4212,-20.015996695360844,0,0,300,0.1,2.5641982555389404
4213,-22.34040778239696,0,0,300,0.1,2.9753010272979736
4214,-40.02147805452742,0,0,199,0.1,5.343466758728027
4215,-43.194289779663066,0,0,202,0.1,6.3360724449157715
4216,-46.35559998114245,0,0,233,0.1,5.635404586791992
4217,-29.097948743504944,0,0,109,0.1,7.032385349273682
4218,-218.00783501227065,0,0,300,0.1,1.9234633445739746
4219,-28.855296202501982,0,0,124,0.1,6.569023132324219
4220,-33.51905069828825,0,0,269,0.1,3.5284571647644043
4221,-23.55078071594233,0,0,300,0.1,3.8401951789855957
4222,-61.998176087537075,0,0,300,0.1,3.066844940185547
4223,-29.77867916981247,0,0,121,0.1,6.4994707107543945
4224,-37.16365094105265,0,0,300,0.1,3.430713653564453
4225,-42.75376648823288,0,0,231,0.1,3.328242540359497
4226,-124.8181137172367,0,0,243,0.1,3.1668293476104736
4227,-56.37967282215622,0,0,278,0.1,3.519719123840332
4228,-75.53108342091102,0,0,300,0.1,2.8025717735290527
4229,-49.335180710950155,0,0,234,0.1,6.098596096038818
4230,-56.583843812146476,0,0,185,0.1,5.245761871337891
4231,-39.07484278758498,0,0,162,0.1,6.928909778594971
4232,-40.45331309398146,0,0,203,0.1,6.741027355194092
4233,-30.351209212145527,0,0,116,0.1,6.698001384735107
4234,-40.39884387095897,0,0,181,0.1,5.757410049438477
4235,-36.49838885386917,0,0,182,0.1,6.224796295166016
4236,-71.32608593861136,0,0,258,0.1,5.861322402954102
4237,-17.893616315526426,0,0,300,0.1,1.8138022422790527
4238,1.2826339364051962,0,0,300,0.1,0.4049738645553589
4239,-31.029312744140633,0,0,233,0.1,2.7223281860351562
4240,-41.297293510437,0,0,256,0.1,3.364323377609253
4241,-34.361857910156246,0,0,250,0.1,4.4604644775390625
4242,-65.61963299671683,0,0,158,0.1,4.897209167480469
4243,-34.96984100341775,0,0,300,0.1,2.617460250854492
4244,-44.61405426025388,0,0,229,0.1,4.138513565063477
4245,-37.64009853363035,0,0,205,0.1,3.2950246334075928
4246,-27.576769104003905,0,0,184,0.1,4.521692276000977
4247,-42.80381477355952,0,0,261,0.1,5.480953693389893
4248,-49.63012107849115,0,0,295,0.1,4.010030269622803
4249,-37.99380874633785,0,0,215,0.1,4.685952186584473
4250,-31.046130008697496,0,0,300,0.1,1.6815325021743774
4251,-47.67514859119916,0,0,255,0.1,4.206088066101074
4252,-27.810366516113284,0,0,300,0.1,2.8575916290283203
4253,-75.74793537139908,0,0,255,0.1,3.1669838428497314
4254,-47.40143859863279,0,0,292,0.1,3.192859649658203
4255,-19.053599166870107,0,0,300,0.1,3.9383997917175293
4256,-12.237049140930168,0,0,300,0.1,2.674262285232544
4257,-15.63921138763426,0,0,300,0.1,2.7923028469085693
4258,-27.755484801134767,0,0,300,0.1,4.066570281982422
4259,-29.02208302418259,0,0,150,0.1,5.387821674346924
4260,-30.142313164868558,0,0,300,0.1,3.1828792095184326
4261,-38.77487229267625,0,0,267,0.1,3.386018991470337
4262,-12.146462097167964,0,0,300,0.1,2.314115524291992
4263,-41.81989628712204,0,0,197,0.1,6.377274990081787
4264,-37.18152699390916,0,0,226,0.1,5.3976826667785645
4265,-33.76304970661668,0,0,225,0.1,3.7280633449554443
4266,-30.955100983777317,0,0,173,0.1,5.8110761642456055
4267,-35.22066174427537,0,0,169,0.1,6.154966354370117
4268,-41.304210510253895,0,0,203,0.1,6.991052627563477
4269,-31.41683970530957,0,0,300,0.1,5.511909008026123
4270,-35.349258202710324,0,0,300,0.1,3.209615468978882
4271,-27.493173951306613,0,0,300,0.1,2.9705944061279297
4272,-29.906686104932007,0,0,300,0.1,3.1564724445343018
4273,-28.910686513585464,0,0,300,0.1,2.9680697917938232
4274,-47.03138426661492,0,0,284,0.1,0.37379729747772217
4275,-33.44468444824219,0,0,201,0.1,4.313671112060547
4276,-38.47912330627442,0,0,167,0.1,5.5697808265686035
4277,-31.20566075245408,0,0,108,0.1,6.758716106414795
4278,-29.242924698987203,0,0,300,0.1,5.748032093048096
4279,-56.318767852783196,0,0,270,0.1,1.9996919631958008
4280,-30.92728290557861,0,0,195,0.1,3.5193207263946533
4281,-28.491428604125968,0,0,300,0.1,4.500357151031494
4282,-30.29615066528317,0,0,300,0.1,5.079037666320801
4283,-24.530173873901273,0,0,300,0.1,5.170043468475342
4284,-24.354178276061955,0,0,300,0.1,3.941044569015503
4285,-58.82389587402341,0,0,234,0.1,2.5959739685058594
4286,-10.559129800000452,0,0,300,0.1,2.7445833683013916
4287,-25.815310668945262,0,0,300,0.1,5.091327667236328
4288,-29.64514900207513,0,0,300,0.1,4.658787250518799
4289,-25.09688080787655,0,0,300,0.1,0.9267202019691467
4290,-64.41337184906001,0,0,288,0.1,3.3408429622650146
4291,-41.23103515625,0,0,200,0.1,4.4527587890625
4292,-31.85362716674804,0,0,176,0.1,5.785906791687012
4293,-28.636917313733367,0,0,118,0.1,6.171530246734619
4294,-30.73218388477828,0,0,115,0.1,6.63534688949585
4295,-92.45849629322551,0,0,293,0.1,4.876924991607666
4296,-61.39519284168745,0,0,166,0.1,5.2310991287231445
4297,-133.74466819763174,0,0,300,0.1,5.011167049407959
4298,-33.465639724731446,0,0,265,0.1,4.268909931182861
4299,-32.429504241943356,0,0,120,0.1,6.33487606048584
4300,-30.089236241979023,0,0,300,0.1,3.835207223892212
4301,-56.62809972922275,0,0,300,0.1,5.202423095703125
4302,-12.399358863830557,0,0,300,0.1,2.0698397159576416
4303,-27.14160316467284,0,0,300,0.1,5.177900791168213
4304,-66.28305114746098,0,0,197,0.1,5.473262786865234
4305,-51.19122951507563,0,0,300,0.1,0.7528073787689209
4306,-70.01530963897699,0,0,269,0.1,2.7988274097442627
4307,-78.8745092773438,0,0,185,0.1,4.9836273193359375
4308,-34.59569534301758,0,0,149,0.1,6.3139238357543945
4309,-43.028552991551805,0,0,206,0.1,7.0075364112854
4310,-47.96651471058392,0,0,235,0.1,7.086429595947266
4311,-51.343286972045995,0,0,300,0.1,4.528321743011475
4312,-17.943660202026365,0,0,300,0.1,4.375915050506592
4313,-52.984464492797834,0,0,248,0.1,3.848616123199463
4314,-15.234517135620113,0,0,300,0.1,1.9861292839050293
4315,-39.662420853772396,0,0,197,0.1,6.140406131744385
4316,-43.14892491261031,0,0,168,0.1,6.954532146453857
4317,-54.2278476715087,0,0,258,0.1,6.531961917877197
4318,-8.161349678039556,0,0,300,0.1,1.2528374195098877
4319,-56.7891380691528,0,0,300,0.1,3.012284517288208
4320,-28.307219467163073,0,0,258,0.1,3.0868048667907715
4321,-56.0102299499512,0,0,202,0.1,6.282557487487793
4322,-36.32142829895019,0,0,174,0.1,6.392857074737549
4323,-49.90609970092767,0,0,272,0.1,6.001524925231934
4324,-33.856668061414034,0,0,119,0.1,7.198967933654785
4325,-57.04556663513172,0,0,250,0.1,4.678891658782959
4326,-49.255050218897345,0,0,300,0.1,4.558364391326904
4327,-48.511658325195306,0,0,231,0.1,5.467914581298828
4328,-36.23275245666504,0,0,185,0.1,5.46068811416626
4329,-42.23076660156248,0,0,244,0.1,5.602691650390625
4330,-35.669936294555555,0,0,300,0.1,6.012484073638916
4331,-43.47883979797362,0,0,194,0.1,6.202209949493408
4332,-37.5025190734862,0,0,300,0.1,4.890629768371582
4333,-37.43673171997069,0,0,232,0.1,3.446682929992676
4334,-17.94932261546583,0,0,300,0.1,3.1950297355651855
4335,-37.17742411693068,0,0,159,0.1,6.3745551109313965
4336,-42.28171928405759,0,0,196,0.1,6.237929821014404
4337,-41.912265871363175,0,0,290,0.1,4.395168304443359
4338,-18.11916770935053,0,0,300,0.1,3.8672919273376465
4339,-31.354063262939448,0,0,164,0.1,5.903515815734863
4340,-35.92748217662307,0,0,174,0.1,5.842069625854492
4341,-9.498939373493181,0,0,300,0.1,0.34882205724716187
4342,-22.311945075988714,0,0,300,0.1,3.3604862689971924
4343,-38.312977523803696,0,0,205,0.1,4.335744380950928
4344,-12.509680215520316,0,0,300,0.1,0.38586392998695374
4345,-28.962527389526326,0,0,300,0.1,2.835631847381592
4346,-48.86723991394035,0,0,277,0.1,4.726809978485107
4347,-39.89989006042475,0,0,300,0.1,4.819972515106201
4348,-37.04351181030271,0,0,300,0.1,1.5883779525756836
4349,-29.807943992614746,0,0,219,0.1,3.3444859981536865
4350,-25.505201034545827,0,0,300,0.1,4.893800258636475
4351,-7.910983892679214,0,0,300,0.1,0.21601545810699463
4352,-25.270212173461868,0,0,300,0.1,4.6300530433654785
4353,-4.954535968303676,0,0,300,0.1,0.22651685774326324
4354,-49.687788132825204,0,0,300,0.1,4.704247951507568
4355,-21.485912369885707,0,0,300,0.1,3.236279010772705
4356,-33.49262844959763,0,0,165,0.1,5.845458030700684
4357,-18.861684080362227,0,0,300,0.1,0.2013862133026123
4358,-44.87970036427048,0,0,169,0.1,6.8622260093688965
4359,-61.641601192955136,0,0,238,0.1,5.313497543334961
4360,-263.4885834503175,0,0,234,0.1,5.214645862579346
4361,-37.01501945495606,0,0,191,0.1,5.431254863739014
4362,-51.52850997924796,0,0,194,0.1,6.599627494812012
4363,-37.040126724243166,0,0,131,0.1,6.405031681060791
4364,-84.02680374145504,0,0,300,0.1,4.8167009353637695
4365,-23.65459339082237,0,0,300,0.1,0.11294703185558319
4366,-123.77720403512043,0,0,300,0.1,1.6989028453826904
4367,-87.7296323394775,0,0,221,0.1,4.817408084869385
4368,-39.42723745505277,0,0,300,0.1,2.2422075271606445
4369,-101.34350734472264,0,0,295,0.1,0.9060938954353333
4370,-45.45339439392089,0,0,193,0.1,5.243348598480225
4371,-32.26242094159124,0,0,300,0.1,0.35132041573524475
4372,-28.400149002075196,0,0,123,0.1,6.440037250518799
4373,-32.52785963177678,0,0,299,0.1,0.4643629491329193
4374,-41.94747296650931,0,0,300,0.1,0.40073320269584656
4375,-116.57403427124028,0,0,300,0.1,2.4410085678100586
4376,-46.88763903697456,0,0,300,0.1,3.847108840942383
4377,-37.7016822139409,0,0,210,0.1,3.582721471786499
4378,-41.115140389600015,0,0,300,0.1,3.168586015701294
4379,-46.609276790618885,0,0,300,0.1,0.6473191976547241
4380,-35.77844950914378,0,0,300,0.1,0.36107590794563293
4381,-30.958312005200657,0,0,222,0.1,3.0618789196014404
4382,-33.21838536182908,0,0,146,0.1,5.456897258758545
4383,-40.923503065905294,0,0,202,0.1,5.878574848175049
4384,-36.881241798400886,0,0,288,0.1,3.2203104496002197
4385,-35.61293037414557,0,0,300,0.1,5.008232593536377
4386,-5.692041192054742,0,0,300,0.1,0.3047358989715576
4387,-52.428028030395474,0,0,284,0.1,5.627007007598877
4388,-53.06991912841788,0,0,300,0.1,6.449979782104492
4389,-37.11706692616012,0,0,161,0.1,6.889067649841309
4390,-36.350182571411125,0,0,138,0.1,6.390045642852783
4391,-22.88011623382561,0,0,300,0.1,3.717529058456421
4392,-32.11879776000976,0,0,146,0.1,5.722199440002441
4393,-25.756720352172785,0,0,300,0.1,3.614180088043213
4394,-121.61795315662867,0,0,300,0.1,1.631789207458496
4395,-229.23188049316394,0,0,233,0.1,5.040470123291016
4396,-34.91038780212403,0,0,235,0.1,3.527596950531006
4397,-29.476428375244133,0,0,300,0.1,4.154107093811035
4398,-24.218391151428154,0,0,300,0.1,3.1870977878570557
4399,-0.6702432584841722,0,0,300,0.1,0.3655461370944977
4400,-28.17369687000778,0,0,135,0.1,5.640725135803223
4401,-103.69384930531047,0,0,300,0.1,2.4307632446289062
4402,-44.35164772907754,0,0,244,0.1,2.8102128505706787
4403,-0.6156634163856594,0,0,300,0.1,0.2865549623966217
4404,-40.97197341918956,0,0,300,0.1,4.180493354797363
4405,-36.70109581948116,0,0,300,0.1,0.44258469343185425
4406,-32.54908372719819,0,0,161,0.1,5.6368727684021
4407,-58.233728934130376,0,0,300,0.1,1.0436313152313232
4408,-17.392088489532465,0,0,300,0.1,1.9530221223831177
4409,-28.39721832275388,0,0,300,0.1,4.699304580688477
4410,-44.94764335632335,0,0,300,0.1,3.9044108390808105
4411,-40.87241233825681,0,0,186,0.1,6.495603084564209
4412,-30.23794746398915,0,0,300,0.1,5.9344868659973145
4413,-37.80810951232908,0,0,197,0.1,5.204527378082275
4414,-21.803886604309085,0,0,300,0.1,2.8384716510772705
4415,-5.0497225284576555,0,0,294,0.1,0.33783966302871704
4416,-12.931018695831288,0,0,300,0.1,0.7677546739578247
4417,-7.0603774619102415,0,0,300,0.1,0.3918133080005646
4418,-37.54297309875488,0,0,163,0.1,6.620743274688721
4419,-61.06557292064165,0,0,287,0.1,6.654092311859131
4420,-39.935251494250025,0,0,218,0.1,5.6015119552612305
4421,-42.12943728526565,0,0,183,0.1,6.010058403015137
4422,-53.684135847887674,0,0,206,0.1,7.498733043670654
4423,-40.74440577586618,0,0,300,0.1,6.551300525665283
4424,-30.02930895884963,0,0,95,0.1,7.525026321411133
4425,-60.99066767772172,0,0,192,0.1,7.22036600112915
4426,-45.53719958384961,0,0,238,0.1,6.609498977661133
4427,-33.20239230235549,0,0,94,0.1,7.620797157287598
4428,-29.909845457873065,0,0,91,0.1,7.572660446166992
4429,-39.833734618029325,0,0,147,0.1,7.491132736206055
4430,-31.91487902720901,0,0,100,0.1,7.303918838500977
4431,-36.12533930858109,0,0,116,0.1,7.144033908843994
4432,-29.303979187011716,0,0,94,0.1,7.44349479675293
4433,-40.691175431409135,0,0,163,0.1,7.0575947761535645
4434,-37.768527022204125,0,0,138,0.1,7.129830837249756
4435,-29.058877135119157,0,0,91,0.1,7.412418365478516
4436,-57.46262930631239,0,0,272,0.1,6.625060081481934
4437,-32.91430203358197,0,0,300,0.1,5.938376426696777
4438,-75.12574440002439,0,0,274,0.1,6.8914361000061035
4439,-41.12414599498243,0,0,194,0.1,6.901235580444336
4440,-44.96041607777144,0,0,202,0.1,6.492404937744141
4441,-20.995482987561456,0,0,300,0.1,3.2961716651916504
4442,-42.36947434345746,0,0,248,0.1,3.3621695041656494
4443,-31.337105492749494,0,0,262,0.1,3.2165772914886475
4444,-43.543159255981436,0,0,233,0.1,3.0082898139953613
4445,-44.19190551757811,0,0,294,0.1,3.4179763793945312
4446,-51.40296150207516,0,0,217,0.1,2.848240375518799
4447,-21.22148644149297,0,0,300,0.1,0.16893230378627777
4448,0.6669104859233105,0,0,213,0.1,0.01461926382035017
4449,-30.74676040649409,0,0,300,0.1,2.239190101623535
4450,-25.637627410888676,0,0,103,0.1,6.521906852722168
4451,-16.162390639781936,0,0,300,0.1,0.5330812931060791
4452,26.010891787409793,0,0,300,0.1,0.16730596125125885
4453,-17.30653255462644,0,0,300,0.1,0.7191331386566162
4454,-33.24072002887723,0,0,300,0.1,0.4875718653202057
4455,-41.35886420329541,0,0,300,0.1,2.927415132522583
4456,-9.042797966003425,0,0,300,0.1,0.45998525619506836
4457,3.02823536753656,0,0,288,0.1,0.1490081548690796
4458,-17.53148642539978,0,0,284,0.1,0.2647852599620819
4459,-11.570311299562462,0,0,268,0.1,0.16650207340717316
4460,-23.208928146362297,0,0,300,0.1,2.917232036590576
4461,-22.04612583160393,0,0,300,0.1,1.401531457901001
4462,-44.08950717926022,0,0,262,0.1,3.9398767948150635
4463,-23.706014618873596,0,0,268,0.1,0.4425203800201416
4464,-61.26494831800453,0,0,300,0.1,0.39686617255210876
4465,-7.799235534667978,0,0,300,0.1,0.5873088836669922
4466,-21.56646236419669,0,0,300,0.1,2.6816155910491943
4467,-4.462820858955385,0,0,300,0.1,0.38967615365982056
4468,-17.95017897367477,0,0,289,0.1,0.5287021994590759
4469,-0.36316484451291386,0,0,223,0.1,0.019209550693631172
4470,-50.17907455444336,0,0,267,0.1,7.28726863861084
4471,5.667188247442241,0,0,300,0.1,0.17716136574745178
4472,41.23996445981783,0,0,300,0.1,0.3269693851470947
4473,-27.539059741646085,0,0,300,0.1,0.12002607434988022
4474,47.2517396338284,0,0,285,0.1,0.022824257612228394
4475,14.450189495086672,0,0,300,0.1,0.3020908832550049
4476,-16.130594024658127,0,0,300,0.1,1.2176485061645508
4477,34.46452280163765,0,0,300,0.1,0.08427580446004868
4478,30.31859052315351,0,0,264,0.1,0.025709252804517746
4479,-29.276816520690915,0,0,300,0.1,3.2167041301727295
4480,41.85715573132039,0,0,300,0.1,0.06582452356815338
4481,26.207584319114694,0,0,300,0.1,0.13019639253616333
4482,4.222197059392986,0,0,287,0.1,0.20568251609802246
4483,13.675868173539635,0,0,300,0.1,0.05526615306735039
4484,-34.779007453918425,0,0,300,0.1,3.1897518634796143
4485,8.596841268539428,0,0,300,0.1,0.27449890971183777
4486,-60.432062034606936,0,0,248,0.1,3.8880155086517334
4487,-30.025137591957975,0,0,300,0.1,0.09492411464452744
4488,6.58571065902717,0,0,300,0.1,0.05748987942934036
4489,-13.778591499328611,0,0,221,0.1,2.7921478748321533
4490,12.519651821851728,0,0,300,0.1,0.2906259000301361
4491,-30.101878852844237,0,0,249,0.1,2.9704697132110596
4492,-50.078894386291495,0,0,299,0.1,2.892223596572876
4493,-35.859895706176765,0,0,170,0.1,6.5899739265441895
4494,-20.440576324462885,0,0,300,0.1,3.3576440811157227
4495,-81.57451270183076,0,0,238,0.1,3.146327257156372
4496,16.580283195525453,0,0,300,0.1,0.03603055328130722
4497,71.75250140577553,0,0,300,0.1,0.05953916907310486
4498,-62.774977188110476,0,0,300,0.1,2.698744297027588
4499,-19.233943939208988,0,0,300,0.1,3.245985984802246
4500,-16.569510221481327,0,0,300,0.1,0.5798775553703308
4501,-110.09657791137703,0,0,300,0.1,3.2041444778442383
4502,35.192691044211394,0,0,300,0.1,0.1277337372303009
4503,-31.034845772981548,0,0,300,0.1,0.23477372527122498
4504,35.91602021694184,0,0,300,0.1,0.215513676404953
4505,-99.95165525435597,0,0,300,0.1,0.8549817800521851
4506,-36.013764114379846,0,0,300,0.1,6.073441028594971
4507,-27.671737547716756,0,0,300,0.1,4.44813346862793
4508,-112.13550577561287,0,0,300,0.1,0.42812755703926086
4509,-42.014433852038096,0,0,162,0.1,6.691307544708252
4510,-13.368818480968478,0,0,300,0.1,0.3563046455383301
4511,36.776263575553905,0,0,300,0.1,0.1614052951335907
4512,17.184994546174995,0,0,300,0.1,0.1865967959165573
4513,36.83827643334871,0,0,300,0.1,0.08530690521001816
4514,5.260460094213491,0,0,300,0.1,0.22538454830646515
4515,17.804063058495515,0,0,300,0.1,0.08273965120315552
4516,-31.37135818481439,0,0,300,0.1,3.5228395462036133
4517,-56.09842389901214,0,0,300,0.1,0.7317078113555908
4518,-19.196607538853776,0,0,300,0.1,0.6333555579185486
4519,-41.34191635131836,0,0,291,0.1,3.45297908782959
4520,5.79194033622741,0,0,300,0.1,0.3421413004398346
4521,18.277911581993102,0,0,300,0.1,0.11349363625049591
4522,-24.793407719139196,0,0,300,0.1,3.1814491748809814
4523,-118.2731331427865,0,0,300,0.1,0.6078851222991943
4524,-162.59304891427118,0,0,241,0.1,2.875364065170288
4525,-33.76380030711624,0,0,132,0.1,7.146149158477783
4526,-56.992462263903356,0,0,213,0.1,4.0308146476745605
4527,-41.35991630554199,0,0,188,0.1,7.127479076385498
4528,-44.932988662719666,0,0,215,0.1,7.790747165679932
4529,-34.15394283294678,0,0,284,0.1,3.0359857082366943
4530,-50.476394416493754,0,0,300,0.1,0.6769967675209045
4531,-89.72040632962789,0,0,168,0.1,7.677004337310791
4532,-58.995285538831055,0,0,160,0.1,6.993622303009033
4533,-79.0792383400626,0,0,162,0.1,7.660207748413086
4534,-171.53579312244918,0,1,74,0.1,8.308749198913574
4535,-185.39194416920216,0,0,300,0.1,6.287786960601807
4536,-45.54897931019329,0,0,300,0.1,2.7570457458496094
4537,-134.76703801075487,0,0,300,0.1,2.3440604209899902
4538,-36.576244477429654,0,0,171,0.1,6.551362037658691
4539,-32.96359623829392,0,0,117,0.1,7.083199977874756
4540,-41.931026429333926,0,0,162,0.1,6.305057525634766
4541,-102.64288171608976,0,0,204,0.1,7.580322265625
4542,-46.96173585732512,0,0,300,0.1,2.710035800933838
4543,-55.16926231384275,0,0,185,0.1,5.254815578460693
4544,-56.34788696289057,0,0,292,0.1,4.106971740722656
4545,-35.87916543483722,0,0,300,0.1,0.3317999541759491
4546,-45.8858804321289,0,0,149,0.1,6.731470108032227
4547,-32.16495765686032,0,0,300,0.1,3.193739414215088
4548,-29.132177772521924,0,0,300,0.1,3.048044443130493
4549,-25.828290786743114,0,0,300,0.1,3.059572696685791
4550,-39.5488027191162,0,0,268,0.1,3.1097006797790527
4551,-32.65307818492386,0,0,94,0.1,7.3209686279296875
4552,-27.736152439117436,0,0,300,0.1,1.114038109779358
4553,-119.61467127799976,0,0,300,0.1,0.7661678194999695
4554,-40.48865709304804,0,0,300,0.1,0.5346642732620239
4555,23.341683109998705,0,0,277,0.1,0.15958334505558014
4556,36.47178251147269,0,0,300,0.1,0.1616768091917038
4557,13.658934731483448,0,0,300,0.1,0.1832280308008194
4558,-6.731750388145437,0,0,300,0.1,0.31557801365852356
4559,-0.7132461476326073,0,0,300,0.1,0.23098477721214294
4560,49.02304099202155,0,0,300,0.1,0.08937998116016388
4561,38.39430102705954,0,0,297,0.1,0.07037562131881714
4562,-13.267386282682411,0,0,300,0.1,0.4719506800174713
4563,68.11727493956683,0,0,300,0.1,0.07078543305397034
4564,33.616234943866715,0,0,266,0.1,0.2004449963569641
4565,-34.78588825225827,0,0,300,0.1,3.431472063064575
4566,41.558605298399904,0,0,280,0.1,0.13105104863643646
4567,-28.72767665863033,0,0,300,0.1,0.4252735674381256
4568,-59.20438139915457,0,0,300,0.1,0.5060953497886658
4569,9.123309315741025,0,0,283,0.1,0.1945686936378479
4570,25.269973585605634,0,0,300,0.1,0.20633897185325623
4571,-1.4978725862503006,0,0,300,0.1,0.2796684801578522
4572,50.85690787196158,0,0,268,0.1,0.03192569687962532
4573,0.37847169995309504,0,0,300,0.1,0.09248509258031845
4574,-69.1872812080383,0,0,278,0.1,0.6518203020095825
4575,30.251954771876356,0,0,286,0.1,0.16849860548973083
4576,15.356266065388922,0,0,282,0.1,0.03764715790748596
4577,32.70075910136097,0,0,280,0.1,0.0684693306684494
4578,12.154800288677217,0,0,300,0.1,0.2223443239927292
4579,-14.548410884141873,0,0,300,0.1,0.20542922616004944
4580,56.51874516963956,0,0,300,0.1,0.07073573768138885
4581,6.175670801401147,0,0,300,0.1,0.3077457547187805
4582,31.105983494371205,0,0,298,0.1,0.0317232571542263
4583,33.77916118860245,0,0,300,0.1,0.1541472226381302
4584,-34.29284599184979,0,0,300,0.1,0.21594852209091187
4585,36.898123234920206,0,0,300,0.1,0.015510238707065582
4586,42.86450050711634,0,0,259,0.1,0.09809746593236923
4587,11.983251299858082,0,0,300,0.1,0.1926310956478119
4588,62.887459651790564,0,0,246,0.1,0.041105058044195175
4589,-20.122403718233056,0,0,300,0.1,0.25551679730415344
4590,56.252974749803556,0,0,300,0.1,0.18303029239177704
4591,45.95051521718502,0,0,300,0.1,0.14176227152347565
4592,48.58459934934975,0,0,300,0.1,0.4347568452358246
4593,35.63882833298293,0,0,300,0.1,0.11560063064098358
4594,9.880245532989496,0,0,300,0.1,0.2325877696275711
4595,34.669942755699175,0,0,300,0.1,0.07401145994663239
4596,48.08356965184212,0,0,300,0.1,0.1606740951538086
4597,64.48752446442842,0,0,300,0.1,0.014122847467660904
4598,44.70535337671637,0,0,300,0.1,0.0317445769906044
4599,-40.57934690316263,0,0,300,0.1,2.8344385623931885
4600,57.65122999809681,0,0,300,0.1,0.04238805174827576
4601,-30.82415856719018,0,0,300,0.1,0.9045193791389465
4602,18.25250600695612,0,0,300,0.1,0.08467099070549011
4603,53.3604195828736,0,0,300,0.1,0.0818624272942543
4604,60.22231586039066,0,0,300,0.1,0.11319673806428909
4605,42.984684024453195,0,0,300,0.1,0.29780715703964233
4606,-66.17238992531836,0,0,180,0.1,5.687699317932129
4607,16.242757612317845,0,0,300,0.1,0.010622283443808556
4608,36.32620454311372,0,0,300,0.1,0.21637514233589172
4609,56.94860783617936,0,0,300,0.1,0.20813484489917755
4610,25.85772217154502,0,0,300,0.1,0.1483643800020218
4611,43.72986827179791,0,0,266,0.1,0.045744623988866806
4612,8.875153334513309,0,0,300,0.1,0.1414215862751007
4613,29.630514480173595,0,0,283,0.1,0.15092860162258148
4614,59.149032947197576,0,0,300,0.1,0.09461601823568344
4615,24.220707556977878,0,0,296,0.1,0.2314457893371582
4616,64.050634534657,0,0,300,0.1,0.30000174045562744
4617,26.659590262174603,0,0,300,0.1,0.1556953638792038
4618,-44.81023104747275,0,0,300,0.1,4.3677568435668945
4619,-35.385164976916045,0,0,148,0.1,6.968990325927734
4620,-42.661636763415046,0,0,183,0.1,6.43060827255249
4621,-50.86964694102731,0,0,200,0.1,7.675110816955566
4622,-53.89604136546571,0,0,217,0.1,7.6667094230651855
4623,-55.236236506304515,0,0,300,0.1,1.5117582082748413
4624,7.596206908822104,0,0,300,0.1,0.055936913937330246
4625,-41.097049055895525,0,0,92,0.1,7.569461345672607
4626,-17.159825276406906,0,0,300,0.1,0.05704179033637047
4627,-150.3308888744953,0,0,300,0.1,0.3453250229358673
4628,-35.77770050922897,0,0,234,0.1,3.5492260456085205
4629,-34.38049000501629,0,0,300,0.1,0.35493600368499756
4630,5.2593272674083735,0,0,300,0.1,0.24982813000679016
4631,41.82330926537513,0,0,268,0.1,0.16549819707870483
4632,39.03537411786616,0,0,300,0.1,0.14123333990573883
4633,28.54447420001031,0,0,210,0.1,0.06355184316635132
4634,73.11921099275351,0,0,300,0.1,0.03406514599919319
4635,45.96470020815726,0,0,293,0.1,0.044026002287864685
4636,29.062263220250617,0,0,300,0.1,0.02500326558947563
4637,33.81129856944083,0,0,249,0.1,0.02506234310567379
4638,48.86956500619651,0,0,300,0.1,0.0773831233382225
4639,34.510385456085224,0,0,285,0.1,0.040332503616809845
4640,46.78009475648402,0,0,300,0.1,0.08327105641365051
4641,38.57647106051445,0,0,300,0.1,0.13037942349910736
4642,42.63232063464814,0,0,300,0.1,0.016098717227578163
4643,42.60738817512992,0,0,300,0.1,0.1038135513663292
4644,49.02263936948031,0,0,300,0.1,0.30847081542015076
4645,52.00175009205938,0,0,300,0.1,0.26816514134407043
4646,66.62118339419362,0,0,300,0.1,0.04604808986186981
4647,32.870392965376375,0,0,277,0.1,0.0983746126294136
4648,-55.009664117097884,0,0,300,0.1,0.05250108987092972
4649,31.198715853691102,0,0,300,0.1,0.18121373653411865
4650,58.39167956098912,0,0,300,0.1,0.12000834941864014
4651,65.05398769767956,0,0,300,0.1,0.0037754697259515524
4652,43.33142055481672,0,0,300,0.1,0.11105076968669891
4653,68.56626638084649,0,0,300,0.1,0.05183280259370804
4654,43.40009258173404,0,0,280,0.1,0.04197763279080391
4655,44.71056895181537,0,0,300,0.1,0.146389439702034
4656,22.85214309960603,0,0,232,0.1,0.04235808923840523
4657,47.441173882782486,0,0,300,0.1,0.20887212455272675
4658,43.803407525718185,0,0,300,0.1,0.2181401401758194
4659,61.970184803307035,0,0,300,0.1,0.043739136308431625
4660,51.34502562388778,0,0,254,0.1,0.03202436864376068
4661,52.325974573642036,0,0,286,0.1,0.007036046124994755
4662,0.4816939908265958,0,0,294,0.1,0.21035043895244598
4663,78.90676946558052,0,0,300,0.1,0.023790305480360985
4664,53.230668566897464,0,0,300,0.1,0.01176024042069912
4665,25.010848260521886,0,0,300,0.1,0.07965297996997833
4666,57.0103148630261,0,0,293,0.1,0.06661435961723328
4667,54.33121287301179,0,0,300,0.1,0.053649887442588806
4668,27.62002918958665,0,0,300,0.1,0.16264189779758453
4669,31.73635425329208,0,0,300,0.1,0.262786328792572
4670,34.958135751560306,0,0,282,0.1,0.00995663646608591
4671,29.010149861723193,0,0,261,0.1,0.11377689242362976
4672,50.555850654840455,0,0,300,0.1,0.12346986681222916
4673,47.74774066497569,0,0,277,0.1,0.0044100661762058735
4674,59.87561460852621,0,0,300,0.1,0.08811479061841965
4675,71.3315839481726,0,0,300,0.1,0.01486437488347292
4676,71.48656668797129,0,0,300,0.1,0.06624095886945724
4677,47.61735889047387,0,0,300,0.1,0.11433003842830658
4678,49.38524928204715,0,0,277,0.1,0.1161608099937439
4679,7.150473516583432,0,0,282,0.1,0.24047937989234924
4680,31.52563582830132,0,0,270,0.1,0.05405694246292114
4681,32.18799428239465,0,0,236,0.1,0.02807166613638401
4682,1.6513560819625681,0,0,279,0.1,0.2111963927745819
4683,35.52554432928563,0,0,300,0.1,0.11765316128730774
4684,45.652009755820025,0,0,285,0.1,0.03355204313993454
4685,29.138206056356463,0,0,300,0.1,0.46555647253990173
4686,61.61676993340255,0,0,300,0.1,0.05704115331172943
4687,64.15555019557476,0,0,300,0.1,0.12535910308361053
4688,20.982797203361987,0,0,223,0.1,0.02990424633026123
4689,22.351038780212413,0,0,300,0.1,0.21514567732810974
4690,19.378268610984087,0,0,246,0.1,0.024028604850172997
4691,28.92932663559914,0,0,270,0.1,0.1793966293334961
4692,64.45396594956517,0,0,300,0.1,0.2798897922039032
4693,53.26792704440651,0,0,290,0.1,0.021980147808790207
4694,31.232868395447735,0,0,300,0.1,0.08327842503786087
4695,44.01023225307466,0,0,300,0.1,0.22891846299171448
4696,35.23357097566134,0,0,300,0.1,0.08520551770925522
4697,23.499669998884208,0,0,300,0.1,0.09987012296915054
4698,66.26727413192391,0,0,300,0.1,0.10790883749723434
4699,32.705698707327244,0,0,245,0.1,0.040755804628133774
4700,-8.14532260000706,0,0,300,0.1,0.13537617027759552
4701,-29.656931629180825,0,0,300,0.1,1.604232907295227
4702,47.61670807719233,0,0,300,0.1,0.031482890248298645
4703,68.9273605358973,0,0,300,0.1,0.0194915309548378
4704,-103.38299400329593,0,0,229,0.1,2.9532485008239746
4705,75.29026029027067,0,0,300,0.1,0.054630741477012634
4706,13.950169660652973,0,0,300,0.1,0.04248220846056938
4707,84.85481272146095,0,0,300,0.1,0.009989487007260323
4708,22.5682322520018,0,0,300,0.1,0.12436414510011673
4709,18.81979274451739,0,0,300,0.1,0.07471555471420288
4710,18.482026128172873,0,0,211,0.1,0.1052865982055664
4711,41.07306354641913,0,0,300,0.1,0.17804813385009766
4712,45.01327878355981,0,0,300,0.1,0.13954409956932068
4713,38.05748656108974,0,0,288,0.1,0.035437095910310745
4714,-51.43469576915237,0,0,279,0.1,3.4063730239868164
4715,68.19584563419221,0,0,300,0.1,0.12286925315856934
4716,-8.112062433558064,0,0,300,0.1,0.7876174449920654
4717,26.608254364430906,0,0,300,0.1,0.05551962926983833
4718,15.306388078033915,0,0,240,0.1,0.0408388189971447
4719,53.488459823280564,0,0,300,0.1,0.04122263193130493
4720,38.35926825430242,0,0,242,0.1,0.047785501927137375
4721,58.360705157518375,0,0,300,0.1,0.03963097929954529
4722,58.14158145144584,0,0,300,0.1,0.1290508657693863
4723,66.00143134504555,0,0,296,0.1,0.04580383375287056
4724,64.69583176791662,0,0,294,0.1,0.03904300555586815
4725,51.86898161604999,0,0,300,0.1,0.04095588997006416
4726,24.991802036464193,0,0,288,0.1,0.032146938145160675
4727,67.41245040461423,0,0,300,0.1,0.0669834241271019
4728,89.48762828558675,0,0,299,0.1,0.0321623757481575
4729,61.5892805081606,0,0,300,0.1,0.08952537178993225
4730,54.03082487672565,0,0,270,0.1,0.03668295219540596
4731,22.584972401857378,0,0,225,0.1,0.03930285573005676
4732,54.540739274173966,0,0,300,0.1,0.032798681408166885
4733,62.235046802461135,0,0,300,0.1,0.0561690516769886
4734,21.253819018406322,0,0,300,0.1,0.032907843589782715
4735,43.6462333124131,0,0,299,0.1,0.021853789687156677
4736,49.678453893959514,0,0,300,0.1,0.036128196865320206
4737,41.60994825422763,0,0,273,0.1,0.0922817662358284
4738,61.916395658850654,0,0,300,0.1,0.054076019674539566
4739,56.47068647474048,0,0,300,0.1,0.08776881545782089
4740,72.17126760110258,0,0,300,0.1,0.04788477346301079
4741,31.691380269080412,0,0,278,0.1,0.0889429897069931
4742,54.87905883014202,0,0,300,0.1,0.07044225931167603
4743,57.21883771061895,0,0,300,0.1,0.05333893746137619
4744,39.440082537680865,0,0,231,0.1,0.024568578228354454
4745,69.54717448636885,0,0,300,0.1,0.21993909776210785
4746,58.78516265660525,0,0,300,0.1,0.11310651153326035
4747,28.656882092952742,0,0,277,0.1,0.09047834575176239
4748,50.53894537314773,0,0,300,0.1,0.19381935894489288
4749,59.384444640725896,0,0,292,0.1,0.03445647656917572
4750,54.05963997691867,0,0,300,0.1,0.09054938703775406
4751,32.54231143593788,0,0,278,0.1,0.1528819501399994
4752,71.65790478825568,0,0,300,0.1,0.019539449363946915
4753,75.345924571678,0,0,300,0.1,0.03913074731826782
4754,56.40925624370576,0,0,300,0.1,0.1570965051651001
4755,39.763955871462834,0,0,300,0.1,0.09789645671844482
4756,31.58753706946969,0,0,290,0.1,0.27999117970466614
4757,65.61576422214507,0,0,300,0.1,0.10300873965024948
4758,66.19287720024583,0,0,300,0.1,0.029940709471702576
4759,64.58643428742886,0,0,300,0.1,0.02647971361875534
4760,51.58336305432021,0,0,297,0.1,0.02341518923640251
4761,28.06375409021973,0,0,225,0.1,0.02603808604180813
4762,26.113324787616737,0,0,264,0.1,0.05774493142962456
4763,69.12574773073196,0,0,300,0.1,0.07845044881105423
4764,75.30766379304227,0,0,300,0.1,0.03723127394914627
4765,33.674431314319385,0,0,272,0.1,0.11503936350345612
4766,53.52578332981093,0,0,274,0.1,0.011243389919400215
4767,60.20719084892422,0,0,300,0.1,0.015233764424920082
4768,53.47360457211733,0,0,300,0.1,0.19559341669082642
4769,53.944833617657444,0,0,263,0.1,0.011077017523348331
4770,55.58877420619127,0,0,300,0.1,0.09280577301979065
4771,26.222119028642787,0,0,289,0.1,0.08683425933122635
4772,50.50362471282484,0,0,300,0.1,0.0518345944583416
4773,61.943460082933235,0,0,300,0.1,0.03608063608407974
4774,68.66206185489895,0,0,300,0.1,0.018403787165880203
4775,37.539990910589694,0,0,279,0.1,0.056018710136413574
4776,42.01896244943141,0,0,248,0.1,0.03666294366121292
4777,57.57002468168734,0,0,272,0.1,0.02937718667089939
4778,67.22233251169322,0,0,300,0.1,0.03557687997817993
4779,57.623949242681256,0,0,300,0.1,0.05970395356416702
4780,42.138018797188955,0,0,284,0.1,0.029652263969182968
4781,59.13562526218595,0,0,276,0.1,0.03943142667412758
4782,53.94031351173297,0,0,297,0.1,0.06196511536836624
4783,33.81805512405932,0,0,268,0.1,0.024208657443523407
4784,59.6391913315654,0,0,300,0.1,0.08662492036819458
4785,43.032476782575266,0,0,271,0.1,0.1947512924671173
4786,64.70009331824257,0,0,300,0.1,0.20371045172214508
4787,55.481350156664824,0,0,300,0.1,0.2421073317527771
4788,75.12142440102988,0,0,300,0.1,0.10686006397008896
4789,30.720876431465147,0,0,300,0.1,0.2749778628349304
4790,39.850387070775035,0,0,300,0.1,0.3572063446044922
4791,51.225073903221634,0,0,252,0.1,0.043003641068935394
4792,48.15602746171874,0,0,258,0.1,0.046421587467193604
4793,50.73325731888413,0,0,266,0.1,0.01945425011217594
4794,78.51309087671332,0,0,300,0.1,0.09431502968072891
4795,59.4701537577808,0,0,300,0.1,0.060410451143980026
4796,72.05861316606394,0,0,300,0.1,0.04554366320371628
4797,53.712021629344626,0,0,285,0.1,0.04400071129202843
4798,19.245447920113783,0,0,270,0.1,0.06947744637727737
4799,70.9956914308667,0,0,300,0.1,0.03920494765043259
4800,65.28558185324073,0,0,300,0.1,0.03922656923532486
4801,46.273865370601406,0,0,298,0.1,0.046332985162734985
4802,69.29623665593563,0,0,300,0.1,0.06517424434423447
4803,24.837581661492564,0,0,266,0.1,0.08809521794319153
4804,53.56836928620928,0,0,300,0.1,0.09617716073989868
4805,14.457328185737104,0,0,283,0.1,0.11490193754434586
4806,66.7601234210655,0,0,300,0.1,0.036218639463186264
4807,36.32661419535055,0,0,297,0.1,0.0748044028878212
4808,51.910451973080654,0,0,300,0.1,0.01768617518246174
4809,8.80071566224099,0,0,298,0.1,0.27145716547966003
4810,27.21001890420913,0,0,259,0.1,0.022435100749135017
4811,67.76818029761317,0,0,300,0.1,0.19373901188373566
4812,40.817077254243266,0,0,300,0.1,0.10227584838867188
4813,6.624744014442051,0,0,269,0.1,0.09910057485103607
4814,55.124770893529146,0,0,300,0.1,0.008064741268754005
4815,18.017449128329783,0,0,280,0.1,0.602710485458374
4816,61.15675555951887,0,0,283,0.1,0.016145214438438416
4817,-17.326234411001145,0,0,205,0.1,0.018237728625535965
4818,19.01508636921652,0,0,300,0.1,0.03698677569627762
4819,-16.645504166912207,0,0,300,0.1,0.20639505982398987
4820,50.833342652917025,0,0,300,0.1,0.025318332016468048
4821,60.705706398636124,0,0,300,0.1,0.07280462980270386
4822,16.914189253151527,0,0,300,0.1,0.038015518337488174
4823,56.08533043652772,0,0,287,0.1,0.07784009724855423
4824,48.47156923703849,0,0,280,0.1,0.03723299130797386
4825,-29.86768154561514,0,0,254,0.1,0.1416550874710083
4826,27.980360261499897,0,0,300,0.1,0.11353014409542084
4827,53.48448402881619,0,0,290,0.1,0.17724698781967163
4828,64.06420929595834,0,0,300,0.1,0.14290113747119904
4829,-10.531167079210356,0,0,300,0.1,0.02670237049460411
4830,-0.0242109611629715,0,0,279,0.1,0.1810360550880432
4831,72.6682205921411,0,0,300,0.1,0.023051166906952858
4832,2.817579188998895,0,0,287,0.1,0.23596937954425812
4833,7.397150709107532,0,0,275,0.1,0.26400226354599
4834,40.490433338582505,0,0,300,0.1,0.22961042821407318
4835,45.3068101079762,0,0,240,0.1,0.01559847965836525
4836,-49.56682244221242,0,0,300,0.1,2.79150652885437
4837,18.607765578478592,0,0,271,0.1,0.2209867686033249
4838,-39.605299758911116,0,0,224,0.1,4.638824939727783
4839,71.73976785369217,0,0,300,0.1,0.009692727588117123
4840,-41.879934786158124,0,0,300,0.1,3.41208553314209
4841,-1.0848136836290472,0,0,274,0.1,0.5761625170707703
4842,37.29642158076169,0,0,300,0.1,0.07767121493816376
4843,46.519949365258235,0,0,300,0.1,0.10730672627687454
4844,48.148618245422846,0,0,300,0.1,0.06109493598341942
4845,40.875802194327115,0,0,300,0.1,0.12188635021448135
4846,65.39999668179777,0,0,300,0.1,0.06742490828037262
4847,8.001635484844464,0,0,267,0.1,0.3459320068359375
4848,57.19668707363309,0,0,300,0.1,0.16615870594978333
4849,62.30420169536022,0,0,300,0.1,0.15669703483581543
4850,43.008890932649365,0,0,294,0.1,0.07593788206577301
4851,25.807825836539255,0,0,216,0.1,0.037659600377082825
4852,30.00326453775167,0,0,291,0.1,0.043017297983169556
4853,35.548339350968696,0,0,300,0.1,0.048329971730709076
4854,41.00553271353246,0,0,277,0.1,0.05751654878258705
4855,42.833597201192745,0,0,267,0.1,0.011571437120437622
4856,43.400487939938905,0,0,299,0.1,0.09162980318069458
4857,60.00069756932557,0,0,300,0.1,0.032576531171798706
4858,-1.4603593601285836,0,0,300,0.1,0.10453692078590393
4859,-61.57199566761513,0,0,183,0.1,5.662799835205078
4860,-32.06322691122955,0,0,153,0.1,5.518704891204834
4861,-57.699952092958874,0,0,150,0.1,7.818992614746094
4862,-47.486302630897384,0,0,92,0.1,7.810978412628174
4863,-46.96533491849504,0,0,95,0.1,7.928236484527588
4864,-184.89519452015423,0,1,65,0.1,8.791099548339844
4865,-288.509299070043,0,0,300,0.1,4.552722930908203
4866,-41.95508567810057,0,0,124,0.1,5.5712714195251465
4867,-108.04603645324715,0,0,300,0.1,5.081509113311768
4868,-153.03658149719217,0,0,177,0.1,6.951645374298096
4869,-18.972855713963465,0,0,288,0.1,0.3273925483226776
4870,11.611153233349313,0,0,285,0.1,0.05850731581449509
4871,-11.385484353703905,0,0,300,0.1,1.3692692518234253
4872,-66.53290921688074,0,0,256,0.1,0.8858629465103149
4873,40.29676236048342,0,0,288,0.1,0.07212739437818527
4874,-16.951486074132298,0,0,300,0.1,3.118269681930542
4875,6.726235697269434,0,0,270,0.1,0.19176697731018066
4876,31.24792812824252,0,0,300,0.1,0.12613536417484283
4877,-2.92571520686149,0,0,276,0.1,0.23207828402519226
4878,38.579465431272986,0,0,271,0.1,0.05649423971772194
4879,61.328381773978464,0,0,300,0.1,0.13098905980587006
4880,28.432349887639305,0,0,300,0.1,0.1696651130914688
4881,-45.267123536267654,0,0,300,0.1,1.924081802368164
4882,11.510379319190957,0,0,300,0.1,0.37571462988853455
4883,-35.46767448425293,0,0,128,0.1,5.869418621063232
4884,48.30108947861055,0,0,300,0.1,0.0030209997203201056
4885,10.935221800804165,0,0,297,0.1,0.362608402967453
4886,5.646150627136242,0,0,300,0.1,0.30204132199287415
4887,-33.82800596237182,0,0,300,0.1,1.0995014905929565
4888,25.329492887854563,0,0,290,0.1,0.10266914963722229
4889,41.584494479745615,0,0,282,0.1,0.09410706907510757
4890,68.25365680783986,0,0,300,0.1,0.08460575342178345
4891,33.04193837434053,0,0,300,0.1,0.017413198947906494
4892,-95.44407120784247,0,0,300,0.1,1.9437168836593628
4893,-29.760883513292995,0,0,162,0.1,5.515419960021973
4894,-33.082333174547884,0,0,136,0.1,6.433282375335693
4895,-31.95622752269241,0,0,158,0.1,6.366755962371826
4896,59.66002886980771,0,0,300,0.1,0.0986378863453865
4897,40.58082333326338,0,0,265,0.1,0.09212599694728851
4898,22.778332679867745,0,0,266,0.1,0.1321365237236023
4899,42.51747736483813,0,0,285,0.1,0.03671728074550629
4900,33.4875612857938,0,0,256,0.1,0.08416631072759628
4901,69.53274625360964,0,0,300,0.1,0.02588614821434021
4902,62.697022878816334,0,0,300,0.1,0.07963241636753082
4903,64.35274095632137,0,0,300,0.1,0.21232225000858307
4904,63.4938082810491,0,0,300,0.1,0.14379453659057617
4905,5.752753973007205,0,0,300,0.1,0.22928054630756378
4906,58.12752238467336,0,0,281,0.1,0.012474065646529198
4907,33.418135377056906,0,0,300,0.1,0.15283308923244476
4908,40.159771931171406,0,0,294,0.1,0.027234429493546486
4909,52.07925021573899,0,0,276,0.1,0.02697930485010147
4910,48.39292033905628,0,0,271,0.1,0.04915675148367882
4911,28.382260861694803,0,0,292,0.1,0.0709562599658966
4912,24.2965022149682,0,0,219,0.1,0.01941392943263054
4913,65.55467135511337,0,0,300,0.1,0.0835239589214325
4914,35.66083607032894,0,0,240,0.1,0.016244374215602875
4915,-5.234236704707024,0,0,263,0.1,0.034015677869319916
4916,53.84561444699762,0,0,300,0.1,0.11689098179340363
4917,56.68647694736716,0,0,300,0.1,0.06743890047073364
4918,43.511969656497236,0,0,240,0.1,0.024850919842720032
4919,43.58211726590992,0,0,239,0.1,0.036169394850730896
4920,34.27979938194156,0,0,266,0.1,0.02506137453019619
4921,48.658338112431096,0,0,300,0.1,0.10354962944984436
4922,13.323952897861624,0,0,296,0.1,0.45975834131240845
4923,19.46902485445143,0,0,222,0.1,0.05153941735625267
4924,35.67607048990205,0,0,221,0.1,0.005927415564656258
4925,50.702480587363226,0,0,300,0.1,0.04614586755633354
4926,62.04617922544481,0,0,300,0.1,0.015830591320991516
4927,50.17732147827744,0,0,283,0.1,0.029762331396341324
4928,79.16816145911807,0,0,300,0.1,0.032254625111818314
4929,70.21127327054737,0,0,300,0.1,0.024382304400205612
4930,6.76363066822292,0,0,268,0.1,0.30064892768859863
4931,34.573070670282476,0,0,299,0.1,0.09924676269292831
4932,67.24394879922268,0,0,300,0.1,0.02740436978638172
4933,43.63868049621581,0,0,267,0.1,0.06714724004268646
4934,-37.704236497082974,0,0,92,0.1,7.1808600425720215
4935,-2.2421627855300903,0,0,300,0.1,0.15937796235084534
4936,52.5256603451073,0,0,300,0.1,0.1478508710861206
4937,50.840198371857404,0,0,256,0.1,0.01841866783797741
4938,46.25575032420456,0,0,281,0.1,0.013666399754583836
4939,67.5233922628872,0,0,300,0.1,0.0647590309381485
4940,41.66075936235485,0,0,279,0.1,0.01954120397567749
4941,51.8116949430108,0,0,300,0.1,0.08754696696996689
4942,5.752898963689803,0,0,300,0.1,0.1726965755224228
4943,70.13600586872549,0,0,300,0.1,0.04584936425089836
4944,40.86855731993913,0,0,266,0.1,0.07814967632293701
4945,-16.32483227729793,0,0,300,0.1,0.32384058833122253
4946,36.89416379347445,0,0,300,0.1,0.028288519009947777
4947,34.37420194208622,0,0,253,0.1,0.032386414706707
4948,40.23805548176165,0,0,275,0.1,0.03327367454767227
4949,-29.747460356554683,0,0,300,0.1,2.0620641708374023
4950,-39.756776915392564,0,0,286,0.1,4.846893310546875
4951,60.34422099247573,0,0,300,0.1,0.07674931734800339
4952,-49.89763514598333,0,0,247,0.1,5.17960786819458
4953,22.735925086587663,0,0,271,0.1,0.023004336282610893
4954,-32.39034548839059,0,0,300,0.1,6.680285453796387
4955,11.011865447759634,0,0,300,0.1,0.1309661716222763
4956,45.31225807011127,0,0,300,0.1,0.08638384938240051
4957,-36.88866374095413,0,0,155,0.1,6.977365016937256
4958,51.630837833732336,0,0,300,0.1,0.07140962034463882
4959,42.751199317574525,0,0,300,0.1,0.26532673835754395
4960,-52.47613413890329,0,0,291,0.1,6.7217326164245605
4961,67.66743043437599,0,0,300,0.1,0.11901076883077621
4962,56.72963120102883,0,0,300,0.1,0.18285785615444183
4963,41.887225783914324,0,0,276,0.1,0.025254536420106888
4964,37.68077163279057,0,0,300,0.1,0.2425980567932129
4965,48.373943366343134,0,0,290,0.1,0.05188525840640068
4966,55.30631834685803,0,0,300,0.1,0.09318596869707108
4967,70.53076312236486,0,0,300,0.1,0.017973391339182854
4968,61.65368360161782,0,0,300,0.1,0.0747477263212204
4969,28.072305463999506,0,0,300,0.1,0.025484280660748482
4970,51.034223099574426,0,0,284,0.1,0.038875844329595566
4971,26.998164512962095,0,0,268,0.1,0.025740252807736397
4972,28.132385419085608,0,0,264,0.1,0.21924033761024475
4973,20.29947241522374,0,0,265,0.1,0.04267909750342369
4974,43.510737321991456,0,0,296,0.1,0.062184542417526245
4975,48.91639786526561,0,0,300,0.1,0.023974163457751274
4976,76.0801754853129,0,0,300,0.1,0.11739148199558258
4977,48.76099915102122,0,0,300,0.1,0.03203045204281807
4978,-46.42837222496924,0,0,300,0.1,0.3643171489238739
4979,67.8577483429759,0,0,300,0.1,0.027171872556209564
4980,34.9994262946397,0,0,265,0.1,0.03141288459300995
4981,29.65713656486058,0,0,300,0.1,0.013799523003399372
4982,51.26363944388925,0,0,300,0.1,0.026437370106577873
4983,42.92410186111927,0,0,294,0.1,0.1345786303281784
4984,39.90310150220991,0,0,300,0.1,0.06806228309869766
4985,54.660211286544786,0,0,300,0.1,0.037287741899490356
4986,53.4532876679301,0,0,300,0.1,0.17187795042991638
4987,36.71648752734064,0,0,267,0.1,0.03809209167957306
4988,24.4071940921993,0,0,300,0.1,0.142412930727005
4989,26.927165004461976,0,0,270,0.1,0.029544945806264877
4990,12.743601091504082,0,0,266,0.1,0.3904033601284027
4991,-15.091052092313744,0,0,300,0.1,0.5660861134529114
4992,24.8837723172456,0,0,292,0.1,0.027167705819010735
4993,39.59624343305827,0,0,278,0.1,0.03272740915417671
4994,76.28078237950797,0,0,300,0.1,0.018707558512687683
4995,36.449250854253734,0,0,274,0.1,0.07517390698194504
4996,39.93193854480981,0,0,273,0.1,0.06554257124662399
4997,2.0995137393474743,0,0,300,0.1,0.09551426023244858
4998,61.27703291907905,0,0,300,0.1,0.061856720596551895
4999,-9.317516864538161,0,0,300,0.1,0.08167339861392975
5000,24.20692675925789,0,0,278,0.1,0.09357863664627075
5001,56.380492425262894,0,0,300,0.1,0.12845328450202942
5002,5.6072870907188,0,0,300,0.1,0.07112924009561539
5003,56.335313624665126,0,0,300,0.1,0.027921997010707855
5004,18.838862728998052,0,0,287,0.1,0.08729095757007599
5005,53.59900431871414,0,0,300,0.1,0.039779264479875565
5006,21.7080095101148,0,0,278,0.1,0.22512748837471008
5007,83.41623156905169,0,0,300,0.1,0.032861966639757156
5008,48.26506794624027,0,0,289,0.1,0.05325402691960335
5009,56.193549331128594,0,0,300,0.1,0.02971794456243515
5010,39.43374944731592,0,0,283,0.1,0.09405477344989777
5011,69.12376544699072,0,0,300,0.1,0.018790170550346375
5012,33.57490628734233,0,0,262,0.1,0.03478359058499336
5013,74.70923221491267,0,0,295,0.1,0.031987037509679794
5014,-40.64882511138911,0,0,300,0.1,2.30220627784729
5015,-51.27063465992477,0,0,91,0.1,7.442459583282471
5016,20.34915207110344,0,0,286,0.1,0.02886868454515934
5017,73.81886432722206,0,0,300,0.1,0.03654632344841957
5018,59.019196133613576,0,0,300,0.1,0.02102615125477314
5019,59.52090596258641,0,0,300,0.1,0.08229280263185501
5020,65.04017665773628,0,0,300,0.1,0.05626211315393448
5021,29.20090362966058,0,0,281,0.1,0.03365015238523483
5022,83.01938517693428,0,0,300,0.1,0.04280278459191322
5023,32.93369625911114,0,0,263,0.1,0.01835891790688038
5024,53.467892777025675,0,0,300,0.1,0.032779429107904434
5025,41.05308921653776,0,0,277,0.1,0.0203142911195755
5026,9.299300420276362,0,0,300,0.1,0.7617307305335999
5027,24.193084051161982,0,0,276,0.1,0.0464153066277504
5028,28.817639579549407,0,0,277,0.1,0.23329292237758636
5029,47.0213635893166,0,0,300,0.1,0.16767115890979767
5030,48.3259875790775,0,0,292,0.1,0.032824695110321045
5031,37.05192104764281,0,0,262,0.1,0.06146334856748581
5032,73.44408854333682,0,0,300,0.1,0.1496637612581253
5033,24.733707133829586,0,0,300,0.1,0.19390375912189484
5034,26.075136884450913,0,0,229,0.1,0.037673935294151306
5035,72.56048034489152,0,0,300,0.1,0.13399042189121246
5036,41.8636556009948,0,0,300,0.1,0.08037415891885757
5037,60.6318350023031,0,0,300,0.1,0.07810713350772858
5038,32.407258574664596,0,0,300,0.1,0.05964670330286026
5039,69.95171461246905,0,0,300,0.1,0.03651219978928566
5040,27.634658489003762,0,0,271,0.1,0.20176421105861664
5041,33.18972211658955,0,0,300,0.1,0.02946888841688633
5042,38.13465436168015,0,0,225,0.1,0.038558583706617355
5043,61.346036080494514,0,0,300,0.1,0.04888906329870224
5044,30.433586271703255,0,0,289,0.1,0.11698134243488312
5045,29.669649947918927,0,0,276,0.1,0.2345179319381714
5046,64.5975807221234,0,0,300,0.1,0.1263544261455536
5047,50.27899193707385,0,0,285,0.1,0.10922326147556305
5048,43.63671944499016,0,0,270,0.1,0.03543885052204132
5049,51.55764435395596,0,0,300,0.1,0.14118336141109467
5050,35.76875389985738,0,0,266,0.1,0.08718814700841904
5051,43.317158942613766,0,0,300,0.1,0.061238668859004974
5052,42.984175537824626,0,0,293,0.1,0.02019946277141571
5053,65.86181047603482,0,0,300,0.1,0.0282847061753273
5054,74.48921722255642,0,0,300,0.1,0.05906208977103233
5055,59.94432214736933,0,0,299,0.1,0.032730236649513245
5056,50.39896429985762,0,0,300,0.1,0.02190060168504715
5057,69.71613100022071,0,0,300,0.1,0.022307781502604485
5058,46.96727561739274,0,0,283,0.1,0.005691101308912039
5059,38.280313705699506,0,0,263,0.1,0.03765857592225075
5060,42.63088504999875,0,0,257,0.1,0.05933735892176628
5061,25.99309661194679,0,0,269,0.1,0.0662769228219986
5062,57.014823364615424,0,0,247,0.1,0.046007681638002396
5063,30.796809010282146,0,0,275,0.1,0.1376316100358963
5064,49.64987287729977,0,0,299,0.1,0.04546898603439331
5065,67.84086967915297,0,0,300,0.1,0.024093199521303177
5066,43.239165910556906,0,0,296,0.1,0.008382349275052547
5067,33.33090288043023,0,0,297,0.1,0.08362969011068344
5068,74.47340873003006,0,0,300,0.1,0.02308332733809948
5069,31.564608216630305,0,0,279,0.1,0.024176672101020813
5070,53.86987900644541,0,0,300,0.1,0.04250558093190193
5071,35.67952806078827,0,0,279,0.1,0.002144512254744768
5072,37.114298198521126,0,0,258,0.1,0.02026335895061493
5073,29.018200541995455,0,0,258,0.1,0.09463604539632797
5074,59.044246681183544,0,0,300,0.1,0.08248092234134674
5075,78.4763884024322,0,0,300,0.1,0.05683954805135727
5076,52.28335050590331,0,0,291,0.1,0.07902120053768158
5077,49.59178044706582,0,0,300,0.1,0.12653785943984985
5078,43.133529647029945,0,0,264,0.1,0.04768211022019386
5079,71.39181453771889,0,0,300,0.1,0.04081248119473457
5080,42.472691756710404,0,0,291,0.1,0.06726551800966263
5081,71.79444812357423,0,0,300,0.1,0.03370159491896629
5082,7.986082556210455,0,0,296,0.1,0.04082987830042839
5083,7.834944224059573,0,0,289,0.1,0.07765012979507446
5084,70.45384086355568,0,0,300,0.1,0.025947554036974907
5085,-69.13837314099074,0,0,300,0.1,0.024915307760238647
5086,57.93033921051768,0,0,300,0.1,0.08310539275407791
5087,36.40881313577295,0,0,283,0.1,0.08437288552522659
5088,44.17658921793104,0,0,300,0.1,0.19290076196193695
5089,72.74874712750311,0,0,300,0.1,0.05567633733153343
5090,61.00659478589894,0,0,300,0.1,0.037855591624975204
5091,53.525274902675285,0,0,300,0.1,0.04586494341492653
5092,44.62135104358195,0,0,300,0.1,0.02069951966404915
5093,45.413622118979696,0,0,300,0.1,0.07831469178199768
5094,34.5906282799691,0,0,230,0.1,0.006351415533572435
5095,55.60159955427049,0,0,300,0.1,0.025598619133234024
5096,23.047411556616428,0,0,291,0.1,0.035814691334962845
5097,60.18431579738853,0,0,295,0.1,0.03613891452550888
5098,-1.096815609735898,0,0,300,0.1,0.22369612753391266
5099,-10.724943792027885,0,0,300,0.1,2.324134111404419
5100,53.090406376421434,0,0,280,0.1,0.12165498733520508
5101,43.34912127107382,0,0,287,0.1,0.02206663228571415
5102,46.63242708295583,0,0,300,0.1,0.042270950973033905
5103,81.01020313903686,0,0,300,0.1,0.09860783070325851
5104,38.14943008933217,0,0,261,0.1,0.09593463689088821
5105,68.28450261279933,0,0,300,0.1,0.06715895980596542
5106,22.118390098810206,0,0,300,0.1,0.13067927956581116
5107,31.815758050233168,0,0,283,0.1,0.014733128249645233
5108,53.954002160876975,0,0,260,0.1,0.011846058070659637
5109,55.37013863563534,0,0,275,0.1,0.01611621305346489
5110,29.52648168504237,0,0,294,0.1,0.04308410733938217
5111,57.28627116970718,0,0,300,0.1,0.08689539134502411
5112,51.32519715934988,0,0,288,0.1,0.0630313828587532
5113,36.35689502075312,0,0,293,0.1,0.0753646269440651
5114,39.00194423004982,0,0,275,0.1,0.038261398673057556
5115,35.565823646634826,0,0,270,0.1,0.016277754679322243
5116,69.76256234839558,0,0,300,0.1,0.052497491240501404
5117,23.389347348436722,0,0,272,0.1,0.07631506025791168
5118,39.203632718026654,0,0,218,0.1,0.03143184259533882
5119,50.847182368636126,0,0,290,0.1,0.03468826413154602
5120,45.97718812383706,0,0,270,0.1,0.04001544043421745
5121,47.604485458508144,0,0,300,0.1,0.05044630914926529
5122,33.07567682638762,0,0,243,0.1,0.0724615678191185
5123,83.98613317731773,0,0,300,0.1,0.0037876220885664225
5124,36.23583318784832,0,0,261,0.1,0.13593986630439758
5125,76.15341125600042,0,0,300,0.1,0.0077735199593007565
5126,38.804389258436856,0,0,296,0.1,0.10789813846349716
5127,56.51692911680786,0,0,300,0.1,0.05788176506757736
5128,17.490237569957973,0,0,218,0.1,0.026196908205747604
5129,74.87928507387637,0,0,298,0.1,0.042203426361083984
5130,30.291281509175903,0,0,281,0.1,0.04014988988637924
5131,25.11230322435494,0,0,267,0.1,0.05082467943429947
5132,41.036112015768865,0,0,276,0.1,0.052551835775375366
5133,-39.95156962870776,0,0,300,0.1,0.6691979169845581
5134,-170.81049470742286,0,0,247,0.1,5.257225513458252
5135,-146.44036445617684,0,0,300,0.1,3.5225911140441895
5136,-133.22553033669516,0,0,224,0.1,4.948484420776367
5137,26.7868990006298,0,0,300,0.1,0.043984461575746536
5138,45.34831373274323,0,0,267,0.1,0.10605117678642273
5139,62.87159174904227,0,0,300,0.1,0.18138882517814636
5140,45.65918205078692,0,0,260,0.1,0.004075326025485992
5141,45.08799968861041,0,0,289,0.1,0.01396671961992979
5142,21.616521410234284,0,0,240,0.1,0.05815102905035019
5143,-5.509939999990118,0,0,291,0.1,0.10111219435930252
5144,36.05806902527809,0,0,300,0.1,0.1834857314825058
5145,41.250405942350625,0,0,300,0.1,0.010858116671442986
5146,39.34901533787185,0,0,300,0.1,0.019903406500816345
5147,-36.62472328741685,0,0,152,0.1,7.142685413360596
5148,-42.07524210372636,0,0,209,0.1,7.642416954040527
5149,-42.88432161808805,0,0,300,0.1,5.8522748947143555
5150,-52.537395553588865,0,0,164,0.1,6.301848888397217
5151,-52.17556533813474,0,0,190,0.1,5.706391334533691
5152,-75.19709968566906,0,0,163,0.1,6.424274921417236
5153,-36.560713119506836,0,0,110,0.1,7.247678279876709
5154,-60.0734948730468,0,0,267,0.1,6.903373718261719
5155,-59.91551733176176,0,0,204,0.1,6.536777496337891
5156,-38.01806648254393,0,0,89,0.1,7.609516620635986
5157,-32.45961588939163,0,0,100,0.1,7.127603054046631
5158,-34.292488215769644,0,0,300,0.1,6.283918380737305
5159,-119.68725233237186,0,0,300,0.1,3.1547112464904785
5160,36.095991356372856,0,0,300,0.1,0.3408423662185669
5161,-39.99136227528121,0,0,132,0.1,6.640141487121582
5162,-57.935157834691424,0,0,298,0.1,6.9016876220703125
5163,25.414805490970597,0,0,300,0.1,0.08590932935476303
5164,-40.86486834605664,0,0,140,0.1,6.728916168212891
5165,-40.79958628734071,0,0,300,0.1,6.4500956535339355
5166,24.760474403724082,0,0,300,0.1,0.08035831153392792
5167,-19.508958451077355,0,0,296,0.1,0.08335650712251663
5168,-42.4672760772705,0,0,225,0.1,2.559319019317627
5169,2.2315015222132253,0,0,282,0.1,0.11882799118757248
5170,32.04001448094846,0,0,300,0.1,0.12987683713436127
5171,28.310533542931083,0,0,300,0.1,0.06539074331521988
5172,19.836253314614304,0,0,300,0.1,0.05011872947216034
5173,-15.832094767093643,0,0,300,0.1,0.3176785111427307
5174,-31.710399346947717,0,0,300,0.1,0.09245086461305618
5175,10.152483711615211,0,0,293,0.1,0.04282617196440697
5176,23.025415159463883,0,0,300,0.1,0.30487510561943054
5177,51.89167727500202,0,0,300,0.1,0.17270494997501373
5178,47.647601659726284,0,0,300,0.1,0.008462270721793175
5179,57.97000021770594,0,0,300,0.1,0.036932121962308884
5180,45.690067331194896,0,0,300,0.1,0.1854242980480194
5181,-3.172310035675755,0,0,295,0.1,0.12926246225833893
5182,51.93744158923625,0,0,300,0.1,0.046163275837898254
5183,26.854938478544355,0,0,279,0.1,0.28826045989990234
5184,37.02209468781946,0,0,300,0.1,0.04970380291342735
5185,27.103682328909635,0,0,268,0.1,0.09788677841424942
5186,59.17589047878977,0,0,294,0.1,0.010857535526156425
5187,34.16926087200642,0,0,288,0.1,0.006121191196143627
5188,24.569730911701903,0,0,289,0.1,0.12121700495481491
5189,67.26210326175669,0,0,300,0.1,0.05198922008275986
5190,33.83066806793213,0,0,300,0.1,0.09469727426767349
5191,55.80806810989974,0,0,300,0.1,0.028128866106271744
5192,0.170434697866446,0,0,300,0.1,0.1441648006439209
5193,33.83757423654198,0,0,277,0.1,0.07258498668670654
5194,28.890842759460178,0,0,273,0.1,0.07414210587739944
5195,21.52287218451501,0,0,300,0.1,0.11771215498447418
5196,55.162647002637364,0,0,300,0.1,0.18173864483833313
5197,2.613665932612968,0,0,300,0.1,0.12211313843727112
5198,40.43307305216789,0,0,300,0.1,0.0717468410730362
5199,22.52893098562955,0,0,293,0.1,0.11568082869052887
5200,14.395638120174407,0,0,294,0.1,0.11806177347898483
5201,51.524580135643475,0,0,300,0.1,0.04621792957186699
5202,33.1587485036254,0,0,300,0.1,0.06290032714605331
5203,37.78615129277107,0,0,300,0.1,0.09479860961437225
5204,47.30053089529274,0,0,300,0.1,0.12206244468688965
5205,1.9018852782249667,0,0,293,0.1,0.10325510799884796
5206,17.475810648947952,0,0,300,0.1,0.3369266092777252
5207,36.38241643756628,0,0,300,0.1,0.10950479656457901
5208,31.93514573603869,0,0,277,0.1,0.2545201778411865
5209,54.01184693526476,0,0,300,0.1,0.09622230380773544
5210,15.893978713154802,0,0,274,0.1,0.1219608262181282
5211,35.9948181095719,0,0,272,0.1,0.03578473627567291
5212,-7.166279658330127,0,0,236,0.1,0.037093400955200195
5213,42.82613065388051,0,0,300,0.1,0.07519073784351349
5214,23.155199548453098,0,0,298,0.1,0.03891291841864586
5215,-12.705673565146936,0,0,300,0.1,0.05245767533779144
5216,43.07661562353374,0,0,300,0.1,0.012738483026623726
5217,22.83662223962187,0,0,300,0.1,0.05474585294723511
5218,10.54944483895838,0,0,300,0.1,0.11122549325227737
5219,14.357936723130308,0,0,300,0.1,0.16794690489768982
5220,15.902091907039805,0,0,300,0.1,0.1042822003364563
5221,21.627431818544856,0,0,277,0.1,0.14423024654388428
5222,16.039223913401344,0,0,267,0.1,0.26926979422569275
5223,14.860493960976612,0,0,284,0.1,0.26417189836502075
5224,47.66624511748552,0,0,297,0.1,0.026071960106492043
5225,-19.070790626210552,0,0,300,0.1,0.6755958199501038
5226,29.369529807567595,0,0,269,0.1,0.04014008119702339
5227,46.31357594430447,0,0,300,0.1,0.22480203211307526
5228,60.335820684283966,0,0,300,0.1,0.13991138339042664
5229,61.922909283488984,0,0,300,0.1,0.1680803745985031
5230,39.74099203363061,0,0,225,0.1,0.030714387074112892
5231,73.62533242255448,0,0,300,0.1,0.025224413722753525
5232,0.14501561436808075,0,0,285,0.1,0.10324113070964813
5233,44.36247380380567,0,0,300,0.1,0.02791416272521019
5234,34.085664200531795,0,0,300,0.1,0.0648140087723732
5235,35.67882856801151,0,0,266,0.1,0.030299561098217964
5236,-9.532170081138627,0,0,282,0.1,0.2821299433708191
5237,66.58217088133095,0,0,300,0.1,0.01135358028113842
5238,62.04377713382242,0,0,300,0.1,0.07893725484609604
5239,51.9603204999864,0,0,300,0.1,0.039538267999887466
5240,50.20656723700457,0,0,293,0.1,0.3117677569389343
5241,70.41242188930508,0,0,300,0.1,0.05120209977030754
5242,83.8215924310684,0,0,300,0.1,0.03709346801042557
5243,39.96662898913024,0,0,280,0.1,0.08661076426506042
5244,30.79023424376782,0,0,300,0.1,0.06951706111431122
5245,16.866336906105282,0,0,199,0.1,0.010738487355411053
5246,43.34651110440493,0,0,282,0.1,0.038029301911592484
5247,25.86990193769332,0,0,298,0.1,0.07768850773572922
5248,75.56388295277952,0,0,300,0.1,0.11235476285219193
5249,40.71950950965286,0,0,276,0.1,0.08404313027858734
5250,52.974926669299585,0,0,300,0.1,0.30784523487091064
5251,24.705728797167556,0,0,270,0.1,0.07981791347265244
5252,69.89201045867051,0,0,300,0.1,0.06507457047700882
5253,26.225791718363773,0,0,281,0.1,0.08615259826183319
5254,41.20691375046968,0,0,271,0.1,0.027895543724298477
5255,68.24068443432454,0,0,300,0.1,0.055495887994766235
5256,43.762654919922355,0,0,284,0.1,0.09397061914205551
5257,72.68185059852901,0,0,300,0.1,0.03674767166376114
5258,62.90553071439269,0,0,300,0.1,0.22572681307792664
5259,54.37167067363858,0,0,300,0.1,0.05895788222551346
5260,64.70264055147767,0,0,300,0.1,0.05965252220630646
5261,-28.947519713244162,0,0,108,0.1,7.002079010009766
5262,52.997310187704855,0,0,300,0.1,0.20120815932750702
5263,17.753609328568103,0,0,300,0.1,0.037490155547857285
5264,28.75676849335433,0,0,285,0.1,0.28250816464424133
5265,42.819248948246226,0,0,256,0.1,0.028301091864705086
5266,29.290207508653396,0,0,270,0.1,0.1007244661450386
5267,40.43361576348544,0,0,270,0.1,0.03694827854633331
5268,31.759974327087388,0,0,296,0.1,0.07273798435926437
5269,43.42630208916961,0,0,296,0.1,0.04978790506720543
5270,49.38686966136098,0,0,260,0.1,0.02290087752044201
5271,48.064625762402976,0,0,291,0.1,0.11490516364574432
5272,44.23549535602331,0,0,261,0.1,0.07399851083755493
5273,51.58742064774035,0,0,300,0.1,0.03226419910788536
5274,43.73684147387743,0,0,300,0.1,0.15925981104373932
5275,33.80079085568898,0,0,292,0.1,0.14231522381305695
5276,74.87493447743353,0,0,300,0.1,0.05092597007751465
5277,47.888517132848484,0,0,277,0.1,0.033975567668676376
5278,62.190634240805956,0,0,286,0.1,0.11947531998157501
5279,48.27719465509057,0,0,261,0.1,0.0661202073097229
5280,84.65750031590466,0,0,300,0.1,0.0385311022400856
5281,-330.54424133300745,0,0,201,0.1,4.911060333251953
5282,33.861378577351594,0,0,272,0.1,0.18114930391311646
5283,35.50144941091538,0,0,275,0.1,0.02204042673110962
5284,38.44191464573144,0,0,269,0.1,0.13405071198940277
5285,66.18580411732194,0,0,300,0.1,0.025392569601535797
5286,78.09150670200582,0,0,300,0.1,0.05432577058672905
5287,20.68385249262686,0,0,300,0.1,0.07016516476869583
5288,60.8856992043182,0,0,300,0.1,0.10629263520240784
5289,22.109558573067194,0,0,227,0.1,0.027415530756115913
5290,24.597529211938383,0,0,269,0.1,0.05718370899558067
5291,36.69947949454187,0,0,270,0.1,0.17913754284381866
5292,34.42074868761004,0,0,270,0.1,0.05362685024738312
5293,65.05530562646688,0,0,300,0.1,0.0651291087269783
5294,56.384759678468065,0,0,288,0.1,0.07686309516429901
5295,27.44630576737226,0,0,255,0.1,0.04050687327980995
5296,68.60437140867114,0,0,300,0.1,0.031161315739154816
5297,43.36633855864407,0,0,268,0.1,0.023209959268569946
5298,42.673568003922696,0,0,254,0.1,0.11434096097946167
5299,8.416025725603085,0,0,221,0.1,0.12385473400354385
5300,48.502414579242505,0,0,298,0.1,0.0548500157892704
5301,49.872630188316094,0,0,300,0.1,0.08967912942171097
5302,29.49919761255384,0,0,229,0.1,0.048095013946294785
5303,21.613148473501205,0,0,270,0.1,0.08137962222099304
5304,80.84404491707672,0,0,300,0.1,0.076913021504879
5305,89.36304399296638,0,0,300,0.1,0.15311498939990997
5306,29.365569059923274,0,0,272,0.1,0.0656505897641182
5307,34.90205477461219,0,0,285,0.1,0.10920772701501846
5308,33.68120636880399,0,0,274,0.1,0.14929652214050293
5309,32.287640020623805,0,0,291,0.1,0.06181996688246727
5310,76.2160173457861,0,0,300,0.1,0.1289556920528412
5311,40.68514568209645,0,0,286,0.1,0.020831109955906868
5312,56.95989264562724,0,0,269,0.1,0.020091453567147255
5313,22.785453650131807,0,0,273,0.1,0.061497777700424194
5314,59.304152690470204,0,0,275,0.1,0.031243713572621346
5315,38.92771519660949,0,0,241,0.1,0.02304428443312645
5316,62.03614281848071,0,0,300,0.1,0.0300348661839962
5317,39.77531566932797,0,0,272,0.1,0.1057230681180954
5318,32.49658822275697,0,0,274,0.1,0.10636790841817856
5319,48.59525044366716,0,0,300,0.1,0.1209663450717926
5320,33.839801692366606,0,0,223,0.1,0.039501290768384933
5321,27.849503891766062,0,0,294,0.1,0.14036650955677032
5322,45.01540337994696,0,0,274,0.1,0.05138541758060455
5323,-45.738903121948184,0,0,281,0.1,5.7272257804870605
5324,-31.59796508789062,0,0,173,0.1,5.564491271972656
5325,44.91266579590735,0,0,259,0.1,0.04224584996700287
5326,-41.30609985351556,0,0,235,0.1,5.774024963378906
5327,-47.79874221801751,0,0,262,0.1,5.9696855545043945
5328,-39.87499099731444,0,0,218,0.1,5.891247749328613
5329,-35.16056785583496,0,0,91,0.1,7.32764196395874
5330,-41.28921546936035,0,0,90,0.1,7.659803867340088
5331,-36.34892852783204,0,0,91,0.1,7.567232131958008
5332,-31.386747436523443,0,0,91,0.1,7.639186859130859
5333,-54.404466705322264,0,0,91,0.1,8.018616676330566
5334,-61.432181549072254,0,0,91,0.1,7.808045387268066
5335,-50.59228492736817,0,0,188,0.1,5.833071231842041
5336,-48.760571441650384,0,0,133,0.1,7.137642860412598
5337,-70.78724441528323,0,0,127,0.1,7.234311103820801
5338,-48.76552902221677,0,0,125,0.1,7.226382255554199
5339,-37.320197448730454,0,0,143,0.1,7.115049362182617
5340,-39.12791862487791,0,0,164,0.1,6.744479656219482
5341,-47.31866058349602,0,0,218,0.1,6.994665145874023
5342,-39.661852493286105,0,0,135,0.1,7.005463123321533
5343,-49.515934066772424,0,0,181,0.1,6.983983516693115
5344,-35.24746711730957,0,0,175,0.1,6.541866779327393
5345,-44.524155531725604,0,0,300,0.1,6.213737964630127
5346,-37.320142822265616,0,0,138,0.1,7.247535705566406
5347,-65.19905296325683,0,0,297,0.1,6.634763240814209
5348,-29.23084915161132,0,0,121,0.1,7.150212287902832
5349,-52.53960772593946,0,0,158,0.1,6.517601013183594
5350,-66.12165934642293,0,0,288,0.1,5.573113918304443
5351,-34.61022682189942,0,0,132,0.1,6.7275567054748535
5352,-26.210584030151363,0,0,115,0.1,6.712646007537842
5353,26.745465787947197,0,0,262,0.1,0.032085053622722626
5354,42.81197920303789,0,0,257,0.1,0.006153196562081575
5355,30.0141453963518,0,0,225,0.1,0.030008969828486443
5356,26.95373047068714,0,0,229,0.1,0.029827995225787163
5357,68.72680818796154,0,0,300,0.1,0.03941907733678818
5358,75.30008827850214,0,0,300,0.1,0.23653729259967804
5359,-32.127469758191374,0,0,136,0.1,6.414168357849121
5360,29.918285635411742,0,0,214,0.1,0.039874784648418427
5361,68.1507702323794,0,0,283,0.1,0.03938821330666542
5362,67.00501060508192,0,0,300,0.1,0.019216075539588928
5363,27.950445497632025,0,0,273,0.1,0.23353993892669678
5364,-65.99517157315819,0,0,212,0.1,4.935695648193359
5365,-4.484381833327394,0,0,300,0.1,0.04638807103037834
5366,72.25414306974506,0,0,276,0.1,0.006010877434164286
5367,46.982026581689716,0,0,285,0.1,0.03993703052401543
5368,30.127872806787472,0,0,265,0.1,0.07193301618099213
5369,40.31113783225414,0,0,253,0.1,0.027224503457546234
5370,71.26842153042548,0,0,300,0.1,0.2148354947566986
5371,81.05260396920136,0,0,300,0.1,0.14066927134990692
5372,-82.00109161376952,0,0,252,0.1,4.152772903442383
5373,-97.08278480529783,0,0,272,0.1,4.543196201324463
5374,-105.25483299255369,0,0,223,0.1,3.8112082481384277
5375,-180.05813667297363,0,0,300,0.1,3.459534168243408
5376,-76.07676292419433,0,0,251,0.1,3.891690731048584
5377,-159.26900962829586,0,0,220,0.1,4.494752407073975
5378,-48.822179861864754,0,0,300,0.1,1.998244047164917
5379,-38.534363250732476,0,0,300,0.1,4.0760908126831055
5380,-34.764727401733396,0,0,191,0.1,5.11618185043335
5381,30.158673086389904,0,0,285,0.1,0.2038467526435852
5382,33.597445374801744,0,0,266,0.1,0.1949273645877838
5383,53.16171858608721,0,0,300,0.1,0.06609464436769485
5384,43.759965652488184,0,0,295,0.1,0.07006844133138657
5385,55.88815448131412,0,0,300,0.1,0.07429508119821548
5386,28.253090879824015,0,0,290,0.1,0.1099192202091217
5387,41.410987074524165,0,0,267,0.1,0.020502476021647453
5388,34.88945826470851,0,0,298,0.1,0.12555891275405884
5389,23.771982307936995,0,0,275,0.1,0.09637211263179779
5390,61.45009188279514,0,0,300,0.1,0.09335382282733917
5391,64.38349869739265,0,0,300,0.1,0.016922151669859886
5392,14.51063930168749,0,0,280,0.1,0.11480715870857239
5393,41.61271616980432,0,0,300,0.1,0.0967780202627182
5394,15.201028023958207,0,0,300,0.1,0.042511261999607086
5395,43.50690515890716,0,0,300,0.1,0.23545676469802856
5396,25.355761110652264,0,0,271,0.1,0.11405092477798462
5397,17.669421147406123,0,0,300,0.1,0.1318737119436264
5398,25.900754594653847,0,0,248,0.1,0.04046063497662544
5399,31.654576266407986,0,0,253,0.1,0.03891511633992195
5400,46.807203991636605,0,0,278,0.1,0.04102509841322899
5401,45.7946754488349,0,0,239,0.1,0.027320407330989838
5402,33.26678035259248,0,0,261,0.1,0.11538758128881454
5403,46.50746493894609,0,0,300,0.1,0.05131511390209198
5404,63.18519329458476,0,0,300,0.1,0.052157822996377945
5405,78.12637282639737,0,0,300,0.1,0.07390127331018448
5406,51.48477540779851,0,0,292,0.1,0.06254791468381882
5407,25.469151816219096,0,0,259,0.1,0.033083684742450714
5408,63.90578885706143,0,0,300,0.1,0.1504254788160324
5409,76.69754906348889,0,0,300,0.1,0.004964006133377552
5410,35.9185649805516,0,0,300,0.1,0.11152518540620804
5411,34.00815445825458,0,0,265,0.1,0.01731024496257305
5412,33.302153097093104,0,0,276,0.1,0.06735727936029434
5413,22.933412069082244,0,0,257,0.1,0.15936163067817688
5414,37.59075182020666,0,0,300,0.1,0.1437382698059082
5415,-47.105742494761834,0,0,300,0.1,0.0869995653629303
5416,39.01025429773142,0,0,274,0.1,0.09027896821498871
5417,-177.16382790485926,0,0,300,0.1,3.353257894515991
5418,-76.64746301810202,0,0,300,0.1,2.7997639179229736
5419,10.739261816563554,0,0,300,0.1,0.252972811460495
5420,72.98880715876808,0,0,300,0.1,0.08040288090705872
5421,62.786762590855325,0,0,300,0.1,0.01778768002986908
5422,33.897008732408274,0,0,290,0.1,0.09096889197826385
5423,64.15099685847761,0,0,300,0.1,0.11222197115421295
5424,67.21325859451667,0,0,300,0.1,0.004934965632855892
5425,64.20007254540918,0,0,300,0.1,0.06309191137552261
5426,71.30429783765221,0,0,291,0.1,0.006644604727625847
5427,47.61938844986262,0,0,289,0.1,0.04606029391288757
5428,30.823143728300963,0,0,276,0.1,0.12603801488876343
5429,67.7312630336359,0,0,300,0.1,0.10393458604812622
5430,64.08920005545019,0,0,293,0.1,0.02833566628396511
5431,-0.5611924993991941,0,0,280,0.1,0.11083003133535385
5432,35.286708136610656,0,0,277,0.1,0.09384120255708694
5433,2.8526022297144507,0,0,226,0.1,0.03477467969059944
5434,33.688787931203834,0,0,293,0.1,0.05659608542919159
5435,17.437339185923342,0,0,267,0.1,0.13989385962486267
5436,40.17318319380284,0,0,267,0.1,0.02840161696076393
5437,57.48926270574336,0,0,266,0.1,0.04107007756829262
5438,16.809605893045656,0,0,294,0.1,0.06257741153240204
5439,32.02673819139601,0,0,262,0.1,0.029627976939082146
5440,39.16978584676981,0,0,262,0.1,0.17542599141597748
5441,49.274501024708144,0,0,248,0.1,0.013471054844558239
5442,9.549120961651184,0,0,300,0.1,0.13786651194095612
5443,28.975337079018352,0,0,238,0.1,0.043772947043180466
5444,35.90099589448422,0,0,282,0.1,0.05103351175785065
5445,46.98398385529453,0,0,300,0.1,0.025177353993058205
5446,32.95261862829326,0,0,287,0.1,0.10883895307779312
5447,38.05419215112925,0,0,266,0.1,0.09054099023342133
5448,5.938626403408658,0,0,300,0.1,0.0348421111702919
5449,-99.8524630864514,0,0,300,0.1,0.6839120984077454
5450,-39.39312542835739,0,0,93,0.1,7.690582275390625
5451,-38.52481190601853,0,0,94,0.1,7.716003894805908
5452,-40.287282685437475,0,0,135,0.1,6.9541215896606445
5453,-150.10952404896284,0,0,91,0.1,8.332181930541992
5454,-112.17339627186323,0,0,91,0.1,8.37814998626709
5455,-168.86716023365523,0,1,125,0.1,7.054090976715088
5456,5.692166530489943,0,0,300,0.1,0.2779271602630615
5457,-39.72196571350096,0,0,122,0.1,7.200491428375244
5458,-36.413855361938474,0,0,170,0.1,6.278463840484619
5459,-103.69337666113505,0,0,300,0.1,2.902348756790161
5460,-206.65719746510052,0,1,116,0.1,7.356600284576416
5461,-170.69854092518358,0,1,93,0.1,6.989436149597168
5462,-50.151554489135734,0,0,142,0.1,7.0628886222839355
5463,-48.237067337036194,0,0,300,0.1,6.029266834259033
5464,-42.815696381726504,0,0,175,0.1,6.10622501373291
5465,-36.19874775806931,0,0,117,0.1,6.8319878578186035
5466,-53.17721737782037,0,0,300,0.1,5.761605262756348
5467,7.568100807666794,0,0,300,0.1,0.3419465720653534
5468,33.257999986410134,0,0,300,0.1,0.15296852588653564
5469,52.10828159544616,0,0,300,0.1,0.04657121002674103
5470,-43.404874536991,0,0,300,0.1,0.42376020550727844
5471,65.17135231208053,0,0,300,0.1,0.046795301139354706
5472,22.22345133103432,0,0,293,0.1,0.1422537863254547
5473,39.45650214076042,0,0,272,0.1,0.03293876722455025
5474,65.06597238376739,0,0,300,0.1,0.01829155534505844
5475,26.342941986918454,0,0,275,0.1,0.03909299522638321
5476,26.611499766185872,0,0,253,0.1,0.06110516935586929
5477,47.24603614598513,0,0,300,0.1,0.1356872171163559
5478,63.59446148231632,0,0,300,0.1,0.05120839551091194
5479,37.95578799001872,0,0,272,0.1,0.04809185490012169
5480,53.07571572462094,0,0,279,0.1,0.16555026173591614
5481,41.28329277053474,0,0,265,0.1,0.07068268954753876
5482,24.56783108934761,0,0,235,0.1,0.03248266130685806
5483,69.89974713530391,0,0,293,0.1,0.010091977193951607
5484,43.9273921340704,0,0,262,0.1,0.059716857969760895
5485,53.38130717225369,0,0,292,0.1,0.01691131480038166
5486,10.828892488330634,0,0,258,0.1,0.025796251371502876
5487,23.76598040699961,0,0,192,0.1,0.024719441309571266
5488,33.947325681298956,0,0,295,0.1,0.1380985975265503
5489,44.01302352637054,0,0,234,0.1,0.018135586753487587
5490,31.070526725053796,0,0,203,0.1,0.028068428859114647
5491,36.198064781874415,0,0,278,0.1,0.1595417857170105
5492,32.47927190862597,0,0,260,0.1,0.027764787897467613
5493,27.92942062899471,0,0,278,0.1,0.025005744770169258
5494,-13.6952035522461,0,0,300,0.1,2.7338008880615234
5495,50.73129694655539,0,0,261,0.1,0.06245017796754837
5496,76.39678227111696,0,0,300,0.1,0.03196103498339653
5497,45.49735400307923,0,0,266,0.1,0.046189505606889725
5498,34.18711304232477,0,0,218,0.1,0.032796066254377365
5499,19.06705732405186,0,0,275,0.1,0.10876882076263428
5500,35.81510675039144,0,0,259,0.1,0.10656429082155228
5501,46.88327103856951,0,0,269,0.1,0.05997931584715843
5502,12.86094266672665,0,0,300,0.1,0.10161171108484268
5503,-37.09954487720992,0,0,150,0.1,6.37218713760376
5504,-31.225659455456896,0,0,300,0.1,5.661215782165527
5505,-42.956039017834925,0,0,163,0.1,7.03631067276001
5506,-42.48089901844527,0,0,141,0.1,7.142525672912598
5507,-55.39492497364548,0,0,250,0.1,6.6385321617126465
5508,-40.209988145032185,0,0,138,0.1,7.047297954559326
5509,-30.30816700855759,0,0,157,0.1,6.009342670440674
5510,-37.93608166615034,0,0,163,0.1,5.981321334838867
5511,-42.711246003308545,0,0,148,0.1,6.370112419128418
5512,-46.02505978504673,0,0,300,0.1,5.798565864562988
5513,-38.70590817371871,0,0,166,0.1,6.398777961730957
5514,-32.48684407154587,0,0,139,0.1,6.434011936187744
5515,-23.833900956311446,0,0,300,0.1,5.07827615737915
5516,-29.534864167371,0,0,300,0.1,4.953516960144043
5517,32.86283003523944,0,0,274,0.1,0.053820427507162094
5518,74.2245095124841,0,0,300,0.1,0.027451448142528534
5519,38.42011742942034,0,0,288,0.1,0.06007467955350876
5520,43.68688256710768,0,0,255,0.1,0.03028438612818718
5521,36.69731895692647,0,0,279,0.1,0.054661814123392105
5522,38.93067920982835,0,0,252,0.1,0.048853710293769836
5523,70.5400728679448,0,0,300,0.1,0.09515257179737091
5524,37.640680369022306,0,0,271,0.1,0.040726009756326675
5525,58.17188692770896,0,0,300,0.1,0.07135787606239319
5526,35.38438820667563,0,0,252,0.1,0.035113025456666946
5527,63.39462649755179,0,0,272,0.1,0.013776293024420738
5528,36.11478100046514,0,0,253,0.1,0.026487257331609726
5529,55.424735736250874,0,0,300,0.1,0.03833097964525223
5530,41.03063368536532,0,0,264,0.1,0.10813010483980179
5531,28.92093880504366,0,0,291,0.1,0.2037769854068756
5532,71.4489333733916,0,0,300,0.1,0.012763632461428642
5533,47.41632983051247,0,0,291,0.1,0.10560177266597748
5534,30.025923915505413,0,0,300,0.1,0.20137666165828705
5535,36.17471211709085,0,0,259,0.1,0.23288527131080627
5536,63.448872775584455,0,0,297,0.1,0.05075838789343834
5537,30.540157011300316,0,0,262,0.1,0.07294628769159317
5538,25.960617083013062,0,0,263,0.1,0.18704360723495483
5539,29.87559868186711,0,0,267,0.1,0.17793254554271698
5540,42.12704114452004,0,0,256,0.1,0.03096756897866726
5541,71.97757415369149,0,0,294,0.1,0.011413595639169216
5542,33.20982608526946,0,0,264,0.1,0.025625595822930336
5543,73.4845540640503,0,0,300,0.1,0.032824210822582245
5544,38.474146739840506,0,0,295,0.1,0.3028833568096161
5545,64.20725267469876,0,0,299,0.1,0.1116274893283844
5546,44.24317115783692,0,0,273,0.1,0.0749032273888588
5547,62.90483151480552,0,0,300,0.1,0.04158033803105354
5548,49.55062839865685,0,0,300,0.1,0.1435365080833435
5549,-27.26305274486537,0,0,300,0.1,0.19810836017131805
5550,67.21250767052169,0,0,300,0.1,0.1356727033853531
5551,54.88636816665527,0,0,281,0.1,0.029214030131697655
5552,51.08138696610926,0,0,255,0.1,0.02948738820850849
5553,38.33382212344555,0,0,264,0.1,0.05216367170214653
5554,39.639125918000936,0,0,262,0.1,0.12792053818702698
5555,50.71693744421005,0,0,266,0.1,0.020615478977560997
5556,73.33011096894737,0,0,300,0.1,0.08239150792360306
5557,59.301126931011666,0,0,286,0.1,0.018371939659118652
5558,53.56301692217589,0,0,300,0.1,0.04701952263712883
5559,74.27104101248082,0,0,300,0.1,0.18842491507530212
5560,46.51629534929992,0,0,262,0.1,0.11118737608194351
5561,38.615375378206394,0,0,295,0.1,0.02755982242524624
5562,69.91209268346427,0,0,287,0.1,0.03657571226358414
5563,52.09530375525359,0,0,279,0.1,0.08480961620807648
5564,62.62143447101117,0,0,300,0.1,0.061727989464998245
5565,53.2748219524324,0,0,275,0.1,0.12369342148303986
5566,66.03190208688375,0,0,268,0.1,0.05757251754403114
5567,71.05941074639557,0,0,300,0.1,0.031233835965394974
5568,72.9684641250595,0,0,300,0.1,0.01087898574769497
5569,36.9156181676686,0,0,263,0.1,0.2515939474105835
5570,54.92322471164167,0,0,291,0.1,0.026886558160185814
5571,68.03979626446963,0,0,300,0.1,0.04641144350171089
5572,-18.60116856495408,0,0,150,0.1,4.045093059539795
5573,47.04588196150956,0,0,280,0.1,0.08976192772388458
5574,-55.76160743713378,0,0,160,0.1,5.057901859283447
5575,61.60575827449558,0,0,292,0.1,0.061346348375082016
5576,57.997914852947,0,0,300,0.1,0.04338458925485611
5577,56.55140629447996,0,0,300,0.1,0.14619219303131104
5578,-40.2813593761113,0,0,176,0.1,4.275140762329102
5579,13.640855710804466,0,0,267,0.1,0.12896285951137543
5580,56.58858055233957,0,0,300,0.1,0.12518732249736786
5581,17.814219806343328,0,0,245,0.1,0.002040666062384844
5582,32.24794621234759,0,0,289,0.1,0.044525884091854095
5583,61.48302207067607,0,0,300,0.1,0.03884130343794823
5584,73.36565822713074,0,0,300,0.1,0.04762707278132439
5585,36.489874560609444,0,0,264,0.1,0.10112876445055008
5586,39.117614956349136,0,0,272,0.1,0.04174190014600754
5587,25.26905624181035,0,0,300,0.1,0.06918018311262131
5588,22.593231213167307,0,0,286,0.1,0.0824056938290596
5589,70.04058456040913,0,0,300,0.1,0.06882460415363312
5590,35.65119789235294,0,0,262,0.1,0.028474466875195503
5591,53.738298971653016,0,0,292,0.1,0.02869628556072712
5592,48.35864069812003,0,0,300,0.1,0.49419301748275757
5593,48.96372751653193,0,0,286,0.1,0.07098416984081268
5594,25.475847215950502,0,0,281,0.1,0.040515340864658356
5595,27.461219188123955,0,0,268,0.1,0.11212000250816345
5596,38.59163406088946,0,0,273,0.1,0.018982740119099617
5597,41.67455790176987,0,0,283,0.1,0.20585618913173676
5598,27.708809608668094,0,0,263,0.1,0.13173586130142212
5599,17.920850960165275,0,0,262,0.1,0.25851163268089294
5600,71.56778146669276,0,0,295,0.1,0.027895081788301468
5601,68.37094050422306,0,0,300,0.1,0.136629119515419
5602,50.94392887473105,0,0,297,0.1,0.015083476901054382
5603,65.55464151751252,0,0,300,0.1,0.054583124816417694
5604,78.98390304166816,0,0,300,0.1,0.014239050447940826
5605,-41.88077117919923,0,0,112,0.1,6.402692794799805
5606,-36.58973411560059,0,0,113,0.1,6.2624335289001465
5607,-37.693461456298834,0,0,112,0.1,6.413365364074707
5608,79.39344023689627,0,0,300,0.1,0.053115036338567734
5609,61.55959470793605,0,0,300,0.1,0.21692144870758057
5610,17.91806149944663,0,0,300,0.1,0.0088276956230402
5611,59.98685950651763,0,0,300,0.1,0.12200411409139633
5612,28.78489309668541,0,0,289,0.1,0.04407479614019394
5613,56.05073017083106,0,0,300,0.1,0.11563652753829956
5614,66.65060401119291,0,0,300,0.1,0.03345978260040283
5615,49.74522282317279,0,0,289,0.1,0.13950997591018677
5616,33.325561631470926,0,0,245,0.1,0.03653966262936592
5617,68.40667898699635,0,0,300,0.1,0.0930916965007782
5618,51.33030184041707,0,0,300,0.1,0.07393570244312286
5619,64.06970792952926,0,0,300,0.1,0.10735676437616348
5620,49.37292700648306,0,0,248,0.1,0.015932703390717506
5621,61.681135094016796,0,0,300,0.1,0.027535153552889824
5622,71.2410580556095,0,0,300,0.1,0.029138918966054916
5623,40.171352737620495,0,0,267,0.1,0.10308916121721268
5624,31.009373686313616,0,0,268,0.1,0.07261504232883453
5625,52.91538796395063,0,0,300,0.1,0.2357224076986313
5626,60.15236660632303,0,0,300,0.1,0.060858238488435745
5627,18.199162354283096,0,0,263,0.1,0.04102516919374466
5628,79.36673092468637,0,0,300,0.1,0.05017082765698433
5629,11.220614691600188,0,0,208,0.1,0.05388607457280159
5630,62.80929062932723,0,0,275,0.1,0.04171097278594971
5631,41.87023821264505,0,0,268,0.1,0.02649393305182457
5632,80.2104606378823,0,0,300,0.1,0.06609171628952026
5633,40.544153431374625,0,0,291,0.1,0.1290908306837082
5634,63.524683912843486,0,0,300,0.1,0.24721115827560425
5635,14.704081290680929,0,0,300,0.1,0.044160060584545135
5636,73.18671662243082,0,0,300,0.1,0.0958305150270462
5637,38.83437897130845,0,0,265,0.1,0.023910710588097572
5638,32.40592652723193,0,0,237,0.1,0.017036091536283493
5639,26.954110414609296,0,0,264,0.1,0.02258923090994358
5640,42.99068269014358,0,0,266,0.1,0.025424115359783173
5641,24.70881510555742,0,0,270,0.1,0.04452025145292282
5642,55.24656007647511,0,0,300,0.1,0.07978273183107376
5643,35.59509488198907,0,0,259,0.1,0.10461805015802383
5644,15.26737802475699,0,0,270,0.1,0.07310102880001068
5645,57.10452720239755,0,0,300,0.1,0.03096061199903488
5646,19.935942084193236,0,0,260,0.1,0.04927504435181618
5647,38.0088605722785,0,0,258,0.1,0.17158721387386322
5648,27.540289204269655,0,0,278,0.1,0.021758321672677994
5649,49.33863210365174,0,0,289,0.1,0.06190943345427513
5650,57.37995669424535,0,0,295,0.1,0.013553310185670853
5651,34.49388420164586,0,0,223,0.1,0.027755210176110268
5652,26.480591757595562,0,0,220,0.1,0.020358581095933914
5653,62.779325954020045,0,0,300,0.1,0.08293915539979935
5654,46.90340756595134,0,0,292,0.1,0.021738335490226746
5655,39.58827500268817,0,0,289,0.1,0.07311631739139557
5656,33.94346501260995,0,0,269,0.1,0.12261900305747986
5657,36.83879781752825,0,0,225,0.1,0.03193042799830437
5658,45.29839851796626,0,0,259,0.1,0.033175598829984665
5659,74.27789405561977,0,0,300,0.1,0.1435038447380066
5660,69.6531912563741,0,0,275,0.1,0.03838842734694481
5661,44.272011480033385,0,0,267,0.1,0.011184997856616974
5662,22.538860996067527,0,0,280,0.1,0.05064864084124565
5663,54.167553710341444,0,0,300,0.1,0.09664773941040039
5664,18.93074407935144,0,0,297,0.1,0.18165135383605957
5665,30.11188563592731,0,0,293,0.1,0.22994109988212585
5666,30.786086143553263,0,0,294,0.1,0.14584852755069733
5667,42.79528722941875,0,0,300,0.1,0.12738211452960968
5668,51.80689666554327,0,0,291,0.1,0.051963627338409424
5669,42.65140217017384,0,0,266,0.1,0.0461897999048233
5670,71.2639973479509,0,0,300,0.1,0.11847278475761414
5671,39.04617156550288,0,0,281,0.1,0.17740336060523987
5672,40.18543822422623,0,0,261,0.1,0.05423174053430557
5673,55.5945582909882,0,0,300,0.1,0.04373876377940178
5674,93.19942089097565,0,0,300,0.1,0.004484413657337427
5675,37.893605127930634,0,0,215,0.1,0.025978095829486847
5676,80.11961960628624,0,0,284,0.1,0.04748751223087311
5677,44.167274228483436,0,0,277,0.1,0.07501253485679626
5678,69.78933151856064,0,0,300,0.1,0.06144358217716217
5679,46.223083293959505,0,0,234,0.1,0.046873535960912704
5680,63.69458391979337,0,0,300,0.1,0.08559883385896683
5681,47.41369650363921,0,0,260,0.1,0.01833638735115528
5682,29.63249287962914,0,0,256,0.1,0.08521493524312973
5683,38.73510144904254,0,0,269,0.1,0.12696649134159088
5684,36.012890194505445,0,0,261,0.1,0.03441275656223297
5685,35.82831807658083,0,0,246,0.1,0.03324287384748459
5686,28.281451752381876,0,0,266,0.1,0.020777607336640358
5687,68.00879629082979,0,0,290,0.1,0.013342400081455708
5688,24.838747277855877,0,0,300,0.1,0.02072848565876484
5689,56.19497652173041,0,0,300,0.1,0.033248066902160645
5690,-11.963962701660963,0,0,300,0.1,0.1267121136188507
5691,32.59964900940659,0,0,288,0.1,0.07778123021125793
5692,79.14248218521467,0,0,300,0.1,0.09235524386167526
5693,27.67165610730642,0,0,269,0.1,0.07197264581918716
5694,60.56981710784139,0,0,243,0.1,0.04089880362153053
5695,47.69092750318349,0,0,293,0.1,0.10008485615253448
5696,38.303769429996606,0,0,266,0.1,0.05724210664629936
5697,28.935551090687554,0,0,285,0.1,0.11007912456989288
5698,46.447605674564834,0,0,263,0.1,0.12230025231838226
5699,40.82035203665491,0,0,225,0.1,0.03156054764986038
5700,32.373659237697716,0,0,272,0.1,0.015532995574176311
5701,32.578577034026374,0,0,255,0.1,0.016378501430153847
5702,33.27304183453322,0,0,252,0.1,0.03642068803310394
5703,69.74816449511789,0,0,300,0.1,0.248790442943573
5704,36.113637083470806,0,0,255,0.1,0.05467691645026207
5705,36.21801317751408,0,0,261,0.1,0.03894723206758499
5706,25.738861117288472,0,0,277,0.1,0.1018390953540802
5707,39.71454415060579,0,0,291,0.1,0.03346133232116699
5708,27.23117273628712,0,0,217,0.1,0.040023308247327805
5709,81.80103063859042,0,0,300,0.1,0.14779996871948242
5710,66.73259483084075,0,0,284,0.1,0.026442723348736763
5711,76.7547437614202,0,0,300,0.1,0.06831227988004684
5712,68.28024618357418,0,0,269,0.1,0.012799907475709915
5713,45.71897972226142,0,0,300,0.1,0.21203139424324036
5714,31.6367451228201,0,0,263,0.1,0.02781704068183899
5715,75.79757786949162,0,0,300,0.1,0.07360777258872986
5716,8.801242888867922,0,0,273,0.1,0.13831128180027008
5717,56.990071291923535,0,0,300,0.1,0.039959874004125595
5718,42.927524925544866,0,0,258,0.1,0.13588909804821014
5719,37.234223444089274,0,0,247,0.1,0.06490746885538101
5720,82.4094473783672,0,0,300,0.1,0.21946321427822113
5721,59.847462659887974,0,0,300,0.1,0.19016653299331665
5722,71.68935364328324,0,0,300,0.1,0.042516592890024185
5723,20.439246028810757,0,0,254,0.1,0.17448334395885468
5724,37.25815044723451,0,0,255,0.1,0.004718462936580181
5725,9.721207358576383,0,0,270,0.1,0.1539594829082489
5726,15.573405946493155,0,0,199,0.1,0.037519797682762146
5727,62.104598693996614,0,0,272,0.1,0.03079102747142315
5728,59.46075359404085,0,0,300,0.1,0.02500602975487709
5729,45.00367097422482,0,0,263,0.1,0.084623783826828
5730,58.16301420584321,0,0,259,0.1,0.03119867853820324
5731,36.665371721982964,0,0,200,0.1,0.030841607600450516
5732,27.96501927606763,0,0,262,0.1,0.014011872932314873
5733,5.1914039713145534,0,0,260,0.1,0.21607796847820282
5734,21.535085774511117,0,0,265,0.1,0.07722178846597672
5735,48.65099678553643,0,0,300,0.1,0.08391065150499344
5736,38.67964742720127,0,0,290,0.1,0.21927380561828613
5737,5.142910060286614,0,0,262,0.1,0.055403273552656174
5738,55.34782297583297,0,0,300,0.1,0.007186276838183403
5739,47.01813963815565,0,0,300,0.1,0.08101899921894073
5740,34.32588433153928,0,0,222,0.1,0.043824151158332825
5741,55.686651311516776,0,0,268,0.1,0.04558197036385536
5742,69.2046445822716,0,0,271,0.1,0.026502570137381554
5743,38.648810036852964,0,0,203,0.1,0.022729238495230675
5744,55.3625327392668,0,0,300,0.1,0.053978510200977325
5745,10.257186827436179,0,0,253,0.1,0.11828948557376862
5746,78.7855461107194,0,0,300,0.1,0.0857519581913948
5747,10.61858086206027,0,0,218,0.1,0.014705909416079521
5748,64.95527803689242,0,0,271,0.1,0.04456184804439545
5749,32.513262405693546,0,0,213,0.1,0.023902051150798798
5750,20.125922720283263,0,0,254,0.1,0.019400496035814285
5751,44.737025084495556,0,0,257,0.1,0.032280948013067245
5752,85.88902028523378,0,0,300,0.1,0.0418211966753006
5753,87.21627926409235,0,0,300,0.1,0.04522373154759407
5754,65.32979286085816,0,0,300,0.1,0.05627230927348137
5755,50.616923835128524,0,0,287,0.1,0.034522440284490585
5756,76.21540480740366,0,0,281,0.1,0.03505311161279678
5757,88.35401940274976,0,0,300,0.1,0.058745089918375015
5758,38.361109055876746,0,0,270,0.1,0.0641128197312355
5759,46.141823144555055,0,0,256,0.1,0.01838064193725586
5760,35.69255561113359,0,0,300,0.1,0.13077516853809357
5761,29.926108609954834,0,0,231,0.1,0.04700770974159241
5762,51.28546014284715,0,0,267,0.1,0.04229743778705597
5763,44.87565632238983,0,0,268,0.1,0.01959884911775589
5764,37.7371875081956,0,0,237,0.1,0.04266379028558731
5765,28.149366438984867,0,0,224,0.1,0.014013328589498997
5766,48.08586045488713,0,0,230,0.1,0.04177834838628769
5767,44.16190019361669,0,0,257,0.1,0.033446088433265686
5768,34.0319710767269,0,0,263,0.1,0.03326873481273651
5769,31.63154470928013,0,0,233,0.1,0.008718665689229965
5770,39.307433642446995,0,0,222,0.1,0.01826748065650463
5771,31.92121152341366,0,0,198,0.1,0.035216402262449265
5772,71.41859357230362,0,0,300,0.1,0.11667000502347946
5773,51.345795374028384,0,0,260,0.1,0.015839554369449615
5774,40.01734881803394,0,0,269,0.1,0.1473892331123352
5775,30.001361738368864,0,0,278,0.1,0.030290205031633377
5776,29.751312136203055,0,0,281,0.1,0.06399381905794144
5777,35.79821423605085,0,0,227,0.1,0.022858772426843643
5778,62.59869070067999,0,0,274,0.1,0.02280229516327381
5779,46.92987699434162,0,0,261,0.1,0.025997916236519814
5780,25.65944303460418,0,0,262,0.1,0.04083109647035599
5781,69.55200070738795,0,0,300,0.1,0.08428896218538284
5782,23.81753586798905,0,0,270,0.1,0.07401155680418015
5783,38.898432071264835,0,0,254,0.1,0.048234228044748306
5784,41.61061084799468,0,0,263,0.1,0.04351430386304855
5785,45.65194635175169,0,0,284,0.1,0.013669372536242008
5786,13.698041447997099,0,0,265,0.1,0.02697141282260418
5787,56.28534102290872,0,0,300,0.1,0.016200976446270943
5788,22.554985863566404,0,0,222,0.1,0.03254569694399834
5789,31.493346449658283,0,0,264,0.1,0.01867913268506527
5790,86.98240572281178,0,0,300,0.1,0.015980156138539314
5791,43.55420253649353,0,0,273,0.1,0.06380853056907654
5792,71.62994383826849,0,0,264,0.1,0.02341950312256813
5793,39.593648106008786,0,0,242,0.1,0.022233035415410995
5794,50.401618166714904,0,0,286,0.1,0.081231027841568
5795,43.903877604454756,0,0,257,0.1,0.027185041457414627
5796,47.78401726961135,0,0,246,0.1,0.022449705749750137
5797,49.8600138746202,0,0,281,0.1,0.03724003583192825
5798,53.46514625702055,0,0,234,0.1,0.0037344780284911394
5799,47.54660594061014,0,0,297,0.1,0.05389218032360077
5800,77.8227252094447,0,0,300,0.1,0.05216113105416298
5801,52.648191354498266,0,0,231,0.1,0.04484592005610466
5802,61.89163544386625,0,0,255,0.1,0.01722112111747265
5803,41.48850605695509,0,0,284,0.1,0.0473785325884819
5804,42.03207132481039,0,0,275,0.1,0.08947625011205673
5805,28.340791894860107,0,0,269,0.1,0.4962533116340637
5806,19.24300263404845,0,0,211,0.1,0.025354474782943726
5807,39.2376735585928,0,0,229,0.1,0.02975216694176197
5808,14.602442379295882,0,0,234,0.1,0.04345698654651642
5809,45.6008339200169,0,0,269,0.1,0.03998733311891556
5810,35.882425214052205,0,0,256,0.1,0.024907412007451057
5811,83.11728469535706,0,0,300,0.1,0.021994849666953087
5812,46.37113355820998,0,0,262,0.1,0.014502902515232563
5813,45.61277039304376,0,0,239,0.1,0.019839147105813026
5814,42.20393165200949,0,0,264,0.1,0.021373778581619263
5815,10.099199710264795,0,0,270,0.1,0.2455255687236786
5816,51.3030865474045,0,0,291,0.1,0.037925705313682556
5817,55.40287140801547,0,0,261,0.1,0.021742522716522217
5818,64.0455187960714,0,0,300,0.1,0.09183817356824875
5819,51.01661242641508,0,0,246,0.1,0.03629690036177635
5820,81.99532058537,0,0,300,0.1,0.07156652212142944
5821,74.26320016380402,0,0,296,0.1,0.008654017932713032
5822,42.331810580045,0,0,258,0.1,0.03641263023018837
5823,62.32946753822266,0,0,261,0.1,0.03752085566520691
5824,45.64736494921147,0,0,267,0.1,0.11429400742053986
5825,39.50498192787171,0,0,282,0.1,0.03146154433488846
5826,37.12668036852031,0,0,226,0.1,0.010928233154118061
5827,53.39836594089865,0,0,290,0.1,0.03933459892868996
5828,41.695128683596835,0,0,255,0.1,0.017526833340525627
5829,54.2807682454586,0,0,300,0.1,0.10726577788591385
5830,27.235656435191622,0,0,258,0.1,0.2073381543159485
5831,54.97176463603974,0,0,250,0.1,0.02072736993432045
5832,77.73539546862246,0,0,300,0.1,0.021771682426333427
5833,45.38471367150543,0,0,241,0.1,0.019060637801885605
5834,27.11346913758669,0,0,295,0.1,0.08575439453125
5835,44.20047361627219,0,0,233,0.1,0.030737360939383507
5836,44.09892940998073,0,0,275,0.1,0.07635242491960526
5837,10.191785780340416,0,0,203,0.1,0.018234649673104286
5838,35.277085072919725,0,0,214,0.1,0.04600869491696358
5839,42.905195247530855,0,0,299,0.1,0.03041481412947178
5840,68.36959082093091,0,0,262,0.1,0.008951022289693356
5841,50.14679140195248,0,0,263,0.1,0.029852980747818947
5842,43.42495024606586,0,0,232,0.1,0.014398720115423203
5843,60.70510894834995,0,0,268,0.1,0.036908477544784546
5844,30.819145907610626,0,0,274,0.1,0.028517330065369606
5845,54.61690316714346,0,0,232,0.1,0.013370979577302933
5846,-8.917909816205409,0,0,214,0.1,0.02013329230248928
5847,63.11623311519621,0,0,300,0.1,0.006217387970536947
5848,32.45677408114075,0,0,273,0.1,0.07548688352108002
5849,14.95209086954597,0,0,256,0.1,0.0633235052227974
5850,68.30333412392062,0,0,300,0.1,0.009689356200397015
5851,-475.1518842315657,0,0,300,0.1,1.4979710578918457
5852,37.1059648777172,0,0,237,0.1,0.049973879009485245
5853,36.5512997038849,0,0,255,0.1,0.01729806512594223
5854,35.23215205326676,0,0,271,0.1,0.12812799215316772
5855,-28.263118934631343,0,0,220,0.1,3.265779733657837
5856,22.203917259871957,0,0,207,0.1,0.02901744470000267
5857,-56.388826370239265,0,0,300,0.1,3.2847065925598145
5858,-53.26513094186782,0,0,300,0.1,0.37954947352409363
5859,49.61043345002467,0,0,286,0.1,0.0014998993137851357
5860,-73.70043014526367,0,0,300,0.1,4.740107536315918
5861,-52.94129463195808,0,0,300,0.1,5.495323657989502
5862,-46.62309566497804,0,0,300,0.1,3.365773916244507
5863,33.80276818394659,0,0,285,0.1,0.03976425901055336
5864,-51.60824206431841,0,0,300,0.1,3.0797595977783203
5865,36.088512013852565,0,0,281,0.1,0.021058043465018272
5866,37.09555604457856,0,0,300,0.1,0.09585786610841751
5867,47.1426899413019,0,0,297,0.1,0.11470776796340942
5868,42.354844922721384,0,0,263,0.1,0.015156273730099201
5869,18.12271460995078,0,0,196,0.1,0.045055799186229706
5870,65.36553904935718,0,0,274,0.1,0.04133269563317299
5871,62.617103253304975,0,0,300,0.1,0.013463099487125874
5872,38.5684953825176,0,0,298,0.1,0.07183680683374405
5873,71.65844290435315,0,0,300,0.1,0.0786001980304718
5874,55.8091022139788,0,0,270,0.1,0.03337829187512398
5875,-20.84234275817872,0,0,300,0.1,2.5480856895446777
5876,-49.77991928100593,0,0,300,0.1,2.847479820251465
5877,-6.701604114100253,0,0,202,0.1,0.03724323585629463
5878,31.53830886632206,0,0,247,0.1,0.008672106079757214
5879,39.40721530489623,0,0,265,0.1,0.011617280542850494
5880,39.39629902131855,0,0,220,0.1,0.017991269007325172
5881,49.276387230306874,0,0,297,0.1,0.13403959572315216
5882,50.50983433097602,0,0,276,0.1,0.03579804301261902
5883,35.64995699010788,0,0,285,0.1,0.02297252044081688
5884,23.26118836760522,0,0,293,0.1,0.041319139301776886
5885,6.749628664255152,0,0,300,0.1,0.12649375200271606
5886,65.00459590598938,0,0,287,0.1,0.018624870106577873
5887,60.85743774066673,0,0,288,0.1,0.01119079627096653
5888,86.92026149861515,0,0,300,0.1,0.045499756932258606
5889,44.128457273840915,0,0,300,0.1,0.13593603670597076
5890,33.43511639982462,0,0,231,0.1,0.030585551634430885
5891,26.24422794118525,0,0,210,0.1,0.03356504067778587
5892,62.844473761767134,0,0,267,0.1,0.033364392817020416
5893,36.64437746241688,0,0,275,0.1,0.013317320495843887
5894,-232.36744885365044,0,0,97,0.1,8.519163131713867
5895,-46.749232852455,0,0,94,0.1,7.859210968017578
5896,-55.22615721544973,0,0,300,0.1,7.091030120849609
5897,-45.58257118780749,0,0,147,0.1,7.552147388458252
5898,-54.04160597562398,0,0,93,0.1,7.8223042488098145
5899,-45.791506259437426,0,0,91,0.1,7.837279319763184
5900,-212.33941010077137,0,1,169,0.1,8.586357116699219
5901,-53.09713110684953,0,0,93,0.1,7.818685531616211
5902,-74.38236120383212,0,0,91,0.1,7.583488464355469
5903,-77.00763928333787,0,0,114,0.1,8.224210739135742
5904,-49.58321133533981,0,0,91,0.1,7.9206037521362305
5905,-49.48579689025872,0,0,172,0.1,7.693949222564697
5906,-126.00172012329102,0,0,80,0.1,8.267930030822754
5907,-161.92645477294923,0,1,21,0.1,8.546613693237305
5908,-160.6,0,1,20,0.1,8.5
5909,-125.59167327880856,0,0,80,0.1,7.922918319702148
5910,-252.88400485118353,0,1,137,0.1,8.526200294494629
5911,-66.89522231500021,0,0,168,0.1,7.679800987243652
5912,-65.93789394060245,0,0,145,0.1,7.786177158355713
5913,-49.33753587007918,0,0,91,0.1,7.824981212615967
5914,-60.10360251824729,0,0,146,0.1,7.48689603805542
5915,-60.29772554238376,0,0,94,0.1,7.739033222198486
5916,-61.86034175554389,0,0,185,0.1,6.4192891120910645
5917,-49.9475202298204,0,0,91,0.1,7.9249773025512695
5918,-141.19829784393323,0,0,265,0.1,2.4595744609832764
5919,-27.10431953430175,0,0,36,0.1,7.2235798835754395
5920,-59.170271987915044,0,0,145,0.1,6.63756799697876
5921,-30.511830825805657,0,0,74,0.1,6.185457706451416
5922,-77.64410004536181,0,0,300,0.1,3.3883259296417236
5923,-63.682887802123986,0,0,142,0.1,4.605721950531006
5924,-60.04641160964992,0,0,300,0.1,1.7991029024124146
5925,-105.49367771148667,0,0,300,0.1,2.285919427871704
5926,-102.0188904039289,0,0,300,0.1,0.6506069898605347
5927,-68.62522615670358,0,0,300,0.1,0.525931715965271
5928,-102.21961012840252,0,0,300,0.1,0.4524025321006775
5929,-98.25346832275402,0,0,218,0.1,8.050867080688477
5930,-52.739471282958874,0,0,153,0.1,7.162367820739746
5931,-43.032754135131775,0,0,143,0.1,5.395688533782959
5932,-80.1728127288819,0,0,186,0.1,6.910703182220459
5933,-42.92875968933099,0,0,134,0.1,5.389689922332764
5934,-230.54012683868405,0,0,285,0.1,2.5625317096710205
5935,-90.13569969177253,0,0,226,0.1,6.548924922943115
5936,-247.71372650146512,0,0,146,0.1,5.058431625366211
5937,-49.64592887878416,0,0,132,0.1,5.218982219696045
5938,-186.54408966064454,0,0,226,0.1,4.796022415161133
5939,-72.57294830322255,0,0,224,0.1,6.433237075805664
5940,-28.205565719604497,0,0,105,0.1,6.481391429901123
5941,-29.315782394409176,0,0,114,0.1,6.743945598602295
5942,-33.51567059437303,0,0,116,0.1,6.803718566894531
5943,-32.30062666098539,0,0,116,0.1,6.720554828643799
5944,-32.55275159995025,0,0,114,0.1,7.68108606338501
5945,-147.39917205810553,0,0,211,0.1,4.977293014526367
5946,-36.76282051086417,0,0,300,0.1,4.6207051277160645
5947,-32.35641819874313,0,0,114,0.1,7.0114054679870605
5948,-27.503402680554572,0,0,300,0.1,6.385651588439941
5949,-24.92679945151264,0,0,300,0.1,5.374598026275635
5950,-38.667098752660145,0,0,300,0.1,6.0396728515625
5951,-60.21627464294437,0,0,268,0.1,6.829068660736084
5952,-52.72368650595618,0,0,300,0.1,0.3246868848800659
5953,-60.732920819920885,0,0,275,0.1,6.3836283683776855
5954,-32.10827140808105,0,0,111,0.1,6.952067852020264
5955,-56.29846722523236,0,0,227,0.1,6.934417724609375
5956,-71.04015090942373,0,0,296,0.1,7.190037727355957
5957,-42.447590607800734,0,0,173,0.1,6.609198570251465
5958,-55.94237561146285,0,0,210,0.1,6.750394821166992
5959,-50.817352523803706,0,0,189,0.1,6.769338130950928
5960,-55.08041137695316,0,0,300,0.1,6.597602844238281
5961,-37.32438896179198,0,0,113,0.1,6.711097240447998
5962,-149.33982351303098,0,0,300,0.1,0.9524558782577515
5963,-226.75073047637966,0,0,293,0.1,2.2601826190948486
5964,-181.4384743881226,0,1,177,0.1,2.4296185970306396
5965,-32.67464012145996,0,0,113,0.1,6.74616003036499
5966,-35.737735748291,0,0,125,0.1,7.121933937072754
5967,-92.74570129394523,0,0,300,0.1,3.066425323486328
5968,-55.87003643909954,0,0,185,0.1,7.012310028076172
5969,-220.28909784476252,0,0,300,0.1,1.2401726245880127
5970,-36.79269360462692,0,0,139,0.1,7.327974319458008
5971,-71.51849643707271,0,0,244,0.1,2.5246241092681885
5972,-51.165842314562525,0,0,117,0.1,8.096659660339355
5973,-30.59888585011032,0,0,94,0.1,7.319522380828857
5974,-42.54605557362105,0,0,175,0.1,7.446314811706543
5975,-172.68000442504874,0,0,247,0.1,5.465001106262207
5976,-69.76406656265227,0,0,300,0.1,0.13380110263824463
5977,-57.15219439586136,0,0,99,0.1,8.125747680664062
5978,-31.552635515528273,0,0,120,0.1,7.120260715484619
5979,-33.802195463976595,0,0,105,0.1,7.720747947692871
5980,-31.52150332530472,0,0,138,0.1,7.410574913024902
5981,-31.220633345446316,0,0,99,0.1,7.720357418060303
5982,-32.57853045543167,0,0,103,0.1,7.167331695556641
5983,-29.82749972423049,0,0,102,0.1,7.054574012756348
5984,-73.6836888416621,0,0,274,0.1,6.553621292114258
5985,-30.780864516100607,0,0,97,0.1,7.557915210723877
5986,-44.49652476390334,0,0,95,0.1,7.5718302726745605
5987,-40.65670664866897,0,0,88,0.1,7.641875743865967
5988,-40.77101809581252,0,0,116,0.1,6.8604536056518555
5989,-54.00568598826857,0,0,93,0.1,7.639120578765869
5990,-55.74306544383498,0,0,93,0.1,7.660965442657471
5991,-52.482185545763684,0,0,99,0.1,7.633245468139648
5992,-34.39076792796585,0,0,94,0.1,7.6278910636901855
5993,-31.242586059570307,0,0,99,0.1,7.268146514892578
5994,-111.31698043823243,0,0,204,0.1,6.8717451095581055
5995,-35.24361643870803,0,0,93,0.1,7.658603191375732
5996,-42.28985450744629,0,0,94,0.1,7.577463626861572
5997,-64.24114402770996,0,0,112,0.1,6.85028600692749
5998,-62.35026046752931,0,0,119,0.1,7.157565116882324
5999,-33.56611880382034,0,0,91,0.1,7.491728782653809
6000,-49.24897789001464,0,0,91,0.1,7.564744472503662
6001,-45.15006607055663,0,0,300,0.1,6.36751651763916
6002,-86.37479611317187,0,0,95,0.1,7.918499946594238
6003,-33.61694361766311,0,0,92,0.1,7.521934986114502
6004,-44.18143740733594,0,0,157,0.1,7.190558433532715
6005,-37.67702632029983,0,0,113,0.1,7.404455661773682
6006,-34.78030578613281,0,0,93,0.1,7.215076446533203
6007,-56.81212455749506,0,0,222,0.1,6.435531139373779
6008,-41.66725375255079,0,0,110,0.1,7.722012519836426
6009,-46.55763404846193,0,0,300,0.1,5.7194085121154785
6010,-430.4471689605713,0,1,179,0.1,4.514292240142822
6011,-58.51070857127649,0,0,300,0.1,6.250376224517822
6012,-28.70339866638183,0,0,110,0.1,6.560849666595459
6013,-92.71157160365287,0,0,300,0.1,0.23137137293815613
6014,111.72795379996298,1,0,193,0.1,0.06703903526067734
6015,79.60205275714405,1,0,232,0.1,0.06764353066682816
6016,67.51230803579095,1,0,244,0.1,0.2901085913181305
6017,30.194867830813898,0,0,300,0.1,0.5663729310035706
6018,-25.853518186219482,0,0,300,0.1,0.2221606820821762
6019,-35.58616225034786,0,0,270,0.1,0.060305796563625336
6020,169.76195982500118,1,0,225,0.1,0.07277335226535797
6021,113.02695400103136,1,0,221,0.1,0.3476952314376831
6022,-49.400181350707975,0,0,156,0.1,6.022545337677002
6023,-66.75197275639367,0,0,250,0.1,0.6067487001419067
6024,-124.06853248596195,0,0,218,0.1,3.0121331214904785
6025,-136.543534579277,0,0,300,0.1,0.2768004238605499
6026,-73.85857849806547,0,0,275,0.1,0.4547197222709656
6027,-35.7662483215332,0,0,210,0.1,2.541562080383301
6028,-35.59871716419724,0,0,99,0.1,7.664480209350586
6029,-28.534160995483397,0,0,91,0.1,7.22104024887085
6030,-50.481091928482066,0,0,300,0.1,0.6327729821205139
6031,-54.40983774542804,0,0,300,0.1,2.5902085304260254
6032,-30.99231872558594,0,0,107,0.1,6.598079681396484
6033,-50.6628691530227,0,0,289,0.1,1.2968348264694214
6034,-19.7522320270538,0,0,300,0.1,1.8416693210601807
6035,-32.7546290293334,0,0,300,0.1,0.8754043579101562
6036,-32.63220409840339,0,0,300,0.1,0.5825029015541077
6037,-73.222068119049,0,0,300,0.1,1.2014449834823608
6038,-21.351137119904166,0,0,300,0.1,0.07478735595941544
6039,-41.68181137084957,0,0,300,0.1,4.847952842712402
6040,-40.238648279309274,0,0,281,0.1,1.7351855039596558
6041,-70.99642156640948,0,0,300,0.1,0.17007870972156525
6042,-79.41002075195314,0,0,279,0.1,4.810005187988281
6043,0.628145454525942,0,0,300,0.1,0.6879096031188965
6044,-54.468369876146305,0,0,300,0.1,0.05279616266489029
6045,-27.600137528577115,0,0,91,0.1,7.449835300445557
6046,17.167202327325935,0,0,205,0.1,0.04743138700723648
6047,-29.300027084350567,0,0,300,0.1,4.8375067710876465
6048,7.465269082337596,0,0,222,0.1,0.09176864475011826
6049,4.594865866899526,0,0,300,0.1,0.9645748138427734
6050,-6.785935142040209,0,0,300,0.1,0.06808071583509445
6051,-35.63720204273728,0,0,95,0.1,7.531601428985596
6052,-30.767924241223607,0,0,92,0.1,7.274281978607178
6053,37.24335428871214,0,0,300,0.1,0.0445711612701416
6054,1.444503439441365,0,0,300,0.1,0.1814274936914444
6055,-18.190526998639026,0,0,300,0.1,0.07272215932607651
6056,-15.559486422538749,0,0,300,0.1,0.14940504729747772
6057,4.526242462396628,0,0,300,0.1,0.14597052335739136
6058,-22.31754177093506,0,0,165,0.1,3.7843854427337646
6059,-26.411047177612804,0,0,300,0.1,0.16730965673923492
6060,-8.872768468260784,0,0,275,0.1,0.27893468737602234
6061,-75.0683577728272,0,0,174,0.1,4.749589443206787
6062,-10.704105356931683,0,0,293,0.1,0.2753309905529022
6063,-41.695358428955025,0,0,199,0.1,6.4463396072387695
6064,-75.72406829833977,0,0,140,0.1,6.896017074584961
6065,-23.720698034959256,0,0,300,0.1,0.1182083785533905
6066,-43.2698887809091,0,0,300,0.1,4.409574031829834
6067,17.92436787724492,0,0,297,0.1,0.13143852353096008
6068,19.45510852895676,0,0,291,0.1,0.018278755247592926
6069,11.566971439421174,0,0,270,0.1,0.16119083762168884
6070,-24.114550530314414,0,0,300,0.1,0.0601000040769577
6071,78.92940783157937,0,0,278,0.1,0.10192027688026428
6072,26.600550080090763,0,0,255,0.1,0.1798783838748932
6073,9.535185959488146,0,0,280,0.1,0.2844999432563782
6074,28.01880321621896,0,0,300,0.1,0.23862102627754211
6075,37.793251222074055,0,0,300,0.1,0.06206970289349556
6076,45.4965322700888,0,0,300,0.1,0.011158214882016182
6077,-32.23586848338577,0,0,113,0.1,6.861666202545166
6078,26.156936575174335,0,0,300,0.1,0.17504602670669556
6079,35.56975237756967,0,0,292,0.1,0.10185565054416656
6080,23.010475409626945,0,0,270,0.1,0.07115091383457184
6081,-30.82388626098633,0,0,132,0.1,5.678471565246582
6082,-48.51874237060543,0,0,157,0.1,5.304685592651367
6083,-33.22153930664062,0,0,136,0.1,6.105384826660156
6084,15.90235374435786,0,0,283,0.1,0.2908332943916321
6085,-6.942555737495439,0,0,262,0.1,0.36069822311401367
6086,42.0463905453682,0,0,300,0.1,0.05786857753992081
6087,80.88295232661069,0,0,300,0.1,0.2434837371110916
6088,-6.8482674139737005,0,0,300,0.1,0.0911930650472641
6089,189.42229567676782,1,0,256,0.1,0.16955596208572388
6090,-2.6186960899829828,0,0,300,0.1,1.7485793828964233
6091,110.2912444972992,1,0,286,0.1,0.15051919221878052
6092,3.9399861788749653,0,0,300,0.1,0.09391503036022186
6093,-36.78419153898962,0,0,300,0.1,0.09476206451654434
6094,41.51469732791185,0,0,275,0.1,0.6537722945213318
6095,0.2998807033896327,0,0,298,0.1,0.30751311779022217
6096,26.672596570551367,0,0,273,0.1,0.03215258941054344
6097,66.48269190501425,0,0,249,0.1,0.06869246065616608
6098,27.208404910117387,0,0,264,0.1,0.02647959440946579
6099,122.96423622757203,0,0,275,0.1,0.3645048439502716
6100,-22.670103046894074,0,0,300,0.1,0.9404054284095764
6101,106.61516295909885,0,0,276,0.1,0.165916308760643
6102,2.120724443793299,0,0,233,0.1,0.10510720312595367
6103,-23.14109874114387,0,0,300,0.1,0.13725106418132782
6104,16.917355786264007,0,0,300,0.1,0.2801520824432373
6105,-26.432045812606777,0,0,300,0.1,0.7030114531517029
6106,-38.9696856689453,0,0,114,0.1,6.274921417236328
6107,-20.509964226484207,0,0,300,0.1,0.2209099978208542
6108,57.51718700170514,0,0,300,0.1,0.10899095982313156
6109,9.462832497358294,0,0,217,0.1,0.18093085289001465
6110,14.949856622666104,0,0,228,0.1,0.039844561368227005
6111,15.430502959787837,0,0,221,0.1,0.08301759511232376
6112,16.11273708671329,0,0,224,0.1,0.1469549685716629
6113,181.55867376803562,1,0,245,0.1,0.08263307809829712
6114,-27.823854370117186,0,0,125,0.1,6.225963592529297
6115,202.1265140260756,1,0,250,0.1,0.2563060522079468
6116,187.86586891591548,0,0,238,0.1,0.277634859085083
6117,-22.381442548036578,0,0,300,0.1,0.37769007682800293
6118,117.46021399945026,0,0,235,0.1,0.1346481442451477
6119,18.23739237636326,0,0,240,0.1,0.06348874419927597
6120,58.814664781093576,0,0,247,0.1,0.0658177062869072
6121,150.46105536401274,0,0,231,0.1,0.264985054731369
6122,-31.772375977039367,0,0,300,0.1,0.16992971301078796
6123,182.81352430492637,1,0,295,0.1,0.05365890637040138
6124,255.49600905818008,1,0,283,0.1,0.16969938576221466
6125,3.1405219388008296,0,0,300,0.1,0.2665761411190033
6126,2.199810690879823,0,0,214,0.1,0.17251388728618622
6127,-10.881428713202485,0,0,300,0.1,0.1050310730934143
6128,-27.49901828289034,0,0,216,0.1,0.3848936855792999
6129,179.7455845168233,0,0,285,0.1,0.19776800274848938
6130,-20.329678813219026,0,0,300,0.1,0.16503171622753143
6131,-16.632121999263777,0,0,193,0.1,0.09836551547050476
6132,251.88679690688852,1,0,234,0.1,0.2514043152332306
6133,118.48367391586314,0,0,300,0.1,0.06738422065973282
6134,190.7366034561395,0,0,235,0.1,0.12033538520336151
6135,129.8208853408695,0,0,235,0.1,0.05192264914512634
6136,106.72230692610148,0,0,228,0.1,0.060501255095005035
6137,174.24768570065498,0,0,221,0.1,0.11845950782299042
6138,-56.39416536688803,0,0,229,0.1,0.14433103799819946
6139,89.0208040519804,0,0,224,0.1,0.42959868907928467
6140,-58.29982950210569,0,0,220,0.1,1.6324573755264282
6141,-123.11754287719724,0,0,222,0.1,5.244385719299316
6142,-41.557287390279015,0,0,300,0.1,0.06111865118145943
6143,-32.85115522384646,0,0,219,0.1,0.31980451941490173
6144,190.2725389690266,0,0,300,0.1,0.3575725555419922
6145,-29.998958899974838,0,0,260,0.1,0.2595863938331604
6146,-24.406544331908222,0,0,239,0.1,0.7928820848464966
6147,158.50873576819896,1,0,198,0.1,0.31601208448410034
6148,206.5466298602442,1,0,237,0.1,0.042244892567396164
6149,219.78868482857942,1,0,222,0.1,0.06438875198364258
6150,10.92390632688998,0,0,201,0.1,0.11949481070041656
6151,19.116479693353167,0,0,215,0.1,0.03074532561004162
6152,2.685545860975969,0,0,215,0.1,0.20375019311904907
6153,110.64922599136835,0,0,243,0.1,0.14752539992332458
6154,6.595477831363675,0,0,203,0.1,0.16567927598953247
6155,115.11787782792007,0,0,251,0.1,0.33803829550743103
6156,-18.275118100345153,0,0,211,0.1,0.05436636134982109
6157,-76.71723280429839,0,0,236,0.1,0.4968082010746002
6158,205.7488287037611,1,0,206,0.1,0.19927647709846497
6159,-50.955783427357645,0,0,291,0.1,0.7787840962409973
6160,-27.225475158095332,0,0,237,0.1,0.5001566410064697
6161,160.60675437390807,1,0,210,0.1,0.06339941918849945
6162,110.31150576949123,0,0,223,0.1,0.24002502858638763
6163,0.25985703349111666,0,0,227,0.1,0.35985711216926575
6164,194.06008205413818,1,0,204,0.1,0.32629942893981934
6165,-11.221787738800053,0,0,240,0.1,0.5370195508003235
6166,-64.99055725932124,0,0,232,0.1,0.2767583429813385
6167,85.89722944885496,0,0,219,0.1,0.4877176284790039
6168,164.4446454989909,0,0,237,0.1,0.46815890073776245
6169,235.75501751542092,1,0,208,0.1,0.14208149909973145
6170,7.12367835730314,0,0,220,0.1,0.17446361482143402
6171,141.37181566178805,0,0,223,0.1,0.40419355034828186
6172,69.7266770912708,0,0,240,0.1,0.11037154495716095
6173,6.1589200240373465,0,0,216,0.1,0.14010301232337952
6174,-17.910552472174167,0,0,245,0.1,0.4957570433616638
6175,159.33010488688953,0,0,242,0.1,0.44191399216651917
6176,-15.333233441710494,0,0,213,0.1,0.08016311377286911
6177,-1.3173041921853932,0,0,231,0.1,0.5587335228919983
6178,116.65424131035813,0,0,285,0.1,0.07303382456302643
6179,255.68699279963974,1,0,209,0.1,0.2897929549217224
6180,172.00264054328204,1,0,195,0.1,0.23265470564365387
6181,259.76176683664323,1,0,203,0.1,0.18216601014137268
6182,-48.066475728460055,0,0,274,0.1,0.7326841354370117
6183,59.40678346157078,0,0,226,0.1,0.49814558029174805
6184,-10.207005853652946,0,0,227,0.1,0.6419059634208679
6185,113.20612109869724,0,0,212,0.1,0.21934425830841064
6186,-47.72467468261716,0,0,179,0.1,5.561168670654297
6187,246.8575870397687,1,0,206,0.1,0.25480157136917114
6188,89.65706167861822,0,0,210,0.1,0.4134661853313446
6189,25.296323224306096,0,0,249,0.1,0.20460636913776398
6190,192.99256096303463,1,0,191,0.1,0.2807895243167877
6191,105.29723814129834,0,0,249,0.1,0.35723546147346497
6192,99.32901318416003,0,0,236,0.1,0.2250029742717743
6193,-2.5159166747331736,0,0,223,0.1,0.2990388870239258
6194,120.25323978915817,0,0,210,0.1,0.3120681047439575
6195,-3.4717354936897618,0,0,220,0.1,0.6449158787727356
6196,-5.198164921402926,0,0,220,0.1,0.11930114775896072
6197,4.50074767708779,0,0,208,0.1,0.13697132468223572
6198,154.18864467844372,0,0,225,0.1,0.12414950132369995
6199,-20.764311981201168,0,0,54,0.1,6.453577995300293
6200,145.52605372518306,0,0,216,0.1,0.2174019068479538
6201,33.063506880998595,0,0,205,0.1,0.12009723484516144
6202,125.41398097045726,0,0,231,0.1,0.15800316631793976
6203,186.5198958468437,0,0,251,0.1,0.22387255728244781
6204,101.91866743773225,0,0,213,0.1,0.4010089933872223
6205,172.4374230223894,1,0,205,0.1,0.300547331571579
6206,224.1320104515552,0,0,220,0.1,0.15950098633766174
6207,-13.456240398138771,0,0,238,0.1,0.3401990830898285
6208,-10.91772665221244,0,0,235,0.1,0.7982682585716248
6209,135.60051776170735,0,0,222,0.1,0.1776127964258194
6210,117.88976170614367,0,0,227,0.1,0.29344096779823303
6211,6.220786486864099,0,0,231,0.1,0.08644013106822968
6212,10.47761777818204,0,0,207,0.1,0.16071468591690063
6213,96.3091026630998,0,0,210,0.1,0.3050123155117035
6214,103.87541652008895,0,0,210,0.1,0.3210251033306122
6215,-2.2137865364551685,0,0,234,0.1,0.25839224457740784
6216,-12.546575677841908,0,0,211,0.1,0.5141200423240662
6217,103.16068959653381,0,0,211,0.1,0.3547948896884918
6218,97.17710224390032,0,0,198,0.1,0.28903433680534363
6219,222.35598675191403,1,0,230,0.1,0.1654464155435562
6220,103.93808754354718,0,0,223,0.1,0.33318647742271423
6221,10.002596936821929,0,0,220,0.1,0.08127018064260483
6222,109.82050988972192,0,0,229,0.1,0.16210438311100006
6223,0.7805737504362956,0,0,211,0.1,0.1811758577823639
6224,14.431129494905457,0,0,214,0.1,0.05844251438975334
6225,-1.9071583116054485,0,0,214,0.1,0.1399531215429306
6226,-1.830440978109837,0,0,208,0.1,0.10317352414131165
6227,146.34274139702325,0,0,213,0.1,0.4054931104183197
6228,9.686166814044107,0,0,200,0.1,0.09317813068628311
6229,113.09610518626874,0,0,213,0.1,0.396368145942688
6230,181.36111280977727,0,0,226,0.1,0.1655372530221939
6231,29.796808272898204,0,0,211,0.1,0.4715973734855652
6232,11.36394769549369,0,0,212,0.1,0.14205732941627502
6233,29.541966530084636,0,0,256,0.1,0.723353385925293
6234,0.6727625238895277,0,0,211,0.1,0.22361049056053162
6235,26.512045902609835,0,0,252,0.1,0.21647657454013824
6236,126.33777502238758,0,0,227,0.1,0.4215105473995209
6237,126.20394765198238,0,0,212,0.1,0.20216841995716095
6238,1.0040598368644673,0,0,236,0.1,0.2219625860452652
6239,123.77540036261088,0,0,192,0.1,0.2635243833065033
6240,239.55450213208786,0,0,238,0.1,0.19811944663524628
6241,118.98939343810088,0,0,207,0.1,0.08236226439476013
6242,-2.8805192797630994,0,0,215,0.1,0.06149846687912941
6243,110.43833446130161,0,0,226,0.1,0.14304685592651367
6244,42.88266823172568,0,0,204,0.1,0.08839553594589233
6245,68.68004378974437,0,0,200,0.1,0.18285001814365387
6246,92.04686878442767,0,0,223,0.1,0.3667007088661194
6247,112.37254395931964,0,0,216,0.1,0.25433605909347534
6248,95.94419296205048,0,0,205,0.1,0.2866846024990082
6249,136.05690991520888,0,0,233,0.1,0.3702102303504944
6250,114.4363065665961,0,0,211,0.1,0.4604903757572174
6251,115.19966638486837,0,0,219,0.1,0.2504424750804901
6252,139.79934278890494,0,0,260,0.1,0.08004362881183624
6253,8.025494534522272,0,0,216,0.1,0.05927254259586334
6254,157.77136615991594,0,0,232,0.1,0.23774322867393494
6255,110.873118467629,0,0,211,0.1,0.4002711772918701
6256,68.37391963481906,0,0,218,0.1,0.18804466724395752
6257,-18.69655792236328,0,0,142,0.1,3.1316394805908203
6258,-66.21895327647658,0,0,94,0.1,8.077437400817871
6259,-34.87981959422561,0,0,91,0.1,7.852653980255127
6260,-79.50111483653518,0,0,90,0.1,8.00047779083252
6261,-55.61309123118855,0,0,93,0.1,7.58847188949585
6262,-64.12607012828323,0,0,93,0.1,7.939216613769531
6263,-41.671267958483426,0,0,92,0.1,7.79801607131958
6264,-42.671483488878934,0,0,91,0.1,8.048069953918457
6265,-32.88135485728713,0,0,91,0.1,7.518037796020508
6266,-35.28770266612503,0,0,92,0.1,7.7921247482299805
6267,-33.85662516673537,0,0,91,0.1,7.626855373382568
6268,-33.66650019725295,0,0,96,0.1,7.761824131011963
6269,-35.26291346629591,0,0,97,0.1,7.688427448272705
6270,-28.87438777049514,0,0,95,0.1,7.58379602432251
6271,-33.84706255992384,0,0,80,0.1,7.8419647216796875
6272,155.58456900537018,0,0,203,0.1,0.06472194939851761
6273,99.63659300804143,0,0,223,0.1,0.21245470643043518
6274,4.022719576852879,0,0,281,0.1,0.11955901980400085
6275,-4.962973523736001,0,0,238,0.1,0.0726877748966217
6276,-51.17667808532713,0,0,80,0.1,7.631669521331787
6277,9.609738396406186,0,0,296,0.1,0.24598143994808197
6278,-31.118532210192413,0,0,92,0.1,7.582332134246826
6279,-65.26052803039546,0,0,232,0.1,5.142632007598877
6280,107.97833773434166,0,0,207,0.1,0.06565210223197937
6281,51.92786117427059,0,0,274,0.1,0.04616827517747879
6282,102.03560108244422,0,0,208,0.1,0.09108088910579681
6283,98.56104820996528,0,0,251,0.1,0.051649633795022964
6284,5.699802819192413,0,0,203,0.1,0.03718966245651245
6285,37.713827920109026,0,0,238,0.1,0.13963572680950165
6286,-19.2242737110469,0,0,80,0.1,5.358767509460449
6287,-15.436455044448367,0,0,216,0.1,0.529373824596405
6288,183.9616106534004,0,0,253,0.1,0.3872029185295105
6289,95.84852076411251,0,0,211,0.1,0.43492478132247925
6290,-12.122818639278416,0,0,220,0.1,0.2793448865413666
6291,200.1344320526719,1,0,211,0.1,0.21397830545902252
6292,129.4668701064587,0,0,212,0.1,0.12519411742687225
6293,236.64025730974973,1,0,210,0.1,0.15951573848724365
6294,34.167441220879546,0,0,199,0.1,0.16516728699207306
6295,108.91666426479821,0,0,229,0.1,0.1628388613462448
6296,118.02217345103627,0,0,208,0.1,0.32591110467910767
6297,11.596439554989345,0,0,205,0.1,0.0270973090082407
6298,101.39620150208476,0,0,228,0.1,0.28873157501220703
6299,88.17025148928167,0,0,211,0.1,0.180646151304245
6300,-6.603581659197801,0,0,220,0.1,0.14326226711273193
6301,109.50302226394419,0,0,209,0.1,0.2502610385417938
6302,109.63818858414893,0,0,219,0.1,0.13029010593891144
6303,47.49443641483782,0,0,217,0.1,0.13004685938358307
6304,67.33800977408886,0,0,213,0.1,0.1603323519229889
6305,183.5718914055824,0,0,233,0.1,0.16569054126739502
6306,117.8725884404779,0,0,200,0.1,0.19851639866828918
6307,99.83881211474541,0,0,211,0.1,0.2712812125682831
6308,107.97389479994779,0,0,214,0.1,0.14857923984527588
6309,7.709968751668908,0,0,223,0.1,0.1179463192820549
6310,49.58566602468491,0,0,205,0.1,0.28754720091819763
6311,101.3144695529342,0,0,211,0.1,0.33594200015068054
6312,-20.3703182028234,0,0,250,0.1,0.46337825059890747
6313,94.18400117933753,0,0,201,0.1,0.05071252956986427
6314,243.28180831551555,1,0,209,0.1,0.06805917620658875
6315,2.762562517821787,0,0,221,0.1,0.0540192686021328
6316,173.41536162018778,0,0,242,0.1,0.2990884482860565
6317,90.2476499298215,0,0,210,0.1,0.14745017886161804
6318,1.4020571821927916,0,0,221,0.1,0.18696905672550201
6319,93.71650651305917,0,0,214,0.1,0.026430346071720123
6320,37.965312121734016,0,0,218,0.1,0.05322515219449997
6321,122.4711044529081,0,0,211,0.1,0.096532441675663
6322,216.81854881703853,1,0,202,0.1,0.12533898651599884
6323,93.96728258013728,0,0,210,0.1,0.19673746824264526
6324,116.7478210306168,0,0,219,0.1,0.180806964635849
6325,109.50241903424266,0,0,208,0.1,0.13162115216255188
6326,156.83770731613043,0,0,210,0.1,0.05734585225582123
6327,126.85289574280387,0,0,233,0.1,0.16494274139404297
6328,401.443207424879,1,0,247,0.1,0.2343730926513672
6329,125.87445719301707,0,0,218,0.1,0.10756588727235794
6330,17.97257777094841,0,0,218,0.1,0.04719400405883789
6331,31.524149660468098,0,0,214,0.1,0.04395947977900505
6332,8.714525247216214,0,0,205,0.1,0.10168413072824478
6333,109.55623042464262,0,0,262,0.1,0.14686201512813568
6334,9.129805423617361,0,0,204,0.1,0.05188200622797012
6335,129.5331870859862,0,0,208,0.1,0.03432072326540947
6336,162.67496710062028,0,0,225,0.1,0.09951389580965042
6337,100.63878709629182,0,0,226,0.1,0.36316660046577454
6338,139.2091089085304,0,0,215,0.1,0.3899839222431183
6339,10.55075969159602,0,0,196,0.1,0.09087994694709778
6340,106.63921991825109,0,0,206,0.1,0.1500854790210724
6341,5.30701989889143,0,0,244,0.1,0.176741361618042
6342,114.16563010513786,0,0,221,0.1,0.2894642651081085
6343,95.38426339268688,0,0,225,0.1,0.4039469361305237
6344,77.57228991270067,0,0,258,0.1,0.21341237425804138
6345,120.92150944359607,0,0,207,0.1,0.23946715891361237
6346,92.69965875327593,0,0,255,0.1,0.3733077943325043
6347,110.04364019513135,0,0,206,0.1,0.27508336305618286
6348,158.4410021981597,0,0,234,0.1,0.20030035078525543
6349,110.85128768265253,0,0,205,0.1,0.09216895699501038
6350,117.90553580313927,0,0,204,0.1,0.08229944109916687
6351,212.87586725011462,0,0,241,0.1,0.20752093195915222
6352,-19.265907820761193,0,0,226,0.1,0.560335099697113
6353,124.03335801392798,0,0,219,0.1,0.10138553380966187
6354,99.99313088044526,0,0,203,0.1,0.047179702669382095
6355,-16.391589007303114,0,0,217,0.1,0.4654080271720886
6356,-52.02648888483641,0,0,267,0.1,0.5416972041130066
6357,111.24665183335547,0,0,215,0.1,0.25188007950782776
6358,182.02296694159506,0,0,238,0.1,0.16739989817142487
6359,24.193411374688143,0,0,203,0.1,0.1309794932603836
6360,36.3487864595652,0,0,220,0.1,0.06356129795312881
6361,9.265015693902964,0,0,223,0.1,0.16117148101329803
6362,48.01016868412495,0,0,220,0.1,0.12091879546642303
6363,92.60413662672046,0,0,211,0.1,0.11625292897224426
6364,119.30820562720305,0,0,209,0.1,0.18671312928199768
6365,158.01513445347553,0,0,229,0.1,0.46179020404815674
6366,99.21338579435883,0,0,266,0.1,0.16882620751857758
6367,71.56306552052499,0,0,221,0.1,0.12154901027679443
6368,-9.890682290643422,0,0,202,0.1,0.03698450326919556
6369,78.57652333125475,0,0,217,0.1,0.021252790465950966
6370,103.69664461821321,0,0,203,0.1,0.131760835647583
6371,-17.202579637467835,0,0,300,0.1,0.14102962613105774
6372,189.39881856143475,1,0,231,0.1,0.042194776237010956
6373,64.73588749349118,0,0,209,0.1,0.12481236457824707
6374,252.2752273413539,1,0,212,0.1,0.07201652228832245
6375,105.46259600378578,0,0,214,0.1,0.34111571311950684
6376,105.73241253532473,0,0,224,0.1,0.4041946828365326
6377,15.803510387241818,0,0,223,0.1,0.16659586131572723
6378,102.07845710903412,0,0,202,0.1,0.09519749879837036
6379,104.01388370156292,0,0,209,0.1,0.15506583452224731
6380,-10.330366417169563,0,0,210,0.1,0.11430850625038147
6381,108.36726692691452,0,0,211,0.1,0.4916013479232788
6382,179.5236750757694,0,0,223,0.1,0.19947020709514618
6383,-25.54904403560655,0,0,273,0.1,0.6616929769515991
6384,305.083705301881,0,0,300,0.1,0.0914250910282135
6385,-36.199781523546896,0,0,78,0.1,6.645144462585449
6386,-34.14795138438673,0,0,64,0.1,7.09218692779541
6387,76.10250045090916,0,0,211,0.1,0.07966632395982742
6388,256.9539997678995,1,0,222,0.1,0.1240476444363594
6389,184.55681781768797,1,0,196,0.1,0.3272593319416046
6390,115.1575393658877,0,0,218,0.1,0.11997128278017044
6391,26.226927830576894,0,0,206,0.1,0.069469153881073
6392,144.82852288447324,0,0,227,0.1,0.12877169251441956
6393,67.18892583012583,0,0,210,0.1,0.40819621086120605
6394,10.836294392347334,0,0,206,0.1,0.09004076570272446
6395,4.722908576726932,0,0,216,0.1,0.11858926713466644
6396,-173.45112411499048,0,0,210,0.1,4.945281028747559
6397,113.53486005306249,0,0,215,0.1,0.10793694853782654
6398,124.47635708153254,0,0,209,0.1,0.19208602607250214
6399,97.721715130806,0,0,226,0.1,0.3657819330692291
6400,103.07196232378486,0,0,209,0.1,0.4351474344730377
6401,85.93276583433152,0,0,218,0.1,0.07855567336082458
6402,1.3217590670287591,0,0,203,0.1,0.04851282015442848
6403,107.90488720685248,0,0,227,0.1,0.07722653448581696
6404,83.60112479686742,0,0,188,0.1,0.25521689653396606
6405,-19.97697033802536,0,0,81,0.1,6.334043502807617
6406,110.56784670144324,0,0,240,0.1,0.25804537534713745
6407,198.40373779594898,1,0,183,0.1,0.20256713032722473
6408,-17.19001411229372,0,0,214,0.1,0.032605789601802826
6409,113.1531396067143,0,0,214,0.1,0.2097567319869995
6410,75.73547044962646,0,0,221,0.1,0.04077357053756714
6411,110.78164929449564,0,0,200,0.1,0.2434525340795517
6412,112.62669194191702,0,0,286,0.1,0.37475359439849854
6413,172.03622220158576,1,0,230,0.1,0.328058660030365
6414,187.1422736884653,0,0,234,0.1,0.16900797188282013
6415,231.81838644027715,1,0,226,0.1,0.3153359293937683
6416,28.136638672128328,0,0,204,0.1,0.01467044372111559
6417,124.93019957944756,0,0,202,0.1,0.06261096894741058
6418,-38.72521899302929,0,0,123,0.1,6.746503829956055
6419,191.73965187370774,0,0,219,0.1,0.11989182233810425
6420,108.44445605158825,0,0,246,0.1,0.12050620466470718
6421,191.64555439710617,1,0,200,0.1,0.237564817070961
6422,123.56244673535232,0,0,226,0.1,0.357981413602829
6423,80.60857708185915,0,0,240,0.1,0.40611353516578674
6424,-95.27291447559854,0,0,170,0.1,5.990529537200928
6425,86.44969484329226,0,0,194,0.1,0.03335842117667198
6426,23.408857263624654,0,0,207,0.1,0.061152324080467224
6427,-28.54617019087076,0,0,281,0.1,0.474861741065979
6428,-22.166721878051757,0,0,119,0.1,4.4016804695129395
6429,274.45681899264457,0,0,270,0.1,0.0324147567152977
6430,90.83957939770075,0,0,209,0.1,0.04668755456805229
6431,99.06537193998697,0,0,215,0.1,0.1380123496055603
6432,109.026284339726,0,0,215,0.1,0.3625698685646057
6433,97.67557473957542,0,0,202,0.1,0.13373808562755585
6434,174.21674891293048,0,0,232,0.1,0.07288316637277603
6435,134.3898734143377,0,0,218,0.1,0.0667879655957222
6436,52.98325936056675,0,0,199,0.1,0.04867393523454666
6437,-37.622732802233415,0,0,105,0.1,5.92338228225708
6438,51.33566606394951,0,0,213,0.1,0.09412894397974014
6439,-41.464019069671615,0,0,230,0.1,0.8010047674179077
6440,-20.965559903783255,0,0,91,0.1,5.751788139343262
6441,101.619983612299,0,0,200,0.1,0.18560688197612762
6442,-34.073605948290535,0,0,235,0.1,1.7836005687713623
6443,-20.284434462389672,0,0,100,0.1,5.656307697296143
6444,-36.804770537218744,0,0,124,0.1,5.993891716003418
6445,64.83876962065702,0,0,204,0.1,0.03373798727989197
6446,206.67228179514407,1,0,211,0.1,0.298316091299057
6447,129.30533584758646,0,0,212,0.1,0.2966879904270172
6448,-27.504631453356446,0,0,150,0.1,5.641356945037842
6449,-11.200977649688717,0,0,197,0.1,0.5902444124221802
6450,188.64226812861858,0,0,222,0.1,0.09660646319389343
6451,90.6311560338736,0,0,198,0.1,0.06707873940467834
6452,117.39320579513914,0,0,209,0.1,0.06311844289302826
6453,106.8824283200503,0,0,216,0.1,0.34699171781539917
6454,17.37649397566916,0,0,202,0.1,0.03492087125778198
6455,248.13641202561544,0,0,234,0.1,0.06580518186092377
6456,113.31522995024925,0,0,209,0.1,0.02571691945195198
6457,146.474261250794,0,0,286,0.1,0.08778468519449234
6458,105.00570447295908,0,0,223,0.1,0.3323002755641937
6459,113.35699329331526,0,0,214,0.1,0.06943372637033463
6460,69.62927567377687,0,0,213,0.1,0.06529127806425095
6461,236.20216628432274,1,0,198,0.1,0.31572219729423523
6462,-30.863675490221706,0,0,113,0.1,7.36611795425415
6463,165.588762049675,0,0,248,0.1,0.14903119206428528
6464,42.49354948043822,0,0,227,0.1,0.21407251060009003
6465,-6.626233034133908,0,0,203,0.1,0.18798838555812836
6466,84.13068918913604,0,0,214,0.1,0.06761877238750458
6467,149.01835579060022,0,0,238,0.1,0.17040255665779114
6468,244.97792811378827,0,0,239,0.1,0.11400441080331802
6469,-20.012830429077145,0,0,49,0.1,6.395707607269287
6470,108.47834764391189,0,0,194,0.1,0.06135614961385727
6471,64.3127711185813,0,0,213,0.1,0.08336437493562698
6472,111.48640029072767,0,0,199,0.1,0.29175782203674316
6473,112.9266410541535,0,0,200,0.1,0.4118582606315613
6474,-143.93971139907845,0,0,191,0.1,1.9049278497695923
6475,9.959627713561048,0,0,196,0.1,0.14276084303855896
6476,68.80053905010227,0,0,242,0.1,0.37465447187423706
6477,-24.061500396728512,0,0,49,0.1,6.430375099182129
6478,300.1486832588912,1,0,237,0.1,0.0832272544503212
6479,172.2775960958004,1,0,188,0.1,0.23758089542388916
6480,107.24689461387699,0,0,218,0.1,0.041220102459192276
6481,95.24857695549733,0,0,202,0.1,0.05921369045972824
6482,105.1933831864596,0,0,202,0.1,0.0880822017788887
6483,100.31244256913665,0,0,210,0.1,0.11187339574098587
6484,88.66188296020034,0,0,209,0.1,0.09439264982938766
6485,83.44684704417365,0,0,202,0.1,0.023080790415406227
6486,-26.92222415050002,0,0,219,0.1,1.9507551193237305
6487,122.75137826427823,0,0,209,0.1,0.24940788745880127
6488,102.55969071745876,0,0,219,0.1,0.19028586149215698
6489,112.46989658594137,0,0,202,0.1,0.07408858835697174
6490,105.34656629301611,0,0,202,0.1,0.2518448531627655
6491,136.2812358510495,0,0,229,0.1,0.3383278548717499
6492,112.53489326171584,0,0,219,0.1,0.3457433581352234
6493,110.60757908225064,0,0,207,0.1,0.10073605924844742
6494,119.91392369426794,0,0,194,0.1,0.08864108473062515
6495,25.148543798923516,0,0,207,0.1,0.03658992424607277
6496,105.04539273068312,0,0,218,0.1,0.14222630858421326
6497,-19.59612464904785,0,0,86,0.1,5.211531162261963
6498,-10.971181436777112,0,0,214,0.1,0.09091561287641525
6499,141.8338371133805,0,0,199,0.1,0.2290029227733612
6500,175.3162110114098,1,0,217,0.1,0.29191672801971436
6501,174.3554159666598,0,0,226,0.1,0.16596457362174988
6502,101.61974607437853,0,0,203,0.1,0.04079519584774971
6503,-17.778371658325195,0,0,79,0.1,5.547092914581299
6504,119.16457539856441,0,0,220,0.1,0.20360678434371948
6505,115.21278525590903,0,0,223,0.1,0.38283535838127136
6506,176.7292483061552,0,0,217,0.1,0.10732334107160568
6507,184.33206329166887,0,0,216,0.1,0.03946508467197418
6508,107.19986348271374,0,0,213,0.1,0.2810378968715668
6509,60.39467357456684,0,0,233,0.1,0.09020797163248062
6510,172.49408530041578,0,0,221,0.1,0.08133937418460846
6511,134.467203167826,0,0,230,0.1,0.055928248912096024
6512,86.29714421570306,0,0,236,0.1,0.3333202600479126
6513,106.28791766658429,0,0,218,0.1,0.2941735088825226
6514,195.9369184604287,0,0,226,0.1,0.1157289519906044
6515,79.03256398677827,0,0,204,0.1,0.047056056559085846
6516,-21.306295013427732,0,0,106,0.1,4.614073753356934
6517,89.48237059578314,0,0,230,0.1,0.05320720374584198
6518,99.49052965611223,0,0,200,0.1,0.3056913912296295
6519,220.58920975532382,1,0,215,0.1,0.15835623443126678
6520,183.20930264949797,1,0,208,0.1,0.07017949223518372
6521,152.8175911807269,0,0,225,0.1,0.02814146876335144
6522,155.00180650174622,0,0,227,0.1,0.1523091346025467
6523,96.04550079762937,0,0,209,0.1,0.07203661650419235
6524,110.44940661504869,0,0,200,0.1,0.008046041242778301
6525,119.7683840275184,0,0,208,0.1,0.04514387622475624
6526,165.4486921975018,0,0,243,0.1,0.24984367191791534
6527,33.715318816602206,0,0,271,0.1,0.31880566477775574
6528,115.1942847168446,0,0,201,0.1,0.04332474246621132
6529,228.5019546002894,0,0,237,0.1,0.0969819501042366
6530,137.5618982827664,0,0,212,0.1,0.04372451454401016
6531,300.26407005727293,0,0,248,0.1,0.08435667306184769
6532,154.7171333622933,0,0,212,0.1,0.1250210851430893
6533,62.522993971109386,0,0,208,0.1,0.33011749386787415
6534,258.4300205053389,1,0,212,0.1,0.08407611399888992
6535,193.2289168679714,1,0,220,0.1,0.13663539290428162
6536,173.44408580958844,0,0,234,0.1,0.40716031193733215
6537,101.41367450714115,0,0,197,0.1,0.07339809089899063
6538,-40.55786070168012,0,0,221,0.1,0.1260720044374466
6539,257.871431761086,1,0,221,0.1,0.16067864000797272
6540,260.8387378531695,1,0,232,0.1,0.1404609978199005
6541,104.50021836876874,0,0,197,0.1,0.12348613142967224
6542,132.53498898958793,0,0,214,0.1,0.10023961961269379
6543,98.03861157149079,0,0,217,0.1,0.03946072608232498
6544,124.54947878062731,0,0,197,0.1,0.03763464093208313
6545,-133.52270689010626,0,0,300,0.1,1.5306767225265503
6546,-44.07039810180664,0,0,89,0.1,7.57759952545166
6547,-16.04464328289823,0,0,210,0.1,0.46735531091690063
6548,106.49109086781745,0,0,207,0.1,0.09062644094228745
6549,68.1514238506557,0,0,250,0.1,0.3101634383201599
6550,79.84748106807477,0,0,226,0.1,0.0925946831703186
6551,83.94871140241624,0,0,221,0.1,0.2909831404685974
6552,119.52893165439372,0,0,205,0.1,0.10680441558361053
6553,187.21342568226154,0,0,226,0.1,0.14036326110363007
6554,93.17902416810396,0,0,203,0.1,0.024658069014549255
6555,301.74150041371587,1,0,205,0.1,0.06950513273477554
6556,78.76316645979885,0,0,211,0.1,0.18401354551315308
6557,-19.610130386352537,0,0,44,0.1,6.570032596588135
6558,93.47737036272888,0,0,212,0.1,0.24814388155937195
6559,114.39184161156422,0,0,213,0.1,0.11970937252044678
6560,104.46864127874379,0,0,237,0.1,0.326416015625
6561,141.26575400114064,0,0,229,0.1,0.2307135909795761
6562,93.66434093713765,0,0,208,0.1,0.325364887714386
6563,203.96209026098248,0,0,217,0.1,0.14970368146896362
6564,169.36966142460705,0,0,214,0.1,0.048393432050943375
6565,161.98879679545763,0,0,222,0.1,0.3925243318080902
6566,101.72160525202756,0,0,203,0.1,0.02170535922050476
6567,109.02424013018613,0,0,214,0.1,0.24393561482429504
6568,187.14213216185567,0,0,207,0.1,0.22966645658016205
6569,118.88497873544702,0,0,220,0.1,0.24813830852508545
6570,161.09840198248628,0,0,226,0.1,0.06502769887447357
6571,155.59927220329647,0,0,231,0.1,0.03757217898964882
6572,208.95195384889837,0,0,236,0.1,0.023404588922858238
6573,206.2159875428676,0,0,219,0.1,0.1714957356452942
6574,318.87597713828103,0,0,263,0.1,0.08439905941486359
6575,221.84671719938507,0,0,249,0.1,0.2904402017593384
6576,213.22861876994367,0,0,224,0.1,0.08642515540122986
6577,88.98881548047069,0,0,201,0.1,0.10488022118806839
6578,106.67493323117499,0,0,215,0.1,0.18298397958278656
6579,96.49895557135346,0,0,208,0.1,0.07936762273311615
6580,86.17705549955372,0,0,205,0.1,0.21096505224704742
6581,306.91423190295706,0,0,251,0.1,0.10249413549900055
6582,100.38598867505793,0,0,192,0.1,0.055650535970926285
6583,150.83377343535426,0,0,201,0.1,0.17403633892536163
6584,177.160670849383,0,0,261,0.1,0.18174618482589722
6585,124.900982978195,0,0,225,0.1,0.26894962787628174
6586,-52.23428180694579,0,0,173,0.1,2.73857045173645
6587,81.6852087801695,0,0,223,0.1,0.2885407507419586
6588,107.72568224310879,0,0,197,0.1,0.1026022732257843
6589,233.4135896968841,0,0,250,0.1,0.2975583076477051
6590,97.695175883472,0,0,207,0.1,0.034728698432445526
6591,-51.59038302501174,0,0,39,0.1,7.84029483795166
6592,-30.63694407542678,0,0,44,0.1,7.71443510055542
6593,268.4146204540133,0,0,261,0.1,0.08515343815088272
6594,-56.57538088878126,0,0,58,0.1,7.806544303894043
6595,-76.44790988048048,0,0,50,0.1,7.972176551818848
6596,-102.18431451082627,0,0,91,0.1,8.096675872802734
6597,113.84898341894154,0,0,214,0.1,0.17319442331790924
6598,-137.55234322786728,0,0,102,0.1,8.043683052062988
6599,-126.80702492952739,0,0,80,0.1,8.327353477478027
6600,-86.48954284112327,0,0,154,0.1,7.955881118774414
6601,-59.86483828624221,0,0,42,0.1,8.046408653259277
6602,-94.47368426958192,0,0,162,0.1,7.762624740600586
6603,-131.04471032937101,0,0,80,0.1,8.470779418945312
6604,-50.49353738069927,0,0,177,0.1,5.003981590270996
6605,-50.83551699717964,0,0,131,0.1,5.251578330993652
6606,-54.05328227122756,0,0,80,0.1,7.758519649505615
6607,-48.54390116771193,0,0,144,0.1,4.206174373626709
6608,-61.04630763133491,0,0,146,0.1,4.929275989532471
6609,-216.2338003071162,0,1,101,0.1,6.458649158477783
6610,-168.93861224254115,0,0,109,0.1,6.789852142333984
6611,-53.70142245372265,0,0,80,0.1,7.6730546951293945
6612,-125.13501765330756,0,0,151,0.1,7.901453495025635
6613,-602.0109016712514,0,0,300,0.1,6.442924499511719
6614,-105.12476760864257,0,0,80,0.1,7.8886919021606445
6615,-66.79764643748729,0,0,80,0.1,7.969610691070557
6616,-230.34878463745133,0,0,80,0.1,8.724696159362793
6617,-94.25978610118355,0,0,80,0.1,7.820145606994629
6618,-552.9689084919308,0,0,300,0.1,5.5049262046813965
6619,-182.0220028217652,0,0,300,0.1,5.595699787139893
6620,-50.35357501109569,0,0,177,0.1,5.518592834472656
6621,-30.05862182617187,0,0,34,0.1,7.404655456542969
6622,-40.655370148816374,0,0,53,0.1,7.813643455505371
6623,-36.45144805908202,0,0,35,0.1,7.400362014770508
6624,-36.68834159851073,0,0,41,0.1,7.5520853996276855
6625,-21.304349670410154,0,0,22,0.1,7.448587417602539
6626,-27.17451499938964,0,0,32,0.1,7.171128749847412
6627,-21.620035828748016,0,0,57,0.1,6.672309875488281
6628,-22.087257843017575,0,0,22,0.1,7.4018144607543945
6629,-65.93493763844046,0,0,112,0.1,7.443535327911377
6630,-41.763250474133756,0,0,91,0.1,7.598113536834717
6631,-37.87562167247267,0,0,96,0.1,5.5616044998168945
6632,76.53182782173157,0,0,200,0.1,0.12255530059337616
6633,-30.189220733642568,0,0,69,0.1,6.3423051834106445
6634,-135.73886242786912,0,0,156,0.1,5.022016525268555
6635,-92.11363223155486,0,0,231,0.1,6.456107139587402
6636,-54.94535571177928,0,0,137,0.1,7.531538009643555
6637,-46.058656493029304,0,0,186,0.1,4.877363204956055
6638,-40.09660822947952,0,0,80,0.1,7.5668511390686035
6639,-165.77142291148647,0,0,193,0.1,4.4280548095703125
6640,-70.55644091685754,0,0,254,0.1,6.364309310913086
6641,-86.5877781208369,0,0,230,0.1,5.637143611907959
6642,-82.02707095225782,0,0,187,0.1,4.766966819763184
6643,82.74272035837176,0,0,200,0.1,0.028392454609274864
6644,-38.756441315808566,0,0,120,0.1,6.638911247253418
6645,-104.11197255054978,0,0,283,0.1,4.472794055938721
6646,189.75295076340433,0,0,237,0.1,0.36959367990493774
6647,99.77198655933145,0,0,220,0.1,0.32437944412231445
6648,117.49514813303954,0,0,209,0.1,0.10433594882488251
6649,161.07719506472353,0,0,260,0.1,0.17834526300430298
6650,176.06398486331105,0,0,221,0.1,0.2555859386920929
6651,97.37374292731289,0,0,205,0.1,0.2009972184896469
6652,-111.93003810882558,0,0,256,0.1,0.5045276284217834
6653,257.8778722667693,0,0,255,0.1,0.20752893388271332
6654,239.5186235934496,1,0,215,0.1,0.11782827973365784
6655,218.39242906063788,0,0,225,0.1,0.16430328786373138
6656,101.80914152354005,0,0,204,0.1,0.0640566349029541
6657,103.98647368252281,0,0,207,0.1,0.08512332290410995
6658,109.63502392590051,0,0,199,0.1,0.04022959992289543
6659,238.39595904499294,1,0,201,0.1,0.1860632300376892
6660,98.72875514447693,0,0,210,0.1,0.040402837097644806
6661,282.9852742195129,0,0,245,0.1,0.13597729802131653
6662,117.42642159760003,0,0,206,0.1,0.08889451622962952
6663,266.5470025144518,1,0,215,0.1,0.14490649104118347
6664,94.97500820815567,0,0,204,0.1,0.07873586565256119
6665,109.4737808644772,0,0,198,0.1,0.01929972507059574
6666,111.31747003555303,0,0,217,0.1,0.0791621059179306
6667,129.33491646818823,0,0,207,0.1,0.013593773357570171
6668,177.38809672236445,0,0,225,0.1,0.22551439702510834
6669,241.64952684581283,1,0,192,0.1,0.07620062679052353
6670,273.90545185804365,0,0,249,0.1,0.31732290983200073
6671,102.8088866695017,0,0,199,0.1,0.008662457577884197
6672,169.12482342541222,0,0,218,0.1,0.08717677742242813
6673,97.36369706034665,0,0,211,0.1,0.15937453508377075
6674,190.07884570002554,0,0,223,0.1,0.1614881306886673
6675,275.4168462479115,1,0,209,0.1,0.1148846447467804
6676,244.83424023270612,1,0,209,0.1,0.16208575665950775
6677,105.25048685766761,0,0,200,0.1,0.10700041800737381
6678,104.88764966011051,0,0,201,0.1,0.13050693273544312
6679,101.53473654687409,0,0,198,0.1,0.07552415877580643
6680,96.8603807356209,0,0,202,0.1,0.015378315933048725
6681,109.76710645079618,0,0,215,0.1,0.07929002493619919
6682,222.83019474685187,0,0,227,0.1,0.028991829603910446
6683,84.67880990266802,0,0,209,0.1,0.06786961108446121
6684,103.10176428407436,0,0,245,0.1,0.22267140448093414
6685,87.02751781731847,0,0,204,0.1,0.056464459747076035
6686,100.36509317226712,0,0,204,0.1,0.1314179003238678
6687,80.668524264209,0,0,228,0.1,0.055894866585731506
6688,-0.46880446758121064,0,0,215,0.1,0.09571530669927597
6689,121.77035635590559,0,0,200,0.1,0.21064142882823944
6690,238.4777504152059,0,0,237,0.1,0.12800760567188263
6691,121.32643410667782,0,0,206,0.1,0.151459738612175
6692,123.46666409447796,0,0,197,0.1,0.2224978655576706
6693,124.3590116409958,0,0,206,0.1,0.22132979333400726
6694,106.74839169561868,0,0,212,0.1,0.03476407751441002
6695,181.52145960599182,0,0,207,0.1,0.05648862197995186
6696,164.4072653475404,0,0,222,0.1,0.21552233397960663
6697,90.83540855139496,0,0,211,0.1,0.09188687056303024
6698,342.94293949425236,0,0,269,0.1,0.10595082491636276
6699,122.96465063922113,0,0,209,0.1,0.062255971133708954
6700,265.5551733160018,0,0,248,0.1,0.061518292874097824
6701,148.53348250508313,0,0,218,0.1,0.10479119420051575
6702,91.56770124837759,0,0,201,0.1,0.015333794988691807
6703,124.32469878092415,0,0,202,0.1,0.036703526973724365
6704,99.09968426655982,0,0,206,0.1,0.049152523279190063
6705,120.89351390242582,0,0,227,0.1,0.10013530403375626
6706,112.67057523682718,0,0,193,0.1,0.0812033861875534
6707,147.31356107831004,0,0,211,0.1,0.23394083976745605
6708,100.60225110530858,0,0,209,0.1,0.15417489409446716
6709,106.17722062215213,0,0,203,0.1,0.060880959033966064
6710,100.09257695943121,0,0,210,0.1,0.046948954463005066
6711,63.756386194825176,0,0,300,0.1,0.11548680812120438
6712,-26.11170288085936,0,0,59,0.1,6.475425720214844
6713,91.22725994110111,0,0,251,0.1,0.202998548746109
6714,64.13571772158149,0,0,227,0.1,0.11695955693721771
6715,-21.054133377075193,0,0,60,0.1,6.148533344268799
6716,162.07226187616587,0,0,230,0.1,0.07566981762647629
6717,127.0674659105391,0,0,210,0.1,0.10482117533683777
6718,85.44523684926332,0,0,200,0.1,0.04102987051010132
6719,166.4459324550629,0,0,217,0.1,0.03661544620990753
6720,176.62209323510527,0,0,228,0.1,0.03381133824586868
6721,88.08680749863389,0,0,217,0.1,0.034071166068315506
6722,93.53908978939063,0,0,227,0.1,0.059836458414793015
6723,111.21047176301484,0,0,209,0.1,0.26066288352012634
6724,107.15768233090644,0,0,209,0.1,0.33458662033081055
6725,123.1231749283616,0,0,216,0.1,0.16318824887275696
6726,131.17483361467725,0,0,214,0.1,0.0758386105298996
6727,71.55070215210321,0,0,215,0.1,0.07702276110649109
6728,93.862555680275,0,0,203,0.1,0.09193798899650574
6729,107.59393478670627,0,0,194,0.1,0.006487153936177492
6730,171.1493966373056,0,0,211,0.1,0.01979035511612892
6731,189.24635618805883,0,0,219,0.1,0.18900354206562042
6732,150.45871025383482,0,0,300,0.1,0.0772080272436142
6733,313.7341514442863,0,0,265,0.1,0.07571427524089813
6734,-46.02133918538688,0,0,267,0.1,0.5135781764984131
6735,196.93583391606805,0,0,228,0.1,0.033734071999788284
6736,110.164730995521,0,0,192,0.1,0.038608141243457794
6737,198.93187856107946,0,0,210,0.1,0.01186661422252655
6738,104.91386655285959,0,0,206,0.1,0.018858296796679497
6739,85.43433325320484,0,0,197,0.1,0.0526404045522213
6740,177.39974270939828,0,0,225,0.1,0.04199453815817833
6741,172.56427968084813,0,0,206,0.1,0.09776205569505692
6742,-20.36441772460937,0,0,52,0.1,6.296104431152344
6743,117.10737421184784,0,0,207,0.1,0.08259089291095734
6744,77.51767165660858,0,0,216,0.1,0.13865624368190765
6745,102.27980378508572,0,0,195,0.1,0.05779366195201874
6746,162.2011150479317,0,0,218,0.1,0.2189556062221527
6747,155.15030168652538,0,0,201,0.1,0.10144352167844772
6748,96.35534719556573,0,0,201,0.1,0.029432671144604683
6749,67.93768744111061,0,0,209,0.1,0.172245591878891
6750,100.3008179304004,0,0,211,0.1,0.04897581413388252
6751,130.9192638571561,0,0,220,0.1,0.2895447015762329
6752,103.94930143401031,0,0,204,0.1,0.022191552445292473
6753,-50.74941366672513,0,0,208,0.1,0.40385591983795166
6754,116.85932574093347,0,0,205,0.1,0.048785414546728134
6755,84.90377626180654,0,0,209,0.1,0.062345631420612335
6756,-20.378441696166988,0,0,49,0.1,6.374610424041748
6757,101.71056275069724,0,0,207,0.1,0.14164620637893677
6758,114.07854386880999,0,0,215,0.1,0.22527027130126953
6759,131.94146050680436,0,0,226,0.1,0.0656539648771286
6760,104.58336897477511,0,0,202,0.1,0.010410036891698837
6761,118.57846369564538,0,0,198,0.1,0.050442036241292953
6762,163.98372862398628,0,0,223,0.1,0.11635108292102814
6763,202.15194205254315,0,0,233,0.1,0.03396507725119591
6764,97.25778181478385,0,0,214,0.1,0.1511416733264923
6765,127.15286804497252,0,0,207,0.1,0.09609298408031464
6766,114.75971881940966,0,0,222,0.1,0.04675672948360443
6767,104.5515743491054,0,0,204,0.1,0.16824153065681458
6768,116.16634192537522,0,0,223,0.1,0.15526872873306274
6769,116.58468290701514,0,0,201,0.1,0.06453234702348709
6770,106.88386789077907,0,0,221,0.1,0.048962175846099854
6771,137.2611305290461,0,0,225,0.1,0.12575246393680573
6772,-39.869633331298814,0,0,107,0.1,5.307408332824707
6773,193.79874777514485,0,0,231,0.1,0.029050935059785843
6774,97.89864865623434,0,0,239,0.1,0.07636062055826187
6775,-3.1109461157023865,0,0,259,0.1,0.3086559772491455
6776,136.10690964609392,0,0,228,0.1,0.1748044639825821
6777,4.3375283581018484,0,0,204,0.1,0.07285653054714203
6778,100.75952848404648,0,0,218,0.1,0.19485938549041748
6779,264.553272602111,0,0,252,0.1,0.24645169079303741
6780,91.13615450963381,0,0,200,0.1,0.03243767097592354
6781,122.85634223937996,0,0,212,0.1,0.15384694933891296
6782,123.26226433783783,0,0,239,0.1,0.03939972072839737
6783,122.64328043414285,0,0,215,0.1,0.09935767948627472
6784,225.75681221947067,0,0,218,0.1,0.07634196430444717
6785,246.52231232941142,0,0,234,0.1,0.08366048336029053
6786,-19.717835195958646,0,0,216,0.1,0.08311422914266586
6787,99.17616594046358,0,0,203,0.1,0.04993118718266487
6788,112.64749170362954,0,0,211,0.1,0.17617297172546387
6789,251.748084090948,0,0,218,0.1,0.0757935643196106
6790,107.49122322320942,0,0,210,0.1,0.09711753576993942
6791,175.7477933184057,1,0,217,0.1,0.1648429036140442
6792,-15.60421254992479,0,0,201,0.1,0.14207807183265686
6793,-21.018510131835935,0,0,47,0.1,6.559627532958984
6794,259.076196514964,0,0,253,0.1,0.06844767928123474
6795,154.38108965158466,0,0,216,0.1,0.20453767478466034
6796,94.1528652539105,0,0,227,0.1,0.14519746601581573
6797,105.25006179362539,0,0,211,0.1,0.030914928764104843
6798,91.30544283926493,0,0,218,0.1,0.28648483753204346
6799,162.30250133991242,0,0,223,0.1,0.0681346133351326
6800,1.7352009472996013,0,0,211,0.1,0.05570722371339798
6801,63.904279841482634,0,0,215,0.1,0.0650683045387268
6802,105.55104845941071,0,0,210,0.1,0.13490699231624603
6803,91.90306315898918,0,0,273,0.1,0.17554868757724762
6804,94.8054905073345,0,0,218,0.1,0.14551366865634918
6805,88.67246393419805,0,0,211,0.1,0.04377949237823486
6806,140.67003575205808,0,0,237,0.1,0.24339063465595245
6807,255.77659429268905,0,0,278,0.1,0.2941305637359619
6808,106.48754103019839,0,0,208,0.1,0.31124261021614075
6809,186.8530127596855,0,0,217,0.1,0.2020552158355713
6810,110.48592392355208,0,0,198,0.1,0.058268897235393524
6811,127.32756297945983,0,0,211,0.1,0.13434311747550964
6812,105.10359082266693,0,0,211,0.1,0.07005629688501358
6813,10.074998741000876,0,0,201,0.1,0.02557145059108734
6814,-19.070765991210934,0,0,51,0.1,6.512691497802734
6815,71.65187385469677,0,0,199,0.1,0.03989820554852486
6816,99.56877321958547,0,0,200,0.1,0.06477874517440796
6817,135.38456957712773,0,0,218,0.1,0.07497072219848633
6818,189.01915719777347,0,0,232,0.1,0.1413162648677826
6819,98.35256091535095,0,0,199,0.1,0.06284917145967484
6820,79.68387621760368,0,0,217,0.1,0.100916288793087
6821,108.34540784865622,0,0,203,0.1,0.024213746190071106
6822,91.00895014941695,0,0,198,0.1,0.034665778279304504
6823,191.6832723224163,0,0,228,0.1,0.14349958300590515
6824,-26.868404693603512,0,0,76,0.1,5.824601173400879
6825,126.6197662094236,0,0,215,0.1,0.2706833481788635
6826,149.31763961903755,0,0,216,0.1,0.03976745158433914
6827,101.44867508351807,0,0,213,0.1,0.023103030398488045
6828,86.09234433203939,0,0,207,0.1,0.06743498146533966
6829,112.81093929558998,0,0,205,0.1,0.06438852101564407
6830,80.8390130272508,0,0,206,0.1,0.05377950519323349
6831,256.0480682061612,0,0,242,0.1,0.04052213206887245
6832,70.69586479783065,0,0,200,0.1,0.16870170831680298
6833,98.6092435607687,0,0,206,0.1,0.007487181108444929
6834,68.00589748382573,0,0,194,0.1,0.22653134167194366
6835,172.35899475231767,0,0,229,0.1,0.3371935188770294
6836,122.69162903696305,0,0,192,0.1,0.028368741273880005
6837,86.90124993443492,0,0,211,0.1,0.13260428607463837
6838,144.76404262691742,0,0,226,0.1,0.049232374876737595
6839,69.85833087980748,0,0,207,0.1,0.09689322113990784
6840,-310.4917651780503,0,0,293,0.1,4.386237621307373
6841,-184.27677688598632,0,1,157,0.1,2.169194221496582
6842,211.13537763915951,0,0,270,0.1,0.20454633235931396
6843,167.46059434548022,0,0,230,0.1,0.07137233018875122
6844,174.98352289780976,0,0,224,0.1,0.16924113035202026
6845,76.72960709765559,0,0,208,0.1,0.08571984618902206
6846,74.9781919056177,0,0,205,0.1,0.03195285052061081
6847,170.06110805258157,0,0,217,0.1,0.1447192132472992
6848,321.8251420328022,0,0,249,0.1,0.07889323681592941
6849,147.38409593220806,0,0,225,0.1,0.28879332542419434
6850,106.48565505281097,0,0,226,0.1,0.06951578706502914
6851,156.09678504556422,0,0,218,0.1,0.04831569269299507
6852,431.87930270910323,0,0,293,0.1,0.28165489435195923
6853,327.74778562963024,0,0,263,0.1,0.13116498291492462
6854,165.48642722040415,0,0,220,0.1,0.08694786578416824
6855,299.43552380114795,0,0,241,0.1,0.09103449434041977
6856,201.86889067411423,0,0,236,0.1,0.1320565640926361
6857,123.89499249711638,0,0,218,0.1,0.1554170399904251
6858,144.06565602838998,0,0,205,0.1,0.055979546159505844
6859,87.05126707434657,0,0,200,0.1,0.14771685004234314
6860,175.76071187674998,0,0,223,0.1,0.14003919064998627
6861,114.77801733911042,0,0,195,0.1,0.052564751356840134
6862,130.55076857924468,0,0,211,0.1,0.22995470464229584
6863,82.89136574983604,0,0,206,0.1,0.14577382802963257
6864,116.1398994463683,0,0,234,0.1,0.2770935893058777
6865,30.171260865927014,0,0,262,0.1,0.1945202648639679
6866,-33.33028175354003,0,0,57,0.1,6.70257043838501
6867,-35.784565887451166,0,0,61,0.1,6.706141471862793
6868,86.24118982993068,0,0,205,0.1,0.016438502818346024
6869,127.80356166556484,0,0,208,0.1,0.02437637560069561
6870,127.35446841910489,0,0,205,0.1,0.08045840263366699
6871,279.98948312997817,0,0,235,0.1,0.07420457899570465
6872,102.15831149637702,0,0,213,0.1,0.06705591827630997
6873,108.91863346099856,0,0,209,0.1,0.1022743284702301
6874,108.85002891778952,0,0,214,0.1,0.1305830180644989
6875,141.07809522390372,0,0,224,0.1,0.1383003443479538
6876,90.99448477029802,0,0,198,0.1,0.17151567339897156
6877,194.99355551593004,0,0,231,0.1,0.29517862200737
6878,201.96429765239355,0,0,229,0.1,0.03389577195048332
6879,62.50950259327892,0,0,208,0.1,0.2173061966896057
6880,192.14689491689202,0,0,222,0.1,0.05612978711724281
6881,155.3940545570851,0,0,203,0.1,0.12156276404857635
6882,143.32155853182084,0,0,226,0.1,0.07222247123718262
6883,128.7605051848293,0,0,200,0.1,0.053700562566518784
6884,100.6892113554478,0,0,201,0.1,0.10676850378513336
6885,157.17938768774275,0,0,234,0.1,0.197612002491951
6886,125.01960797190672,0,0,200,0.1,0.07105100154876709
6887,105.65733516504991,0,0,195,0.1,0.2534480392932892
6888,148.06908665850762,0,0,203,0.1,0.04258112609386444
6889,110.09994151800876,0,0,196,0.1,0.08955885469913483
6890,-22.85729970276337,0,0,243,0.1,0.0942588746547699
6891,111.99490346863871,0,0,212,0.1,0.29786261916160583
6892,65.32160440683369,0,0,190,0.1,0.14655408263206482
6893,165.5112898926437,0,0,231,0.1,0.18157415091991425
6894,229.67251498222342,0,0,235,0.1,0.05304252728819847
6895,45.6202374124528,0,0,202,0.1,0.048656802624464035
6896,127.63964826047429,0,0,204,0.1,0.07491160184144974
6897,114.01593896031385,0,0,199,0.1,0.1263546496629715
6898,69.2363960924745,0,0,253,0.1,0.04475635290145874
6899,92.61579379469158,0,0,230,0.1,0.08198719471693039
6900,107.89607260294262,0,0,205,0.1,0.09254894405603409
6901,185.4108799159527,0,0,228,0.1,0.06855561584234238
6902,115.24695450663573,0,0,219,0.1,0.16873662173748016
6903,103.11383780017499,0,0,215,0.1,0.25669777393341064
6904,199.9612375721335,0,0,226,0.1,0.02237352915108204
6905,155.2453400743008,0,0,217,0.1,0.1994151473045349
6906,52.567579533159844,0,0,235,0.1,0.08155106008052826
6907,290.3284134131671,0,0,237,0.1,0.13922828435897827
6908,-20.077979354858396,0,0,70,0.1,5.6369948387146
6909,204.86759404003615,0,0,220,0.1,0.13234370946884155
6910,59.64501688539982,0,0,198,0.1,0.06499259173870087
6911,219.59622135549776,0,0,239,0.1,0.1464342623949051
6912,-7.427517318725588,0,0,65,0.1,5.2568793296813965
6913,-19.24712448120117,0,0,20,0.1,7.549281120300293
6914,-22.480000762939447,0,0,21,0.1,7.550000190734863
6915,-37.998571395874016,0,0,38,0.1,7.499642848968506
6916,-255.94937036514256,0,1,230,0.1,1.9923425912857056
6917,106.3488337349894,0,0,209,0.1,0.1757132112979889
6918,-26.222915954589837,0,0,27,0.1,7.350728988647461
6919,-22.199999999999996,0,0,20,0.1,7.5
6920,66.22199716240178,0,0,233,0.1,0.22131741046905518
6921,126.35837579471996,0,0,211,0.1,0.05806127190589905
6922,161.0793247640133,0,0,233,0.1,0.10256364196538925
6923,101.74121257781987,0,0,203,0.1,0.1738508641719818
6924,97.35378581196072,0,0,203,0.1,0.05999729409813881
6925,118.83015063136821,0,0,209,0.1,0.04498466104269028
6926,125.80464031457907,0,0,223,0.1,0.11121388524770737
6927,95.84177821993832,0,0,212,0.1,0.04945695400238037
6928,111.2057786031068,0,0,201,0.1,0.04199407249689102
6929,163.46544230341922,0,0,215,0.1,0.05690158158540726
6930,98.2358155101538,0,0,209,0.1,0.10442929714918137
6931,-447.7786295612665,0,1,159,0.1,4.499856472015381
6932,-20.671447296142574,0,0,22,0.1,7.3503618240356445
6933,-24.001447296142572,0,0,25,0.1,7.3503618240356445
6934,-22.199999999999996,0,0,20,0.1,7.5
6935,105.74532525308453,0,0,250,0.1,0.24610331654548645
6936,-210.41751800537108,0,1,88,0.1,4.514379501342773
6937,94.0245259119573,0,0,300,0.1,0.1363198608160019
6938,119.70450378939513,0,0,208,0.1,0.0732431635260582
6939,-232.38950817108204,0,0,156,0.1,3.0548770427703857
6940,-42.85291381835936,0,0,40,0.1,7.598228454589844
6941,-22.199999999999996,0,0,20,0.1,7.5
6942,-167.68016887664785,0,1,162,0.1,2.2300422191619873
6943,80.64856223881253,0,0,198,0.1,0.08785034716129303
6944,86.46939710736281,0,0,247,0.1,0.09971848130226135
6945,73.59737122803928,0,0,190,0.1,0.03824204206466675
6946,-15.820649236142522,0,0,291,0.1,0.09512791782617569
6947,151.3232165619731,0,0,208,0.1,0.07085257023572922
6948,5.073900548890255,0,0,215,0.1,0.10679665952920914
6949,-19.107264556884765,0,0,20,0.1,7.454316139221191
6950,-212.76230834960927,0,1,152,0.1,4.318077087402344
6951,152.01173279568556,0,0,206,0.1,0.059971556067466736
6952,73.46088796950887,0,0,205,0.1,0.20285823941230774
6953,-91.85148372013089,0,0,300,0.1,0.34806737303733826
6954,184.19238201141363,0,0,241,0.1,0.39475926756858826
6955,197.4949007086456,0,0,261,0.1,0.16230489313602448
6956,74.3094497149164,0,0,264,0.1,0.07096873968839645
6957,97.84783773899082,0,0,246,0.1,0.14822770655155182
6958,-62.435847158431905,0,0,180,0.1,0.7039617896080017
6959,-22.199999999999996,0,0,20,0.1,7.5
6960,91.68854554310442,0,0,215,0.1,0.020600182935595512
6961,104.07811782896523,0,0,216,0.1,0.3209332525730133
6962,87.6317711371184,0,0,203,0.1,0.026691708713769913
6963,-42.49259887009858,0,0,263,0.1,0.6567937731742859
6964,-41.65993839636437,0,0,280,0.1,0.5149045586585999
6965,128.5151846937836,0,0,203,0.1,0.2026377171278
6966,118.50849712193019,0,0,211,0.1,0.05007433891296387
6967,163.909634037912,0,0,240,0.1,0.12786974012851715
6968,106.6831279522181,0,0,207,0.1,0.22808842360973358
6969,185.3134309323132,0,0,222,0.1,0.037819426506757736
6970,142.97098759040242,0,0,219,0.1,0.13301421701908112
6971,132.1769648972154,0,0,220,0.1,0.1558835208415985
6972,238.30625058535477,0,0,227,0.1,0.046312615275382996
6973,105.04931806355727,0,0,212,0.1,0.05848833546042442
6974,-13.232108383178714,0,0,73,0.1,5.425527095794678
6975,149.0554753738642,0,0,237,0.1,0.2946590185165405
6976,191.9988770899176,0,0,224,0.1,0.049239642918109894
6977,59.5056341153384,0,0,194,0.1,0.05932597815990448
6978,60.38767901569609,0,0,254,0.1,0.2618385851383209
6979,75.93271804064513,0,0,197,0.1,0.0712478831410408
6980,115.60789804056293,0,0,202,0.1,0.08712928742170334
6981,106.6590980136395,0,0,203,0.1,0.03147225081920624
6982,267.1262160134315,0,0,233,0.1,0.07254140824079514
6983,354.2719227874282,0,0,264,0.1,0.0766875296831131
6984,193.49038790345188,0,0,216,0.1,0.20744019746780396
6985,107.09913163185124,0,0,200,0.1,0.0032836338505148888
6986,84.35530937016026,0,0,229,0.1,0.27865052223205566
6987,135.0277765539289,0,0,216,0.1,0.0443788580596447
6988,19.136429088264702,0,0,197,0.1,0.016923248767852783
6989,173.13078781157733,0,0,214,0.1,0.1623937487602234
6990,101.07825254127387,0,0,196,0.1,0.10720724612474442
6991,370.4524973312023,0,0,250,0.1,0.09422474354505539
6992,203.146397883892,0,0,220,0.1,0.19729764759540558
6993,110.99955784127121,0,0,199,0.1,0.027328206226229668
6994,186.4043729650974,0,0,232,0.1,0.14129410684108734
6995,56.719384660609215,0,0,244,0.1,0.2882336378097534
6996,99.86650837033991,0,0,204,0.1,0.02697725221514702
6997,29.446865246370436,0,0,211,0.1,0.0022217300720512867
6998,167.1770011582971,0,0,216,0.1,0.16065646708011627
6999,107.83405957639225,0,0,210,0.1,0.02764946036040783
