episode,reward,success,collision,steps,epsilon,final_distance
0,-59.03525744517775,0,0,97,0.995,7.541513442993164
1,-50.87330986022947,0,0,95,0.990025,7.590827465057373
2,-109.79749092102053,0,0,131,0.985074875,7.801872730255127
3,-64.03883026123047,0,0,151,0.9801495006250001,7.139707565307617
4,-86.54902854919435,0,0,300,0.9752487531218751,5.847257137298584
5,-51.29342292785641,0,0,130,0.9703725093562657,7.138355731964111
6,-65.16756388743852,0,0,163,0.9655206468094844,7.42209005355835
7,-97.76672673145787,0,0,300,0.960693043575437,7.0064826011657715
8,-78.27586616516109,0,0,265,0.9558895783575597,6.721466541290283
9,-94.21560345570107,0,0,300,0.9511101304657719,6.7162017822265625
10,-50.23343971252439,0,0,102,0.946354579813443,7.6133599281311035
11,-73.86366867065428,0,0,176,0.9416228069143757,6.655917167663574
12,-75.51717918395997,0,0,190,0.9369146928798039,6.89679479598999
13,-94.28925300598146,0,0,250,0.9322301194154049,6.007313251495361
14,-66.85473945617677,0,0,80,0.9275689688183278,7.6436848640441895
15,-54.507003860473624,0,0,104,0.9229311239742362,7.544250965118408
16,-70.62711372375489,0,0,203,0.918316468354365,7.119278430938721
17,-64.59983848571777,0,0,141,0.9137248860125932,7.402459621429443
18,-83.20441497802736,0,0,300,0.9091562615825302,5.766103744506836
19,-69.13594134410357,0,0,149,0.9046104802746175,7.574184417724609
20,-169.59851242065437,0,0,300,0.9000874278732445,4.772128105163574
21,-114.0472214508056,0,0,300,0.8955869907338783,4.879305362701416
22,-76.2031150054932,0,0,173,0.8911090557802088,7.108278751373291
23,-82.8070537567138,0,0,300,0.8866535105013078,5.401763439178467
24,-75.41810852050783,0,0,211,0.8822202429488013,5.902027130126953
25,-88.90418746948245,0,0,300,0.8778091417340573,5.9685468673706055
26,-83.1131551361084,0,0,89,0.8734200960253871,7.7132887840271
27,-53.99137649536131,0,0,144,0.8690529955452602,6.972844123840332
28,-73.1805844116211,0,0,164,0.8647077305675338,7.487646102905273
29,-75.46825889587396,0,0,300,0.8603841919146962,5.544564723968506
30,-78.90225585937505,0,0,300,0.8560822709551227,5.32806396484375
31,-75.93831222534182,0,0,237,0.851801859600347,5.877078056335449
32,-88.48906330982715,0,0,271,0.8475428503023453,6.362066745758057
33,-488.8889281082146,0,0,300,0.8433051360508336,3.802232027053833
34,-66.65369354248054,0,0,300,0.8390886103705794,5.448423385620117
35,-80.63259460449217,0,0,300,0.8348931673187264,5.653148651123047
36,-74.60544761657715,0,0,171,0.8307187014821328,7.128861904144287
37,-78.27274131774905,0,0,225,0.8265651079747222,6.693185329437256
38,-84.04733296314743,0,0,203,0.8224322824348486,6.649134159088135
39,-72.2553783122685,0,0,300,0.8183201210226743,5.611145496368408
40,-99.78650238037103,0,0,293,0.8142285204175609,5.816625595092773
41,-70.79033027648926,0,0,208,0.810157377815473,6.2950825691223145
42,-84.70678421020511,0,0,247,0.8061065909263957,6.0616960525512695
43,-100.00092503468069,0,0,300,0.8020760579717637,4.9475321769714355
44,-89.98140667835733,0,0,300,0.798065677681905,5.687652587890625
45,-96.58226506153608,0,0,300,0.7940753492934954,4.917867183685303
46,-76.51124180714156,0,0,300,0.7901049725470279,5.53261137008667
47,-78.60123341480755,0,0,300,0.7861544476842928,5.295109272003174
48,-87.55213404735063,0,0,212,0.7822236754458713,6.820732593536377
49,-69.85190859874221,0,0,300,0.778312557068642,5.295676231384277
50,-76.1344701091435,0,0,300,0.7744209942832988,5.753418445587158
51,-90.20925305286906,0,0,300,0.7705488893118823,5.559614181518555
52,-62.714406280517586,0,0,168,0.7666961448653229,6.4836015701293945
53,-123.23295399586226,0,0,300,0.7628626641409962,4.943039417266846
54,-106.90746968189738,0,0,300,0.7590483508202912,5.059168338775635
55,-121.77510243336218,0,0,300,0.7552531090661897,5.181076526641846
56,-134.39833348194622,0,0,300,0.7514768435208588,4.619384288787842
57,-79.98409217834467,0,0,217,0.7477194593032545,7.198523044586182
58,-240.6465935222298,0,0,300,0.7439808620067382,4.863949298858643
59,-59.95053210338083,0,0,300,0.7402609576967045,4.447832107543945
60,-121.03113861083975,0,0,300,0.736559652908221,4.645284652709961
61,-106.35130187988273,0,0,273,0.7328768546436799,5.345325469970703
62,-116.6215247813846,0,0,300,0.7292124703704616,4.602682113647461
63,-71.73313659667969,0,0,214,0.7255664080186093,5.698284149169922
64,-56.88532009998825,0,0,141,0.7219385759785162,6.18363094329834
65,-73.35757992664848,0,0,300,0.7183288830986236,4.659195899963379
66,-63.82524845997367,0,0,300,0.7147372386831305,4.213613033294678
67,-74.83241496165714,0,0,300,0.7111635524897149,5.930802822113037
68,-62.13673939625287,0,0,149,0.7076077347272662,6.873985767364502
69,-59.11832119862108,0,0,171,0.7040696960536299,6.089381217956543
70,-86.20805897633103,0,0,271,0.7005493475733617,5.954315662384033
71,-83.94747891346483,0,0,261,0.697046600835495,5.6391706466674805
72,-70.66243115345506,0,0,239,0.6935613678313175,5.627908706665039
73,-118.17129818836712,0,0,300,0.6900935609921609,3.2526254653930664
74,-59.16917793273924,0,0,168,0.6866430931872001,6.1872944831848145
75,-63.98543156544245,0,0,300,0.6832098777212641,5.276158809661865
76,-129.45565190235635,0,0,300,0.6797938283326578,4.141213893890381
77,-53.11963470458986,0,0,300,0.6763948591909945,4.134908676147461
78,-68.75259063720705,0,0,300,0.6730128848950395,3.568147659301758
79,-57.50478012084966,0,0,300,0.6696478204705644,3.7961950302124023
80,-109.76687683105455,0,0,300,0.6662995813682115,4.719219207763672
81,-328.9703870391846,0,1,267,0.6629680834613705,5.852596759796143
82,-121.38222740173339,0,0,300,0.6596532430440636,6.28805685043335
83,-104.29731986999508,0,0,300,0.6563549768288433,6.204329967498779
84,-332.564558944702,0,0,300,0.653073201944699,4.901139736175537
85,-352.3110831745479,0,0,300,0.6498078359349755,4.737969875335693
86,-58.629850845336975,0,0,300,0.6465587967553006,4.9749627113342285
87,-72.8505856323242,0,0,238,0.6433260027715241,5.980146408081055
88,-65.20024853626757,0,0,210,0.6401093727576664,6.162363052368164
89,-82.3858567047119,0,0,297,0.6369088258938781,5.7639641761779785
90,-70.70842526356248,0,0,300,0.6337242817644086,4.1844072341918945
91,-67.9929518596318,0,0,207,0.6305556603555866,6.0655388832092285
92,-86.03026008605957,0,0,300,0.6274028820538087,5.257565021514893
93,-70.15993560791017,0,0,300,0.6242658676435396,5.504983901977539
94,-62.272184448242164,0,0,221,0.6211445383053219,6.173046112060547
95,-83.29841613769538,0,0,287,0.6180388156137953,5.262104034423828
96,-63.79161682128909,0,0,300,0.6149486215357263,5.847904205322266
97,-60.420951995849656,0,0,300,0.6118738784280476,5.190237998962402
98,-58.91128204345705,0,0,300,0.6088145090359074,4.670320510864258
99,-48.68974105834957,0,0,152,0.6057704364907278,7.129935264587402
100,-54.03834602355954,0,0,300,0.6027415843082742,5.079586505889893
101,-144.31358883778123,0,0,300,0.5997278763867329,3.960698127746582
102,-69.52328689575195,0,0,220,0.5967292370047992,6.548321723937988
103,-71.11213871876268,0,0,300,0.5937455908197752,4.412835597991943
104,-52.82793505748243,0,0,114,0.5907768628656763,7.622182846069336
105,-65.85894004821782,0,0,300,0.5878229785513479,4.422235012054443
106,-59.831112747192364,0,0,300,0.5848838636585911,3.9252781867980957
107,-58.4896893898673,0,0,300,0.5819594443402982,5.732820510864258
108,-63.39255577087396,0,0,300,0.5790496471185967,5.270638942718506
109,-79.39428509632609,0,0,238,0.5761543988830038,5.2533721923828125
110,-117.37859859466543,0,0,300,0.5732736268885887,3.494649648666382
111,-56.35798500061039,0,0,300,0.5704072587541458,3.719496250152588
112,-76.17920822143549,0,0,249,0.567555222460375,5.809802055358887
113,-63.109301346936476,0,0,300,0.5647174463480732,4.3996262550354
114,-130.98516052246077,0,0,280,0.5618938591163328,3.3262901306152344
115,-62.43666229248046,0,0,185,0.5590843898207511,5.896665573120117
116,-63.100471954345714,0,0,300,0.5562889678716474,5.342617988586426
117,-45.76599311828612,0,0,136,0.5535075230322891,6.191498279571533
118,-74.40765655517569,0,0,234,0.5507399854171277,6.381914138793945
119,-52.04128776550287,0,0,171,0.547986285490042,6.232821941375732
120,-52.25407752990719,0,0,156,0.5452463540625918,6.601019382476807
121,-61.896259002685525,0,0,195,0.5425201222922789,6.054064750671387
122,-57.04460688670597,0,0,300,0.5398075216808175,4.768850803375244
123,-56.34075042724606,0,0,300,0.5371084840724134,5.092687606811523
124,-58.0739160156249,0,0,203,0.5344229416520513,5.87847900390625
125,-54.90713305552935,0,0,300,0.531750826943791,4.924482345581055
126,-82.51832660675045,0,0,300,0.5290920728090721,3.607081651687622
127,-91.70910171508784,0,0,232,0.5264466124450268,5.479775428771973
128,-45.1997702026367,0,0,147,0.5238143793828016,6.23994255065918
129,-97.82959201812727,0,0,300,0.5211953074858876,3.9498980045318604
130,-57.62932777404781,0,0,181,0.5185893309484582,5.407331943511963
131,-77.61802978515625,0,0,205,0.5159963842937159,5.6670074462890625
132,-58.37643356323229,0,0,300,0.5134164023722473,4.1066083908081055
133,-97.56783187866196,0,0,300,0.510849320360386,4.484457969665527
134,-56.10635554393266,0,0,300,0.5082950737585841,3.9942879676818848
135,-50.815165129503896,0,0,300,0.5057535983897912,4.178990364074707
136,-80.67871444702146,0,0,268,0.5032248303978422,4.124678611755371
137,-65.45736293792723,0,0,300,0.500708706245853,3.7268407344818115
138,-145.81548130035387,0,0,300,0.4982051627146237,3.486370325088501
139,-54.569232664904355,0,0,300,0.49571413690105054,3.6500072479248047
140,-57.255055847167945,0,0,167,0.4932355662165453,6.016263961791992
141,-48.52066162109375,0,0,97,0.4907693883854626,7.4351654052734375
142,-156.60392573436226,0,0,289,0.4883155414435353,4.891180515289307
143,-76.09188227733088,0,0,300,0.4858739637363176,3.758169651031494
144,-63.81723846435539,0,0,298,0.483444593917636,4.231809616088867
145,-70.05435716469815,0,0,300,0.4810273709480478,4.2381911277771
146,-44.21819258769474,0,0,300,0.47862223409330756,3.4872472286224365
147,-56.70120040893552,0,0,300,0.47622912292284103,4.695300102233887
148,-52.739993315539124,0,0,300,0.4738479773082268,3.937697410583496
149,-93.06421089172368,0,0,167,0.47147873742168567,5.141052722930908
150,-58.025915175280204,0,0,300,0.46912134373457726,4.184177875518799
151,-63.754366760253916,0,0,300,0.46677573701590436,4.781091690063477
152,-60.37558673858644,0,0,300,0.46444185833082485,3.6588966846466064
153,-62.11866568644974,0,0,300,0.46211964903917074,2.7173655033111572
154,-51.532037421068814,0,0,300,0.4598090507939749,2.8382084369659424
155,-65.69535827636714,0,0,300,0.457510005540005,4.173839569091797
156,-49.11667147716011,0,0,300,0.45522245551230495,3.2993669509887695
157,-57.43193106730905,0,0,300,0.4529463432347434,3.093181848526001
158,-70.16735393524169,0,0,300,0.4506816115185697,3.836838483810425
159,-46.61547285239165,0,0,300,0.4484282034609769,3.8842663764953613
160,-94.29743927001934,0,0,300,0.446186062443672,3.904359817504883
161,-41.8613759613037,0,0,300,0.4439551321314536,4.237843990325928
162,-188.31625198364253,0,0,237,0.4417353564707963,5.0190629959106445
163,-52.61703063964849,0,0,300,0.43952667968844233,4.774257659912109
164,-55.86916218678019,0,0,205,0.43732904629000013,5.567091464996338
165,-49.09431228637693,0,0,172,0.4351424010585501,6.498578071594238
166,-48.731306648254325,0,0,300,0.43296668905325736,2.5953266620635986
167,-54.826486502489686,0,0,300,0.43080185560799106,3.164320707321167
168,-53.46081428527828,0,0,300,0.4286478463299511,4.04020357131958
169,-51.2145291137695,0,0,227,0.42650460709830135,4.533632278442383
170,-42.53874557495114,0,0,300,0.42437208406280985,4.027186393737793
171,-90.52970881541692,0,0,300,0.4222502236424958,3.1426262855529785
172,-58.02326866149908,0,0,300,0.42013897252428334,3.515817165374756
173,-46.19112915039064,0,0,300,0.4180382776616619,4.250282287597656
174,-44.06216781616207,0,0,300,0.4159480862733536,3.7830419540405273
175,-96.03559379577634,0,0,254,0.41386834584198684,4.058898448944092
176,-47.95473303874461,0,0,300,0.4117990041127769,2.9488823413848877
177,-52.62279255787404,0,0,300,0.40974000909221303,3.2004990577697754
178,-204.8548296737675,0,0,300,0.40769130904675194,3.1812074184417725
179,-40.64636435588329,0,0,300,0.40565285250151817,3.1842901706695557
180,-51.87645018657182,0,0,300,0.4036245882390106,3.309311628341675
181,-74.5277640827509,0,0,300,0.4016064652978155,3.1921401023864746
182,-33.36528304179639,0,0,300,0.3995984329713264,3.331519842147827
183,-55.43545664866893,0,0,300,0.3976004408064698,2.759063243865967
184,-48.246857291064,0,0,300,0.39561243860243744,3.0894134044647217
185,-42.23005858500931,0,0,300,0.3936343764094253,3.14021372795105
186,-45.9286615284297,0,0,300,0.39166620452737816,2.7448644638061523
187,-36.78690871318308,0,0,300,0.3897078735047413,2.921926259994507
188,-212.51285422404754,0,0,300,0.3877593341372176,0.9684126377105713
189,-64.75038691600297,0,0,300,0.3858205374665315,2.382795810699463
190,-50.89387763102979,0,0,266,0.38389143477919885,3.1261684894561768
191,-87.91939463695014,0,0,296,0.3819719776053028,4.815047740936279
192,-43.68428774913273,0,0,300,0.3800621177172763,3.1787710189819336
193,-71.23980228424071,0,0,300,0.37816180712868996,3.3924505710601807
194,-72.0692366703364,0,0,300,0.37627099809304654,2.662508249282837
195,-65.41283110698193,0,0,262,0.3743896431025813,3.590906858444214
196,-50.69608306010694,0,0,248,0.37251769488706843,3.174219846725464
197,-40.34977719227344,0,0,300,0.3706551064126331,2.784745216369629
198,-120.32757491191357,0,0,300,0.36880183088056995,2.782092809677124
199,-69.89328539927926,0,0,277,0.3669578217261671,3.0635204315185547
200,-43.05760871013129,0,0,300,0.36512303261753626,2.7346012592315674
201,-46.0438901050898,0,0,300,0.3632974174544486,3.0436716079711914
202,-34.99649971882368,0,0,300,0.3614809303671764,2.828925848007202
203,-61.65532801707711,0,0,299,0.3596735257153405,2.9165310859680176
204,-54.32389553944132,0,0,300,0.3578751580867638,2.998274803161621
205,-45.52548075755567,0,0,269,0.35608578229633,3.2515692710876465
206,-43.454732971191376,0,0,206,0.3543053533848483,4.156183242797852
207,-55.58609740336868,0,0,300,0.35253382661792404,3.1017234325408936
208,-46.77624515533435,0,0,300,0.3507711574848344,3.309061288833618
209,-49.98402068217721,0,0,300,0.34901730169741024,3.063704252243042
210,-60.56327114105224,0,0,260,0.3472722151889232,3.0533177852630615
211,-56.821942367553675,0,0,272,0.3455358541129786,3.2579855918884277
212,-61.503611497082886,0,0,294,0.3438081748424137,4.2082037925720215
213,-36.92140112956495,0,0,300,0.3420891339682016,3.263049364089966
214,-62.9480248936031,0,0,300,0.3403786882983606,2.8222053050994873
215,-76.6550382526729,0,0,286,0.3386767948568688,3.1889586448669434
216,-57.6037912074711,0,0,241,0.33698341088258443,3.1607487201690674
217,-54.089582472643485,0,0,273,0.3352984938281715,3.200094699859619
218,-111.39223923603534,0,0,300,0.33362200135903064,3.2503607273101807
219,-184.73949932972505,0,0,300,0.33195389135223546,3.874675750732422
220,-43.43560276905562,0,0,165,0.3302941218954743,5.2712016105651855
221,-54.945674409070236,0,0,235,0.32864265128599696,5.178719520568848
222,-34.64318750540668,0,0,300,0.326999438029567,2.8486950397491455
223,-45.953243226208926,0,0,154,0.3253644408394192,6.998111724853516
224,-39.232867422899886,0,0,300,0.3237376186352221,2.758415937423706
225,-49.64938900867962,0,0,174,0.322118930542046,6.419648170471191
226,-84.0704844371465,0,0,283,0.32050833588933575,2.9474220275878906
227,-94.82155673106632,0,0,281,0.31890579420988907,3.035588264465332
228,-37.607851468724654,0,0,152,0.3173112652388396,5.344861030578613
229,-50.0585635375977,0,0,300,0.3157247089126454,4.747140884399414
230,-57.111703957715285,0,0,297,0.3141460853680822,3.1327269077301025
231,-29.09563133239741,0,0,300,0.3125753549412418,2.6564078330993652
232,-35.513184212842226,0,0,300,0.31101247816653554,3.530596971511841
233,-38.75084831237799,0,0,300,0.30945741577570285,3.8702120780944824
234,-28.634872885546358,0,0,300,0.3079101286968243,3.163917303085327
235,-51.72283630371088,0,0,172,0.3063705780533402,5.605709075927734
236,-31.797465066113713,0,0,300,0.30483872516307353,3.081667184829712
237,-35.49817942698931,0,0,300,0.3033145315372582,2.937243938446045
238,-174.62596362193543,0,0,300,0.3017979588795719,4.671689987182617
239,-61.33971088409429,0,0,300,0.30028896908517405,3.2899277210235596
240,-40.889694557189976,0,0,300,0.2987875242397482,3.2574236392974854
241,-69.31987726370757,0,0,275,0.29729358661854943,3.107867479324341
242,-60.00541044394444,0,0,152,0.29580711868545667,5.494250774383545
243,-57.25082116047406,0,0,275,0.2943280830920294,3.3025062084198
244,-50.165166397094715,0,0,151,0.29285644267656924,6.098791599273682
245,-41.248293542065966,0,0,300,0.2913921604631864,2.964374303817749
246,-61.392809562683105,0,0,242,0.28993519966087045,3.3032023906707764
247,-50.919476060071204,0,0,238,0.2884855236625661,2.912169933319092
248,-25.090638609728515,0,0,300,0.28704309604425327,2.9653587341308594
249,-37.21988532145946,0,0,300,0.285607880564032,3.1226704120635986
250,-38.83665386199943,0,0,300,0.28417984116121187,3.294163465499878
251,-97.06215198516837,0,0,300,0.2827589419554058,2.8080379962921143
252,-53.75815355460121,0,0,300,0.28134514724562876,2.7799365520477295
253,-47.47714505116009,0,0,194,0.2799384215094006,5.721587181091309
254,-61.19595682859039,0,0,300,0.27853872940185365,3.5233919620513916
255,-128.22617319266266,0,0,290,0.27714603575484437,2.9194414615631104
256,-32.89348797718553,0,0,161,0.2757603055760701,5.400672912597656
257,-103.29013168334957,0,0,159,0.2743815040481898,5.417532920837402
258,-48.903938713073686,0,0,222,0.2730095965279488,2.9284846782684326
259,-37.06872002522017,0,0,228,0.27164454854530906,2.9144809246063232
260,-47.43646096149945,0,0,265,0.2702863258025825,2.8014161586761475
261,-53.080206832885786,0,0,300,0.2689348941735696,2.7800517082214355
262,-66.30807224273681,0,0,287,0.26759021970270175,2.912018060684204
263,-65.57331143299606,0,0,239,0.2662522686041882,2.743128776550293
264,-78.97751625061039,0,0,300,0.2649210072611673,2.724379062652588
265,-68.15598575592041,0,0,233,0.26359640222486147,2.9964964389801025
266,-53.10246715545653,0,0,300,0.26227842021373715,3.0006167888641357
267,-49.42437397003171,0,0,297,0.2609670281126685,3.2035934925079346
268,-33.216623191833406,0,0,300,0.25966219297210513,3.146655797958374
269,-58.79597360451747,0,0,292,0.2583638820072446,3.0610952377319336
270,-34.67562676350139,0,0,300,0.2570720625972084,2.7312076091766357
271,-43.87672536690765,0,0,300,0.25578670228422234,2.9912831783294678
272,-44.015804290771456,0,0,232,0.25450776877280124,3.566451072692871
273,-37.193138236999424,0,0,300,0.2532352299289372,3.205784559249878
274,-63.20407105366253,0,0,267,0.2519690537792925,2.925818681716919
275,-72.69984794616688,0,0,266,0.2507092085103961,5.609961986541748
276,-31.778873977660986,0,0,300,0.2494556624678441,3.179718494415283
277,-44.60736992756392,0,0,251,0.24820838415550486,3.0216434001922607
278,-69.9162430397696,0,0,297,0.24696734223472733,3.1094589233398438
279,-50.06146740833784,0,0,300,0.2457325055235537,3.892667770385742
280,-76.09654141346483,0,0,186,0.24450384299593592,5.7114362716674805
281,-62.20670715332036,0,0,300,0.24328132378095624,3.449176788330078
282,-79.42452404022207,0,0,299,0.24206491716205145,3.613631010055542
283,-47.3647365570068,0,0,300,0.2408545925762412,2.591184139251709
284,-66.7560261154175,0,0,300,0.23965031961336,2.91650652885437
285,-29.034993667602453,0,0,300,0.2384520680152932,3.1912484169006348
286,-40.772364349365205,0,0,229,0.23725980767521673,4.013091087341309
287,-30.497446098327543,0,0,300,0.23607350863684065,3.426861524581909
288,-55.369913406372056,0,0,224,0.23489314109365644,3.5124783515930176
289,-33.53098106384274,0,0,300,0.23371867538818816,2.8202452659606934
290,-54.90359901428223,0,0,184,0.23255008201124722,5.478399753570557
291,-62.482479019164984,0,0,267,0.231387331601191,3.2031197547912598
292,-53.538367338976634,0,0,300,0.23023039494318503,3.489790916442871
293,-27.34408392985788,0,0,300,0.2290792429684691,2.983720064163208
294,-31.752786178588817,0,0,300,0.22793384675362674,3.245696544647217
295,-50.52434730529782,0,0,244,0.22679417751985861,3.506086826324463
296,-27.34492198944091,0,0,300,0.22566020663225933,3.0437304973602295
297,-38.4451955707881,0,0,267,0.22453190559909803,2.823997974395752
298,-56.5132192993164,0,0,258,0.22340924607110255,3.0183048248291016
299,-48.148039389452606,0,0,251,0.22229219984074702,3.1472089290618896
300,-49.04769106944531,0,0,284,0.2211807388415433,3.5196218490600586
301,-81.29127879222358,0,0,300,0.22007483514733558,3.0830187797546387
302,-77.74701338847613,0,0,296,0.2189744609715989,3.044452428817749
303,-27.74355521281689,0,0,300,0.2178795886667409,3.333587884902954
304,-42.82773882945505,0,0,259,0.2167901907234072,3.1871337890625
305,-52.6545832443237,0,0,263,0.21570623976979014,2.8436458110809326
306,-134.77035853465532,0,0,167,0.21462770857094118,5.197788715362549
307,-59.114584761461956,0,0,236,0.21355457002808648,3.068845272064209
308,-58.289836692810056,0,0,223,0.21248679717794605,2.7474591732025146
309,-56.23601066589351,0,0,299,0.21142436319205632,2.7165026664733887
310,-38.225403900146475,0,0,300,0.21036724137609603,3.588850975036621
311,-34.525125885009764,0,0,300,0.20931540516921554,3.0312814712524414
312,-35.10778423309326,0,0,226,0.20826882814336947,3.0369460582733154
313,-23.28360046386717,0,0,300,0.20722748400265262,2.660900115966797
314,-27.634114685058545,0,0,300,0.20619134658263935,2.4860286712646484
315,-34.092772064208965,0,0,300,0.20516038984972615,3.008193016052246
316,-48.726777114868156,0,0,160,0.2041345879004775,5.859194278717041
317,-27.211294174194336,0,0,300,0.2031139149609751,2.865323543548584
318,-47.92633254130807,0,0,273,0.20209834538617025,3.524282217025757
319,-47.41922393798823,0,0,282,0.2010878536592394,2.8148059844970703
320,-27.52699703216551,0,0,300,0.2000824143909432,2.646749258041382
321,-48.965584526062,0,0,300,0.19908200231898848,2.676396131515503
322,-28.798272933959968,0,0,300,0.19808659230739353,2.8645682334899902
323,-34.22408416748044,0,0,300,0.19709615934585656,2.673521041870117
324,-81.89629733165238,0,0,300,0.19611067854912728,4.254273414611816
325,-42.85266853332522,0,0,300,0.19513012515638165,2.523167133331299
326,-32.72011253356937,0,0,300,0.19415447453059972,2.687528133392334
327,-29.19650608062742,0,0,300,0.19318370215794672,2.5966265201568604
328,-77.89345573425292,0,0,287,0.192217783647157,2.4133639335632324
329,-28.360816612243646,0,0,300,0.1912566947289212,3.055204153060913
330,-75.82156051635747,0,0,295,0.1903004112552766,2.3578901290893555
331,-69.81236263275143,0,0,300,0.18934890919900021,2.525590658187866
332,-28.307215690612754,0,0,300,0.18840216465300522,2.7018039226531982
333,-24.185408515930103,0,0,300,0.18746015382974018,2.691352128982544
334,-44.50704913218948,0,0,238,0.1865228530605915,3.0494613647460938
335,-25.612840080261158,0,0,300,0.18559023879528855,2.6782100200653076
336,-20.202315864562983,0,0,300,0.1846622876013121,2.598078966140747
337,-29.777801742553727,0,0,300,0.18373897616330553,2.8844504356384277
338,-62.50457740783687,0,0,300,0.182820281282489,2.4986443519592285
339,-33.78185855865478,0,0,300,0.18190617987607657,2.8529646396636963
340,-26.914365425109754,0,0,300,0.18099664897669618,2.818591356277466
341,-24.304127531847655,0,0,300,0.1800916657318127,3.0537309646606445
342,-21.309962836107907,0,0,300,0.17919120740315364,2.927689790725708
343,-64.69538646697997,0,0,266,0.17829525136613786,2.783846616744995
344,-41.905579710802726,0,0,274,0.17740377510930716,3.374094009399414
345,-138.90736546436807,0,0,266,0.17651675623376062,4.5041422843933105
346,-19.403367767333968,0,0,300,0.1756341724525918,2.598341941833496
347,-69.31514442443853,0,0,163,0.17475600159032884,5.421286106109619
348,-22.290525817871053,0,0,300,0.17388222158237718,2.9726314544677734
349,-41.2921174621582,0,0,300,0.1730128104744653,2.733029365539551
350,-45.239944886365166,0,0,282,0.17214774642209296,3.449787139892578
351,-35.467134141125854,0,0,300,0.1712870076899825,5.331584453582764
352,-28.87210666656488,0,0,300,0.17043057265153258,2.6255266666412354
353,-21.66751205444335,0,0,300,0.16957841978827493,2.57437801361084
354,-25.893696509203576,0,0,300,0.16873052768933355,3.168623208999634
355,-18.613363723754865,0,0,300,0.1678868750508869,2.9708409309387207
356,-23.949215393066357,0,0,300,0.16704744067563246,2.6798038482666016
357,-22.345104637145983,0,0,300,0.1662122034722543,3.476276159286499
358,-38.55442378997807,0,0,300,0.16538114245489302,3.268605947494507
359,-34.01826141357413,0,0,300,0.16455423674261854,2.8845653533935547
360,-24.05571651458737,0,0,300,0.16373146555890544,2.6389291286468506
361,-38.858387832641604,0,0,300,0.16291280823111093,2.4320969581604004
362,-38.98517737468214,0,0,244,0.16209824418995536,3.2189934253692627
363,-44.3631044387817,0,0,290,0.16128775296900558,3.1907761096954346
364,-30.88581123352051,0,0,121,0.16048131420416054,5.996452808380127
365,-17.748125762939456,0,0,300,0.15967890763313974,2.8820314407348633
366,-39.77209835926558,0,0,277,0.15888051309497406,2.805325508117676
367,-40.52886974334716,0,0,266,0.1580861105294992,3.164717435836792
368,-42.82367309570309,0,0,256,0.1572956799768517,3.1209182739257812
369,-36.19654248158005,0,0,236,0.15650920157696743,2.993936538696289
370,-30.372504950365744,0,0,229,0.1557266555690826,3.403325319290161
371,-98.62458685954537,0,0,300,0.1549480222912372,2.643845796585083
372,-36.2057144633915,0,0,300,0.15417328217978102,3.05372953414917
373,-33.083986282348604,0,0,300,0.1534024157688821,2.458496570587158
374,-126.14047392924756,0,0,250,0.1526354036900377,2.88531756401062
375,-31.019419288635255,0,0,218,0.1518722266715875,2.8548548221588135
376,-41.35868071635694,0,0,296,0.15111286553822956,2.964869260787964
377,-71.31231494903564,0,0,237,0.15035730121053842,2.775578737258911
378,-19.203804168701186,0,0,300,0.14960551470448571,2.573451042175293
379,-26.246787757873523,0,0,300,0.14885748713096328,2.569196939468384
380,-27.154800872802735,0,0,300,0.14811319969530845,2.4812002182006836
381,-27.04498077392576,0,0,300,0.1473726336968319,2.4462451934814453
382,-39.96176983753712,0,0,300,0.14663577052834775,3.112743377685547
383,-18.662368164062496,0,0,300,0.14590259167570602,2.575592041015625
384,-42.375812416076656,0,0,278,0.1451730787173275,2.873953104019165
385,-34.88432769775383,0,0,300,0.14444721332374086,2.5835819244384766
386,-20.63515529632565,0,0,300,0.14372497725712216,2.821288824081421
387,-14.777245025634771,0,0,300,0.14300635237083656,2.6368112564086914
388,-46.747441215515124,0,0,280,0.14229132060898236,3.331860303878784
389,-50.74436069488524,0,0,300,0.14157986400593744,3.4960901737213135
390,-17.964484596252422,0,0,300,0.14087196468590776,2.7661211490631104
391,-19.611185446581565,0,0,300,0.14016760486247823,3.115495443344116
392,-55.95651348114011,0,0,254,0.13946676683816583,3.406628370285034
393,-17.501434364318854,0,0,300,0.138769433003975,2.802858591079712
394,-20.44199573516844,0,0,300,0.13807558583895513,2.8304989337921143
395,-16.44448295593262,0,0,300,0.13738520790976036,2.7586207389831543
396,-48.9166712482783,0,0,294,0.13669828187021155,3.1093668937683105
397,-25.18554874420161,0,0,300,0.13601479046086049,2.993887186050415
398,-52.6210261154174,0,0,282,0.1353347165085562,2.94775652885437
399,-44.48485379139446,0,0,278,0.1346580429260134,3.2985143661499023
400,-30.56834399302929,0,0,300,0.13398475271138335,3.2347850799560547
401,-28.040749168395916,0,0,300,0.13331482894782642,2.735187292098999
402,-36.37453406413529,0,0,253,0.13264825480308728,3.233832597732544
403,-27.513911895751917,0,0,300,0.13198501352907185,2.8959779739379883
404,-28.712597999572758,0,0,229,0.1313250884614265,2.9506494998931885
405,-16.809029235839848,0,0,300,0.13066846301911936,2.979757308959961
406,-27.763310241699223,0,0,211,0.13001512070402377,3.1158275604248047
407,-26.45212348937982,0,0,300,0.12936504510050365,2.9655308723449707
408,-39.47367954254145,0,0,300,0.12871821987500112,2.743419885635376
409,-18.020257301330574,0,0,300,0.12807462877562611,2.7375643253326416
410,-28.26337268829339,0,0,300,0.12743425563174798,3.1208431720733643
411,-28.429710540771442,0,0,300,0.12679708435358925,3.004927635192871
412,-79.05514592091107,0,0,300,0.1261630989318213,3.2185873985290527
413,-17.507757873535148,0,0,300,0.1255322834371622,2.821939468383789
414,-16.215348815917974,0,0,300,0.12490462201997637,2.653837203979492
415,-25.21279911041257,0,0,300,0.1242800989098765,2.7306997776031494
416,-19.91478366851807,0,0,300,0.12365869841532712,2.7411959171295166
417,-14.074737358093262,0,0,300,0.12304040492325048,2.5061843395233154
418,-18.116878051757794,0,0,300,0.12242520289863423,2.836719512939453
419,-39.1093392562866,0,0,224,0.12181307688414106,2.9598348140716553
420,-28.57302898406983,0,0,215,0.12120401149972035,3.158257246017456
421,-28.174273109435966,0,0,300,0.12059799144222175,2.831068277359009
422,-14.449651031494149,0,0,300,0.11999500148501063,2.667412757873535
423,-76.98598888397207,0,0,300,0.11939502647758558,2.613997220993042
424,-21.29010819673929,0,0,300,0.11879805134519765,3.005624294281006
425,-25.418856239318853,0,0,207,0.11820406108847166,2.767214059829712
426,-41.46365016063186,0,0,297,0.1176130407830293,3.3186116218566895
427,-18.21873115539549,0,0,300,0.11702497557911415,2.807182788848877
428,-37.73646447976165,0,0,260,0.11643985070121858,2.8187179565429688
429,-37.511332529383225,0,0,229,0.11585765144771248,2.8774349689483643
430,-23.32189997752636,0,0,300,0.11527836319047392,3.4931740760803223
431,-39.85990659554534,0,0,271,0.11470197137452155,2.8020784854888916
432,-17.43044966777299,0,0,300,0.11412846151764894,2.1828114986419678
433,-45.43437621196237,0,0,291,0.1135578192100607,3.051293134689331
434,-22.842918815612805,0,0,300,0.11299003011401039,2.8507297039031982
435,-17.75025881846878,0,0,300,0.11242507996344034,2.525263786315918
436,-21.872675085863754,0,0,300,0.11186295456362313,2.678367853164673
437,-16.449477577209468,0,0,300,0.11130363979080501,2.949869394302368
438,-15.98362316131593,0,0,300,0.11074712159185099,2.6484057903289795
439,-40.00283290863037,0,0,252,0.11019338598389174,2.9332082271575928
440,-15.349783515930177,0,0,300,0.10964241905397228,2.749945878982544
441,-50.16909004211425,0,0,267,0.10909420695870241,2.9147725105285645
442,-37.5651249869638,0,0,300,0.1085487359239089,2.645883083343506
443,-25.98614384889995,0,0,300,0.10800599224428936,2.797133207321167
444,-16.91001731872559,0,0,300,0.10746596228306791,2.5225043296813965
445,-26.928188963732453,0,0,300,0.10692863247165257,2.312246322631836
446,-17.689484977722174,0,0,300,0.1063939893092943,2.572371244430542
447,-31.25403060913083,0,0,300,0.10586201936274783,2.776007652282715
448,-18.773771735033712,0,0,300,0.10533270926593409,2.4486420154571533
449,-25.870884657702174,0,0,134,0.10480604571960442,5.340420246124268
450,-172.65007001002758,0,1,160,0.1042820154910064,1.8952165842056274
451,-22.136886596679656,0,0,300,0.10376060541355137,3.284221649169922
452,-16.75523876190186,0,0,300,0.1032418023864836,3.128809690475464
453,-7.187886210283949,0,0,300,0.10272559337455119,1.5521706342697144
454,-204.52897495110557,0,1,259,0.10221196540767843,1.8393455743789673
455,-18.58379374583693,0,0,300,0.10170090558064004,1.116147518157959
456,-241.34868785858146,0,0,281,0.10119240105273684,1.7196719646453857
457,-12.8166979702327,0,0,300,0.10068643904747315,1.291873574256897
458,-151.06854369243126,0,0,285,0.10018300685223579,2.1973350048065186
459,-24.461080771288525,0,0,300,0.1,2.555469274520874
460,-44.18675758361814,0,0,300,0.1,2.166689395904541
461,-120.581149291992,0,0,300,0.1,2.970287322998047
462,-120.29233876307906,0,0,300,0.1,1.905783772468567
463,-13.972517460188456,0,0,300,0.1,0.2089664489030838
464,-35.38395202636718,0,0,142,0.1,5.250988006591797
465,-146.1248051277823,0,0,217,0.1,4.674099445343018
466,-38.723689575195294,0,0,148,0.1,5.738422393798828
467,-36.973530654907236,0,0,237,0.1,5.523382663726807
468,-19.39662900050612,0,0,300,0.1,1.4968563318252563
469,-49.46392974853508,0,0,189,0.1,5.340982437133789
470,-13.830417280993185,0,0,300,0.1,1.4853034019470215
471,-429.5959580612165,0,0,300,0.1,3.9439895153045654
472,-90.38359164317562,0,0,300,0.1,4.033596992492676
473,-27.482351141772003,0,0,300,0.1,1.7232868671417236
474,-2.025536448559494,0,0,300,0.1,0.35836049914360046
475,-56.83906808217491,0,0,300,0.1,0.20891527831554413
476,-13.05345751841995,0,0,300,0.1,2.381063461303711
477,-9.492320013842315,0,0,300,0.1,2.1332790851593018
478,-7.938861628374783,0,0,300,0.1,1.9774144887924194
479,9.70875594536332,0,0,300,0.1,0.2029874324798584
480,-156.27626327514645,0,0,80,0.1,8.184065818786621
481,-155.88078399658212,0,0,200,0.1,5.292695999145508
482,-40.44834633747602,0,0,223,0.1,3.061887502670288
483,-46.93093609730267,0,0,165,0.1,5.797534942626953
484,-16.876719084582053,0,0,300,0.1,1.3818788528442383
485,-13.30179435650375,0,0,300,0.1,0.3660591244697571
486,-111.9641693202638,0,0,300,0.1,2.6658432483673096
487,-12.547492132982942,0,0,300,0.1,2.044572114944458
488,-16.587878294787117,0,0,300,0.1,2.439668655395508
489,-75.47533871571083,0,0,170,0.1,4.991135597229004
490,-19.199584074816404,0,0,300,0.1,2.155095100402832
491,-7.281187887987819,0,0,300,0.1,2.1004960536956787
492,-14.347020369372101,0,0,300,0.1,2.339454174041748
493,-16.463784399828604,0,0,300,0.1,2.566145181655884
494,-64.81626057545205,0,0,153,0.1,7.768866062164307
495,-19.08086123546094,0,0,300,0.1,2.292914390563965
496,-30.778656044006347,0,0,240,0.1,3.122164011001587
497,-17.590631438097684,0,0,300,0.1,2.3453569412231445
498,-12.737253771624292,0,0,300,0.1,1.2170125246047974
499,-12.212733546099395,0,0,300,0.1,1.6033824682235718
500,-35.06467902263139,0,0,283,0.1,1.6088688373565674
501,-87.3021525486323,0,0,291,0.1,0.6582372188568115
502,-6.7315572555873135,0,0,300,0.1,0.5230883955955505
503,5.777074514725477,0,0,300,0.1,0.05706687644124031
504,-12.747972861132354,0,0,300,0.1,0.4621922969818115
505,-18.71178326686353,0,0,300,0.1,0.6506448984146118
506,-31.276274538836212,0,0,300,0.1,0.25167879462242126
507,-14.80401792844263,0,0,300,0.1,0.29962167143821716
508,-10.50905928452939,0,0,300,0.1,0.2616114020347595
509,21.228647373714722,0,0,300,0.1,0.09968217462301254
510,-3.460561162731355,0,0,300,0.1,0.08439698070287704
511,-56.6823076160762,0,0,229,0.1,4.008275985717773
512,-32.29802027781936,0,0,212,0.1,4.2197041511535645
513,-64.71221600609753,0,0,300,0.1,0.9788957238197327
514,-19.107378722033232,0,0,213,0.1,1.8370437622070312
515,-33.94284224589799,0,0,209,0.1,1.4834096431732178
516,-36.129447394213386,0,0,300,0.1,2.422560930252075
517,-22.41382266998291,0,0,300,0.1,2.8484556674957275
518,-38.91534251292676,0,0,238,0.1,3.42903470993042
519,-34.28830237468217,0,0,255,0.1,2.7697746753692627
520,-53.49267790873973,0,0,250,0.1,2.625868558883667
521,-51.653083525499994,0,0,288,0.1,2.6084699630737305
522,-50.44242644389597,0,0,300,0.1,2.4833056926727295
523,-8.544400444826806,0,0,300,0.1,0.636299192905426
524,-23.343595648607927,0,0,300,0.1,2.108597993850708
525,-52.350517548718585,0,0,300,0.1,5.017430305480957
526,-19.87121229251352,0,0,300,0.1,0.9530021548271179
527,25.48206047902373,0,0,300,0.1,0.37657174468040466
528,10.122930373671291,0,0,300,0.1,0.6183400750160217
529,-8.036447062692371,0,0,286,0.1,0.09726732969284058
530,36.492298674979466,0,0,300,0.1,0.19813992083072662
531,11.276541611375976,0,0,300,0.1,0.6525857448577881
532,-10.164739535650948,0,0,300,0.1,0.5403205156326294
533,-0.9454996814343521,0,0,300,0.1,0.7587506175041199
534,20.020187458792005,0,0,300,0.1,0.10582341253757477
535,8.289400701918863,0,0,300,0.1,0.0912453830242157
536,31.118987275758066,0,0,300,0.1,0.2687729299068451
537,-9.107119367918685,0,0,300,0.1,0.41998448967933655
538,-14.619874859652258,0,0,300,0.1,0.8651677966117859
539,51.608121716180115,0,0,300,0.1,0.1303534060716629
540,15.267405677237777,0,0,300,0.1,0.23742946982383728
541,1.741747886338505,0,0,236,0.1,0.21385544538497925
542,17.430136205354014,0,0,300,0.1,0.14978589117527008
543,-9.719319201311775,0,0,300,0.1,1.2150288820266724
544,-6.130127163729404,0,0,300,0.1,0.662730872631073
545,-6.281196212768559,0,0,140,0.1,2.8577990531921387
546,27.56348786468175,0,0,239,0.1,0.026246871799230576
547,-8.76409274180862,0,0,300,0.1,1.423722267150879
548,-34.268626509508806,0,0,133,0.1,7.549855709075928
549,-9.331891060671534,0,0,300,0.1,0.6431718468666077
550,45.68339930350451,0,0,300,0.1,0.03007442317903042
551,23.801732630404395,0,0,300,0.1,0.24730807542800903
552,-17.37464054107666,0,0,151,0.1,2.886160135269165
553,-8.027105837664337,0,0,300,0.1,1.0594755411148071
554,-7.387750874361713,0,0,300,0.1,0.717136800289154
555,-13.119407006106087,0,0,300,0.1,0.6975508332252502
556,-13.613148110708874,0,0,300,0.1,0.38156968355178833
557,19.105067365863604,0,0,287,0.1,0.19309744238853455
558,52.19185768032936,0,0,251,0.1,0.033405136317014694
559,-31.90936569213861,0,0,300,0.1,6.967341423034668
560,-2.2661236707356402,0,0,300,0.1,0.3373209536075592
561,14.709392141899853,0,0,300,0.1,0.25751063227653503
562,-10.871028257212357,0,0,300,0.1,0.4456346035003662
563,29.442078321227115,0,0,241,0.1,0.04679401218891144
564,4.953289597830516,0,0,300,0.1,0.1595011204481125
565,7.086375754110755,0,0,299,0.1,0.37155792117118835
566,-5.421893974146573,0,0,300,0.1,0.3527377247810364
567,-6.444645189442915,0,0,300,0.1,0.3839648365974426
568,38.69653815170261,0,0,300,0.1,0.11584411561489105
569,27.564149311384874,0,0,300,0.1,0.18792125582695007
570,32.248956366977445,0,0,300,0.1,0.1554148644208908
571,39.226986337237285,0,0,300,0.1,0.10920123010873795
572,-3.903522812524124,0,0,300,0.1,0.43242740631103516
573,-18.9017206676814,0,0,300,0.1,0.7481292486190796
574,-0.6872177867081424,0,0,300,0.1,0.6434235572814941
575,55.7102267872307,0,0,300,0.1,0.05998164042830467
576,-18.069299301305072,0,0,284,0.1,0.3717939555644989
577,46.74688581327469,0,0,300,0.1,0.3848799765110016
578,41.686244921288235,0,0,277,0.1,0.11267099529504776
579,59.82374153604242,0,0,300,0.1,0.0664336085319519
580,-27.808169661364282,0,0,147,0.1,5.434741497039795
581,36.80234591613084,0,0,300,0.1,0.04136953875422478
582,13.591693341626085,0,0,257,0.1,0.06807760149240494
583,-130.98483767429846,0,0,280,0.1,0.7110103368759155
584,48.165975896255354,0,0,300,0.1,0.09797243773937225
585,45.0080814317849,0,0,300,0.1,0.03413929417729378
586,36.599948491254125,0,0,264,0.1,0.04431565850973129
587,41.98765745351579,0,0,290,0.1,0.04716432839632034
588,58.28614972258477,0,0,279,0.1,0.034422557801008224
589,36.68856325487163,0,0,300,0.1,0.11942753195762634
590,63.82233708004025,0,0,300,0.1,0.0452563501894474
591,46.33551217863823,0,0,300,0.1,0.04451519623398781
592,87.87733684966825,0,0,300,0.1,0.02026941627264023
593,46.078905676105286,0,0,266,0.1,0.0383223220705986
594,9.369969538846295,0,0,300,0.1,0.30884796380996704
595,36.27634812633065,0,0,300,0.1,0.2411220371723175
596,62.9067995984715,0,0,294,0.1,0.06441177427768707
597,-1.5602231903884167,0,0,300,0.1,0.32370492815971375
598,6.870128254094479,0,0,300,0.1,0.3646622598171234
599,29.140306322970652,0,0,300,0.1,0.11676648259162903
600,60.72471262643604,0,0,300,0.1,0.5599910020828247
601,57.2539076895502,0,0,281,0.1,0.017269132658839226
602,63.80350913415221,0,0,300,0.1,0.1101585179567337
603,46.36127845759061,0,0,297,0.1,0.11391092091798782
604,47.38514429787664,0,0,300,0.1,0.1391015648841858
605,65.56005241470903,0,0,277,0.1,0.013171374797821045
606,65.50240617746978,0,0,300,0.1,0.028417406603693962
607,49.46008571478096,0,0,250,0.1,0.006465707905590534
608,17.11567576284077,0,0,226,0.1,0.028176287189126015
609,54.201708645471605,0,0,279,0.1,0.013194568455219269
610,49.05229637830076,0,0,297,0.1,0.043322429060935974
611,28.147814771929053,0,0,213,0.1,0.08587747067213058
612,72.0872656049307,0,0,300,0.1,0.05821547284722328
613,13.39442338878778,0,0,253,0.1,0.034442637115716934
614,-12.695817735991213,0,0,272,0.1,0.23359981179237366
615,-22.7745473774287,0,0,300,0.1,4.556335926055908
616,47.09299540663625,0,0,273,0.1,0.03209242224693298
617,36.167811070331595,0,0,241,0.1,0.0323304645717144
618,33.849037968912405,0,0,300,0.1,0.03245393931865692
619,42.74473152006535,0,0,232,0.1,0.041075292974710464
620,29.525924430885592,0,0,300,0.1,0.07778991758823395
621,85.92900766933818,0,0,300,0.1,0.004798209760338068
622,31.797924205460827,0,0,300,0.1,0.15978297591209412
623,-43.97810816844431,0,0,239,0.1,5.4297261238098145
624,65.63976804057626,0,0,300,0.1,0.15620648860931396
625,37.27199789682892,0,0,256,0.1,0.04706285148859024
626,65.35015170151857,0,0,300,0.1,0.02934710681438446
627,-19.961865435442625,0,0,300,0.1,0.9856654405593872
628,34.864247696534974,0,0,300,0.1,0.02226087637245655
629,23.80086062053707,0,0,231,0.1,0.030547786504030228
630,36.28243476070031,0,0,300,0.1,0.000908755580894649
631,50.080082725235485,0,0,300,0.1,0.03781396523118019
632,1.5486196784165136,0,0,240,0.1,0.11164216697216034
633,52.42641899714736,0,0,300,0.1,0.028087181970477104
634,26.937718782671958,0,0,218,0.1,0.019038274884223938
635,17.444336571195393,0,0,265,0.1,0.04815616458654404
636,52.47332624832657,0,0,274,0.1,0.058533888310194016
637,35.706099143722355,0,0,262,0.1,0.050814997404813766
638,44.914027296700745,0,0,300,0.1,0.0676809698343277
639,23.0488305566695,0,0,224,0.1,0.043318551033735275
640,47.27396313975121,0,0,300,0.1,0.17663171887397766
641,60.9957542307165,0,0,300,0.1,0.0889647901058197
642,54.40486593405274,0,0,300,0.1,0.06353291124105453
643,69.01572131464746,0,0,294,0.1,0.03146540746092796
644,66.16700294847158,0,0,300,0.1,0.06678405404090881
645,44.99392899424327,0,0,251,0.1,0.012618920765817165
646,18.806337017365973,0,0,238,0.1,0.026381738483905792
647,28.495438932129435,0,0,200,0.1,0.03608962148427963
648,35.13968424032001,0,0,230,0.1,0.033535998314619064
649,28.961547235944543,0,0,258,0.1,0.023615702986717224
650,55.49135423809779,0,0,266,0.1,0.051411405205726624
651,34.6516785046321,0,0,219,0.1,0.0078113749623298645
652,26.17492553184298,0,0,223,0.1,0.03474828600883484
653,36.0588300172945,0,0,297,0.1,0.015286795794963837
654,27.629710888066562,0,0,230,0.1,0.027139363810420036
655,-296.02744195064025,0,1,263,0.1,1.5745595693588257
656,31.453922454216745,0,0,279,0.1,0.17917793989181519
657,42.29500254313018,0,0,258,0.1,0.03889603167772293
658,20.699984995224753,0,0,300,0.1,0.036541007459163666
659,19.958356305607833,0,0,243,0.1,0.036984771490097046
660,73.80030617544912,0,0,300,0.1,0.0502118356525898
661,43.95576669047145,0,0,300,0.1,0.05636216327548027
662,46.54187040227021,0,0,287,0.1,0.08294229209423065
663,21.340092206993354,0,0,292,0.1,0.2556562125682831
664,59.0374203649771,0,0,290,0.1,0.04931683465838432
665,21.733007187494326,0,0,237,0.1,0.09043312817811966
666,32.2791829802331,0,0,284,0.1,0.09029160439968109
667,70.35418705149108,0,0,300,0.1,0.007284268271178007
668,29.44529441783694,0,0,220,0.1,0.036713119596242905
669,63.465554259815505,0,0,300,0.1,0.01237513031810522
670,63.51844911167886,0,0,300,0.1,0.027245430275797844
671,51.48230570594337,0,0,300,0.1,0.029386721551418304
672,44.26217184136181,0,0,283,0.1,0.030247598886489868
673,26.519156301566625,0,0,237,0.1,0.030217686668038368
674,49.84185186783342,0,0,249,0.1,0.03387685865163803
675,43.21407767231134,0,0,244,0.1,0.051238175481557846
676,41.3916065144029,0,0,275,0.1,0.04280313476920128
677,36.60884984987346,0,0,251,0.1,0.03654515743255615
678,36.01543494487668,0,0,250,0.1,0.041010402143001556
679,49.52533697747182,0,0,298,0.1,0.007545405067503452
680,32.28616985084978,0,0,231,0.1,0.010209094732999802
681,25.99803593645361,0,0,232,0.1,0.03110237419605255
682,47.57689207533864,0,0,282,0.1,0.06735590845346451
683,32.55435679296521,0,0,300,0.1,0.04573127627372742
684,48.557370537244964,0,0,252,0.1,0.03966481611132622
685,61.84790373767284,0,0,300,0.1,0.10068832337856293
686,-166.55331574360397,0,1,176,0.1,2.2381298542022705
687,-27.558607081570884,0,0,279,0.1,0.14696314930915833
688,-22.12848599354291,0,0,300,0.1,4.264422416687012
689,36.32943347765621,0,0,288,0.1,0.011412600986659527
690,41.12993575322001,0,0,300,0.1,0.017169443890452385
691,82.8065685781326,0,0,300,0.1,0.05143124982714653
692,53.46081466401483,0,0,300,0.1,0.11955484002828598
693,25.059023976647534,0,0,215,0.1,0.041910212486982346
694,59.36872094782559,0,0,268,0.1,0.012946804985404015
695,-31.836666975817327,0,0,300,0.1,4.791865825653076
696,-7.431164838471666,0,0,300,0.1,0.310380756855011
697,-29.056854142346648,0,0,145,0.1,5.9815144538879395
698,46.656934156272804,0,0,300,0.1,0.04341362789273262
699,52.440823143967656,0,0,300,0.1,0.07889421284198761
700,48.034581881663534,0,0,300,0.1,0.10174600034952164
701,26.220214809724357,0,0,300,0.1,0.05155276134610176
702,33.43780871728925,0,0,300,0.1,0.23503939807415009
703,-227.87142765919248,0,0,224,0.1,6.125157833099365
704,39.560895899334206,0,0,300,0.1,0.15336383879184723
705,51.03354422564174,0,0,287,0.1,0.04322830215096474
706,60.75452214817076,0,0,300,0.1,0.06789148598909378
707,-28.86726214488478,0,0,300,0.1,1.2095146179199219
708,-33.726536543020224,0,0,300,0.1,0.27493715286254883
709,-9.748989818492117,0,0,300,0.1,0.30092933773994446
710,146.69498356700345,1,0,258,0.1,0.24381424486637115
711,-54.512254744372086,0,0,211,0.1,4.368262767791748
712,-45.08954566399916,0,0,261,0.1,7.215881824493408
713,-40.258607664904304,0,0,300,0.1,5.114850997924805
714,48.435915971291045,0,0,279,0.1,0.05053500831127167
715,20.069495004223423,0,0,300,0.1,0.27601897716522217
716,178.87004433828344,1,0,298,0.1,0.09969369322061539
717,27.326263202032777,0,0,300,0.1,0.16580908000469208
718,14.314018819802666,0,0,210,0.1,0.05276859551668167
719,-57.45606066783401,0,0,235,0.1,4.356714248657227
720,-44.76158389171097,0,0,200,0.1,4.415595054626465
721,-36.4391280659053,0,0,225,0.1,4.444981098175049
722,-35.941986113390655,0,0,191,0.1,4.788195610046387
723,9.594572705304953,0,0,300,0.1,0.012898982502520084
724,12.11361662516856,0,0,266,0.1,0.014294033870100975
725,224.284323733547,1,0,248,0.1,0.061491478234529495
726,186.19135302793723,1,0,239,0.1,0.1678290069103241
727,112.63745552072797,0,0,237,0.1,0.07412523776292801
728,-36.138714656829826,0,0,233,0.1,1.4446786642074585
729,69.87514112052065,0,0,264,0.1,0.005763712804764509
730,-21.053186073303223,0,0,197,0.1,2.2282965183258057
731,5.378895652102064,0,0,232,0.1,0.2184993028640747
732,-17.881213804079426,0,0,220,0.1,0.8818080425262451
733,-74.74574395579359,0,0,300,0.1,0.6938992142677307
734,174.322249110298,1,0,226,0.1,0.08545181900262833
735,-20.003757135472057,0,0,237,0.1,0.07642626017332077
736,-47.29467547496286,0,0,240,0.1,5.163867950439453
737,-40.444154692492205,0,0,173,0.1,5.308737754821777
738,-11.089372908296758,0,0,299,0.1,0.33476608991622925
739,-76.21025178355234,0,0,300,0.1,0.6484473347663879
740,-257.4030638209965,0,0,300,0.1,3.903066873550415
741,-93.16617151260373,0,0,277,0.1,0.9265428781509399
742,18.285725755271745,0,0,275,0.1,0.09015864878892899
743,1.6987493530896147,0,0,300,0.1,0.14882759749889374
744,1.8649127485367876,0,0,289,0.1,0.027057025581598282
745,189.54322220722702,1,0,206,0.1,0.14343929290771484
746,166.62948621194226,1,0,209,0.1,0.32753634452819824
747,86.85505534479886,0,0,219,0.1,0.08825717866420746
748,179.8536308346179,1,0,214,0.1,0.10091087222099304
749,182.97123229767544,1,0,225,0.1,0.012120585888624191
750,-7.5406404495239165,0,0,156,0.1,2.5476601123809814
751,160.04604873577622,1,0,252,0.1,0.21113695204257965
752,-1.2266085492584242,0,0,231,0.1,0.07303346693515778
753,-119.64877654155222,0,0,242,0.1,1.032393217086792
754,76.22260249217486,0,0,287,0.1,0.408611923456192
755,41.73446137467885,0,0,235,0.1,0.3438933789730072
756,-17.815991217293956,0,0,300,0.1,0.40919914841651917
757,-14.170541678270977,0,0,300,0.1,0.8128345012664795
758,-33.82352458079788,0,0,235,0.1,2.4885802268981934
759,-19.595091398158345,0,0,246,0.1,0.4520295262336731
760,-41.99683394034041,0,0,282,0.1,0.5357130765914917
761,-51.855627335706004,0,0,200,0.1,6.081207752227783
762,-18.087600130262512,0,0,300,0.1,0.8252844214439392
763,-18.590375799360405,0,0,300,0.1,0.23227646946907043
764,39.84156114751967,0,0,230,0.1,0.07406207174062729
765,1.3599713973191117,0,0,244,0.1,0.0248329546302557
766,196.87914149621992,1,0,235,0.1,0.31508493423461914
767,176.53442044603196,1,0,213,0.1,0.11310809850692749
768,-55.17048535267379,0,0,153,0.1,5.457422256469727
769,238.18614093904827,1,0,244,0.1,0.2562856674194336
770,-32.49624623219041,0,0,134,0.1,6.528862476348877
771,104.90249047006043,0,0,245,0.1,0.3366946876049042
772,-24.431085328259613,0,0,300,0.1,2.427572250366211
773,118.90200127805149,0,0,233,0.1,0.03004070743918419
774,-10.56022666230401,0,0,300,0.1,0.3657114505767822
775,-38.34566382884578,0,0,300,0.1,0.5583117008209229
776,160.860702611604,1,0,248,0.1,0.07904531061649323
777,114.94326579163345,0,0,267,0.1,0.06879918277263641
778,44.00135205229255,0,0,300,0.1,0.15811894834041595
779,-19.431552382311537,0,0,300,0.1,1.5505871772766113
780,247.83520105520756,1,0,272,0.1,0.2995350658893585
781,187.59766284915176,1,0,238,0.1,0.15786992013454437
782,154.9604061714795,1,0,229,0.1,0.3350280523300171
783,-45.21659969885495,0,0,300,0.1,3.3781545162200928
784,66.48401364999759,0,0,297,0.1,0.7123526930809021
785,37.75777729908493,0,0,265,0.1,0.44947198033332825
786,221.8843333156917,1,0,226,0.1,0.15162691473960876
787,-69.4304807559636,0,0,300,0.1,0.3812105655670166
788,-43.69979128917188,0,0,234,0.1,5.522646903991699
789,-50.52590965142044,0,0,290,0.1,0.09536261856555939
790,-87.92019277731842,0,0,151,0.1,5.085446357727051
791,284.2362854341653,1,0,258,0.1,0.09610895067453384
792,212.75923061212035,1,0,215,0.1,0.08796710520982742
793,186.7631800120559,1,0,230,0.1,0.26066091656684875
794,291.00634204824905,1,0,291,0.1,0.20697961747646332
795,344.59595087523127,1,0,258,0.1,0.136725515127182
796,107.88049869401874,0,0,227,0.1,0.004474009852856398
797,244.36871532360584,1,0,230,0.1,0.03765569627285004
798,152.1686918834832,1,0,286,0.1,0.03205264359712601
799,153.02821242014434,1,0,216,0.1,0.05558283254504204
800,155.2885653395441,1,0,213,0.1,0.04011308401823044
801,-16.365880294642178,0,0,300,0.1,0.49971193075180054
802,114.90449638272197,0,0,243,0.1,0.028617868199944496
803,191.68269047895933,1,0,266,0.1,0.049527887254953384
804,195.79807827035452,1,0,217,0.1,0.03543008118867874
805,233.77546751654268,1,0,233,0.1,0.00826595164835453
806,175.75242031733063,0,0,283,0.1,0.3834175765514374
807,250.72391497890027,1,0,230,0.1,0.19367715716362
808,-111.53176419178502,0,0,185,0.1,5.717741966247559
809,214.43814296046762,1,0,229,0.1,0.17549212276935577
810,-51.47349233786523,0,0,173,0.1,6.0012712478637695
811,186.89661250481873,1,0,212,0.1,0.051713038235902786
812,-41.77942222674809,0,0,280,0.1,0.5825546383857727
813,170.3204959098485,1,0,214,0.1,0.1384393870830536
814,71.06779262939958,0,0,231,0.1,0.12205913662910461
815,4.822578871646212,0,0,232,0.1,0.23691794276237488
816,184.66025085846448,0,0,256,0.1,0.35459351539611816
817,-84.91222048839066,0,0,96,0.1,8.098254203796387
818,207.9325198403981,1,0,221,0.1,0.34528306126594543
819,-134.7846928111699,0,0,300,0.1,5.68597412109375
820,-20.2764172657344,0,0,91,0.1,5.251803398132324
821,-49.86734730640913,0,0,300,0.1,2.5141377449035645
822,-14.605784197649688,0,0,300,0.1,1.644145131111145
823,157.15195811907319,1,0,192,0.1,0.2993346154689789
824,-33.22934860229492,0,0,160,0.1,4.7598371505737305
825,-13.613603430284396,0,0,300,0.1,0.05210626870393753
826,-27.28244860728714,0,0,117,0.1,5.798311233520508
827,-27.11312570889924,0,0,230,0.1,0.37872594594955444
828,-85.04943504333502,0,0,300,0.1,4.78735876083374
829,-28.99269244273635,0,0,86,0.1,5.1283721923828125
830,99.06661929527789,0,0,273,0.1,0.38824349641799927
831,139.8389504090932,1,0,194,0.1,0.3179855942726135
832,-16.370038858256073,0,0,274,0.1,0.4677087962627411
833,217.6468321825054,1,0,250,0.1,0.17032228410243988
834,-71.02393214305376,0,0,169,0.1,6.023682117462158
835,157.57898496428993,1,0,235,0.1,0.28122979402542114
836,167.00684091846014,1,0,227,0.1,0.2965642809867859
837,-44.02849284251661,0,0,148,0.1,6.527322292327881
838,-73.96590378363263,0,0,300,0.1,0.4954805374145508
839,99.17690548101933,0,0,215,0.1,0.40610504150390625
840,117.05246312777072,1,0,259,0.1,0.14956387877464294
841,-10.288004989624023,0,0,124,0.1,5.104501247406006
842,150.04824564536543,1,0,268,0.1,0.3358399569988251
843,-96.1045971385624,0,0,170,0.1,5.8909502029418945
844,117.17899113933119,0,0,225,0.1,0.16610655188560486
845,160.90056038538484,1,0,214,0.1,0.19018720090389252
846,93.12856580177817,0,0,245,0.1,0.38241076469421387
847,103.58969178597005,0,0,230,0.1,0.3755990266799927
848,138.5804322353986,0,0,233,0.1,0.38565874099731445
849,-13.477744394136815,0,0,300,0.1,0.5534406900405884
850,157.53969171086817,1,0,276,0.1,0.22900909185409546
851,-59.22149762074022,0,0,147,0.1,5.972675323486328
852,165.15073486486938,1,0,208,0.1,0.21174706518650055
853,-51.868955641588904,0,0,300,0.1,5.332437992095947
854,-87.5158396156641,0,0,300,0.1,0.6791589856147766
855,-113.54196684916948,0,0,259,0.1,3.775690793991089
856,-14.644203825792998,0,0,138,0.1,4.053750038146973
857,96.26170106093753,0,0,226,0.1,0.3818691372871399
858,-9.298389674029089,0,0,300,0.1,1.1972965002059937
859,116.14924923101938,0,0,250,0.1,0.26065918803215027
860,-51.96430577357739,0,0,236,0.1,0.4537755250930786
861,168.90244388500716,1,0,221,0.1,0.3382318913936615
862,171.66902395080194,1,0,211,0.1,0.3101309537887573
863,-12.406781516871188,0,0,216,0.1,0.48439446091651917
864,12.611665581868763,0,0,237,0.1,0.48260176181793213
865,267.566530892053,1,0,233,0.1,0.3389657139778137
866,50.271891216443606,0,0,266,0.1,0.4176313579082489
867,161.58409823814895,1,0,247,0.1,0.295803427696228
868,98.60281411329778,0,0,221,0.1,0.440091997385025
869,-49.7344672099736,0,0,142,0.1,3.3259177207946777
870,-64.93013001521558,0,0,268,0.1,0.6027315855026245
871,180.36558326880004,1,0,203,0.1,0.3265491724014282
872,224.33146764914056,0,0,262,0.1,0.3741849362850189
873,210.22571607986953,1,0,231,0.1,0.3419082462787628
874,-15.63109034617874,0,0,247,0.1,0.4829716682434082
875,-88.48483567317457,0,0,276,0.1,0.8564079999923706
876,-13.237559901079859,0,0,226,0.1,0.529589056968689
877,-27.240453003248877,0,0,228,0.1,0.4511309266090393
878,-49.0998159380767,0,0,236,0.1,0.1780920773744583
879,60.260983878770155,0,0,208,0.1,0.33185410499572754
880,105.004652697244,0,0,213,0.1,0.242203950881958
881,229.43530829111603,1,0,212,0.1,0.29420021176338196
882,168.96312322298553,1,0,204,0.1,0.3390499949455261
883,111.18043503443273,0,0,216,0.1,0.4264216125011444
884,169.46137394348648,1,0,216,0.1,0.33303067088127136
885,147.29856929699454,0,0,233,0.1,0.37437477707862854
886,-44.08319732666015,0,0,184,0.1,2.403299331665039
887,127.94554761330163,0,0,234,0.1,0.38735640048980713
888,-22.085917340120996,0,0,215,0.1,0.4916784167289734
889,265.51148072520766,1,0,221,0.1,0.2416522055864334
890,221.5162191049244,0,0,239,0.1,0.32701706886291504
891,182.5374702111867,1,0,220,0.1,0.3453604578971863
892,99.37585099379092,0,0,219,0.1,0.30095890164375305
893,193.3356597224858,0,0,231,0.1,0.3082650899887085
894,81.28207067886856,0,0,229,0.1,0.39529967308044434
895,-1.3720565875384563,0,0,210,0.1,0.23595105111598969
896,-26.907833281359398,0,0,137,0.1,5.927157402038574
897,129.24830909649407,0,0,221,0.1,0.3648371696472168
898,-16.723801031908717,0,0,223,0.1,0.4561493396759033
899,-55.61579119761915,0,0,192,0.1,4.434146881103516
900,156.3950751177457,0,0,225,0.1,0.4316152334213257
901,166.472531708875,0,0,234,0.1,0.36294522881507874
902,131.92723092237983,0,0,238,0.1,0.4171130061149597
903,-8.899933768114758,0,0,210,0.1,0.485182523727417
904,106.70530670563255,0,0,209,0.1,0.3894874155521393
905,100.80277913490801,0,0,220,0.1,0.2065931260585785
906,1.4665284721043432,0,0,205,0.1,0.6460669636726379
907,0.15057696739700477,0,0,209,0.1,0.5081609487533569
908,161.35824072758228,0,0,246,0.1,0.36313241720199585
909,-17.682495675875114,0,0,216,0.1,0.5346285104751587
910,97.65543762842685,0,0,219,0.1,0.4350089132785797
911,165.8549675599721,0,0,215,0.1,0.27705031633377075
912,101.01347376028569,0,0,218,0.1,0.2942802608013153
913,-31.42745563586683,0,0,241,0.1,0.4870629906654358
914,-45.80735561450455,0,0,260,0.1,0.5195379853248596
915,241.70850141922492,0,0,256,0.1,0.4106282889842987
916,5.015766002335824,0,0,222,0.1,0.47484222054481506
917,114.79362738768921,0,0,248,0.1,0.4549017548561096
918,66.15176017681625,0,0,209,0.1,0.37781232595443726
919,217.54879793564345,1,0,214,0.1,0.3495194911956787
920,105.08246597925698,0,0,211,0.1,0.41941049695014954
921,-23.850109358629915,0,0,280,0.1,0.5177264213562012
922,180.50398261705902,0,0,226,0.1,0.4295106828212738
923,208.98855223576095,1,0,218,0.1,0.21898354589939117
924,-27.500178829035484,0,0,233,0.1,0.4627437889575958
925,156.33766009966402,0,0,243,0.1,0.42735549807548523
926,242.84682772080754,0,0,241,0.1,0.3779383599758148
927,-26.556271487078387,0,0,300,0.1,0.5292669534683228
928,181.19242835442094,1,0,207,0.1,0.3100389540195465
929,-11.325711098513322,0,0,214,0.1,0.4941268563270569
930,-42.19519291798138,0,0,159,0.1,7.523599147796631
931,-40.98258341868849,0,0,156,0.1,7.14584493637085
932,66.98913550297291,0,0,257,0.1,0.4363926649093628
933,-29.83844599803421,0,0,157,0.1,5.869810581207275
934,-108.92149302562201,0,0,300,0.1,5.798072338104248
935,-31.28912539561722,0,0,97,0.1,7.019980430603027
936,67.19175646821532,0,0,206,0.1,0.2507530152797699
937,101.88864960352451,0,0,215,0.1,0.36131757497787476
938,101.53782691875968,0,0,210,0.1,0.44071105122566223
939,-163.4689025584845,0,0,191,0.1,5.939526557922363
940,-40.875919007458926,0,0,148,0.1,6.433780670166016
941,-33.603647983070246,0,0,181,0.1,5.647814750671387
942,-63.52658154407998,0,0,242,0.1,6.191446304321289
943,147.62862743774926,1,0,283,0.1,0.33065304160118103
944,-203.3443624877931,0,0,192,0.1,5.026090621948242
945,86.50228086868793,0,0,226,0.1,0.42083123326301575
946,-93.88343426624796,0,0,296,0.1,5.855659484863281
947,79.76676005999117,0,0,220,0.1,0.39163073897361755
948,-31.448110152086944,0,0,137,0.1,6.097226619720459
949,-36.637562895617215,0,0,176,0.1,5.994589805603027
950,-52.1522280414911,0,0,298,0.1,6.055756092071533
951,115.36395113865409,0,0,205,0.1,0.3189626932144165
952,-58.52096702575683,0,0,200,0.1,5.250241756439209
953,-7.904467080435491,0,0,233,0.1,0.2927660644054413
954,-36.55805892944336,0,0,146,0.1,7.27701473236084
955,-61.2308948985722,0,0,243,0.1,5.597524642944336
956,-34.588911391100616,0,0,166,0.1,6.369926929473877
957,-57.70945938110349,0,0,204,0.1,5.407364845275879
958,-34.67105944713089,0,0,208,0.1,5.520463943481445
959,-13.29354411204788,0,0,300,0.1,2.2435851097106934
960,103.64014194885763,0,0,220,0.1,0.4284924864768982
961,-72.78431788524122,0,0,298,0.1,6.216278553009033
962,87.56504988352329,0,0,297,0.1,0.39517319202423096
963,113.58984310905011,0,0,212,0.1,0.20905913412570953
964,-162.85850234111282,0,1,137,0.1,3.9748246669769287
965,101.37042052904638,0,0,232,0.1,0.278489351272583
966,-211.38796664317613,0,0,180,0.1,5.342190742492676
967,-62.49997145732379,0,0,300,0.1,3.667691946029663
968,177.25259525338674,1,0,200,0.1,0.19691142439842224
969,188.0980912963536,1,0,230,0.1,0.2859722673892975
970,103.2288387767461,0,0,218,0.1,0.3175852298736572
971,-85.48934496959171,0,0,300,0.1,4.52253532409668
972,72.36524750868348,0,0,288,0.1,0.4101283848285675
973,-29.482645827135766,0,0,91,0.1,7.535860538482666
974,89.44655974308525,0,0,290,0.1,0.30495738983154297
975,86.40566847960025,0,0,300,0.1,0.38084638118743896
976,156.62601737181214,1,0,218,0.1,0.3349543809890747
977,8.185672029660818,0,0,212,0.1,0.45765337347984314
978,-44.72346290588378,0,0,198,0.1,5.720865726470947
979,105.25944091955694,0,0,211,0.1,0.2698938846588135
980,102.58198833385977,0,0,218,0.1,0.28764694929122925
981,171.62910221258667,1,0,213,0.1,0.27065569162368774
982,70.15641739050416,0,0,219,0.1,0.2841816544532776
983,108.32569044033558,0,0,231,0.1,0.222834974527359
984,105.90046144405873,0,0,224,0.1,0.4241785705089569
985,165.2363452998784,1,0,190,0.1,0.3018200993537903
986,202.83412001887825,1,0,216,0.1,0.2616294324398041
987,-31.36681910594436,0,0,142,0.1,5.4119038581848145
988,259.0312210349229,1,0,233,0.1,0.2907366156578064
989,-20.649169798693382,0,0,164,0.1,2.7549915313720703
990,218.0339729253438,1,0,199,0.1,0.33583685755729675
991,-27.627854934534735,0,0,232,0.1,0.45911872386932373
992,191.42962331930664,1,0,195,0.1,0.34767386317253113
993,94.48494200150043,0,0,212,0.1,0.321882426738739
994,173.19287109772236,0,0,214,0.1,0.23473088443279266
995,117.07944492737327,0,0,218,0.1,0.36867624521255493
996,-66.01495215733979,0,0,295,0.1,0.6025792360305786
997,-141.95465244372826,0,0,214,0.1,0.5138621926307678
998,183.57981609860923,1,0,203,0.1,0.15431974828243256
999,229.25461177507904,1,0,234,0.1,0.28126445412635803
1000,206.32007268587614,1,0,192,0.1,0.2341906726360321
1001,145.53883390823873,0,0,212,0.1,0.3595082759857178
1002,170.65208370844394,1,0,184,0.1,0.3044348657131195
1003,172.5709727470067,1,0,219,0.1,0.18631407618522644
1004,190.2250128571179,0,0,238,0.1,0.3667747378349304
1005,194.83725122849012,0,0,226,0.1,0.24267801642417908
1006,202.13422360102203,1,0,203,0.1,0.3053756654262543
1007,80.44187857071428,0,0,300,0.1,0.4173979163169861
1008,157.83707329908873,1,0,231,0.1,0.3265760838985443
1009,189.2424135128644,1,0,202,0.1,0.3132907748222351
1010,196.30687185923125,1,0,209,0.1,0.2660156488418579
1011,113.72254280010733,0,0,223,0.1,0.2652944326400757
1012,33.75349387804536,0,0,231,0.1,0.49795541167259216
1013,140.64428021708991,1,0,201,0.1,0.27939218282699585
1014,233.48519765774265,0,0,261,0.1,0.28603649139404297
1015,163.38287027040985,1,0,179,0.1,0.3132517635822296
1016,157.50749093691377,1,0,197,0.1,0.30247241258621216
1017,-3.3574665006014985,0,0,211,0.1,0.4514921307563782
1018,142.61560073057683,0,0,233,0.1,0.193462073802948
1019,202.566442720094,1,0,206,0.1,0.34423941373825073
1020,130.75760855356728,0,0,222,0.1,0.40436503291130066
1021,133.48523135105643,0,0,222,0.1,0.38557207584381104
1022,210.39261703530815,1,0,197,0.1,0.14332905411720276
1023,199.6997296539929,1,0,208,0.1,0.30663514137268066
1024,156.5022657982495,1,0,194,0.1,0.33642521500587463
1025,157.76476507584124,1,0,206,0.1,0.34422940015792847
1026,-22.282901550135335,0,0,248,0.1,0.4684244692325592
1027,258.78953464666876,1,0,252,0.1,0.3353312313556671
1028,160.79810592333342,1,0,201,0.1,0.29613879323005676
1029,206.32368935743835,1,0,202,0.1,0.32669809460639954
1030,208.0451512686398,1,0,209,0.1,0.210637167096138
1031,156.47114639321833,0,0,211,0.1,0.1531609296798706
1032,198.350250236192,1,0,201,0.1,0.3060268759727478
1033,-16.710292270979373,0,0,235,0.1,0.24985776841640472
1034,-52.50470806995891,0,0,136,0.1,6.998477935791016
1035,-43.8239464275029,0,0,124,0.1,7.658287525177002
1036,-38.82660146872466,0,0,120,0.1,7.087048530578613
1037,-95.39956807056929,0,0,231,0.1,7.3546929359436035
1038,-30.975535782971654,0,0,118,0.1,7.0186848640441895
1039,162.81806231180695,1,0,190,0.1,0.25179430842399597
1040,209.21821865717436,1,0,201,0.1,0.1199655681848526
1041,94.2539403931287,0,0,220,0.1,0.43999889492988586
1042,152.73997157255678,1,0,184,0.1,0.286690890789032
1043,110.85012549320729,0,0,204,0.1,0.28817808628082275
1044,162.02848107258347,1,0,190,0.1,0.29639026522636414
1045,165.534993044534,1,0,206,0.1,0.30664870142936707
1046,-99.43082408030962,0,0,193,0.1,5.282905101776123
1047,218.91529724995164,1,0,209,0.1,0.341275155544281
1048,169.54741215864686,0,0,235,0.1,0.43215638399124146
1049,167.83557425300148,1,0,184,0.1,0.20308394730091095
1050,161.80245714823272,1,0,223,0.1,0.31810998916625977
1051,-16.861744079589844,0,0,169,0.1,3.300436019897461
1052,158.1026160017636,1,0,196,0.1,0.3152633607387543
1053,92.10448144117865,0,0,203,0.1,0.37494388222694397
1054,-33.49078959544631,0,0,181,0.1,5.385396480560303
1055,-29.49747386058305,0,0,183,0.1,5.522067546844482
1056,96.1664800278333,0,0,211,0.1,0.4036000370979309
1057,-6.73925684531662,0,0,229,0.1,0.45693084597587585
1058,-33.04690442005662,0,0,110,0.1,6.67652702331543
1059,159.97524464050795,1,0,197,0.1,0.2637885510921478
1060,-54.94852452198529,0,0,291,0.1,5.414432048797607
1061,159.99998076836135,1,0,195,0.1,0.210241436958313
1062,171.09660911957292,1,0,186,0.1,0.24967654049396515
1063,39.285450460114774,0,0,290,0.1,0.5712952017784119
1064,167.7677964286075,1,0,200,0.1,0.22890900075435638
1065,228.3041125957158,1,0,220,0.1,0.23265044391155243
1066,167.24092027703787,1,0,199,0.1,0.23060499131679535
1067,100.0878933588651,0,0,213,0.1,0.3824760317802429
1068,-5.9186369999263135,0,0,300,0.1,0.5498583316802979
1069,172.1269372622159,0,0,241,0.1,0.20670735836029053
1070,278.3702342776445,1,0,235,0.1,0.09940747916698456
1071,163.17156891027955,1,0,214,0.1,0.3063867688179016
1072,158.2988989416745,1,0,216,0.1,0.3272559642791748
1073,156.91697504202392,1,0,225,0.1,0.23913776874542236
1074,148.02851792255905,1,0,206,0.1,0.29931730031967163
1075,141.54009345928696,1,0,210,0.1,0.2920129597187042
1076,163.12731060663725,1,0,207,0.1,0.34930357336997986
1077,-17.42925685008499,0,0,150,0.1,2.9350132942199707
1078,104.29821164289983,0,0,222,0.1,0.3981352150440216
1079,-32.7531843241068,0,0,286,0.1,0.4659951627254486
1080,164.07504959861305,1,0,264,0.1,0.14649130403995514
1081,160.28202983538176,1,0,208,0.1,0.3127928674221039
1082,166.96517123381165,1,0,194,0.1,0.327337384223938
1083,166.39245418230558,1,0,203,0.1,0.21831203997135162
1084,167.16671205679444,1,0,193,0.1,0.33184757828712463
1085,165.43696129719282,1,0,197,0.1,0.33788570761680603
1086,165.6904550651696,1,0,191,0.1,0.20020931959152222
1087,102.37494664589435,0,0,216,0.1,0.3607553541660309
1088,157.9352676192906,1,0,189,0.1,0.3100129961967468
1089,168.45111063162352,1,0,198,0.1,0.2672286033630371
1090,88.00472307125598,0,0,221,0.1,0.4176703691482544
1091,-86.64604466358686,0,0,153,0.1,5.681312084197998
1092,159.61066798845795,1,0,196,0.1,0.31381288170814514
1093,-62.79348385731246,0,0,300,0.1,5.7306718826293945
1094,139.9994425670293,1,0,198,0.1,0.2528629004955292
1095,176.61046168486146,1,0,196,0.1,0.12478414922952652
1096,118.47936998526129,0,0,223,0.1,0.41836175322532654
1097,63.093618551888795,1,0,190,0.1,0.30234864354133606
1098,156.36307437578705,1,0,230,0.1,0.26801618933677673
1099,-42.023107634386704,0,0,208,0.1,5.78847599029541
1100,-24.0102356251094,0,0,122,0.1,5.480257987976074
1101,168.65655831972626,1,0,195,0.1,0.2405691146850586
1102,166.04808311382797,1,0,195,0.1,0.33676597476005554
1103,163.51367450396086,1,0,207,0.1,0.2908678352832794
1104,163.97727980057266,1,0,194,0.1,0.32935523986816406
1105,172.48918447414903,1,0,184,0.1,0.3167066276073456
1106,163.19137650887038,1,0,186,0.1,0.33312153816223145
1107,180.2720419422772,1,0,209,0.1,0.16317474842071533
1108,-172.89864863475296,0,1,163,0.1,1.999861240386963
1109,154.52902203718688,1,0,204,0.1,0.2784046530723572
1110,89.94660931984454,0,0,300,0.1,0.38870614767074585
1111,96.38082768599064,0,0,213,0.1,0.3267938792705536
1112,-40.24056350309977,0,0,262,0.1,0.5416454672813416
1113,-150.1565153034541,0,1,144,0.1,2.114327907562256
1114,176.47635333696869,1,0,187,0.1,0.30409643054008484
1115,-15.588118067583752,0,0,300,0.1,0.5222285985946655
1116,95.09404070536178,1,0,228,0.1,0.3424624800682068
1117,-15.760823135375984,0,0,124,0.1,4.595205783843994
1118,153.3455524162438,1,0,203,0.1,0.20740419626235962
1119,97.73548196474583,0,0,220,0.1,0.36274755001068115
1120,165.2444952956822,1,0,191,0.1,0.29655909538269043
1121,169.84699276248483,1,0,194,0.1,0.1509130746126175
1122,109.90085482994589,0,0,210,0.1,0.3218644857406616
1123,155.25272902528312,1,0,206,0.1,0.25323495268821716
1124,179.1623630944875,0,0,232,0.1,0.37891435623168945
1125,92.46757705370457,0,0,203,0.1,0.42663776874542236
1126,173.5082849947598,1,0,190,0.1,0.1399030238389969
1127,163.87706677118805,1,0,205,0.1,0.32765311002731323
1128,153.77226519266637,0,0,288,0.1,0.3869376480579376
1129,89.82070349375277,0,0,216,0.1,0.10678897798061371
1130,101.50465720812352,0,0,213,0.1,0.3846703767776489
1131,170.5071928421643,1,0,190,0.1,0.2587970793247223
1132,170.79690976301697,1,0,205,0.1,0.17162416875362396
1133,236.10300489107635,1,0,207,0.1,0.23707315325737
1134,160.16971440235642,1,0,218,0.1,0.16726773977279663
1135,166.81914490143325,1,0,194,0.1,0.2514992356300354
1136,210.5009055272725,1,0,219,0.1,0.12826502323150635
1137,170.35645613829163,1,0,193,0.1,0.3023757338523865
1138,95.26554248968631,0,0,226,0.1,0.3692264258861542
1139,145.52277674356966,1,0,196,0.1,0.32647934556007385
1140,179.22251052955653,0,0,252,0.1,0.10429307818412781
1141,176.8625713721898,1,0,209,0.1,0.1767856925725937
1142,92.93367781082661,0,0,240,0.1,0.3508943021297455
1143,178.65115892330672,1,0,214,0.1,0.2392907291650772
1144,163.39883017818002,1,0,194,0.1,0.20872001349925995
1145,146.8232596627858,1,0,242,0.1,0.3000780940055847
1146,102.92916825453314,0,0,206,0.1,0.4023209512233734
1147,156.94816237846877,1,0,205,0.1,0.30415624380111694
1148,164.48169276873136,1,0,211,0.1,0.26711341738700867
1149,109.42967101017506,0,0,227,0.1,0.18064771592617035
1150,230.73743568340797,0,0,288,0.1,0.3814578652381897
1151,-30.7176244354247,0,0,300,0.1,5.989406108856201
1152,162.57710182110335,1,0,219,0.1,0.2687395513057709
1153,125.8854301945356,0,0,224,0.1,0.42892563343048096
1154,169.1474897925046,1,0,200,0.1,0.07606520503759384
1155,268.5761268870101,0,0,255,0.1,0.3832344710826874
1156,162.04527083555723,1,0,215,0.1,0.2755202651023865
1157,164.54620664516952,1,0,200,0.1,0.2782518267631531
1158,169.39167077938583,1,0,185,0.1,0.2580402195453644
1159,156.6702630321172,1,0,227,0.1,0.26554781198501587
1160,139.35396482944117,1,0,300,0.1,0.2600541114807129
1161,164.96632705370453,1,0,200,0.1,0.3133070170879364
1162,126.5190925709394,0,0,224,0.1,0.36428987979888916
1163,164.09599268833662,1,0,201,0.1,0.2702309191226959
1164,166.14930766026046,1,0,199,0.1,0.21376755833625793
1165,109.9697423909095,0,0,222,0.1,0.05601591616868973
1166,-14.2772727783534,0,0,207,0.1,0.48451727628707886
1167,232.19712011734504,0,0,268,0.1,0.38869643211364746
1168,166.13096964279677,1,0,194,0.1,0.21855834126472473
1169,166.8876193730023,1,0,195,0.1,0.2777290940284729
1170,163.41568951527145,1,0,201,0.1,0.28557848930358887
1171,170.06971312204865,1,0,184,0.1,0.3391647934913635
1172,165.72503603855637,1,0,205,0.1,0.2846672534942627
1173,92.97288740316898,0,0,212,0.1,0.363637775182724
1174,-34.90017420848342,0,0,137,0.1,6.26774263381958
1175,169.7957351652768,1,0,192,0.1,0.19116884469985962
1176,-35.18278010447952,0,0,95,0.1,7.6483941078186035
1177,44.599694050946525,0,0,231,0.1,0.31533578038215637
1178,-163.18106129566695,0,1,70,0.1,7.540066242218018
1179,-39.620994063219754,0,0,148,0.1,5.410447597503662
1180,168.4853695050862,1,0,198,0.1,0.15720780193805695
1181,-175.65898678699998,0,1,64,0.1,8.54704761505127
1182,-134.51201481739542,0,0,91,0.1,7.2678046226501465
1183,-39.331773423352516,0,0,143,0.1,6.110244274139404
1184,-317.3610916606568,0,0,240,0.1,4.830073833465576
1185,129.5446849099782,1,0,252,0.1,0.2677353024482727
1186,161.44580310265093,1,0,207,0.1,0.27891018986701965
1187,163.0497985355046,1,0,188,0.1,0.22220322489738464
1188,165.38421314398315,1,0,189,0.1,0.33578190207481384
1189,149.20216075579194,1,0,222,0.1,0.2632404565811157
1190,240.90016004482771,1,0,209,0.1,0.3439386785030365
1191,132.7357291690496,1,0,222,0.1,0.24156121909618378
1192,158.25959573666123,1,0,222,0.1,0.3192470073699951
1193,160.77342155138518,1,0,194,0.1,0.27132976055145264
1194,-49.01629443248244,0,0,162,0.1,7.326772689819336
1195,174.03440599600341,1,0,188,0.1,0.2706865668296814
1196,167.985723451772,1,0,206,0.1,0.3325899839401245
1197,166.32534768024948,1,0,197,0.1,0.32410097122192383
1198,7.957562167248507,0,0,300,0.1,0.21379932761192322
1199,237.51480118115876,1,0,273,0.1,0.23474107682704926
1200,154.3299199906972,1,0,250,0.1,0.3123571276664734
1201,139.40997452537087,1,0,204,0.1,0.15000282227993011
1202,155.31166285912062,1,0,194,0.1,0.2776819169521332
1203,18.590433344044957,0,0,208,0.1,0.4518391489982605
1204,155.20489747444657,1,0,200,0.1,0.27022916078567505
1205,152.89014434496428,1,0,214,0.1,0.30308783054351807
1206,167.72252782980468,1,0,212,0.1,0.3220250904560089
1207,159.69727863947418,1,0,199,0.1,0.3275267481803894
1208,150.55784496704607,1,0,186,0.1,0.294536828994751
1209,76.52908144156798,0,0,243,0.1,0.43150216341018677
1210,173.09701512376336,1,0,197,0.1,0.1928558647632599
1211,103.02953897396596,0,0,217,0.1,0.3681325614452362
1212,119.7274990479139,0,0,216,0.1,0.24860429763793945
1213,99.76688988129169,0,0,297,0.1,0.19068819284439087
1214,74.41543525855408,0,0,222,0.1,0.37737202644348145
1215,-260.5385292728755,0,1,206,0.1,2.3523313999176025
1216,234.84478401819723,0,0,276,0.1,0.3538511395454407
1217,167.68766571680572,1,0,205,0.1,0.21845266222953796
1218,164.51574154535797,1,0,204,0.1,0.26734596490859985
1219,166.9035278813031,1,0,194,0.1,0.23124873638153076
1220,101.87002932945762,0,0,209,0.1,0.38156217336654663
1221,144.4329233757642,0,0,227,0.1,0.3590475022792816
1222,167.45147586266066,1,0,201,0.1,0.32123687863349915
1223,167.26005558411148,1,0,195,0.1,0.31924915313720703
1224,78.078181539378,0,0,207,0.1,0.44320839643478394
1225,209.84000314395288,0,0,262,0.1,0.3714815080165863
1226,92.51178798357516,0,0,226,0.1,0.4129040241241455
1227,166.15071766058472,1,0,206,0.1,0.25719115138053894
1228,160.0588129321721,1,0,202,0.1,0.28673502802848816
1229,164.51619700113798,1,0,199,0.1,0.3262663185596466
1230,120.97996735970054,0,0,219,0.1,0.28744715452194214
1231,-22.975864120325745,0,0,231,0.1,0.4741651117801666
1232,165.87638814131284,1,0,207,0.1,0.2704707682132721
1233,97.21967800299198,0,0,215,0.1,0.3774043619632721
1234,167.01481931845214,1,0,187,0.1,0.2882858216762543
1235,205.78416551033524,1,0,265,0.1,0.29204562306404114
1236,100.8436673561719,0,0,211,0.1,0.42271044850349426
1237,-102.22735241810342,0,0,300,0.1,4.986639022827148
1238,168.5994348756459,1,0,190,0.1,0.2812691628932953
1239,172.20258462111022,1,0,197,0.1,0.26307353377342224
1240,163.6932115403798,1,0,197,0.1,0.34840989112854004
1241,144.1096569649366,0,0,212,0.1,0.4341958463191986
1242,156.85138979593782,1,0,193,0.1,0.33848270773887634
1243,174.45989113728075,1,0,193,0.1,0.3054206073284149
1244,148.29117413442003,0,0,242,0.1,0.42342549562454224
1245,-11.865369330248539,0,0,202,0.1,0.5240414142608643
1246,161.14035276571778,1,0,200,0.1,0.16177253425121307
1247,74.1262337485936,0,0,235,0.1,0.42839136719703674
1248,202.6101954833732,0,0,228,0.1,0.4465285539627075
1249,92.56679264465839,0,0,210,0.1,0.3504941761493683
1250,140.73627424638144,0,0,229,0.1,0.4456329941749573
1251,146.00827902714278,1,0,216,0.1,0.3073519766330719
1252,224.09108932654715,0,0,248,0.1,0.3908460736274719
1253,136.13894792715584,0,0,224,0.1,0.39426425099372864
1254,108.93852672020469,0,0,213,0.1,0.3712311089038849
1255,209.62555032650494,0,0,242,0.1,0.3703499734401703
1256,138.24738802830245,1,0,203,0.1,0.31411659717559814
1257,172.08738332907225,1,0,213,0.1,0.3195565342903137
1258,147.29054236094026,1,0,193,0.1,0.26628971099853516
1259,-41.300867935015056,0,0,231,0.1,0.5492215752601624
1260,148.7373516766217,1,0,203,0.1,0.3346165120601654
1261,121.6999605337766,0,0,223,0.1,0.28820285201072693
1262,80.50144400278597,0,0,210,0.1,0.42171454429626465
1263,104.36188773790867,0,0,210,0.1,0.40287211537361145
1264,109.49950273434193,0,0,224,0.1,0.24921035766601562
1265,56.582861966290785,0,0,244,0.1,0.24491310119628906
1266,327.94222158830047,0,0,281,0.1,0.35356107354164124
1267,-14.175495444140166,0,0,223,0.1,0.5265729427337646
1268,105.04501653830083,0,0,224,0.1,0.3837989866733551
1269,98.92618617693454,0,0,227,0.1,0.3742968738079071
1270,-22.222700665793145,0,0,258,0.1,0.4516996145248413
1271,-66.93876368602254,0,0,165,0.1,5.402390003204346
1272,114.02790988008054,0,0,238,0.1,0.2063876837491989
1273,165.37192490498092,1,0,222,0.1,0.23311835527420044
1274,-45.3047315510127,0,0,171,0.1,5.276381969451904
1275,-30.820747710070336,0,0,178,0.1,5.365386009216309
1276,150.09420196453604,1,0,200,0.1,0.29888683557510376
1277,-164.08109497070313,0,1,76,0.1,4.460273742675781
1278,36.35049443403745,0,0,289,0.1,0.3725501298904419
1279,-42.7283296497676,0,0,103,0.1,7.057281494140625
1280,-65.19989123424025,0,0,273,0.1,6.447671890258789
1281,-93.70613097270459,0,0,300,0.1,2.301731824874878
1282,160.05050941030052,1,0,238,0.1,0.24117949604988098
1283,171.57531436125305,0,0,237,0.1,0.2048204243183136
1284,160.56809406200912,1,0,191,0.1,0.297568142414093
1285,235.61388207117585,1,0,217,0.1,0.2119661420583725
1286,235.16389096658085,0,0,264,0.1,0.3902224004268646
1287,70.90119550148518,0,0,225,0.1,0.3549835681915283
1288,97.82158580939637,0,0,238,0.1,0.4164368510246277
1289,85.34058743635684,0,0,219,0.1,0.24713373184204102
1290,163.14033442894484,1,0,216,0.1,0.3348205089569092
1291,167.38899793068435,1,0,189,0.1,0.2933744192123413
1292,244.66870008627444,1,0,220,0.1,0.30130577087402344
1293,172.17935973326232,1,0,203,0.1,0.24248605966567993
1294,163.49032850662735,1,0,204,0.1,0.30964621901512146
1295,173.1413268725064,1,0,201,0.1,0.27589744329452515
1296,212.96805371681717,1,0,219,0.1,0.2764844298362732
1297,163.88697466770674,1,0,199,0.1,0.2963818311691284
1298,118.2886011044172,0,0,224,0.1,0.3996509611606598
1299,167.8873730222371,1,0,202,0.1,0.27916112542152405
1300,175.03373283545045,1,0,193,0.1,0.2642795741558075
1301,318.8234471193937,1,0,226,0.1,0.23889771103858948
1302,146.6664187065747,1,0,234,0.1,0.33147522807121277
1303,188.21483102242019,0,0,224,0.1,0.4070054590702057
1304,-62.777234602770456,0,0,229,0.1,5.367007732391357
1305,-66.04717732349893,0,0,300,0.1,5.199095249176025
1306,152.24574775377778,1,0,199,0.1,0.3492186963558197
1307,-77.32507621765144,0,0,197,0.1,6.113769054412842
1308,164.25333675304915,1,0,210,0.1,0.334408164024353
1309,206.0550717894223,1,0,212,0.1,0.3451841175556183
1310,172.8114664117482,1,0,199,0.1,0.2273557484149933
1311,163.17343093792465,1,0,223,0.1,0.1522248089313507
1312,161.4226860300687,0,0,260,0.1,0.3513523042201996
1313,176.13561931053664,1,0,212,0.1,0.1792946457862854
1314,127.15505412976613,0,0,227,0.1,0.435470312833786
1315,-34.09286166270706,0,0,141,0.1,6.455914497375488
1316,168.92795989672211,1,0,189,0.1,0.26401323080062866
1317,8.489032224020914,0,0,252,0.1,0.35150566697120667
1318,166.84424150864152,1,0,204,0.1,0.3093615472316742
1319,-23.967104970612702,0,0,300,0.1,0.35237371921539307
1320,159.93597647825743,1,0,224,0.1,0.3164646327495575
1321,27.294650158093987,0,0,256,0.1,0.2851688861846924
1322,-42.013823823132626,0,0,300,0.1,5.860756874084473
1323,127.16541546980417,0,0,279,0.1,0.38036078214645386
1324,155.0349290529874,0,0,238,0.1,0.39682602882385254
1325,167.14079084912802,1,0,212,0.1,0.16506420075893402
1326,-146.49879292408545,0,0,300,0.1,5.49199914932251
1327,241.428297483125,1,0,220,0.1,0.34379756450653076
1328,-41.5502801044795,0,0,165,0.1,6.2577691078186035
1329,329.00189250151186,1,0,227,0.1,0.28593799471855164
1330,-34.87627331654099,0,0,178,0.1,5.928869247436523
1331,168.6567826382306,0,0,210,0.1,0.36455005407333374
1332,166.62153906981018,1,0,203,0.1,0.19871926307678223
1333,168.33702767054106,1,0,200,0.1,0.2568115293979645
1334,146.34520281235245,1,0,194,0.1,0.2848522663116455
1335,171.64121227423217,1,0,199,0.1,0.22654369473457336
1336,80.28022133668397,0,0,229,0.1,0.38465094566345215
1337,241.09076383987932,1,0,215,0.1,0.2562662959098816
1338,101.54376205285526,0,0,239,0.1,0.26563760638237
1339,162.01673600753278,1,0,214,0.1,0.27498531341552734
1340,161.51299338022736,1,0,206,0.1,0.33177536725997925
1341,-33.5170505054805,0,0,135,0.1,5.939461708068848
1342,141.49029992262396,0,0,217,0.1,0.25658413767814636
1343,-81.82645228465532,0,0,135,0.1,6.009312152862549
1344,-39.15471089283491,0,0,197,0.1,4.94597864151001
1345,82.12395640452846,0,0,247,0.1,0.38641029596328735
1346,103.90188017407925,0,0,216,0.1,0.21876564621925354
1347,101.25747918526204,0,0,224,0.1,0.25418999791145325
1348,-47.25768612782028,0,0,103,0.1,6.631722450256348
1349,-14.630689383349088,0,0,300,0.1,1.9053714275360107
1350,-35.55048664967087,0,0,124,0.1,6.429922580718994
1351,-50.880327729382785,0,0,175,0.1,4.902382850646973
1352,144.86605359474686,1,0,199,0.1,0.2921244502067566
1353,165.48646447936562,1,0,217,0.1,0.27926862239837646
1354,-35.76721072276564,0,0,167,0.1,5.627001762390137
1355,151.81866814772155,1,0,215,0.1,0.3105598986148834
1356,163.73468989531065,1,0,211,0.1,0.20543906092643738
1357,166.33849374214677,1,0,206,0.1,0.30883777141571045
1358,135.35390075603988,1,0,208,0.1,0.2978256940841675
1359,324.47224573473005,1,0,240,0.1,0.1066700890660286
1360,167.57276021400955,1,0,218,0.1,0.2056463658809662
1361,145.8920595804837,1,0,211,0.1,0.13328152894973755
1362,168.4290637306359,1,0,205,0.1,0.20881564915180206
1363,107.45275593916448,0,0,248,0.1,0.15533894300460815
1364,-14.124598756632535,0,0,229,0.1,0.4938487708568573
1365,171.64075502077606,1,0,191,0.1,0.28596749901771545
1366,167.6508253375676,1,0,197,0.1,0.20647840201854706
1367,-31.215148902735436,0,0,261,0.1,0.4639863073825836
1368,173.34676108121477,1,0,224,0.1,0.24627399444580078
1369,176.1574437467244,1,0,198,0.1,0.17512215673923492
1370,-37.19954370100633,0,0,255,0.1,0.5013905167579651
1371,138.8378521434453,1,0,215,0.1,0.2976612150669098
1372,102.51700129190952,0,0,230,0.1,0.2531869113445282
1373,171.57048944512871,1,0,226,0.1,0.17994165420532227
1374,162.8640209142354,1,0,221,0.1,0.15395675599575043
1375,-58.787663527331084,0,0,140,0.1,6.802114963531494
1376,164.9261476365712,1,0,217,0.1,0.2773003876209259
1377,153.22349939505128,1,0,218,0.1,0.29992419481277466
1378,159.3177423028138,1,0,209,0.1,0.243893101811409
1379,143.63433969179658,1,0,210,0.1,0.24284441769123077
1380,163.59237850348023,1,0,210,0.1,0.24254772067070007
1381,168.48067845980194,1,0,214,0.1,0.29911819100379944
1382,81.06248603741214,1,0,279,0.1,0.2675569951534271
1383,-50.49433141867581,0,0,185,0.1,6.728981018066406
1384,166.89553053299454,1,0,196,0.1,0.17218120396137238
1385,115.18784564177068,0,0,222,0.1,0.14874063432216644
1386,312.9454660836843,0,0,297,0.1,0.3724013864994049
1387,210.7632773653653,1,0,216,0.1,0.34341999888420105
1388,162.42706350008515,1,0,209,0.1,0.34645259380340576
1389,133.20401326576737,1,0,208,0.1,0.2898605763912201
1390,157.62702816406755,1,0,199,0.1,0.31044623255729675
1391,154.2882572094586,1,0,199,0.1,0.3121469020843506
1392,-34.62707653919723,0,0,300,0.1,3.431570053100586
1393,165.57187203446892,1,0,208,0.1,0.19559040665626526
1394,164.72106380383042,1,0,205,0.1,0.27542075514793396
1395,164.1446116654065,1,0,203,0.1,0.3076992928981781
1396,166.37781812349823,1,0,193,0.1,0.2851128578186035
1397,164.5182842604306,1,0,206,0.1,0.17706862092018127
1398,-121.08248867908978,0,0,283,0.1,3.7979230880737305
1399,140.5128830615666,1,0,203,0.1,0.3254370093345642
1400,115.10310965577635,0,0,214,0.1,0.21408049762248993
1401,253.7669138594482,1,0,230,0.1,0.23218826949596405
1402,173.96489130298164,1,0,191,0.1,0.27370336651802063
1403,162.1729439417508,1,0,200,0.1,0.3061976730823517
1404,177.92836055239172,1,0,247,0.1,0.21512798964977264
1405,165.13655281940964,1,0,207,0.1,0.17774184048175812
1406,167.44464399138954,1,0,212,0.1,0.24679574370384216
1407,166.87599016467598,1,0,207,0.1,0.1934475153684616
1408,95.24620426496004,0,0,224,0.1,0.3746781647205353
1409,155.08142486135034,1,0,258,0.1,0.21113339066505432
1410,113.51128098169835,0,0,291,0.1,0.417645126581192
1411,-61.36284341812133,0,0,166,0.1,1.9282108545303345
1412,164.8302907077458,1,0,219,0.1,0.3306984007358551
1413,73.29556191364793,0,0,300,0.1,0.38571804761886597
1414,155.62270440975692,1,0,205,0.1,0.2887437343597412
1415,254.45831761518986,1,0,219,0.1,0.31718137860298157
1416,90.33982083877063,0,0,219,0.1,0.4262649416923523
1417,-106.88573650678143,0,0,300,0.1,0.35440126061439514
1418,165.26207970539596,1,0,206,0.1,0.282705157995224
1419,172.03936683972807,1,0,228,0.1,0.16399624943733215
1420,-30.58887593189744,0,0,130,0.1,5.982019901275635
1421,-29.173646668591772,0,0,111,0.1,6.738212585449219
1422,122.94713024775062,0,0,300,0.1,0.4148105978965759
1423,167.8205155096438,1,0,266,0.1,0.07443264871835709
1424,154.32888681491352,0,0,250,0.1,0.35480621457099915
1425,102.83455581585433,1,0,252,0.1,0.26409676671028137
1426,191.147875161967,1,0,224,0.1,0.3100590407848358
1427,252.1939885679868,1,0,235,0.1,0.31791239976882935
1428,148.2280413297799,1,0,200,0.1,0.23154442012310028
1429,131.27654415051026,0,0,299,0.1,0.4602510333061218
1430,104.48185562531026,0,0,227,0.1,0.3550671339035034
1431,104.35217906037839,0,0,283,0.1,0.22894273698329926
1432,160.39641827503706,1,0,216,0.1,0.2764645516872406
1433,170.27633087793853,1,0,204,0.1,0.20460139214992523
1434,-91.96875936667037,0,0,300,0.1,0.44153615832328796
1435,137.54189666191618,1,0,262,0.1,0.27038946747779846
1436,168.8843739155915,1,0,202,0.1,0.24575555324554443
1437,160.2902182690289,1,0,212,0.1,0.28489962220191956
1438,173.95506649295356,1,0,182,0.1,0.21444572508335114
1439,116.3045725806568,0,0,222,0.1,0.2273886799812317
1440,173.5283093627307,1,0,219,0.1,0.3478390872478485
1441,151.32984387795,1,0,191,0.1,0.2640744149684906
1442,109.01542187491924,0,0,226,0.1,0.15868045389652252
1443,163.3913657657292,1,0,214,0.1,0.3184530436992645
1444,162.30242144743468,1,0,215,0.1,0.24393637478351593
1445,157.93232362667587,1,0,209,0.1,0.30327123403549194
1446,139.4862206474927,1,0,218,0.1,0.345409095287323
1447,171.7254706899312,1,0,204,0.1,0.2947060465812683
1448,160.441336068311,1,0,248,0.1,0.06438174843788147
1449,170.10491573651763,1,0,240,0.1,0.2919451594352722
1450,173.12094803611305,1,0,198,0.1,0.25472256541252136
1451,166.49499006907013,1,0,208,0.1,0.2700376510620117
1452,-105.04588356097662,0,0,288,0.1,0.9091699719429016
1453,171.8515139643338,1,0,219,0.1,0.29022765159606934
1454,171.165058914819,1,0,202,0.1,0.26140376925468445
1455,239.28313833514707,0,0,250,0.1,0.2026723027229309
1456,-34.89625305175782,0,0,127,0.1,6.426563262939453
1457,-74.46714648326372,0,0,169,0.1,5.279485702514648
1458,-48.62101000865431,0,0,91,0.1,7.355451583862305
1459,-75.74659916798139,0,0,93,0.1,7.321450710296631
1460,163.1633641640332,1,0,202,0.1,0.2329624891281128
1461,-11.550117549100191,0,0,206,0.1,0.6248303055763245
1462,58.77198856035745,0,0,295,0.1,0.43872901797294617
1463,161.22630282203224,1,0,198,0.1,0.2525657117366791
1464,-38.3893628692627,0,0,119,0.1,5.957340717315674
1465,34.553757433095484,1,0,224,0.1,0.27509650588035583
1466,-30.853525666394507,0,0,97,0.1,7.208182334899902
1467,238.01555382648974,1,0,213,0.1,0.3491520583629608
1468,-33.685875748791965,0,0,94,0.1,7.648769855499268
1469,-31.720158661999974,0,0,94,0.1,7.6598405838012695
1470,135.50945176204183,0,0,238,0.1,0.3964058458805084
1471,182.86018250385786,1,0,211,0.1,0.3247770071029663
1472,100.78610164085896,0,0,237,0.1,0.36551541090011597
1473,161.21248897711303,1,0,185,0.1,0.29732561111450195
1474,157.4586142615464,1,0,223,0.1,0.16908107697963715
1475,95.83670092026264,0,0,230,0.1,0.40714991092681885
1476,157.90687525073554,1,0,191,0.1,0.1809016615152359
1477,135.86975229422126,0,0,231,0.1,0.4407379627227783
1478,168.3996948544171,1,0,199,0.1,0.31899359822273254
1479,164.4579815904286,1,0,202,0.1,0.2912754714488983
1480,33.38565012613801,0,0,225,0.1,0.4613259434700012
1481,164.08731435338524,1,0,227,0.1,0.17923064529895782
1482,110.63727782885105,0,0,237,0.1,0.360594779253006
1483,135.52759395042924,1,0,195,0.1,0.23004350066184998
1484,162.5441178623822,1,0,218,0.1,0.31523439288139343
1485,115.99840568324068,0,0,229,0.1,0.12391888350248337
1486,164.5986615769055,0,0,241,0.1,0.40229424834251404
1487,67.7165171186116,0,0,212,0.1,0.37273797392845154
1488,174.03902437726524,1,0,198,0.1,0.24298489093780518
1489,182.25095987717177,0,0,243,0.1,0.36865782737731934
1490,159.97006273666886,1,0,199,0.1,0.3486480414867401
1491,219.1513882509854,1,0,215,0.1,0.34777578711509705
1492,163.03274021665123,1,0,214,0.1,0.21758896112442017
1493,158.9274680964139,1,0,201,0.1,0.24044197797775269
1494,167.00022409955528,1,0,209,0.1,0.2109317034482956
1495,207.39817013422515,1,0,198,0.1,0.23260708153247833
1496,158.88750726858643,1,0,197,0.1,0.048729877918958664
1497,101.2920264999059,0,0,209,0.1,0.3772805631160736
1498,214.75320505539443,1,0,223,0.1,0.348111093044281
1499,64.15467247168095,0,0,238,0.1,0.42801669239997864
1500,103.01268398443725,1,0,213,0.1,0.33759915828704834
1501,101.30221041361362,0,0,217,0.1,0.3550339639186859
1502,137.43128786484266,1,0,201,0.1,0.21807339787483215
1503,169.3728407279637,1,0,197,0.1,0.3295856714248657
1504,-27.88794450839492,0,0,286,0.1,0.45718520879745483
1505,146.41066933909917,1,0,204,0.1,0.24782893061637878
1506,173.83195548454788,1,0,231,0.1,0.26255130767822266
1507,101.61008371988804,1,0,225,0.1,0.3151884973049164
1508,162.45362255493666,1,0,205,0.1,0.31677934527397156
1509,169.85847230354813,1,0,197,0.1,0.30210793018341064
1510,142.46099486509826,1,0,197,0.1,0.32359743118286133
1511,171.48911692539718,1,0,212,0.1,0.344492644071579
1512,169.63699908057717,1,0,197,0.1,0.14851680397987366
1513,166.33560871044662,1,0,199,0.1,0.2430645227432251
1514,84.15760112921265,0,0,216,0.1,0.19489893317222595
1515,139.22205578009158,1,0,196,0.1,0.13992972671985626
1516,144.4287027446417,1,0,225,0.1,0.33901864290237427
1517,158.85545332709816,1,0,196,0.1,0.13482600450515747
1518,161.5822348038342,1,0,215,0.1,0.327875554561615
1519,173.87679360310105,1,0,204,0.1,0.2703205347061157
1520,203.28361629525685,0,0,265,0.1,0.04879714548587799
1521,100.80734219233067,0,0,225,0.1,0.37908098101615906
1522,131.31942817608385,1,0,203,0.1,0.2133270800113678
1523,166.40624816099668,1,0,205,0.1,0.17714297771453857
1524,125.30554149071246,0,0,252,0.1,0.47607916593551636
1525,217.56717443624999,1,0,207,0.1,0.3472757637500763
1526,133.98678343931704,1,0,190,0.1,0.32011011242866516
1527,166.72483331362272,1,0,217,0.1,0.21009761095046997
1528,161.25203668276336,1,0,213,0.1,0.27601736783981323
1529,148.79072489778068,1,0,206,0.1,0.18258729577064514
1530,165.1223066929963,1,0,221,0.1,0.22975322604179382
1531,158.25240380445985,1,0,195,0.1,0.12488448619842529
1532,169.16810364047552,1,0,205,0.1,0.1422000676393509
1533,152.06621652642752,1,0,202,0.1,0.17313943803310394
1534,170.5690676108983,1,0,203,0.1,0.17176200449466705
1535,165.79611384550597,1,0,202,0.1,0.3302229344844818
1536,153.23547577301528,1,0,193,0.1,0.15286242961883545
1537,99.39259135643513,0,0,215,0.1,0.41715091466903687
1538,149.86250417748954,1,0,198,0.1,0.2010081261396408
1539,167.65889965096977,1,0,193,0.1,0.20488528907299042
1540,163.58975421508288,0,0,226,0.1,0.30105939507484436
1541,154.50022307554747,1,0,226,0.1,0.15074019134044647
1542,176.91468725124864,1,0,207,0.1,0.12221962213516235
1543,152.38584596792725,1,0,241,0.1,0.309866726398468
1544,173.03909292081858,1,0,224,0.1,0.11317966878414154
1545,175.86114420930414,1,0,209,0.1,0.1611131876707077
1546,135.09529532829796,1,0,201,0.1,0.10023631900548935
1547,162.19782575646903,1,0,205,0.1,0.19040386378765106
1548,166.80982100049522,1,0,217,0.1,0.14004160463809967
1549,169.81829428950812,1,0,193,0.1,0.20251575112342834
1550,165.99054962078597,1,0,204,0.1,0.2694903314113617
1551,122.19152565995722,1,0,286,0.1,0.21506281197071075
1552,161.8487325207379,1,0,198,0.1,0.24268107116222382
1553,-15.056812611422238,0,0,300,0.1,0.9894022345542908
1554,227.3946030751851,1,0,235,0.1,0.28992995619773865
1555,161.72480580965546,1,0,209,0.1,0.3480745553970337
1556,160.56803830305603,1,0,220,0.1,0.17316821217536926
1557,69.2035237518934,0,0,214,0.1,0.41813960671424866
1558,236.73019979635745,1,0,204,0.1,0.241214320063591
1559,72.12133231083423,0,0,250,0.1,0.4277278780937195
1560,175.27687950173882,1,0,192,0.1,0.1810743808746338
1561,170.23606965939072,1,0,217,0.1,0.1815219223499298
1562,-9.261925147375766,0,0,215,0.1,0.4621945321559906
1563,119.09942638794449,1,0,216,0.1,0.24552062153816223
1564,168.76038743893173,1,0,200,0.1,0.2866123914718628
1565,118.33877164522683,0,0,224,0.1,0.37624168395996094
1566,152.64822409550217,1,0,192,0.1,0.3220612108707428
1567,167.71687231461075,1,0,197,0.1,0.274850070476532
1568,107.65659306685002,0,0,225,0.1,0.362231582403183
1569,-17.274774981341093,0,0,218,0.1,0.5788928270339966
1570,70.65195418278246,0,0,203,0.1,0.27487248182296753
1571,111.46745132843527,0,0,300,0.1,0.39458197355270386
1572,102.9026661809298,1,0,265,0.1,0.349784791469574
1573,161.65631289998558,1,0,188,0.1,0.17563889920711517
1574,63.773580176034365,0,0,298,0.1,0.21476463973522186
1575,166.62801016608742,1,0,216,0.1,0.22458358108997345
1576,227.96363875309495,1,0,198,0.1,0.28490713238716125
1577,-44.791809874376966,0,0,191,0.1,4.238151550292969
1578,137.8227554885534,0,0,216,0.1,0.3788453936576843
1579,157.67016371408965,1,0,214,0.1,0.3130837678909302
1580,101.46989992300541,0,0,213,0.1,0.36343294382095337
1581,161.57198346058394,1,0,216,0.1,0.29084333777427673
1582,166.80230232039955,1,0,197,0.1,0.24540448188781738
1583,88.11057005564243,0,0,213,0.1,0.3485250473022461
1584,172.41822470585373,1,0,180,0.1,0.2929343283176422
1585,177.43038570086028,1,0,191,0.1,0.2656407356262207
1586,231.27721433679133,1,0,216,0.1,0.19621765613555908
1587,167.57760552088288,1,0,197,0.1,0.31088685989379883
1588,187.8046172491696,1,0,195,0.1,0.19494812190532684
1589,168.42552621523407,1,0,201,0.1,0.2274155169725418
1590,169.6097750798848,1,0,194,0.1,0.25563645362854004
1591,154.40885420004395,1,0,186,0.1,0.3026776909828186
1592,165.77206468502547,1,0,195,0.1,0.23946762084960938
1593,224.74204141894845,1,0,202,0.1,0.27228403091430664
1594,146.7422151843694,1,0,223,0.1,0.23115453124046326
1595,138.47934806505705,1,0,193,0.1,0.3219464421272278
1596,153.61382357517746,1,0,183,0.1,0.2902595102787018
1597,102.1811564556824,0,0,243,0.1,0.3813974857330322
1598,159.7417960075524,1,0,203,0.1,0.23854349553585052
1599,164.9250510851529,1,0,197,0.1,0.3437115252017975
1600,216.75572765032314,0,0,288,0.1,0.4204481840133667
1601,176.1349482432988,1,0,193,0.1,0.2602851986885071
1602,161.45529666105776,0,0,227,0.1,0.37002691626548767
1603,167.6181202272561,1,0,187,0.1,0.21735358238220215
1604,308.9234243385064,0,0,266,0.1,0.33522024750709534
1605,-9.72625708421204,0,0,228,0.1,0.453199177980423
1606,110.64920265118154,0,0,225,0.1,0.19538000226020813
1607,162.572314542928,1,0,203,0.1,0.2851463556289673
1608,103.16205802122626,0,0,213,0.1,0.37298399209976196
1609,134.28799462954072,1,0,205,0.1,0.2527443468570709
1610,169.3730758265641,1,0,207,0.1,0.2266763597726822
1611,150.5825870958951,1,0,215,0.1,0.2734251916408539
1612,114.51473699132475,0,0,222,0.1,0.14612869918346405
1613,172.01854125777749,1,0,199,0.1,0.19895313680171967
1614,145.64597318331272,1,0,225,0.1,0.28259339928627014
1615,74.81941788593797,0,0,221,0.1,0.4232002794742584
1616,150.94615234295395,1,0,185,0.1,0.2583761513233185
1617,158.8112659470227,1,0,222,0.1,0.3121100962162018
1618,72.5659331838277,0,0,206,0.1,0.3275247812271118
1619,164.771632643142,1,0,213,0.1,0.22838850319385529
1620,102.67658520142109,0,0,212,0.1,0.17287881672382355
1621,155.99538127104313,0,0,228,0.1,0.35773223638534546
1622,142.77072025219468,1,0,196,0.1,0.24014423787593842
1623,165.25716508189706,1,0,206,0.1,0.17663152515888214
1624,161.65650009790923,1,0,211,0.1,0.1738777607679367
1625,164.1479839769986,1,0,185,0.1,0.199270561337471
1626,167.5049534289029,1,0,199,0.1,0.12433808296918869
1627,166.39669521788625,1,0,196,0.1,0.09471403062343597
1628,166.3057384709504,1,0,209,0.1,0.19751854240894318
1629,239.13241689126346,0,0,244,0.1,0.3522433638572693
1630,170.4022534040597,1,0,205,0.1,0.13855965435504913
1631,167.57749018827943,1,0,194,0.1,0.29713335633277893
1632,142.94997671286134,1,0,199,0.1,0.3398726284503937
1633,205.27628236929445,1,0,211,0.1,0.321661114692688
1634,169.01252363721397,1,0,195,0.1,0.23000618815422058
1635,73.00825884501008,0,0,209,0.1,0.38756343722343445
1636,171.80576356808214,1,0,187,0.1,0.26524004340171814
1637,148.7804754857209,1,0,198,0.1,0.1909567266702652
1638,65.017313746014,0,0,245,0.1,0.05817577987909317
1639,156.3398533407834,1,0,194,0.1,0.14404504001140594
1640,166.09219429532553,1,0,210,0.1,0.22278358042240143
1641,172.36933546940355,1,0,200,0.1,0.1834133118391037
1642,164.49556957165268,1,0,204,0.1,0.22455744445323944
1643,166.05225611487893,1,0,213,0.1,0.16371092200279236
1644,144.3025411049512,1,0,185,0.1,0.2467348277568817
1645,169.63316889206436,1,0,218,0.1,0.1479240208864212
1646,160.97460639993216,1,0,213,0.1,0.20896801352500916
1647,162.05473860422637,1,0,200,0.1,0.2891694903373718
1648,157.96302326122787,1,0,186,0.1,0.26165691018104553
1649,137.72720240990188,1,0,208,0.1,0.2723410427570343
1650,169.30409641186264,1,0,207,0.1,0.2837742865085602
1651,-247.61054573059167,0,0,294,0.1,1.002636432647705
1652,160.27002548972632,1,0,214,0.1,0.21856021881103516
1653,166.83388155797985,1,0,212,0.1,0.09047247469425201
1654,169.0800981144097,1,0,206,0.1,0.1957310438156128
1655,164.24104603210952,1,0,218,0.1,0.23665101826190948
1656,166.94296178499724,1,0,201,0.1,0.2829504609107971
1657,153.5945144800332,1,0,218,0.1,0.1997263878583908
1658,-73.80993571361039,0,0,122,0.1,6.912683010101318
1659,111.91776073853048,0,0,217,0.1,0.231057807803154
1660,146.22109097639589,1,0,194,0.1,0.34245964884757996
1661,106.7078563443807,0,0,209,0.1,0.27344948053359985
1662,164.574614264169,1,0,271,0.1,0.18096689879894257
1663,166.62764646927383,1,0,188,0.1,0.2493901252746582
1664,162.25203057447936,1,0,203,0.1,0.32006216049194336
1665,152.0439338771489,1,0,187,0.1,0.2739375829696655
1666,172.82794838348894,1,0,197,0.1,0.22811633348464966
1667,203.14596957603956,1,0,214,0.1,0.24275153875350952
1668,237.54464787880448,1,0,214,0.1,0.34157878160476685
1669,107.07273439685376,0,0,217,0.1,0.1918434053659439
1670,102.96274571339163,0,0,220,0.1,0.38533782958984375
1671,130.68288708130387,1,0,203,0.1,0.2644129693508148
1672,168.8829775826123,1,0,202,0.1,0.33854132890701294
1673,164.61354072968032,1,0,188,0.1,0.3123515248298645
1674,169.8515119306233,1,0,192,0.1,0.2669638693332672
1675,169.8130117980626,1,0,194,0.1,0.29212427139282227
1676,159.517760206857,1,0,205,0.1,0.29192596673965454
1677,193.80551278749968,0,0,243,0.1,0.4296858608722687
1678,194.7258510522034,0,0,254,0.1,0.2252514362335205
1679,307.6106447712647,1,0,236,0.1,0.347728431224823
1680,106.56070798794302,0,0,227,0.1,0.39401599764823914
1681,218.29942305008439,1,0,211,0.1,0.26080581545829773
1682,105.6691249028908,0,0,236,0.1,0.42368951439857483
1683,214.2962035516884,0,0,248,0.1,0.09097499400377274
1684,93.8214891044286,0,0,222,0.1,0.4243883490562439
1685,129.85669540802505,1,0,203,0.1,0.3046077787876129
1686,164.59008853832748,1,0,202,0.1,0.2627599239349365
1687,168.35884495655566,1,0,194,0.1,0.34537187218666077
1688,160.67428255955247,1,0,212,0.1,0.27893099188804626
1689,150.59010424057513,1,0,183,0.1,0.2892700135707855
1690,89.16045435587439,0,0,207,0.1,0.4289204776287079
1691,169.7967556885865,1,0,206,0.1,0.15793459117412567
1692,161.58527261415983,1,0,188,0.1,0.29134246706962585
1693,118.17235264936951,1,0,204,0.1,0.23644934594631195
1694,156.90052514831092,1,0,225,0.1,0.22216834127902985
1695,-44.10496234019729,0,0,144,0.1,5.713939666748047
1696,-74.98128626903033,0,0,133,0.1,6.060520648956299
1697,-34.258791991076194,0,0,103,0.1,6.044897079467773
1698,-56.30414446910352,0,0,125,0.1,6.238735198974609
1699,162.6927951065686,1,0,199,0.1,0.25930890440940857
1700,151.6140868727353,1,0,198,0.1,0.2980056405067444
1701,164.50175147751835,1,0,217,0.1,0.11887402832508087
1702,126.3685217467931,1,0,282,0.1,0.10458003729581833
1703,139.78646929661306,1,0,239,0.1,0.29864704608917236
1704,164.45361410538223,1,0,208,0.1,0.18738439679145813
1705,125.78553158680467,1,0,239,0.1,0.2932961881160736
1706,208.874220586227,1,0,202,0.1,0.2605426609516144
1707,168.5746643869069,1,0,190,0.1,0.27451664209365845
1708,136.33103807488953,1,0,218,0.1,0.1929810643196106
1709,144.15910638491184,0,0,229,0.1,0.35061338543891907
1710,162.18252020279434,1,0,206,0.1,0.26862651109695435
1711,163.68070609847572,1,0,220,0.1,0.19542807340621948
1712,154.4782566730168,1,0,222,0.1,0.2539290189743042
1713,146.58486606756716,1,0,210,0.1,0.34419405460357666
1714,188.11812597075965,1,0,204,0.1,0.11335120350122452
1715,157.61745076338318,1,0,221,0.1,0.22102947533130646
1716,167.97996255795027,1,0,197,0.1,0.27394556999206543
1717,-18.025566068483755,0,0,228,0.1,0.5253961086273193
1718,111.54722102800879,0,0,211,0.1,0.42324355244636536
1719,169.2073774985459,1,0,198,0.1,0.1815262883901596
1720,163.558559576669,1,0,212,0.1,0.2572225332260132
1721,225.79936561505662,1,0,223,0.1,0.3461129665374756
1722,169.1863277451184,1,0,205,0.1,0.19535952806472778
1723,53.18721297422928,1,0,204,0.1,0.256841242313385
1724,-96.26024400233428,0,0,300,0.1,1.3613665103912354
1725,-270.28858876785597,0,0,267,0.1,4.9310407638549805
1726,-40.61745360772474,0,0,155,0.1,7.447858810424805
1727,-73.83480881929796,0,0,149,0.1,7.391799449920654
1728,145.3430794445661,1,0,265,0.1,0.26814931631088257
1729,154.02683944622547,1,0,215,0.1,0.21295998990535736
1730,153.29850173393754,1,0,265,0.1,0.2549193799495697
1731,-28.307898207506852,0,0,152,0.1,5.5946736335754395
1732,-133.3235236358643,0,0,80,0.1,7.9883809089660645
1733,154.95860168854264,1,0,237,0.1,0.33754271268844604
1734,-144.43651469310245,0,0,300,0.1,4.336827754974365
1735,-32.24280455350481,0,0,153,0.1,5.497603893280029
1736,108.1799699552868,1,0,250,0.1,0.3104688227176666
1737,-53.894557084241164,0,0,188,0.1,5.578440189361572
1738,-34.241983795166014,0,0,127,0.1,6.335495948791504
1739,154.46634646336105,1,0,269,0.1,0.2437644898891449
1740,-89.70280642589074,0,0,226,0.1,5.185900688171387
1741,135.41840757767227,1,0,201,0.1,0.340628445148468
1742,-42.36135299682617,0,0,142,0.1,6.570338249206543
1743,65.80841087976958,0,0,243,0.1,0.39977413415908813
1744,129.7619490877774,1,0,195,0.1,0.31499436497688293
1745,70.325380448499,0,0,222,0.1,0.34549757838249207
1746,142.9531786505368,1,0,198,0.1,0.3012722134590149
1747,-45.79620631297561,0,0,115,0.1,7.114250659942627
1748,68.30652642091249,0,0,224,0.1,0.25882187485694885
1749,-90.42109843333698,0,0,140,0.1,6.800473690032959
1750,251.42006418863804,1,0,219,0.1,0.29377493262290955
1751,139.92374416390922,1,0,192,0.1,0.16713079810142517
1752,-58.476104322267915,0,0,300,0.1,0.48803067207336426
1753,155.9579386560109,1,0,187,0.1,0.2851870656013489
1754,119.21197393814596,0,0,211,0.1,0.12316597998142242
1755,167.43648815433053,1,0,209,0.1,0.12895183265209198
1756,156.99590822855498,1,0,197,0.1,0.25852862000465393
1757,159.1862237056109,1,0,265,0.1,0.32382693886756897
1758,-82.19674622456107,0,0,290,0.1,2.5214874744415283
1759,166.97712973991898,1,0,202,0.1,0.339490681886673
1760,160.05088865478967,0,0,276,0.1,0.16030794382095337
1761,58.24143580397114,0,0,300,0.1,0.1649588793516159
1762,158.44190446058775,1,0,214,0.1,0.28728732466697693
1763,-88.84239326477045,0,0,271,0.1,5.308098316192627
1764,100.19440837780506,0,0,229,0.1,0.38850629329681396
1765,173.28092006762952,1,0,215,0.1,0.33463963866233826
1766,158.99948022206755,1,0,234,0.1,0.3073730766773224
1767,-110.95574340820305,0,0,225,0.1,5.213935852050781
1768,160.483345002332,1,0,199,0.1,0.31396979093551636
1769,96.71491341511279,0,0,238,0.1,0.3928903043270111
1770,-53.82218928416701,0,0,219,0.1,1.0282464027404785
1771,-18.210652123293603,0,0,215,0.1,0.5478621125221252
1772,-54.361485490002806,0,0,281,0.1,5.152672290802002
1773,-49.98218556324508,0,0,122,0.1,5.757847309112549
1774,163.66693255106475,1,0,203,0.1,0.220337375998497
1775,46.75851212101919,0,0,290,0.1,0.3521631062030792
1776,35.44628410418966,0,0,281,0.1,0.43723738193511963
1777,161.5311071936276,1,0,202,0.1,0.3295316994190216
1778,-34.025220929784226,0,0,120,0.1,7.424203395843506
1779,-33.46771954456833,0,0,191,0.1,5.496730804443359
1780,93.48317718427049,0,0,284,0.1,0.44962698221206665
1781,-31.720281736058645,0,0,127,0.1,7.202968597412109
1782,57.15584256092576,0,0,211,0.1,0.45779114961624146
1783,127.82102889855837,1,0,226,0.1,0.2791288495063782
1784,42.95425055901077,0,0,237,0.1,0.4340953230857849
1785,-31.420141648450166,0,0,146,0.1,5.932336330413818
1786,-12.610390063128204,0,0,230,0.1,0.5577965974807739
1787,258.42669566790136,1,0,233,0.1,0.17024971544742584
1788,67.8087932391975,0,0,269,0.1,0.22975802421569824
1789,-36.14593830982709,0,0,150,0.1,5.186285495758057
1790,98.14161519447833,0,0,236,0.1,0.26378828287124634
1791,-175.13239429473904,0,0,200,0.1,3.6005985736846924
1792,103.12042710622288,0,0,220,0.1,0.32198184728622437
1793,161.87936137596634,1,0,207,0.1,0.28568723797798157
1794,158.2999748905513,1,0,221,0.1,0.25680023431777954
1795,119.57857269366718,1,0,238,0.1,0.24459533393383026
1796,247.4835549108173,0,0,256,0.1,0.37133580446243286
1797,92.57894967953234,0,0,198,0.1,0.3541175425052643
1798,154.74143232027558,1,0,189,0.1,0.21918973326683044
1799,130.72034563898652,0,0,300,0.1,0.1876942664384842
1800,-142.82411061207364,0,0,300,0.1,2.55582857131958
1801,182.4909124549243,1,0,208,0.1,0.2938350737094879
1802,155.70489008347062,1,0,185,0.1,0.27843642234802246
1803,-30.136029043993652,0,0,209,0.1,0.45920634269714355
1804,84.3382486931472,1,0,215,0.1,0.23355340957641602
1805,193.42556391874814,0,0,243,0.1,0.3797069489955902
1806,235.46083486238985,1,0,221,0.1,0.3068758249282837
1807,160.03499195496107,1,0,207,0.1,0.2715068459510803
1808,99.22293003479525,0,0,300,0.1,0.41863927245140076
1809,141.56952867905173,1,0,201,0.1,0.3483361005783081
1810,213.095910808244,1,0,221,0.1,0.32104551792144775
1811,240.23686538855102,0,0,287,0.1,0.4088206887245178
1812,5.312194031873006,0,0,217,0.1,0.167306587100029
1813,166.63915530602003,1,0,198,0.1,0.3078855574131012
1814,-141.67666096607704,0,0,207,0.1,6.058966159820557
1815,166.48999132315186,1,0,195,0.1,0.3250742554664612
1816,229.32820444265872,1,0,210,0.1,0.34898003935813904
1817,168.36609109679725,1,0,212,0.1,0.21718807518482208
1818,211.2235282508519,1,0,212,0.1,0.19107022881507874
1819,135.48585897366078,1,0,197,0.1,0.3470940589904785
1820,158.45114833513762,1,0,214,0.1,0.3363999128341675
1821,163.96990628401306,1,0,207,0.1,0.2660547196865082
1822,131.80386867920433,0,0,228,0.1,0.3619837760925293
1823,180.58615170399216,1,0,216,0.1,0.34813255071640015
1824,-31.098266220092768,0,0,95,0.1,5.499566555023193
1825,-80.15233775218462,0,0,238,0.1,3.608283519744873
1826,196.75437507549788,1,0,205,0.1,0.34553274512290955
1827,-38.73283497730756,0,0,183,0.1,6.205509662628174
1828,169.37585095325974,1,0,195,0.1,0.2542557716369629
1829,-28.039768600463873,0,0,119,0.1,6.097442150115967
1830,-81.35963728110268,0,0,300,0.1,4.705307483673096
1831,123.38065232197314,1,0,195,0.1,0.3134131133556366
1832,151.11699836412933,1,0,202,0.1,0.2758735716342926
1833,166.39933411757818,0,0,300,0.1,0.2770695388317108
1834,-325.35634684642287,0,0,194,0.1,4.586785793304443
1835,125.28447290261724,0,0,286,0.1,0.24863581359386444
1836,190.41852706988783,1,0,280,0.1,0.25749632716178894
1837,162.91998110214737,1,0,205,0.1,0.31469351053237915
1838,167.40888811031846,1,0,189,0.1,0.32854974269866943
1839,146.0936951080945,1,0,194,0.1,0.20523925125598907
1840,146.62496042410402,1,0,241,0.1,0.34321606159210205
1841,165.87900939027335,1,0,208,0.1,0.24548523128032684
1842,166.74991776386764,1,0,191,0.1,0.3214595317840576
1843,164.49275510231521,1,0,215,0.1,0.29030460119247437
1844,164.92136769453552,1,0,196,0.1,0.2878517210483551
1845,170.84354884306458,1,0,201,0.1,0.3041236400604248
1846,141.80844530025988,1,0,209,0.1,0.2242429405450821
1847,86.93649774471788,0,0,264,0.1,0.39946484565734863
1848,242.55877519051106,1,0,245,0.1,0.28180041909217834
1849,-107.26023117065446,0,0,300,0.1,5.337557792663574
1850,128.64511720816168,0,0,217,0.1,0.3712514340877533
1851,136.95219044248137,1,0,262,0.1,0.2169538289308548
1852,192.5361282340672,1,0,226,0.1,0.3497825860977173
1853,101.52512500683342,0,0,274,0.1,0.26121342182159424
1854,168.26564204374816,1,0,202,0.1,0.2263723462820053
1855,102.37624185720952,0,0,222,0.1,0.3583553731441498
1856,149.19100034395726,0,0,239,0.1,0.37252694368362427
1857,51.27403291622668,0,0,243,0.1,0.41372236609458923
1858,-79.13722537120319,0,0,202,0.1,4.474505424499512
1859,60.15712706486254,0,0,224,0.1,0.3566705286502838
1860,128.63969068447625,1,0,258,0.1,0.3344225287437439
1861,74.36475229898957,0,0,233,0.1,0.405973881483078
1862,166.19236018101242,1,0,212,0.1,0.18196985125541687
1863,156.17101338545348,1,0,205,0.1,0.2845924198627472
1864,168.40284345666436,1,0,198,0.1,0.21777784824371338
1865,-79.71607451518489,0,0,300,0.1,1.8517177104949951
1866,154.24466655651597,1,0,214,0.1,0.2653293311595917
1867,91.25488124052555,0,0,240,0.1,0.3742657005786896
1868,154.83999878326918,1,0,197,0.1,0.2852223217487335
1869,19.164931911626155,0,0,226,0.1,0.4610643982887268
1870,116.95875617066889,1,0,226,0.1,0.22003494203090668
1871,-65.2389684685084,0,0,290,0.1,0.5324411988258362
1872,-40.62739250183103,0,0,244,0.1,5.539348125457764
1873,-60.52102887074026,0,0,196,0.1,5.540058135986328
1874,-27.905174378552708,0,0,139,0.1,5.508594512939453
1875,83.23770745118593,0,0,218,0.1,0.44542622566223145
1876,56.1083416763929,0,0,257,0.1,0.36985665559768677
1877,-49.21911633411909,0,0,145,0.1,5.587080001831055
1878,-44.390507783093696,0,0,143,0.1,7.389927864074707
1879,-52.84828984180952,0,0,146,0.1,6.059373378753662
1880,103.23579497178532,0,0,216,0.1,0.29999610781669617
1881,-60.41407443126174,0,0,103,0.1,6.97371768951416
1882,-66.58843440135453,0,0,102,0.1,6.8473076820373535
1883,99.93605738083394,0,0,203,0.1,0.3582715392112732
1884,45.90099805394685,1,0,234,0.1,0.1969345510005951
1885,142.57939069310694,1,0,212,0.1,0.21649235486984253
1886,-23.496579818725586,0,0,121,0.1,5.0166449546813965
1887,-14.721066399416655,0,0,300,0.1,0.510465681552887
1888,-33.365904922485356,0,0,138,0.1,6.686476230621338
1889,229.14378270904092,1,0,219,0.1,0.11974913626909256
1890,-57.56965893665817,0,0,169,0.1,5.53471565246582
1891,149.58233987490203,1,0,207,0.1,0.037901442497968674
1892,122.51599352280166,1,0,194,0.1,0.3342154622077942
1893,146.3945110074666,1,0,201,0.1,0.1512329876422882
1894,-19.492846832275394,0,0,136,0.1,5.220711708068848
1895,-59.16252250671387,0,0,177,0.1,4.803130626678467
1896,-42.794625167846675,0,0,171,0.1,5.60365629196167
1897,-46.26786170959469,0,0,182,0.1,5.289465427398682
1898,276.45663374980427,1,0,252,0.1,0.21492215991020203
1899,168.3168468437579,1,0,209,0.1,0.07851261645555496
1900,96.16649394591778,0,0,274,0.1,0.4136206805706024
1901,147.67547689835098,1,0,203,0.1,0.33419162034988403
1902,164.61514259258772,1,0,215,0.1,0.29557010531425476
1903,179.19288900653387,1,0,203,0.1,0.13110703229904175
1904,166.62695945461724,1,0,241,0.1,0.20396862924098969
1905,153.75544292727972,1,0,218,0.1,0.23003026843070984
1906,208.32611674388383,1,0,206,0.1,0.1606893390417099
1907,167.02429328004385,1,0,207,0.1,0.22939105331897736
1908,174.5861446468022,1,0,199,0.1,0.12321372330188751
1909,179.07953565756347,1,0,201,0.1,0.07977553457021713
1910,167.76502932111288,1,0,201,0.1,0.18402935564517975
1911,170.4796376095202,1,0,217,0.1,0.09348119050264359
1912,158.24761788686249,1,0,200,0.1,0.26394832134246826
1913,-20.3636947830531,0,0,218,0.1,0.44247686862945557
1914,166.88888492663833,1,0,198,0.1,0.25506263971328735
1915,156.77072629173728,1,0,208,0.1,0.12232650816440582
1916,98.57935866435504,0,0,292,0.1,0.2351432591676712
1917,-60.16677967945606,0,0,177,0.1,6.563995838165283
1918,-20.050144882202147,0,0,111,0.1,6.457536220550537
1919,-29.153600415387345,0,0,300,0.1,1.6132010221481323
1920,-21.63796454111205,0,0,300,0.1,0.7161948084831238
1921,165.60905006011458,1,0,224,0.1,0.19173966348171234
1922,182.80754263882974,0,0,250,0.1,0.14097048342227936
1923,-221.73773345788044,0,1,211,0.1,1.9140352010726929
1924,87.33732719739415,0,0,225,0.1,0.29306480288505554
1925,162.9661151637647,1,0,252,0.1,0.07148269563913345
1926,169.71555528005098,1,0,228,0.1,0.2989535629749298
1927,-61.62162905772658,0,0,193,0.1,5.013106346130371
1928,101.53400935093434,0,0,213,0.1,0.43748173117637634
1929,135.75621826092276,1,0,263,0.1,0.05235186219215393
1930,-54.0350590809198,0,0,300,0.1,5.541463851928711
1931,-171.23789963642625,0,0,189,0.1,3.849275827407837
1932,-46.8801946258545,0,0,129,0.1,6.230048656463623
1933,-60.010416365465815,0,0,300,0.1,5.4128031730651855
1934,-237.25943305095194,0,0,300,0.1,2.9950573444366455
1935,-15.36763504028321,0,0,148,0.1,4.834408760070801
1936,-119.7628534229608,0,0,256,0.1,2.490912437438965
1937,-61.67008217891189,0,0,299,0.1,1.7677196264266968
1938,-18.193801841735826,0,0,155,0.1,2.43345046043396
1939,181.7850630872932,1,0,215,0.1,0.012551036663353443
1940,-89.21011113566404,0,0,273,0.1,0.830912172794342
1941,153.152397416434,1,0,213,0.1,0.34085458517074585
1942,-69.22595549026997,0,0,300,0.1,0.46378979086875916
1943,-30.37143187204865,0,0,300,0.1,0.4299366772174835
1944,106.76526438395055,0,0,273,0.1,0.37454792857170105
1945,-26.721061325073247,0,0,172,0.1,5.2177653312683105
1946,157.8489908413079,1,0,238,0.1,0.2852526009082794
1947,89.45587470053839,0,0,238,0.1,0.4333951473236084
1948,164.15959825197723,1,0,224,0.1,0.173874169588089
1949,106.23223985990023,0,0,228,0.1,0.24246127903461456
1950,73.97532675345873,0,0,264,0.1,0.21588575839996338
1951,207.90067472179862,1,0,228,0.1,0.17161445319652557
1952,161.42932697931792,1,0,213,0.1,0.2510126233100891
1953,-62.714870673021835,0,0,300,0.1,3.3064167499542236
1954,-31.919599533081055,0,0,172,0.1,4.792399883270264
1955,-62.167556152343764,0,0,159,0.1,4.8893890380859375
1956,104.64024299422769,1,0,209,0.1,0.12461400032043457
1957,5.338378856578383,0,0,216,0.1,0.1478365808725357
1958,160.44375469287368,1,0,225,0.1,0.2767385244369507
1959,162.85542211810616,1,0,205,0.1,0.15252290666103363
1960,166.33693071047333,1,0,190,0.1,0.1632852703332901
1961,167.96986020843053,1,0,208,0.1,0.16355113685131073
1962,159.48433380762603,1,0,210,0.1,0.16921012103557587
1963,166.7606498042729,1,0,209,0.1,0.08186323940753937
1964,155.14103420177963,1,0,203,0.1,0.19692939519882202
1965,173.29132412056785,1,0,209,0.1,0.02787654474377632
1966,166.5542496959355,1,0,197,0.1,0.2354935258626938
1967,171.74289433757332,1,0,195,0.1,0.1459738165140152
1968,-15.867807684740743,0,0,157,0.1,2.449651002883911
1969,170.33833883205918,1,0,196,0.1,0.2951050102710724
1970,166.18756485382582,1,0,197,0.1,0.26656749844551086
1971,165.7317517415669,1,0,205,0.1,0.2653050720691681
1972,-86.90930285533406,0,0,192,0.1,4.500024795532227
1973,-19.24090190887451,0,0,149,0.1,3.507725477218628
1974,-144.32165461619832,0,0,212,0.1,3.875612735748291
1975,145.09906988421946,1,0,208,0.1,0.23426343500614166
1976,160.02375831762816,1,0,200,0.1,0.33720478415489197
1977,194.38352797587845,1,0,208,0.1,0.30109667778015137
1978,54.386527068218996,1,0,227,0.1,0.20229953527450562
1979,-226.6704995433476,0,1,70,0.1,8.549925804138184
1980,-197.32769635120894,0,1,60,0.1,8.514225006103516
1981,60.093243262771885,0,0,265,0.1,0.43209293484687805
1982,123.61661745230226,1,0,206,0.1,0.2985076308250427
1983,-46.548931655883734,0,0,208,0.1,6.059732913970947
1984,-89.9716605846073,0,0,300,0.1,1.065216064453125
1985,110.62785106500127,0,0,216,0.1,0.2714320123195648
1986,85.17475355704761,0,0,230,0.1,0.38076096773147583
1987,147.1445687540386,0,0,235,0.1,0.42540907859802246
1988,82.50566432078814,0,0,213,0.1,0.2722835838794708
1989,92.33784177859759,0,0,205,0.1,0.430505633354187
1990,-13.787550096511845,0,0,194,0.1,0.6018875241279602
1991,140.45625402291756,1,0,240,0.1,0.23228229582309723
1992,157.79438677231337,1,0,203,0.1,0.29238349199295044
1993,184.12770259698362,0,0,230,0.1,0.3751800060272217
1994,170.86031269470718,1,0,205,0.1,0.33980828523635864
1995,102.59259256919361,0,0,233,0.1,0.3672802150249481
1996,187.1600912181523,0,0,234,0.1,0.3613952398300171
1997,142.1509716359761,1,0,211,0.1,0.309749573469162
1998,153.96922498861815,1,0,201,0.1,0.29821673035621643
1999,228.16802185217406,1,0,208,0.1,0.3469908833503723
