episode,reward,success,collision,steps,epsilon,final_distance
0,-36.80203735351563,0,0,93,0.995,7.483009338378906
1,-54.230183486938444,0,0,128,0.990025,7.462545871734619
2,-114.08721038818352,0,0,132,0.985074875,8.029302597045898
3,-53.204025726318335,0,0,143,0.9801495006250001,7.30600643157959
4,-39.30651947021483,0,0,80,0.9752487531218751,7.649129867553711
5,-61.69025215148917,0,0,300,0.9703725093562657,6.4000630378723145
6,-74.06675239562988,0,0,88,0.9655206468094844,7.901688098907471
7,-58.157180023193334,0,0,141,0.960693043575437,7.23929500579834
8,-49.284374953112305,0,0,134,0.9558895783575597,7.318792819976807
9,-44.209787855944356,0,0,90,0.9511101304657719,7.6726460456848145
10,-41.685568771362306,0,0,95,0.946354579813443,7.618892192840576
11,-70.78742904663073,0,0,300,0.9416228069143757,6.771857261657715
12,-51.43263092041014,0,0,110,0.9369146928798039,7.195657730102539
13,-41.10056175231934,0,0,99,0.9322301194154049,7.427640438079834
14,-47.980076675415035,0,0,115,0.9275689688183278,7.58751916885376
15,-80.43634788513165,0,0,300,0.9229311239742362,5.129086971282959
16,-81.38693104664338,0,0,289,0.918316468354365,6.571533679962158
17,-39.791374359130856,0,0,88,0.9137248860125932,7.345343589782715
18,-54.63813522338866,0,0,101,0.9091562615825302,7.652033805847168
19,-67.8466575622558,0,0,224,0.9046104802746175,6.886664390563965
20,-64.45849411010741,0,0,80,0.9000874278732445,8.384623527526855
21,-74.48106494029487,0,0,233,0.8955869907338783,7.205465316772461
22,-64.50530563354485,0,0,203,0.8911090557802088,6.7238264083862305
23,-70.64201736450194,0,0,186,0.8866535105013078,6.973004341125488
24,-65.51591644287103,0,0,197,0.8822202429488013,7.228979110717773
25,-82.82255976756531,0,0,292,0.8778091417340573,5.970839023590088
26,-60.65123825073231,0,0,300,0.8734200960253871,5.9003095626831055
27,-55.60150283813474,0,0,151,0.8690529955452602,7.790375709533691
28,-44.747426482043,0,0,99,0.8647077305675338,7.129555702209473
29,-43.22118830760452,0,0,108,0.8603841919146962,7.6154961585998535
30,-72.93754740794623,0,0,281,0.8560822709551227,5.929585933685303
31,-82.53948875427234,0,0,269,0.851801859600347,6.769872188568115
32,-85.63560142517073,0,0,300,0.8475428503023453,4.746400356292725
33,-48.68179435729979,0,0,168,0.8433051360508336,6.870448589324951
34,-63.56506027221677,0,0,221,0.8390886103705794,6.731265068054199
35,-74.69509738048043,0,0,236,0.8348931673187264,6.688973426818848
36,-90.18579341014348,0,0,295,0.8307187014821328,6.291647434234619
37,-66.25596267700186,0,0,300,0.8265651079747222,6.358990669250488
38,-41.84256976207228,0,0,143,0.8224322824348486,6.038341522216797
39,-62.80915580749506,0,0,300,0.8183201210226743,5.987288951873779
40,-48.30652778625485,0,0,131,0.8142285204175609,7.406631946563721
41,-51.89195686340323,0,0,300,0.810157377815473,5.70798921585083
42,-64.329275894165,0,0,187,0.8061065909263957,7.44481897354126
43,-44.5263783558223,0,0,126,0.8020760579717637,7.076793670654297
44,-39.54044268687697,0,0,95,0.798065677681905,7.575309753417969
45,-57.81664736827342,0,0,220,0.7940753492934954,6.80686092376709
46,-63.252419281005785,0,0,300,0.7901049725470279,4.988104820251465
47,-43.701212615966774,0,0,172,0.7861544476842928,6.307803153991699
48,-43.96480392456054,0,0,94,0.7822236754458713,7.431200981140137
49,-41.92119174083206,0,0,98,0.778312557068642,7.465497016906738
50,-60.87377571105948,0,0,300,0.7744209942832988,6.533443927764893
51,-66.23026545604195,0,0,245,0.7705488893118823,6.5352654457092285
52,-53.39804041942086,0,0,300,0.7666961448653229,5.064709186553955
53,-41.953349151611334,0,0,112,0.7628626641409962,6.853337287902832
54,-52.780700560412036,0,0,300,0.7590483508202912,5.475374221801758
55,-53.59271057128901,0,0,300,0.7552531090661897,6.440677642822266
56,-73.04296961863957,0,0,253,0.7514768435208588,6.155941486358643
57,-43.874374084472635,0,0,153,0.7477194593032545,5.923593521118164
58,-55.32773844798525,0,0,300,0.7439808620067382,6.224633693695068
59,-70.15217651367163,0,0,300,0.7402609576967045,6.440544128417969
60,-54.06692797740423,0,0,300,0.736559652908221,6.309431076049805
61,-63.09294967651358,0,0,300,0.7328768546436799,5.573237419128418
62,-59.344277648925676,0,0,300,0.7292124703704616,6.078569412231445
63,-69.87126704295599,0,0,247,0.7255664080186093,6.100515842437744
64,-82.32802299499507,0,0,275,0.7219385759785162,7.509505748748779
65,-64.85823051452627,0,0,262,0.7183288830986236,6.859557628631592
66,-51.480370512804626,0,0,300,0.7147372386831305,6.057791709899902
67,-34.80373530467483,0,0,86,0.7111635524897149,7.623632907867432
68,-56.617387924194254,0,0,300,0.7076077347272662,5.176846981048584
69,-51.377877655029174,0,0,300,0.7040696960536299,6.234469413757324
70,-193.00149589538574,0,1,187,0.7005493475733617,4.4853739738464355
71,-40.966378326416006,0,0,137,0.697046600835495,6.774094581604004
72,-57.95549288829298,0,0,222,0.6935613678313175,6.946572303771973
73,-59.674782896837854,0,0,300,0.6900935609921609,6.066394805908203
74,-43.864432860216745,0,0,300,0.6866430931872001,5.82630729675293
75,-49.816907301745076,0,0,300,0.6832098777212641,5.66692590713501
76,-52.30308334350577,0,0,300,0.6797938283326578,6.658270835876465
77,-47.6441590881347,0,0,300,0.6763948591909945,5.096039772033691
78,-51.590217666625904,0,0,300,0.6730128848950395,5.127554416656494
79,-50.4058847808837,0,0,300,0.6696478204705644,5.966471195220947
80,-65.48031204223626,0,0,252,0.6662995813682115,6.512578010559082
81,-48.9420701893183,0,0,300,0.6629680834613705,5.06071662902832
82,-52.017083816528256,0,0,300,0.6596532430440636,5.45927095413208
83,-44.71918612559764,0,0,300,0.6563549768288433,5.7249956130981445
84,-50.787331314086885,0,0,184,0.653073201944699,6.3293328285217285
85,-54.52820185740911,0,0,300,0.6498078359349755,6.244749546051025
86,-48.857366027831965,0,0,300,0.6465587967553006,4.916841506958008
87,-46.723257780871094,0,0,300,0.6433260027715241,5.741013526916504
88,-68.77070574840035,0,0,273,0.6401093727576664,6.302875518798828
89,-65.08193469127146,0,0,300,0.6369088258938781,4.643182754516602
90,-74.64125147899115,0,0,300,0.6337242817644086,4.743011951446533
91,-52.343242950439404,0,0,300,0.6305556603555866,5.005810737609863
92,-59.902623825073185,0,0,259,0.6274028820538087,5.8056559562683105
93,-43.63861514171096,0,0,182,0.6242658676435396,5.279852867126465
94,-86.73427187999212,0,0,280,0.6211445383053219,5.776267051696777
95,-46.84702270507798,0,0,300,0.6180388156137953,5.416755676269531
96,-64.48425639232127,0,0,292,0.6149486215357263,5.711263179779053
97,-93.20830149730162,0,0,300,0.6118738784280476,4.99977445602417
98,-49.38816989024605,0,0,300,0.6088145090359074,4.374741554260254
99,-48.533978958129886,0,0,191,0.6057704364907278,5.378494739532471
100,-44.081274061998975,0,0,300,0.6027415843082742,5.448017597198486
101,-52.04268115123238,0,0,300,0.5997278763867329,5.588369369506836
102,-64.4472918995234,0,0,259,0.5967292370047992,5.90952205657959
103,-80.8869477844238,0,0,250,0.5937455908197752,5.056736946105957
104,-66.33637202342476,0,0,299,0.5907768628656763,4.861792087554932
105,-143.26659805297842,0,0,300,0.5878229785513479,4.736649513244629
106,-63.005243025622015,0,0,300,0.5848838636585911,4.946509838104248
107,-146.47628780365056,0,0,300,0.5819594443402982,3.9415719509124756
108,-40.75430213928218,0,0,300,0.5790496471185967,5.846075534820557
109,-76.48913630565124,0,0,300,0.5761543988830038,5.222483158111572
110,-52.92824771007023,0,0,300,0.5732736268885887,5.349761009216309
111,-63.87453333934276,0,0,300,0.5704072587541458,5.298832416534424
112,-27.226404372057647,0,0,300,0.567555222460375,3.4443001747131348
113,-142.6154732513426,0,0,297,0.5647174463480732,4.908868312835693
114,-84.95291236877426,0,0,300,0.5618938591163328,4.6657280921936035
115,-52.22800041198726,0,0,300,0.5590843898207511,5.867000102996826
116,-178.59862075805665,0,1,177,0.5562889678716474,4.49715518951416
117,-84.80025874217478,0,0,260,0.5535075230322891,4.857763767242432
118,-60.108779678344675,0,0,292,0.5507399854171277,5.462194919586182
119,-59.694987258911084,0,0,284,0.547986285490042,5.496246814727783
120,-42.5263401794433,0,0,300,0.5452463540625918,5.21158504486084
121,-56.0226766498896,0,0,300,0.5425201222922789,5.268368244171143
122,-67.81807296752928,0,0,253,0.5398075216808175,5.034518241882324
123,-90.01796855052433,0,0,300,0.5371084840724134,5.467191219329834
124,-114.10523559570296,0,0,296,0.5344229416520513,4.896308898925781
125,-165.0834664448116,0,0,300,0.531750826943791,4.728565692901611
126,-164.15218073924518,0,0,295,0.5290920728090721,4.95574426651001
127,-44.91386291503903,0,0,300,0.5264466124450268,3.4859657287597656
128,-100.07420306285344,0,0,266,0.5238143793828016,4.816249847412109
129,-152.81465065002442,0,1,131,0.5211953074858876,4.4861626625061035
130,-95.3983830555292,0,0,300,0.5185893309484582,5.057294845581055
131,-46.05989764293157,0,0,300,0.5159963842937159,5.017673492431641
132,-98.04030955394234,0,0,263,0.5134164023722473,4.662776470184326
133,-77.10111300548041,0,0,300,0.510849320360386,4.730477333068848
134,-42.99548113902536,0,0,300,0.5082950737585841,4.714069366455078
135,-57.62121695598093,0,0,300,0.5057535983897912,3.4805033206939697
136,-90.06623911937199,0,0,300,0.5032248303978422,4.201758861541748
137,-120.47745174407927,0,0,300,0.500708706245853,2.5718629360198975
138,-151.9060052784297,0,0,300,0.4982051627146237,4.751700401306152
139,-70.93030189514147,0,0,300,0.49571413690105054,3.4225754737854004
140,-95.05305796702824,0,0,280,0.4932355662165453,4.9959635734558105
141,-207.63802047729484,0,1,250,0.4907693883854626,4.0445051193237305
142,-152.86557029724233,0,0,300,0.4883155414435353,3.4063925743103027
143,-51.24401176452636,0,0,300,0.4858739637363176,2.278502941131592
144,-251.2810035705566,0,1,146,0.483444593917636,4.04525089263916
145,-56.588790160021425,0,0,300,0.4810273709480478,4.024896621704102
146,-50.53040820201367,0,0,300,0.47862223409330756,3.3028011322021484
147,-96.38786555369818,0,0,300,0.47622912292284103,4.779665470123291
148,-113.48081809997537,0,0,300,0.4738479773082268,3.8527045249938965
149,-58.06436260223389,0,0,300,0.47147873742168567,2.9335906505584717
150,-51.96815811157228,0,0,300,0.46912134373457726,3.6520395278930664
151,-30.972716560363747,0,0,300,0.46677573701590436,3.1206791400909424
152,-61.839146041870094,0,0,300,0.46444185833082485,2.9847865104675293
153,-204.48527095794674,0,1,277,0.46211964903917074,2.5013177394866943
154,-75.47537094116193,0,0,300,0.4598090507939749,4.728842735290527
155,-212.88919433593747,0,1,294,0.457510005540005,2.449798583984375
156,-124.73601951599113,0,0,300,0.45522245551230495,2.6465048789978027
157,-33.794879370531746,0,0,300,0.4529463432347434,3.401418924331665
158,-38.577846327624016,0,0,300,0.4506816115185697,3.5071606636047363
159,-144.28301834106438,0,0,300,0.4484282034609769,4.448254585266113
160,-83.09925971984856,0,0,300,0.446186062443672,4.622314929962158
161,-110.46875262340026,0,0,285,0.4439551321314536,4.739887237548828
162,-76.40512564738717,0,0,300,0.4417353564707963,3.4664804935455322
163,-191.43914942821,0,1,262,0.43952667968844233,3.6574864387512207
164,-77.85720558166499,0,0,300,0.43732904629000013,4.47680139541626
165,-126.06963839610532,0,0,300,0.4351424010585501,4.165108680725098
166,-46.14747493743893,0,0,300,0.43296668905325736,3.116868734359741
167,-111.69595347484076,0,0,300,0.43080185560799106,3.2066874504089355
168,-201.92448386271923,0,1,297,0.4286478463299511,3.64382004737854
169,-37.934641418457,0,0,300,0.42650460709830135,3.531160354614258
170,-169.02200302124024,0,1,236,0.42437208406280985,2.2330007553100586
171,-99.77836273193357,0,0,300,0.4222502236424958,4.199590682983398
172,-267.77235229492186,0,1,300,0.42013897252428334,2.5480880737304688
173,-56.56773277282714,0,0,219,0.4180382776616619,4.526933193206787
174,-84.43304072459658,0,0,300,0.4159480862733536,3.0159592628479004
175,-35.852659339904726,0,0,300,0.41386834584198684,3.8081648349761963
176,-48.60755039215085,0,0,300,0.4117990041127769,3.7743875980377197
177,-53.27819000244138,0,0,300,0.40974000909221303,4.167047500610352
178,-118.49364855845877,0,0,300,0.40769130904675194,4.488611221313477
179,-59.9239427947998,0,0,300,0.40565285250151817,3.045985698699951
180,-288.4117608451844,0,1,288,0.4036245882390106,1.3429402112960815
181,-191.5936045074463,0,1,221,0.4016064652978155,4.350901126861572
182,-209.44421356201167,0,1,136,0.3995984329713264,4.50355339050293
183,-178.26281730651857,0,1,260,0.3976004408064698,2.3982043266296387
184,-69.57647506713862,0,0,300,0.39561243860243744,3.351618766784668
185,-74.98569129943846,0,0,296,0.3936343764094253,2.936422824859619
186,-36.03375514984129,0,0,300,0.39166620452737816,2.923438787460327
187,-59.31328708648681,0,0,278,0.3897078735047413,2.998321771621704
188,-175.87473693847656,0,1,231,0.3877593341372176,2.1161842346191406
189,-53.028141288757325,0,0,281,0.3858205374665315,2.812035322189331
190,-169.0703338241577,0,1,227,0.38389143477919885,1.9275834560394287
191,-81.85715839385976,0,0,300,0.3819719776053028,3.784289598464966
192,-79.54536926269523,0,0,300,0.3800621177172763,2.231342315673828
193,-76.34340457042185,0,0,300,0.37816180712868996,4.573550224304199
194,-53.5721891403198,0,0,300,0.37627099809304654,2.943047285079956
195,-41.922168998718234,0,0,300,0.3743896431025813,1.5355422496795654
196,-222.0646242523193,0,1,276,0.37251769488706843,2.218656063079834
197,-222.2387468719482,0,1,226,0.3706551064126331,4.2496867179870605
198,-21.984945392608676,0,0,300,0.36880183088056995,1.7837363481521606
199,-225.1813745498657,0,1,233,0.3669578217261671,2.1703436374664307
200,-87.52496714671575,0,0,300,0.36512303261753626,3.7039408683776855
201,-30.078857718310086,0,0,300,0.3632974174544486,2.752413511276245
202,-34.57743118286128,0,0,300,0.3614809303671764,3.086857795715332
203,-177.7840946960449,0,1,179,0.3596735257153405,4.1635236740112305
204,-44.24050094604486,0,0,300,0.3578751580867638,4.5551252365112305
205,-71.19795943339791,0,0,300,0.35608578229633,3.9196889400482178
206,-58.71715850830071,0,0,300,0.3543053533848483,3.0042896270751953
207,-78.9614822578429,0,0,300,0.35253382661792404,1.2478705644607544
208,-249.10419956207267,0,1,267,0.3507711574848344,2.1110498905181885
209,-85.059599753222,0,0,300,0.34901730169741024,3.4825990200042725
210,-198.06669253428953,0,0,284,0.3472722151889232,4.404372215270996
211,-43.461473608813,0,0,300,0.3455358541129786,3.0755674839019775
212,-52.228070564270006,0,0,300,0.3438081748424137,3.414517641067505
213,-218.82503387451166,0,1,194,0.3420891339682016,4.27625846862793
214,-45.32443717956536,0,0,300,0.3403786882983606,0.6336092948913574
215,-49.78419410705555,0,0,300,0.3386767948568688,3.166048526763916
216,-144.01704418182385,0,0,300,0.33698341088258443,2.4117610454559326
217,-216.95669582366935,0,1,266,0.3352984938281715,3.2316739559173584
218,-34.30180869182082,0,0,300,0.33362200135903064,3.3606512546539307
219,-166.14671241760254,0,1,222,0.33195389135223546,2.4441781044006348
220,-19.57899325450394,0,0,300,0.3302941218954743,2.909947395324707
221,-34.796100455126464,0,0,300,0.32864265128599696,3.2392241954803467
222,-229.08539161682123,0,1,256,0.326999438029567,2.3088479042053223
223,-40.12795242309568,0,0,300,0.3253644408394192,3.446988105773926
224,-34.14728355407708,0,0,300,0.3237376186352221,2.661820888519287
225,-74.71413375854482,0,0,300,0.322118930542046,3.1110334396362305
226,-181.77334743499785,0,0,300,0.32050833588933575,2.9283368587493896
227,-172.61614562988282,0,1,221,0.31890579420988907,3.836536407470703
228,-68.89232910156242,0,0,300,0.3173112652388396,4.565582275390625
229,-53.96888064464055,0,0,300,0.3157247089126454,2.9299192428588867
230,-16.8422600468013,0,0,300,0.3141460853680822,2.290764093399048
231,-273.89059528350833,0,1,256,0.3125753549412418,3.075148820877075
232,-49.01593906402583,0,0,282,0.31101247816653554,2.9239847660064697
233,-65.92482429504386,0,0,300,0.30945741577570285,2.6537060737609863
234,-31.29106757243604,0,0,300,0.3079101286968243,2.7654659748077393
235,-46.3363852604243,0,0,300,0.3063705780533402,3.8917953968048096
236,-89.36265655517565,0,0,300,0.30483872516307353,3.9131641387939453
237,-24.72935085296629,0,0,300,0.3033145315372582,2.357337713241577
238,-74.44235591014356,0,0,258,0.3017979588795719,2.973288059234619
239,-33.63120513916014,0,0,300,0.30028896908517405,2.267801284790039
240,-23.89609165191649,0,0,300,0.2987875242397482,2.924022912979126
241,-26.27447794993848,0,0,300,0.29729358661854943,2.2563185691833496
242,-107.47048239787539,0,0,300,0.29580711868545667,2.1653196811676025
243,-316.56275401195046,0,1,294,0.2943280830920294,4.300887584686279
244,-25.378820381164545,0,0,300,0.29285644267656924,2.4172050952911377
245,-215.84124650955235,0,0,300,0.2913921604631864,1.7978116273880005
246,-220.14952700694565,0,0,300,0.28993519966087045,3.6150808334350586
247,-17.3420943069458,0,0,300,0.2884855236625661,2.11552357673645
248,-90.09655525207512,0,0,300,0.28704309604425327,2.956638813018799
249,-17.651067390441916,0,0,300,0.285607880564032,2.8777668476104736
250,-135.03723461151122,0,0,300,0.28417984116121187,1.5543086528778076
251,-12.570167198181137,0,0,300,0.2827589419554058,2.232541799545288
252,-85.07281692504876,0,0,300,0.28134514724562876,2.560704231262207
253,-20.87087806701659,0,0,300,0.2799384215094006,2.6952195167541504
254,-17.68060134887696,0,0,300,0.27853872940185365,2.2976503372192383
255,-86.53813059886416,0,0,300,0.27714603575484437,3.174731731414795
256,-215.79417788585215,0,0,300,0.2757603055760701,4.791243553161621
257,-94.23500343322746,0,0,288,0.2743815040481898,2.8812508583068848
258,-158.4190848350525,0,1,299,0.2730095965279488,1.7172712087631226
259,-25.406320495605414,0,0,300,0.27164454854530906,1.9340801239013672
260,-169.0404690082881,0,0,290,0.2702863258025825,4.175316333770752
261,-33.106957693896014,0,0,300,0.2689348941735696,3.0194385051727295
262,-45.79441458781687,0,0,300,0.26759021970270175,2.116302728652954
263,-11.22804766734572,0,0,300,0.2662522686041882,2.1647109985351562
264,-143.87911696513612,0,0,273,0.2649210072611673,3.792478322982788
265,-73.1844587707519,0,0,300,0.26359640222486147,2.2236146926879883
266,-69.99175354003908,0,0,300,0.26227842021373715,2.1954383850097656
267,-50.571069174608894,0,0,300,0.2609670281126685,3.157966375350952
268,-24.59293540080518,0,0,300,0.25966219297210513,2.3759329319000244
269,-176.6463796234133,0,0,300,0.2583638820072446,3.5590949058532715
270,-259.63174472808834,0,1,283,0.2570720625972084,2.2554361820220947
271,-146.15976104736342,0,0,300,0.25578670228422234,3.3274402618408203
272,-22.692529581385216,0,0,300,0.25450776877280124,1.7027342319488525
273,-24.544560709795697,0,0,300,0.2532352299289372,1.873839259147644
274,-18.10538315852615,0,0,300,0.2519690537792925,1.5865448713302612
275,-21.387697143554682,0,0,300,0.2507092085103961,1.4294242858886719
276,-87.46072128295886,0,0,300,0.2494556624678441,3.170180320739746
277,-64.77578948100539,0,0,235,0.24820838415550486,3.3216464519500732
278,-72.90617378234859,0,0,300,0.24696734223472733,2.644043445587158
279,-11.12701531489821,0,0,300,0.2457325055235537,1.7269529104232788
280,-37.35268935283155,0,0,300,0.24450384299593592,2.500871419906616
281,-26.157272834777807,0,0,300,0.24328132378095624,2.971818208694458
282,-21.119856673083017,0,0,300,0.24206491716205145,2.1951632499694824
283,-25.860516959032744,0,0,300,0.2408545925762412,2.355328321456909
284,-22.07806605418653,0,0,300,0.23965031961336,2.2822155952453613
285,-146.18462650299054,0,0,266,0.2384520680152932,2.3786566257476807
286,-20.869166297912585,0,0,300,0.23725980767521673,1.9247915744781494
287,-9.796990452608789,0,0,300,0.23607350863684065,0.9944466948509216
288,-43.79626967509719,0,0,300,0.23489314109365644,1.8167665004730225
289,-13.758942604064954,0,0,300,0.23371867538818816,2.4397356510162354
290,-18.06988535960646,0,0,300,0.23255008201124722,2.675170421600342
291,-13.14674483378863,0,0,300,0.231387331601191,1.631885290145874
292,-8.377064437866204,0,0,300,0.23023039494318503,2.1642661094665527
293,-68.94039845546214,0,0,300,0.2290792429684691,1.73279869556427
294,-7.134343539080338,0,0,300,0.22793384675362674,1.991284966468811
295,-15.035552779040112,0,0,300,0.22679417751985861,0.8715872764587402
296,-58.941778907775856,0,0,222,0.22566020663225933,2.7954447269439697
297,-20.40169883728026,0,0,300,0.22453190559909803,1.9729247093200684
298,-130.10944232940656,0,0,300,0.22340924607110255,2.5648605823516846
299,-16.50947135925294,0,0,300,0.22229219984074702,2.2048678398132324
300,-30.495708961486805,0,0,300,0.2211807388415433,1.993927240371704
301,-20.248725462755896,0,0,300,0.22007483514733558,2.4848804473876953
302,-21.275205660662387,0,0,300,0.2189744609715989,1.3040004968643188
303,-118.64142695506541,0,0,170,0.2178795886667409,4.805555820465088
304,-33.08427642822264,0,0,300,0.2167901907234072,2.523569107055664
305,-31.478174400329532,0,0,300,0.21570623976979014,2.1945436000823975
306,-28.90781350850662,0,0,291,0.21462770857094118,0.8688561320304871
307,-48.2797101505609,0,0,300,0.21355457002808648,2.1051266193389893
308,-18.993424758911146,0,0,300,0.21248679717794605,2.095856189727783
309,-200.24669425090428,0,0,300,0.21142436319205632,2.9543726444244385
310,-130.5504231174806,0,0,300,0.21036724137609603,2.0803048610687256
311,-41.60348121643067,0,0,221,0.20931540516921554,5.608370304107666
312,-39.129053268432614,0,0,159,0.20826882814336947,5.679763317108154
313,-20.268671637377462,0,0,300,0.20722748400265262,1.3448669910430908
314,-31.599431304931638,0,0,145,0.20619134658263935,5.20485782623291
315,-23.563647890886976,0,0,279,0.20516038984972615,0.9761110544204712
316,-15.21722674449417,0,0,300,0.2041345879004775,2.0520057678222656
317,-200.49317823410036,0,1,223,0.2031139149609751,1.9707945585250854
318,-22.089734745025613,0,0,300,0.20209834538617025,1.8474336862564087
319,-12.958441115221715,0,0,300,0.2010878536592394,1.5873093605041504
320,-32.21681301116943,0,0,300,0.2000824143909432,1.3867032527923584
321,-17.82630589564774,0,0,300,0.19908200231898848,1.5717755556106567
322,-93.78494632720938,0,0,254,0.19808659230739353,2.726236581802368
323,-148.3029907226563,0,0,300,0.19709615934585656,2.6257476806640625
324,-75.42456971088906,0,0,300,0.19611067854912728,2.0184433460235596
325,-143.2085297012328,0,0,271,0.19513012515638165,2.3046324253082275
326,-92.12975486755364,0,0,300,0.19415447453059972,2.4474387168884277
327,-54.53410591125486,0,0,257,0.19318370215794672,2.4735264778137207
328,-187.95792768319183,0,1,283,0.192217783647157,1.5615837574005127
329,-14.160769110522015,0,0,300,0.1912566947289212,1.7553913593292236
330,-9.273088503679965,0,0,300,0.1903004112552766,1.2409712076187134
331,-168.98812419891374,0,0,300,0.18934890919900021,2.5420310497283936
332,-51.67873990138498,0,0,300,0.18840216465300522,1.512384057044983
333,-17.02596460342409,0,0,300,0.18746015382974018,1.603991150856018
334,-33.62670207103226,0,0,300,0.1865228530605915,1.529374599456787
335,-9.333774824938521,0,0,300,0.18559023879528855,2.0761427879333496
336,-29.671051169237817,0,0,300,0.1846622876013121,1.6904618740081787
337,-12.748876781463622,0,0,300,0.18373897616330553,1.5072191953659058
338,-14.683179922899907,0,0,300,0.182820281282489,1.713494062423706
339,-156.54125034332276,0,1,190,0.18190617987607657,2.6053125858306885
340,-38.44749865611521,0,0,300,0.18099664897669618,1.397073745727539
341,-118.07337317546319,0,0,300,0.1800916657318127,1.8035423755645752
342,-12.325684614977561,0,0,300,0.17919120740315364,1.4366202354431152
343,-23.74333530426025,0,0,300,0.17829525136613786,1.1083338260650635
344,-104.03364291270688,0,0,300,0.17740377510930716,2.6561098098754883
345,-44.50512251933545,0,0,300,0.17651675623376062,1.5989797115325928
346,-18.806020880541542,0,0,300,0.1756341724525918,1.9117043018341064
347,-19.56451621770461,0,0,291,0.17475600159032884,0.7330318093299866
348,-19.8208649357173,0,0,300,0.17388222158237718,1.4479153156280518
349,-15.092810393175803,0,0,300,0.1730128104744653,1.3334016799926758
350,-10.883264399370873,0,0,300,0.17214774642209296,1.5060151815414429
351,-35.30741003036494,0,0,300,0.1712870076899825,1.6318525075912476
352,-17.395591163635245,0,0,300,0.17043057265153258,1.5613977909088135
353,-19.277904548645008,0,0,300,0.16957841978827493,1.0594761371612549
354,-75.40249532699568,0,0,300,0.16873052768933355,1.5531238317489624
355,-10.686756358138748,0,0,300,0.1678868750508869,1.0004945993423462
356,-25.94042799075574,0,0,282,0.16704744067563246,0.6778060793876648
357,-58.219828406176255,0,0,300,0.1662122034722543,1.3551561832427979
358,-70.4098001861572,0,0,260,0.16538114245489302,2.3799500465393066
359,-55.43356215556589,0,0,300,0.16455423674261854,1.32608962059021
360,-186.70476264953612,0,0,282,0.16373146555890544,2.251190662384033
361,-101.54046791076645,0,0,285,0.16291280823111093,2.6526169776916504
362,-118.95189067840566,0,0,300,0.16209824418995536,2.2454726696014404
363,-180.85642654418945,0,1,212,0.16128775296900558,2.6341066360473633
364,-146.62846843719478,0,0,271,0.16048131420416054,2.802117109298706
365,-33.88344650268549,0,0,300,0.15967890763313974,0.7708616256713867
366,-9.673864775500022,0,0,300,0.15888051309497406,1.4961652755737305
367,-12.0472350502014,0,0,300,0.1580861105294992,1.564308762550354
368,-369.7381915855412,0,1,280,0.1572956799768517,1.4395478963851929
369,-43.08386804580686,0,0,300,0.15650920157696743,0.5159670114517212
370,-244.99077396392866,0,0,300,0.1557266555690826,1.9851934909820557
371,-95.88602909088127,0,0,281,0.1549480222912372,2.449007272720337
372,-48.55183156967159,0,0,300,0.15417328217978102,1.6154578924179077
373,-86.49974151611319,0,0,300,0.1534024157688821,2.3849353790283203
374,-8.702280302843768,0,0,300,0.1526354036900377,1.730769157409668
375,-121.39601451873766,0,0,300,0.1518722266715875,2.4565036296844482
376,-66.1210864726689,0,0,240,0.15111286553822956,2.440072536468506
377,-60.08465574264517,0,0,300,0.15035730121053842,1.651163935661316
378,-27.68111378749342,0,0,300,0.14960551470448571,1.7754775285720825
379,-7.3887234687805154,0,0,300,0.14885748713096328,1.6346808671951294
380,-8.859364996752468,0,0,300,0.14811319969530845,1.5850403308868408
381,-39.61482476314037,0,0,300,0.1473726336968319,1.7164052724838257
382,-237.99901211659017,0,0,300,0.14663577052834775,2.0945539474487305
383,-127.97799510955794,0,0,300,0.14590259167570602,3.1944987773895264
384,-22.154213848114022,0,0,300,0.1451730787173275,1.6785534620285034
385,-104.79268905639637,0,0,271,0.14444721332374086,2.455672264099121
386,-47.37687513351433,0,0,300,0.14372497725712216,1.726718783378601
387,-128.73570837020864,0,0,300,0.14300635237083656,0.9614270925521851
388,-10.048254394531249,0,0,300,0.14229132060898236,1.7870635986328125
389,-8.101025858721446,0,0,300,0.14157986400593744,1.6379555463790894
390,-119.54999355316154,0,0,300,0.14087196468590776,1.0649983882904053
391,-36.948250904083196,0,0,300,0.14016760486247823,1.702062726020813
392,-8.120560665926646,0,0,300,0.13946676683816583,0.7103392481803894
393,-41.21221004486084,0,0,300,0.138769433003975,1.58805251121521
394,-9.439830605979763,0,0,300,0.13807558583895513,0.7243604063987732
395,-51.696110115051255,0,0,284,0.13738520790976036,1.0840275287628174
396,-11.25575043757888,0,0,300,0.13669828187021155,1.3691366910934448
397,-9.59608675003051,0,0,300,0.13601479046086049,1.4590216875076294
398,-8.140691776275613,0,0,300,0.1353347165085562,1.2176729440689087
399,-60.13323214451336,0,0,300,0.1346580429260134,1.7781089544296265
400,-75.76919197082518,0,0,238,0.13398475271138335,2.507297992706299
401,-9.258945628008556,0,0,300,0.13331482894782642,1.4574354887008667
402,-12.818860178789821,0,0,300,0.13264825480308728,1.4824141263961792
403,-25.653753967285127,0,0,300,0.13198501352907185,1.795938491821289
404,-9.737464476427757,0,0,300,0.1313250884614265,0.6695652008056641
405,-6.144838152727815,0,0,300,0.13066846301911936,1.3939086198806763
406,-154.3854711151123,0,1,295,0.13001512070402377,1.2813677787780762
407,-4.806091003417978,0,0,300,0.12936504510050365,1.6565227508544922
408,-117.4680651768059,0,0,300,0.12871821987500112,1.7622153759002686
409,-184.64917427063028,0,0,293,0.12807462877562611,2.3347935676574707
410,-0.8200397491454952,0,0,300,0.12743425563174798,1.455009937286377
411,-28.790059967041003,0,0,300,0.12679708435358925,1.530014991760254
412,-9.756957359313995,0,0,300,0.1261630989318213,1.6717393398284912
413,-81.55846288681016,0,0,300,0.1255322834371622,1.5696157217025757
414,-26.551155643463122,0,0,300,0.12490462201997637,1.3052889108657837
415,-27.24635501861566,0,0,300,0.1242800989098765,1.4465887546539307
416,-37.21552262385811,0,0,300,0.12365869841532712,1.526579737663269
417,-8.625893164477068,0,0,300,0.12304040492325048,1.3916723728179932
418,-68.71336662292478,0,0,239,0.12242520289863423,2.648341655731201
419,0.2792150012638646,0,0,300,0.12181307688414106,1.5903953313827515
420,-1.99763914108277,0,0,300,0.12120401149972035,1.759409785270691
421,-4.062474269866939,0,0,300,0.12059799144222175,1.5106185674667358
422,-1.4810476303100586,0,0,300,0.11999500148501063,1.2452619075775146
423,-5.983869963488296,0,0,300,0.11939502647758558,1.5111665725708008
424,-127.99628452301022,0,0,242,0.11879805134519765,2.5515711307525635
425,-27.517164183459027,0,0,272,0.11820406108847166,1.7644901275634766
426,-79.15189182281482,0,0,300,0.1176130407830293,1.5704729557037354
427,-0.9130564570387247,0,0,300,0.11702497557911415,0.7126668691635132
428,-1.5848043354365384,0,0,300,0.11643985070121858,1.3839001655578613
429,-6.113559474945072,0,0,300,0.11585765144771248,1.343389868736267
430,-17.345887546539316,0,0,300,0.11527836319047392,1.3664718866348267
431,-3.113198661804197,0,0,300,0.11470197137452155,1.3032996654510498
432,-5.076029434204118,0,0,300,0.11412846151764894,1.5465073585510254
433,-51.50150571823113,0,0,300,0.1135578192100607,1.6603764295578003
434,4.330752648511172,0,0,300,0.11299003011401039,1.4250109195709229
435,0.28303773880004607,0,0,300,0.11242507996344034,1.0742405652999878
436,0.2555434036254713,0,0,300,0.11186295456362313,1.543614149093628
437,-14.670608482360842,0,0,300,0.11130363979080501,1.11515212059021
438,-1.3199114990234384,0,0,300,0.11074712159185099,1.3249778747558594
439,-3.252188320159893,0,0,300,0.11019338598389174,1.158047080039978
440,-1.3777622222900376,0,0,300,0.10964241905397228,1.3694405555725098
441,-0.5943414497375525,0,0,300,0.10909420695870241,1.2910853624343872
442,0.8383384982731639,0,0,300,0.1085487359239089,1.5081144571304321
443,-6.501303081512437,0,0,300,0.10800599224428936,1.5928257703781128
444,2.50153504610453,0,0,300,0.10746596228306791,0.6590189933776855
445,-7.5253928375244215,0,0,300,0.10692863247165257,1.4263482093811035
446,0.10120515823362292,0,0,300,0.1063939893092943,1.5496987104415894
447,-5.480010757446315,0,0,300,0.10586201936274783,1.4300026893615723
448,-8.828957157135024,0,0,300,0.10533270926593409,1.4372392892837524
449,-2.465628662109387,0,0,300,0.10480604571960442,1.3564071655273438
450,1.2090971652653366,0,0,300,0.1042820154910064,1.5754247903823853
451,-9.614805507659899,0,0,300,0.10376060541355137,1.641201376914978
452,-2.8429153545710686,0,0,300,0.1032418023864836,1.6309279203414917
453,-125.10585112651306,0,0,300,0.10272559337455119,3.6616618633270264
454,0.5594302558898765,0,0,300,0.10221196540767843,1.8326424360275269
455,-0.13805355072021136,0,0,300,0.10170090558064004,1.8120133876800537
456,-3.4073405075073353,0,0,300,0.10119240105273684,2.044335126876831
457,0.45176441192625383,0,0,300,0.10068643904747315,1.7170588970184326
458,-7.337688026428246,0,0,300,0.10018300685223579,2.0069220066070557
459,-16.56224475860598,0,0,300,0.0996820918179746,1.5505611896514893
460,-7.573951320648224,0,0,300,0.09918368135888474,1.7484878301620483
461,-4.364959831237817,0,0,300,0.09868776295209031,1.5612399578094482
462,-21.961764848228302,0,0,274,0.09819432413732986,0.674843966960907
463,-9.206564426422123,0,0,300,0.09770335251664321,1.7391411066055298
464,3.203906726837141,0,0,300,0.09721483575406,1.4990233182907104
465,2.865935440063458,0,0,300,0.09672876157528969,1.4385161399841309
466,2.727253170013414,0,0,300,0.09624511776741324,1.248186707496643
467,1.3199180412292206,0,0,300,0.09576389217857617,1.265020489692688
468,-1.2708846290919333,0,0,300,0.09528507271768329,0.7229202389717102
469,-22.71456297635636,0,0,285,0.09480864735409487,0.6005434989929199
470,3.441301860809301,0,0,300,0.0943346041173244,1.3996745347976685
471,5.671658200421576,0,0,300,0.09386293109673778,1.4347845315933228
472,-1.117480231127483,0,0,300,0.09339361644125409,1.5395691394805908
473,-4.415469264984124,0,0,300,0.09292664835904782,1.6413673162460327
474,-1.5440450962397707,0,0,300,0.09246201511725258,1.413710355758667
475,-1.9048503684997484,0,0,300,0.09199970504166631,1.568712592124939
476,-1.013561401367185,0,0,300,0.09153970651645797,1.2758903503417969
477,-2.490097380480487,0,0,300,0.09108200798387568,1.2827234268188477
478,-0.8925197323176739,0,0,300,0.0906265979439563,1.4033290147781372
479,-1.2607335575435161,0,0,300,0.09017346495423652,1.2628824710845947
480,-26.339561481475833,0,0,279,0.08972259762946533,1.4548903703689575
481,0.9513624469425801,0,0,300,0.089273984641318,1.4673584699630737
482,-16.854388533434616,0,0,300,0.0888276147181114,1.196296215057373
483,-161.51935213088987,0,1,264,0.08838347664452084,1.3973380327224731
484,-31.231628733477304,0,0,300,0.08794155926129824,1.3481062650680542
485,0.49756982803341104,0,0,300,0.08750185146499175,1.1956075429916382
486,-14.715718002319353,0,0,300,0.08706434220766679,1.123929500579834
487,2.4837917224552823,0,0,300,0.08662902049662846,1.1617511510849
488,-17.416790686449758,0,0,300,0.08619587539414532,1.1118967533111572
489,0.3140106201171722,0,0,300,0.08576489601717459,1.2339973449707031
490,-1.7596988868713301,0,0,300,0.08533607153708872,1.1849247217178345
491,2.108344906964549,0,0,300,0.08490939117940327,1.0006128549575806
492,-0.7538338955256619,0,0,300,0.08448484422350626,1.0911575555801392
493,-12.268725119433153,0,0,300,0.08406242000238873,1.4498803615570068
494,3.5535030364990092,0,0,300,0.08364210790237678,1.1741242408752441
495,-3.352736854553248,0,0,300,0.0832238973628649,1.3006842136383057
496,0.29076858520506194,0,0,300,0.08280777787605056,1.3548078536987305
497,-8.808503036499037,0,0,300,0.08239373898667031,1.6696257591247559
498,2.223854923248269,0,0,300,0.08198177029173696,0.7940362691879272
499,-2.7275825500488335,0,0,300,0.08157186144027828,1.656895637512207
500,-161.6509076690674,0,1,287,0.0811640021330769,1.3102269172668457
501,0.8991875457763379,0,0,300,0.08075818212241151,1.4577031135559082
502,0.02302265167235852,0,0,300,0.08035439121179945,1.6817443370819092
503,-1.2733216389033357,0,0,300,0.07995261925574046,1.5010294914245605
504,2.9650463104247744,0,0,300,0.07955285615946175,1.6087384223937988
505,-1.1257368977917601,0,0,300,0.07915509187866444,0.7872305512428284
506,9.689109411239587,0,0,300,0.07875931641927113,0.725222647190094
507,-3.9837582588195906,0,0,300,0.07836551983717477,0.858439564704895
508,6.246392135620097,0,0,300,0.07797369223798889,1.0959019660949707
509,-0.9138445766780081,0,0,300,0.07758382377679894,1.166160225868225
510,-10.236753797531147,0,0,300,0.07719590465791494,0.971688449382782
511,-10.005114527544722,0,0,300,0.07680992513462537,1.1939777135849
512,2.903931047920352,0,0,300,0.07642587550895225,0.6934199929237366
513,-50.63174026489248,0,0,300,0.07604374613140748,1.1129350662231445
514,-29.667178145250983,0,0,300,0.07566352740075044,1.1044936180114746
515,-2.639986735186327,0,0,300,0.07528520976374668,1.2876957654953003
516,-147.4786398228023,0,1,264,0.07490878371492794,1.747359037399292
517,-40.23361432790362,0,0,300,0.0745342397963533,0.8453063368797302
518,-162.82581041336059,0,1,290,0.07416156859737154,1.273952603340149
519,-2.9104463839491617,0,0,300,0.07379076075438468,0.7395143508911133
520,1.7141713738480855,0,0,300,0.07342180695061275,0.505859911441803
521,7.898156883720493,0,0,300,0.07305469791585968,0.7198635339736938
522,8.203164854049641,0,0,300,0.07268942442628039,0.7717087864875793
523,3.108669194379098,0,0,300,0.07232597730414898,0.9480317831039429
524,2.086825821403626,0,0,300,0.07196434741762824,0.9776962995529175
525,4.187373437881432,0,0,300,0.0716045256805401,0.7131566405296326
526,5.429774188199283,0,0,300,0.0712465030521374,0.7402555346488953
527,0.7411912274400213,0,0,300,0.0708902705368767,0.7166049480438232
528,3.9928712360050937,0,0,300,0.07053581918419231,0.7994812726974487
529,5.488329155449031,0,0,300,0.07018314008827135,0.8798204660415649
530,-45.35774417003118,0,0,300,0.06983222438783,1.099635124206543
531,-4.1072528084132305,0,0,300,0.06948306326589085,0.9070122838020325
532,3.145060106907965,0,0,300,0.0691356479495614,0.9670313000679016
533,-156.21840240478528,0,0,300,0.06878996970981359,2.424600601196289
534,-9.753204925056329,0,0,300,0.06844601986126451,0.6677039861679077
535,4.3143514084855346,0,0,300,0.06810378976195819,0.8883149027824402
536,2.6944791690495378,0,0,300,0.0677632708131484,1.0590792894363403
537,7.384492835202433,0,0,300,0.06742445445908266,0.7040758728981018
538,4.541604470410583,0,0,300,0.06708733218678724,0.9122979640960693
539,-31.936046531196425,0,0,300,0.0667518955258533,0.6959143877029419
540,1.9430015397111289,0,0,300,0.06641813604822402,0.6536523699760437
541,6.051673209679035,0,0,300,0.0660860453679829,0.9527899622917175
542,-6.956787598933116,0,0,300,0.06575561514114299,0.7899932265281677
543,3.7151860165635426,0,0,300,0.06542683706543727,0.9256062507629395
544,7.862572627075431,0,0,300,0.06509970288011008,0.9106623530387878
545,-21.872265988192275,0,0,300,0.06477420436570952,0.6707655787467957
546,4.1155778336564515,0,0,300,0.06445033334388098,0.8880082964897156
547,6.464406435493556,0,0,300,0.06412808167716157,0.813301146030426
548,7.9365836803104575,0,0,300,0.06380744126877576,0.9310531616210938
549,-15.213491666313073,0,0,297,0.06348840406243188,0.9377756714820862
550,-25.232729307024986,0,0,300,0.06317096204211972,0.7020758986473083
551,1.505662271980393,0,0,300,0.06285510723190912,0.8979871869087219
552,-165.42203330119585,0,1,251,0.06254083169574957,1.3557074069976807
553,-16.394122753939413,0,0,300,0.062228127537270826,0.7437297701835632
554,-3.216031857332901,0,0,300,0.06191698689958447,0.8467070460319519
555,0.267507523694299,0,0,300,0.061607401965086545,0.7983222007751465
556,-3.157023217674139,0,0,300,0.06129936495526111,0.8511585593223572
557,8.109613150754214,0,0,300,0.0609928681304848,0.9627957940101624
558,3.313573702969788,0,0,300,0.060687903789832374,0.8843056559562683
559,3.8345590615311798,0,0,300,0.06038446427088321,0.7607629895210266
560,-26.573446341356913,0,0,300,0.06008254194952879,0.9360606670379639
561,6.19469019810226,0,0,300,0.05978212923978115,1.0665265321731567
562,-10.292191429138184,0,0,300,0.05948321859358224,0.9680478572845459
563,1.12612416506208,0,0,300,0.05918580250061433,0.8553717136383057
564,-6.682389199729785,0,0,300,0.058889873488111255,0.7550000548362732
565,-31.030305099487336,0,0,300,0.058595424120670696,1.0200762748718262
566,-0.17577826975986816,0,0,300,0.05830244700006734,0.9627500772476196
567,1.3694627404252584,0,0,300,0.058010934765067,0.7920370697975159
568,-5.4964133365962144,0,0,300,0.05772088009124167,0.7818024158477783
569,-6.85815772056578,0,0,300,0.05743227569078546,0.629539430141449
570,-7.683193245730141,0,0,300,0.05714511431233153,0.7209973931312561
571,6.6406734363224365,0,0,300,0.05685938874076987,0.722530722618103
572,4.624278363385461,0,0,300,0.056575091797066025,1.169129490852356
573,6.200433390144443,0,0,300,0.056292216338080694,0.7417944073677063
574,7.05844412088785,0,0,300,0.05601075525639029,0.8297917246818542
575,5.173990023140065,0,0,300,0.05573070148010834,0.7784052491188049
576,6.214108734130813,0,0,300,0.0554520479727078,0.5789728164672852
577,2.6778859893467564,0,0,300,0.05517478773284426,0.76072758436203
578,3.446911744275317,0,0,300,0.05489891379418004,0.8059711456298828
579,8.482893399396165,0,0,300,0.05462441922520914,0.9219757318496704
580,-12.914098692736408,0,0,300,0.0543512971290831,0.8637237548828125
581,-226.61785551071165,0,1,267,0.05407954064343768,1.3519638776779175
582,-170.76425677379152,0,0,300,0.05380914294022049,2.9862632751464844
583,6.184798481468336,0,0,300,0.05354009722551939,0.9607031345367432
584,4.771033269566925,0,0,300,0.05327239673939179,1.0568435192108154
585,-5.20468309720889,0,0,300,0.053006034755694834,0.6594671010971069
586,5.9083793759385115,0,0,300,0.052741004581916356,0.9198079109191895
587,9.792408265271416,0,0,300,0.052477299559006776,0.8095970153808594
588,7.066253705032588,0,0,300,0.052214913061211746,0.8822420835494995
589,6.196900271573308,0,0,300,0.05195383849590569,0.6734740138053894
590,6.190796994366866,0,0,300,0.05169406930342616,0.6749998331069946
591,5.349131125607732,0,0,300,0.05143559895690903,0.9779163002967834
592,7.928203794960117,0,0,300,0.051178420962124486,0.7048518061637878
593,-4.391757498583517,0,0,300,0.05092252885731386,0.7181384563446045
594,7.255084977149891,0,0,300,0.05066791621302729,0.46372875571250916
595,7.108216628232235,0,0,300,0.05041457663196215,0.7481449246406555
596,-2.7062682541224743,0,0,300,0.050162503748802344,0.7517661452293396
597,3.8587173549320823,0,0,300,0.049911691230058335,1.0105197429656982
598,5.215656797889829,0,0,300,0.04966213277390804,0.962988555431366
599,-1.3698531627655333,0,0,300,0.0494138221100385,0.5549632906913757
600,-4.304833422503222,0,0,300,0.04916675299948831,0.6964074373245239
601,5.015186442532778,0,0,300,0.04892091923449087,0.7164024710655212
602,-6.197044372558588,0,0,300,0.04867631463831842,0.5492610931396484
603,2.4052546397831485,0,0,300,0.048432933065126825,1.0313854217529297
604,-15.786094176765344,0,0,300,0.048190768399801194,0.7059262990951538
605,6.257834103111372,0,0,300,0.04794981455780219,0.8549442291259766
606,6.509815739789235,0,0,300,0.04771006548501318,0.7577451467514038
607,4.498487633862716,0,0,300,0.047471515157588115,0.8530771732330322
608,0.4728183142291145,0,0,300,0.047234157581800176,0.6075917482376099
609,-2.086624832949394,0,0,300,0.046997986793891174,0.7143552899360657
610,-14.7981948947907,0,0,300,0.04676299685992172,0.5720487236976624
611,5.749852780499698,0,0,300,0.04652918187562211,0.5927358865737915
612,9.361985034146516,0,0,300,0.046296535966244,0.5497028231620789
613,8.772774991193051,0,0,300,0.046065053286412784,0.6320053339004517
614,9.535294640068134,0,0,300,0.04583472801998072,0.7130790948867798
615,6.397675786010447,0,0,300,0.045605554379880814,0.8342755436897278
616,6.760949618016346,0,0,300,0.04537752660798141,0.803058922290802
617,5.068664166127308,0,0,300,0.0451506389749415,0.6236302852630615
618,8.39987447023783,0,0,300,0.044924885780066794,0.9119341373443604
619,-0.5418918108900797,0,0,300,0.04470026135116646,0.7673757076263428
620,-1.1444573410365508,0,0,300,0.04447676004441063,0.6588134169578552
621,1.6694563698807934,0,0,300,0.04425437624418858,0.6845386624336243
622,2.167396878400096,0,0,300,0.04403310436296763,0.8558498620986938
623,10.025549461845486,0,0,300,0.043812938841152796,0.7005153894424438
624,4.979781996403793,0,0,300,0.04359387414694703,0.9058508276939392
625,5.163769826888983,0,0,300,0.043375904776212296,0.7990575432777405
626,7.979330625534006,0,0,300,0.043159025252331236,0.8401673436164856
627,8.282075013318288,0,0,300,0.04294323012606958,0.8871803283691406
628,-11.439301116462616,0,0,300,0.04272851397543923,0.5267280340194702
629,7.421729809437861,0,0,300,0.04251487140556204,0.8878638744354248
630,11.340423014167888,0,0,300,0.04230229704853423,0.6467970013618469
631,10.06637334982814,0,0,300,0.04209078556329156,0.9255084991455078
632,6.263603095212187,0,0,300,0.0418803316354751,0.7142983078956604
633,8.286622704663495,0,0,300,0.041670929977297724,0.7235434055328369
634,10.628177950386132,0,0,300,0.04146257532741124,0.8673582673072815
635,0.5805580902099403,0,0,300,0.04125526245077418,1.2373604774475098
636,8.254757578376866,0,0,300,0.04104898613852031,0.6757133603096008
637,8.379878606796211,0,0,300,0.04084374120782771,0.8650303483009338
638,4.021394863128633,0,0,300,0.04063952250178857,0.9671512842178345
639,4.189315776824907,0,0,300,0.04043632488927963,0.9476710557937622
640,4.891332569122284,0,0,300,0.04023414326483323,0.9496668577194214
641,6.637882918515425,0,0,300,0.040032972548509065,0.8307283520698547
642,5.891769122281308,0,0,300,0.03983280768576652,0.6997568011283875
643,7.9593122124711115,0,0,300,0.03963364364733769,0.8945747017860413
644,5.539671992459524,0,0,300,0.039435475429100995,0.7627810835838318
645,9.314604281583042,0,0,300,0.03923829805195549,0.606548011302948
646,8.067585058212222,0,0,300,0.03904210656169572,0.8756037354469299
647,8.813464891914448,0,0,300,0.03884689602888724,0.7435365319252014
648,-14.30049456914798,0,0,300,0.0386526615487428,0.7184199690818787
649,4.783735525612018,0,0,300,0.03845939824099909,0.938468873500824
650,5.975361527600531,0,0,300,0.03826710124979409,1.176358699798584
651,-11.381930912333134,0,0,296,0.038075765743545126,0.8900845646858215
652,5.2545904254912985,0,0,300,0.0378853869148274,0.9138523936271667
653,9.414449293617329,0,0,300,0.03769595998025326,0.7357904314994812
654,-10.258766213243621,0,0,291,0.03750748018035199,1.015001654624939
655,8.514480516914494,0,0,300,0.037319942779450235,0.9832826256752014
656,-12.96145335991917,0,0,292,0.037133343065552986,1.0149651765823364
657,3.278671368756539,0,0,300,0.03694767635022522,0.9555312395095825
658,10.124203443527154,0,0,300,0.036762937968474095,0.5314491391181946
659,5.318330519203301,0,0,300,0.03657912327863173,0.6748201251029968
660,4.648791503110164,0,0,300,0.036396227662238566,0.7605012059211731
661,-7.86639827489461,0,0,290,0.03621424652392737,0.9885023236274719
662,6.772283995155433,0,0,300,0.036033175291307735,0.8663317561149597
663,5.053557166257138,0,0,300,0.03585300941485119,0.8618097901344299
664,3.4617241756107857,0,0,300,0.035673744367776934,0.6047680377960205
665,11.156729211011147,0,0,300,0.03549537564593805,0.8935167789459229
666,9.808035995964131,0,0,300,0.035317898767708356,0.8423937559127808
667,9.203533308509902,0,0,300,0.03514130927386981,0.8035194277763367
668,6.575762827400283,0,0,300,0.03496560272750046,0.6954620480537415
669,5.530471518043634,0,0,300,0.03479077471386296,0.9242848753929138
670,-5.354958411059135,0,0,300,0.03461682084029365,0.681438684463501
671,4.84522264400983,0,0,300,0.034443736736092176,0.6438934206962585
672,-11.526248013969317,0,0,296,0.034271518052411715,0.9409647583961487
673,8.06960768620035,0,0,300,0.034100160462149656,0.7177971601486206
674,-5.964445781707753,0,0,300,0.03392965965983891,0.6911114454269409
675,6.422357330322231,0,0,300,0.033760011361539714,0.6469106674194336
676,8.249871987500397,0,0,300,0.03359121130473201,0.6902310848236084
677,8.512198609509687,0,0,300,0.033423255248208356,0.8496494293212891
678,7.051474131741767,0,0,300,0.03325613897196732,0.9323305487632751
679,11.800498983863942,0,0,300,0.03308985827710748,0.7492780089378357
680,7.003101341728307,0,0,300,0.032924408985721944,0.8161274194717407
681,8.97277858972942,0,0,300,0.03275978694079333,0.7712081074714661
682,9.809125149253939,0,0,300,0.032595988006089364,0.857121467590332
683,3.6024840354919236,0,0,300,0.032433008066058915,0.7368789911270142
684,9.787227573394716,0,0,300,0.03227084302572862,0.6006931066513062
685,5.256093365346033,0,0,300,0.032109488810599975,0.579272985458374
686,-0.18845673322286655,0,0,300,0.031948941366546975,0.9390169382095337
687,6.9658729720075705,0,0,300,0.03178919665971424,0.8066290020942688
688,-4.769417283531069,0,0,300,0.03163025067641567,0.6367570757865906
689,7.849768311177324,0,0,300,0.03147209942303359,0.6308542490005493
690,8.880110947285724,0,0,300,0.03131473892591842,0.8882685899734497
691,1.9154740715026646,0,0,300,0.031158165231288826,1.1811314821243286
692,7.904938589726551,0,0,300,0.03100237440513238,0.7995616793632507
693,4.3951751701023625,0,0,300,0.030847362533106718,0.9489052891731262
694,2.757092863713358,0,0,300,0.030693125720441184,0.9040231108665466
695,-6.966248875460385,0,0,300,0.030539660091838977,0.8942613005638123
696,5.294855612912401,0,0,300,0.03038696179137978,0.6164851784706116
697,5.235319547653178,0,0,300,0.030235026982422884,0.6111701130867004
698,8.328913945355655,0,0,300,0.030083851847510768,0.9204705953598022
699,0.31141128221617476,0,0,300,0.029933432588273214,0.5754435062408447
700,9.023749455609533,0,0,300,0.029783765425331846,0.7067617177963257
701,9.00678302685282,0,0,300,0.029634846598205186,0.7510033249855042
702,5.845746401944401,0,0,300,0.02948667236521416,0.881262481212616
703,8.071743773617948,0,0,300,0.029339239003388088,0.67976313829422
704,7.373302824501136,0,0,300,0.029192542808371146,0.8835770487785339
705,7.575244076255903,0,0,300,0.02904658009432929,0.9580917358398438
706,8.004448823132742,0,0,300,0.028901347193857643,0.5415868759155273
707,7.473452195325135,0,0,300,0.028756840457888354,0.9068360328674316
708,11.048894004025671,0,0,300,0.02861305625559891,0.8179755806922913
709,8.865379917625521,0,0,300,0.028469990974320916,0.6305577754974365
710,8.749394505027853,0,0,300,0.02832764101944931,0.7795541286468506
711,3.5163275972949215,0,0,300,0.028186002814352063,0.9817144274711609
712,4.795941952862982,0,0,300,0.0280450728002803,0.6437135934829712
713,4.915047721066721,0,0,300,0.0279048474362789,0.8514371514320374
714,2.9704697767840544,0,0,300,0.027765323199097504,0.578178882598877
715,6.699081575874454,0,0,300,0.027626496583102015,0.9346323609352112
716,4.84515309572613,0,0,300,0.027488364100186506,0.85811448097229
717,8.226455204490739,0,0,300,0.027350922279685573,0.5727889537811279
718,8.04238273620601,0,0,300,0.027214167668287145,0.6819043159484863
719,9.598697489896033,0,0,300,0.02707809682994571,0.8030247092247009
720,6.562189804707596,0,0,300,0.02694270634579598,0.597748875617981
721,10.966419699195969,0,0,300,0.026807992814067,0.8902978301048279
722,9.866667775311727,0,0,300,0.026673952849996664,0.7260321378707886
723,3.93102445602415,0,0,300,0.02654058308574668,0.9922438859939575
724,6.865284945164779,0,0,300,0.026407880170317945,0.7819750905036926
725,7.585449246564139,0,0,300,0.026275840769466357,0.7963367700576782
726,7.0980604545261885,0,0,300,0.026144461565619025,0.9331839680671692
727,-0.8912699421260326,0,0,300,0.02601373925779093,0.6530165672302246
728,10.485563614372358,0,0,300,0.025883670561501974,0.91051185131073
729,9.165768492225736,0,0,300,0.025754252208694463,0.6804606318473816
730,11.257736914161764,0,0,300,0.02562548094765099,0.5649685263633728
731,8.285904435315352,0,0,300,0.025497353542912736,0.871222972869873
732,5.9605489945450945,0,0,300,0.02536986677519817,0.6717655062675476
733,7.0437836829807585,0,0,300,0.02524301744132218,0.7417531609535217
734,8.790383751396273,0,0,300,0.025116802354115567,0.5418068170547485
735,9.059484416646367,0,0,300,0.024991218342344988,0.7222307324409485
736,8.855267767117999,0,0,300,0.024866262250633264,0.7976876497268677
737,3.2830322805987535,0,0,300,0.024741930939380097,0.5100382566452026
738,10.05063068628704,0,0,300,0.024618221284683196,0.5867450833320618
739,9.815316622261154,0,0,300,0.02449513017825978,0.8505735993385315
740,9.568151463666172,0,0,300,0.02437265452736848,0.7281612157821655
741,11.807021639350975,0,0,300,0.024250791254731636,0.6851473450660706
742,3.696696719327189,0,0,300,0.024129537298457977,0.5010249018669128
743,9.011274851956573,0,0,300,0.024008889611965685,0.5673803687095642
744,7.376144758854945,0,0,300,0.023888845163905856,0.8017601370811462
745,11.416020572189423,0,0,300,0.023769400938086327,0.48039761185646057
746,11.897152070203093,0,0,300,0.023650553933395897,0.8059110641479492
747,12.229509403709494,0,0,300,0.023532301163728918,0.7745254039764404
748,9.541576850410259,0,0,300,0.023414639657910272,0.9177030324935913
749,5.738820790448422,0,0,300,0.023297566459620722,0.6254938840866089
750,11.457756890454501,0,0,300,0.023181078627322618,0.793259859085083
751,10.837049343589895,0,0,300,0.023065173234186005,0.6976404190063477
752,12.722441901364556,0,0,300,0.022949847368015076,0.8145886063575745
753,7.253160107139682,0,0,300,0.022835098131175,0.6586127281188965
754,11.001323063377509,0,0,300,0.022720922640519125,0.7140719890594482
755,10.313902962211703,0,0,300,0.02260731802731653,0.7059270143508911
756,9.806084740165792,0,0,300,0.022494281437179946,0.5203815698623657
757,9.599667022224235,0,0,300,0.022381810029994047,0.7056804895401001
758,9.883906471733207,0,0,300,0.022269900979844076,0.68842613697052
759,7.991878346600749,0,0,300,0.022158551474944856,0.644729495048523
760,7.361119816307168,0,0,300,0.022047758717570132,0.8091228008270264
761,5.194609854225236,0,0,300,0.021937519923982282,0.8257502913475037
762,-5.691898880800953,0,0,300,0.021827832324362372,0.8431738018989563
763,11.775631296638585,0,0,300,0.02171869316274056,0.7154949307441711
764,10.81833263317606,0,0,300,0.021610099696926857,0.7831159234046936
765,9.40119023243449,0,0,300,0.021502049198442223,0.8224015235900879
766,2.128643169403049,0,0,300,0.021394538952450012,0.877839207649231
767,11.490257027153142,0,0,300,0.02128756625768776,0.7593384981155396
768,7.016105651855431,0,0,300,0.021181128426399323,0.6209735870361328
769,10.454018839993687,0,0,300,0.021075222784267326,0.6991943717002869
770,8.474216988090586,0,0,300,0.020969846670345987,0.8383485078811646
771,6.602969326200611,0,0,300,0.020864997436994256,0.9883732795715332
772,4.594878129163035,0,0,300,0.020760672449809284,0.893979549407959
773,8.692531473640523,0,0,300,0.020656869087560238,0.8037698864936829
774,-61.51259913524123,0,0,300,0.020553584742122436,0.7133488655090332
775,11.693522071042324,0,0,300,0.020450816818411825,0.8493185639381409
776,5.96621973276529,0,0,300,0.020348562734319765,0.8453478217124939
777,8.555691565671188,0,0,300,0.020246819920648168,0.8812761902809143
778,-1.0028008564326507,0,0,300,0.020145585821044927,0.7708992958068848
779,7.324409646191811,0,0,300,0.020044857891939702,0.8340966701507568
780,3.413381277714837,0,0,300,0.02,0.6224510073661804
781,5.17875534931683,0,0,300,0.02,0.7830102443695068
782,11.271256293454401,0,0,300,0.02,0.8273850083351135
783,8.748692111172906,0,0,300,0.02,0.8930260539054871
784,8.045821907524195,0,0,300,0.02,0.8704472780227661
785,7.051680821576353,0,0,300,0.02,0.8647788763046265
786,13.275379021171675,0,0,300,0.02,0.7705579996109009
787,12.033693894543893,0,0,300,0.02,0.6417756080627441
788,4.529072484174011,0,0,300,0.02,1.0429309606552124
789,10.238132397328469,0,0,300,0.02,0.6612632274627686
790,10.918090519108977,0,0,300,0.02,0.408176451921463
791,12.240441381131248,0,0,300,0.02,0.4781859815120697
792,9.405904740491138,0,0,300,0.02,0.8262228965759277
793,10.490374161397064,0,0,300,0.02,0.7007027864456177
794,7.479034671783429,0,0,300,0.02,1.0077413320541382
795,9.299235991635557,0,0,300,0.02,0.6553900837898254
796,13.082067088284733,0,0,300,0.02,0.684682309627533
797,11.760910920300715,0,0,300,0.02,0.7274713516235352
798,-2.0651993473384356,0,0,300,0.02,0.7714989185333252
799,5.616414985656718,0,0,300,0.02,0.9608962535858154
800,11.730379335884189,0,0,300,0.02,0.6968079209327698
801,12.637342013516665,0,0,300,0.02,0.7233635783195496
802,9.057664282325844,0,0,300,0.02,0.8999866843223572
803,10.23214949846659,0,0,300,0.02,0.7338653802871704
804,10.385171584286917,0,0,300,0.02,0.7589061856269836
805,7.124412825111493,0,0,300,0.02,0.925799548625946
806,9.340283894546737,0,0,300,0.02,0.9337345361709595
807,8.444002695083581,0,0,300,0.02,0.9064993262290955
808,7.619507656097342,0,0,300,0.02,0.560123085975647
809,7.760054577985031,0,0,300,0.02,0.8051854372024536
810,13.338823813596031,0,0,300,0.02,0.6054931282997131
811,6.510164387230011,0,0,300,0.02,0.7868616580963135
812,9.594407538571593,0,0,300,0.02,0.6565971970558167
813,0.35265165964232664,0,0,300,0.02,0.48263341188430786
814,12.304232323173593,0,0,300,0.02,0.7333446741104126
815,8.563088228706464,0,0,300,0.02,0.6911306977272034
816,11.899851092496164,0,0,300,0.02,0.6502363085746765
817,7.200195471440418,0,0,300,0.02,0.8582474589347839
818,-2.6017062926253183,0,0,300,0.02,0.5248293280601501
819,6.776330279507894,0,0,300,0.02,0.7536165118217468
820,11.225159699116796,0,0,300,0.02,0.574506402015686
821,-9.858854758735546,0,0,294,0.02,0.9116164445877075
822,5.117600049176449,0,0,300,0.02,0.740799069404602
823,-10.04052728414143,0,0,297,0.02,0.9695345759391785
824,8.17424601475261,0,0,300,0.02,0.9391375780105591
825,4.044421373997804,0,0,300,0.02,0.5271909832954407
826,11.25847458759807,0,0,300,0.02,0.7455804347991943
827,9.511528538861482,0,0,300,0.02,0.6948169469833374
828,12.189548017982585,0,0,300,0.02,0.6470157504081726
829,10.511821955838428,0,0,300,0.02,0.9247435927391052
830,8.027151767415413,0,0,300,0.02,0.9203138947486877
831,-153.47220074018372,0,1,265,0.02,1.7063465118408203
832,3.586029214858983,0,0,300,0.02,0.6459926962852478
833,8.902253207364318,0,0,300,0.02,0.8496357798576355
834,-24.80600242694354,0,0,300,0.02,0.6866996884346008
835,9.636163546238983,0,0,300,0.02,0.5392554402351379
836,11.412404546737616,0,0,300,0.02,0.6493988633155823
837,10.432173979286269,0,0,300,0.02,0.5263592600822449
838,11.570706160072454,0,0,300,0.02,0.6217262148857117
839,12.253630854283436,0,0,300,0.02,0.6723886132240295
840,7.087285864357093,0,0,300,0.02,0.7000812888145447
841,7.470210494199021,0,0,300,0.02,0.7401464581489563
842,5.2875168291674655,0,0,300,0.02,0.9814171195030212
843,9.71046263615153,0,0,300,0.02,0.6500834226608276
844,8.325228907261934,0,0,300,0.02,0.6544890999794006
845,7.64126463175211,0,0,300,0.02,0.7090865969657898
846,8.92385419765971,0,0,300,0.02,0.664235532283783
847,10.588833319340793,0,0,300,0.02,0.6535879969596863
848,10.20992456356549,0,0,300,0.02,0.5977179408073425
849,13.05642571130859,0,0,300,0.02,0.7016898989677429
850,10.950881235603418,0,0,300,0.02,0.6416824460029602
851,5.8258879653599065,0,0,300,0.02,0.7412270903587341
852,12.324819529060473,0,0,300,0.02,0.5406978726387024
853,9.266686277389448,0,0,300,0.02,0.5783284306526184
854,7.977419807914818,0,0,300,0.02,0.7500478029251099
855,11.814156474271043,0,0,300,0.02,0.6541599631309509
856,2.519548628334138,0,0,300,0.02,0.682015597820282
857,11.494081420102326,0,0,300,0.02,0.6666787266731262
858,8.221445089970658,0,0,300,0.02,0.6879350543022156
859,7.079779326115697,0,0,300,0.02,0.7058514952659607
860,9.67676758686563,0,0,300,0.02,0.5785071849822998
861,12.364595491890029,0,0,300,0.02,0.6857538819313049
862,10.80937559763056,0,0,300,0.02,0.6834524273872375
863,8.655920104184352,0,0,300,0.02,0.6662190556526184
864,6.371303452649348,0,0,300,0.02,0.689873218536377
865,9.359488019147173,0,0,300,0.02,0.5978270769119263
866,10.715456621650784,0,0,300,0.02,0.6755385994911194
867,11.143218605522286,0,0,300,0.02,0.6810981035232544
868,8.54140187263482,0,0,300,0.02,0.5546495318412781
869,8.530353242558819,0,0,300,0.02,0.6670135259628296
870,9.462354528907861,0,0,300,0.02,0.7938141226768494
871,-2.73401386340592,0,0,300,0.02,0.6637025475502014
872,5.858664610389819,0,0,300,0.02,0.692236602306366
873,9.685260991254049,0,0,300,0.02,0.6338838338851929
874,7.423903996144374,0,0,300,0.02,0.6498203277587891
875,6.829094269279563,0,0,300,0.02,0.6996291875839233
876,9.694751011525263,0,0,300,0.02,0.6271085739135742
877,11.46878529787456,0,0,300,0.02,0.6422064304351807
878,13.827855911254847,0,0,300,0.02,0.5655360221862793
879,9.369551439285226,0,0,300,0.02,0.6001121401786804
880,7.77341213465128,0,0,300,0.02,0.7260497212409973
881,13.120719470181713,0,0,300,0.02,0.6025192141532898
882,5.952236826423757,0,0,300,0.02,0.5638435482978821
883,11.350154091511808,0,0,300,0.02,0.6357578039169312
884,1.2326587573673777,0,0,300,0.02,0.6620343923568726
885,9.20180288235208,0,0,300,0.02,0.6747483611106873
886,10.532436504363988,0,0,300,0.02,0.8393908739089966
887,12.68721260309615,0,0,300,0.02,0.6825996041297913
888,11.225270308652174,0,0,300,0.02,0.576381504535675
889,11.702759962081851,0,0,300,0.02,0.6943100094795227
890,11.693864176277238,0,0,300,0.02,0.6009367108345032
891,2.4347658983813467,0,0,300,0.02,0.6546048521995544
892,11.089068202176323,0,0,300,0.02,0.6079320311546326
893,9.422853593030178,0,0,300,0.02,0.5494856834411621
894,10.458553164009183,0,0,300,0.02,0.7272644639015198
895,8.519441254142848,0,0,300,0.02,0.597042441368103
896,12.994946336746176,0,0,300,0.02,0.713763415813446
897,11.500835913815715,0,0,300,0.02,0.6899901032447815
898,11.387909564175818,0,0,300,0.02,0.6282216906547546
899,11.087325731907926,0,0,300,0.02,0.8239648938179016
900,8.991465872922149,0,0,300,0.02,0.6423326134681702
901,3.42049289384949,0,0,300,0.02,0.5756731033325195
902,9.321562035087656,0,0,300,0.02,0.609012246131897
903,-8.065640285011197,0,0,300,0.02,0.6283128261566162
904,10.897304737571796,0,0,300,0.02,0.6475765705108643
905,9.2505593649493,0,0,300,0.02,0.6881564855575562
906,12.3560416213658,0,0,300,0.02,0.6461886763572693
907,7.420654230117729,0,0,300,0.02,0.8148364424705505
908,14.113207177319728,0,0,300,0.02,0.5518972873687744
909,-7.969828961695556,0,0,300,0.02,0.6407535672187805
910,14.052170126442048,0,0,300,0.02,0.5163602232933044
911,10.511310910382528,0,0,300,0.02,0.7073713541030884
912,8.775998639264321,0,0,300,0.02,0.6286994218826294
913,10.256007444862467,0,0,300,0.02,0.6329008936882019
914,12.087365074157654,0,0,300,0.02,0.7706587314605713
915,11.059313869476266,0,0,300,0.02,0.6351715326309204
916,10.015301783088772,0,0,300,0.02,0.5855773091316223
917,-1.8718548774719523,0,0,300,0.02,0.755463719367981
918,14.086854771771678,0,0,300,0.02,0.7459853887557983
919,11.510420445599772,0,0,300,0.02,0.8400939702987671
920,9.495819149033077,0,0,300,0.02,0.9161562323570251
921,11.253736286163301,0,0,300,0.02,0.7565659284591675
922,9.45695917368328,0,0,300,0.02,0.6226629614830017
923,7.9473598758365895,0,0,300,0.02,0.718359112739563
924,10.469713156227225,0,0,300,0.02,0.5619744658470154
925,-4.552221861681713,0,0,300,0.02,1.0507545471191406
926,8.022086483632153,0,0,300,0.02,0.4502747058868408
927,2.6984020916647085,0,0,300,0.02,0.5600013136863708
928,10.379401940503328,0,0,300,0.02,0.595348596572876
929,12.322959574856982,0,0,300,0.02,0.8319591879844666
930,12.367899159589063,0,0,300,0.02,0.6507242918014526
931,8.645499991574509,0,0,300,0.02,0.6613240838050842
932,11.460650644302326,0,0,300,0.02,0.687337338924408
933,11.690110224881419,0,0,300,0.02,0.642671525478363
934,10.414769047894705,0,0,300,0.02,0.6740068197250366
935,2.5246766463902124,0,0,300,0.02,0.5765299201011658
936,-6.3214996536586066,0,0,300,0.02,0.5605739951133728
937,6.826840533414112,0,0,300,0.02,0.7009889483451843
938,11.193900711540332,0,0,300,0.02,0.8034275770187378
939,8.494897196296773,0,0,300,0.02,0.7131784558296204
940,13.410235976376782,0,0,300,0.02,0.7326400876045227
941,7.156320590972871,0,0,300,0.02,0.5909198522567749
942,7.864101084866754,0,0,300,0.02,0.8216738104820251
943,8.479369394783093,0,0,300,0.02,0.6970604062080383
944,9.827683829465125,0,0,300,0.02,0.640778124332428
945,11.053951501846267,0,0,300,0.02,0.48651212453842163
946,15.455040278434684,0,0,300,0.02,0.43373993039131165
947,13.036689684394924,0,0,300,0.02,0.6652303338050842
948,12.480122444633599,0,0,300,0.02,0.6668721437454224
949,3.3742050520526083,0,0,300,0.02,0.5072450637817383
950,14.028775967755577,0,0,300,0.02,0.5630050897598267
951,12.61834457317852,0,0,300,0.02,0.6006129384040833
952,7.464869215492337,0,0,300,0.02,0.7531854510307312
953,11.373689965405676,0,0,300,0.02,0.67427659034729
954,7.169529618420848,0,0,300,0.02,0.6903166770935059
955,8.667354080680939,0,0,300,0.02,0.6450642347335815
956,10.30222016573345,0,0,300,0.02,0.633847713470459
957,-2.948664053278538,0,0,300,0.02,0.6517678499221802
958,8.347750085988263,0,0,300,0.02,0.4782615602016449
959,11.350288645421102,0,0,300,0.02,0.5957241654396057
960,34.99709156752029,0,0,300,0.02,0.42262986302375793
961,37.93856981993117,0,0,300,0.02,0.37476029992103577
962,-9.890852442583798,0,0,300,0.02,0.5354121923446655
963,40.91521753231549,0,0,300,0.02,0.36639469861984253
964,10.699909171261995,0,0,300,0.02,0.6252217888832092
965,11.015440237526036,0,0,300,0.02,0.6305426955223083
966,9.578487738766887,0,0,300,0.02,0.6930771470069885
967,9.579283332028615,0,0,300,0.02,0.6903782486915588
968,3.7631043815612433,0,0,300,0.02,0.6067239046096802
969,4.607895929817299,0,0,300,0.02,0.5624287724494934
970,7.836297711529958,0,0,300,0.02,0.6536246538162231
971,5.091084202924001,0,0,300,0.02,0.5274280309677124
972,9.266012314954017,0,0,300,0.02,0.6511960029602051
973,4.031556186675977,0,0,300,0.02,0.5071109533309937
974,7.438187865414831,0,0,300,0.02,0.6456521153450012
975,9.892380125526513,0,0,300,0.02,0.6913077235221863
976,14.055386256375591,0,0,300,0.02,0.5963525176048279
977,11.41093787113692,0,0,300,0.02,0.5424646139144897
978,12.416264469627496,0,0,300,0.02,0.6978366374969482
979,3.306790761151566,0,0,300,0.02,0.6535013914108276
980,11.879535941281544,0,0,300,0.02,0.5353150963783264
981,5.666562403836496,0,0,300,0.02,0.6035584807395935
982,6.125761775174375,0,0,300,0.02,0.5987586379051208
983,13.137648667493128,0,0,300,0.02,0.6732869148254395
984,10.989090394177644,0,0,300,0.02,0.5504264831542969
985,11.083600838188236,0,0,300,0.02,0.6310025453567505
986,5.54648128509519,0,0,300,0.02,0.7158796787261963
987,8.127983435788382,0,0,300,0.02,0.6807032227516174
988,10.123049964108723,0,0,300,0.02,0.5894365906715393
989,10.081543509160122,0,0,300,0.02,0.7379104495048523
990,8.869003533520917,0,0,300,0.02,0.7179481983184814
991,9.128357142605998,0,0,300,0.02,0.7081097960472107
992,10.101894053616753,0,0,300,0.02,0.7622255682945251
993,8.280348567166548,0,0,300,0.02,0.685111939907074
994,13.047810801663674,0,0,300,0.02,0.6132463812828064
995,8.31079120795191,0,0,300,0.02,0.726904034614563
996,9.750817146301221,0,0,300,0.02,0.6472957134246826
997,6.981796883740641,0,0,300,0.02,0.6647498607635498
998,10.841097325482622,0,0,300,0.02,0.654924750328064
999,-162.84116559108233,0,0,287,0.02,1.8204904794692993
1000,11.977844431404227,0,0,300,0.02,0.5624416470527649
1001,10.434471704963768,0,0,300,0.02,0.6107848286628723
1002,8.692871992591945,0,0,300,0.02,0.8186847567558289
1003,12.63450681606793,0,0,300,0.02,0.7440723776817322
1004,12.157196733955503,0,0,300,0.02,0.6476035714149475
1005,38.619697334770315,0,0,300,0.02,0.4144784212112427
1006,10.589955109753829,0,0,300,0.02,0.7927103042602539
1007,-6.660894010063035,0,0,300,0.02,0.7721262574195862
1008,11.926081237792904,0,0,300,0.02,0.5334796905517578
1009,8.127841223874313,0,0,300,0.02,0.7757387757301331
1010,10.126604460873851,0,0,300,0.02,0.6285479664802551
1011,9.96889753262067,0,0,300,0.02,0.6804746985435486
1012,8.89202994267009,0,0,300,0.02,0.822191596031189
1013,12.26919877291116,0,0,300,0.02,0.7196030616760254
1014,12.786255877021903,0,0,300,0.02,0.570338785648346
1015,4.971374359130842,0,0,300,0.02,0.9046564102172852
1016,13.87418533564007,0,0,300,0.02,0.7283564209938049
1017,-115.69502506256096,0,0,273,0.02,3.273756265640259
1018,12.031893389228909,0,0,300,0.02,0.7214294075965881
1019,4.770675932561038,0,0,300,0.02,0.8706273436546326
1020,8.804957125190816,0,0,300,0.02,0.5481634736061096
1021,9.269994041923606,0,0,300,0.02,0.7569042444229126
1022,10.165310537819046,0,0,300,0.02,0.6305751204490662
1023,2.1853257107773825,0,0,300,0.02,0.6705713272094727
1024,11.871533176902847,0,0,300,0.02,0.7315194606781006
1025,9.832309664883823,0,0,300,0.02,0.7121216654777527
1026,-3.8885662627180846,0,0,300,0.02,0.7890443205833435
1027,11.661331557431454,0,0,300,0.02,0.6823661923408508
1028,7.633104161420081,0,0,300,0.02,0.796923041343689
1029,9.352305647526801,0,0,300,0.02,0.7152199149131775
1030,5.992091312408422,0,0,300,0.02,0.8494771718978882
1031,10.880075408620241,0,0,300,0.02,0.7095829844474792
1032,10.410888766446329,0,0,300,0.02,0.7324768900871277
1033,9.146044959225874,0,0,300,0.02,0.8336878418922424
1034,8.081772139076344,0,0,300,0.02,0.8739597201347351
1035,11.167876509824033,0,0,300,0.02,0.7132299542427063
1036,11.596492947736007,0,0,300,0.02,0.7710758447647095
1037,8.801852778592329,0,0,300,0.02,0.8172358870506287
1038,11.89462627331281,0,0,300,0.02,0.6840425133705139
1039,9.574158505597318,0,0,300,0.02,0.6866594552993774
1040,9.669107913174855,0,0,300,0.02,0.7679221034049988
1041,10.758708554906265,0,0,300,0.02,0.8974246978759766
1042,8.04015125274654,0,0,300,0.02,0.8999621868133545
1043,10.2486815730717,0,0,300,0.02,0.6930286884307861
1044,8.30644704739115,0,0,300,0.02,0.6135873198509216
1045,9.69834831476602,0,0,300,0.02,0.6523156762123108
1046,13.336679934659248,0,0,300,0.02,0.663529098033905
1047,12.778901900449018,0,0,300,0.02,0.7629736065864563
1048,14.2139025108006,0,0,300,0.02,0.7042234539985657
1049,11.99416438341533,0,0,300,0.02,0.6733616590499878
1050,10.371794044975376,0,0,300,0.02,0.6164542436599731
1051,5.1837625877049,0,0,300,0.02,0.8992584347724915
1052,-0.6198085792872821,0,0,300,0.02,0.8651512265205383
1053,2.1715515255967244,0,0,300,0.02,0.6040148735046387
1054,-0.7402597236633597,0,0,300,0.02,1.2275649309158325
1055,5.644685130119305,0,0,300,0.02,0.45882871747016907
1056,9.627831296124679,0,0,300,0.02,0.6732412576675415
1057,7.3845022010802905,0,0,300,0.02,0.8488744497299194
1058,7.309546546139935,0,0,300,0.02,0.6903124451637268
1059,7.55713395992778,0,0,300,0.02,0.7459155917167664
1060,7.728469351926075,0,0,300,0.02,0.8105817437171936
1061,11.201776647567698,0,0,300,0.02,0.7370558381080627
1062,8.120137662887538,0,0,300,0.02,0.8999655842781067
1063,10.803626081947407,0,0,300,0.02,0.7484962344169617
1064,7.663931681309768,0,0,300,0.02,0.7823134064674377
1065,13.472965869107485,0,0,300,0.02,0.7944576144218445
1066,8.945828351178381,0,0,300,0.02,0.8637419939041138
1067,6.682021181587301,0,0,300,0.02,0.7213974595069885
1068,-26.758673854670274,0,0,300,0.02,0.48236754536628723
1069,10.794958781399957,0,0,300,0.02,0.8489593863487244
1070,10.275684489407764,0,0,300,0.02,0.6512779593467712
1071,10.685471811294502,0,0,300,0.02,0.7761320471763611
1072,13.134298934140439,0,0,300,0.02,0.7491243481636047
1073,6.315174245038257,0,0,300,0.02,0.768905520439148
1074,4.851441573300613,0,0,300,0.02,0.7723386883735657
1075,7.578570177558972,0,0,300,0.02,0.6872602105140686
1076,8.53703629414103,0,0,300,0.02,0.7684400081634521
1077,10.944855263237072,0,0,300,0.02,0.5331889390945435
1078,10.673341263928645,0,0,300,0.02,0.7018637657165527
1079,8.593400668301811,0,0,300,0.02,0.8368489146232605
1080,8.190890149274098,0,0,300,0.02,0.782476544380188
1081,10.150835026898609,0,0,300,0.02,0.7074903249740601
1082,11.5443920222905,0,0,300,0.02,0.7141010761260986
1083,7.368103865781058,0,0,300,0.02,0.8756731152534485
1084,-14.000400706133592,0,0,291,0.02,1.0802992582321167
1085,11.163336073552205,0,0,300,0.02,0.5224623084068298
1086,5.437401017346619,0,0,300,0.02,1.1283488273620605
1087,9.904833125272022,0,0,300,0.02,0.7839908003807068
1088,3.9532679645206974,0,0,300,0.02,0.8618820905685425
1089,5.161545209088557,0,0,300,0.02,1.1273127794265747
1090,9.918618542347998,0,0,300,0.02,0.9136416912078857
1091,9.935696411132737,0,0,300,0.02,0.5910758972167969
1092,11.574410428204752,0,0,300,0.02,0.726596474647522
1093,9.602611302533349,0,0,300,0.02,0.5970462560653687
1094,12.13590294123086,0,0,300,0.02,0.6754270195960999
1095,10.108767451443887,0,0,300,0.02,0.580507218837738
1096,11.617162411216842,0,0,300,0.02,0.4001121520996094
1097,-4.266280782218807,0,0,300,0.02,0.5384729504585266
1098,10.19285553217324,0,0,300,0.02,0.5036888718605042
1099,8.701814510826196,0,0,300,0.02,0.6064491271972656
1100,3.535523138046245,0,0,300,0.02,0.9186192154884338
1101,11.666993296150292,0,0,300,0.02,0.6926544308662415
1102,8.328166487220841,0,0,300,0.02,0.7373611330986023
1103,-3.380473067756549,0,0,300,0.02,1.2445210218429565
1104,13.110753595832929,0,0,300,0.02,0.6817143559455872
1105,-7.734249840578776,0,0,300,0.02,0.8662615418434143
1106,-23.011674674357305,0,0,300,0.02,0.6112149953842163
1107,9.660851933156081,0,0,300,0.02,0.9455833435058594
1108,4.82930408398177,0,0,300,0.02,0.9428730607032776
1109,13.745776404538384,0,0,300,0.02,0.8087549805641174
1110,9.35391959110759,0,0,300,0.02,0.744219183921814
1111,13.989426345029097,0,0,300,0.02,0.8053424954414368
1112,103.29156615019247,0,0,300,0.02,0.46901121735572815
1113,2.3575773803379425,0,0,300,0.02,0.9233047366142273
1114,8.911673576835744,0,0,300,0.02,0.9739843606948853
1115,9.282368811764927,0,0,300,0.02,0.7796068787574768
1116,9.22175669590497,0,0,300,0.02,0.8797599077224731
1117,5.391547075902075,0,0,300,0.02,0.5479095578193665
1118,5.9060920612003684,0,0,300,0.02,0.6811760663986206
1119,9.187869185605267,0,0,300,0.02,0.7307317852973938
1120,9.519946205619886,0,0,300,0.02,0.7169162034988403
1121,8.846054162183032,0,0,300,0.02,0.6836855411529541
1122,12.686315077939234,0,0,300,0.02,0.7686203122138977
1123,13.66261904636886,0,0,300,0.02,0.6270443201065063
1124,-19.383238446708564,0,0,300,0.02,0.6302123665809631
1125,11.715051519874672,0,0,300,0.02,0.7306398749351501
1126,10.630223085884214,0,0,300,0.02,0.7993469834327698
1127,12.882774651054524,0,0,300,0.02,0.6762090921401978
1128,11.869568693641739,0,0,300,0.02,0.5670105814933777
1129,10.097661917213548,0,0,300,0.02,0.6549872756004333
1130,11.672308676246743,0,0,300,0.02,0.5863255858421326
1131,8.840698632397874,0,0,300,0.02,0.7025244235992432
1132,9.3049329495469,0,0,300,0.02,0.6481695175170898
1133,9.67510353008769,0,0,300,0.02,0.7314231991767883
1134,13.660629376569068,0,0,300,0.02,0.6725417375564575
1135,1.7176687971697953,0,0,300,0.02,0.8813791275024414
1136,9.984321667347993,0,0,300,0.02,0.5147159099578857
1137,10.07204958200844,0,0,300,0.02,0.7288903594017029
1138,12.809554452100063,0,0,300,0.02,0.700310468673706
1139,18.351425359253028,0,0,300,0.02,0.4365464150905609
1140,56.96950155496996,0,0,300,0.02,0.40452736616134644
1141,8.5096553317692,0,0,300,0.02,0.5202852487564087
1142,9.155442759190626,0,0,300,0.02,0.7769356369972229
1143,12.24285954395792,0,0,300,0.02,0.6719841957092285
1144,2.88042476654047,0,0,300,0.02,0.5373938083648682
1145,10.855612623695459,0,0,300,0.02,0.63299959897995
1146,9.113240625862204,0,0,300,0.02,0.7035925984382629
1147,9.62183700800331,0,0,300,0.02,0.6289435029029846
1148,6.8027589821854715,0,0,300,0.02,0.5062130093574524
1149,8.07985997915657,0,0,300,0.02,0.4569377601146698
1150,1.8078414464035983,0,0,300,0.02,0.5299423933029175
1151,22.660570590500004,0,0,300,0.02,0.48926010727882385
1152,-61.85566619873033,0,0,300,0.02,1.5164165496826172
1153,12.27014455715677,0,0,300,0.02,0.7051629424095154
1154,10.738694326881506,0,0,300,0.02,0.7322291731834412
1155,4.0084827796604685,0,0,300,0.02,0.7680783867835999
1156,11.712028391365173,0,0,300,0.02,0.4863956570625305
1157,-44.81670490264895,0,0,297,0.02,1.1641762256622314
1158,5.35970040083321,0,0,300,0.02,0.49947765469551086
1159,11.709570705894564,0,0,300,0.02,0.5320100784301758
1160,12.277714102272132,0,0,300,0.02,0.7099742293357849
1161,-5.02809564351639,0,0,300,0.02,0.5339266657829285
1162,9.116773722175672,0,0,300,0.02,0.6327093243598938
1163,61.17530918836987,0,0,300,0.02,0.4330754578113556
1164,8.619584139981503,0,0,300,0.02,0.7953030467033386
1165,10.962273085121215,0,0,300,0.02,0.5063344836235046
1166,8.82315361261759,0,0,300,0.02,0.8311143517494202
1167,-0.07558806419374675,0,0,300,0.02,0.4988970160484314
1168,11.449815483093216,0,0,300,0.02,0.6300461292266846
1169,6.145632304349168,0,0,300,0.02,0.7212910056114197
1170,13.442003414634842,0,0,300,0.02,0.6264019012451172
1171,3.6869012856522456,0,0,300,0.02,0.5101774334907532
1172,10.476003859047031,0,0,300,0.02,0.5054017901420593
1173,2.2566299080887795,0,0,300,0.02,0.4952452778816223
1174,4.545853292945938,0,0,300,0.02,0.5354394316673279
1175,4.866591138043641,0,0,300,0.02,0.8235512971878052
1176,12.04061904827616,0,0,300,0.02,0.6525443196296692
1177,9.146435196403594,0,0,300,0.02,0.7652939558029175
1178,12.546399077573016,0,0,300,0.02,0.7885993123054504
1179,7.302021795903285,0,0,300,0.02,0.7427908778190613
1180,14.612648441795468,0,0,300,0.02,0.778740644454956
1181,8.929118487034861,0,0,300,0.02,0.7210167050361633
1182,-1.4050917561902105,0,0,300,0.02,0.5320692658424377
1183,8.337254294553057,0,0,300,0.02,0.9783855080604553
1184,12.18005433798231,0,0,300,0.02,0.4068891704082489
1185,10.380412335395759,0,0,300,0.02,0.49739691615104675
1186,6.401575243476953,0,0,300,0.02,0.5090089440345764
1187,12.247006170753567,0,0,300,0.02,0.5676512122154236
1188,11.817229576110783,0,0,300,0.02,0.56319260597229
1189,8.178125540410118,0,0,300,0.02,0.6137649416923523
1190,8.775634212493841,0,0,300,0.02,0.7235914468765259
1191,9.015566214719051,0,0,300,0.02,0.7713075280189514
1192,9.236392144360748,0,0,300,0.02,0.5961010456085205
1193,12.642850665250053,0,0,300,0.02,0.7194864153862
1194,8.31795015255472,0,0,300,0.02,0.8307115435600281
1195,9.802547134556987,0,0,300,0.02,0.4945622980594635
1196,-15.019518330093264,0,0,300,0.02,0.4917823374271393
1197,-143.13788429578676,0,1,284,0.02,1.3602674007415771
1198,9.413233931068516,0,0,300,0.02,0.8235942721366882
1199,10.173464481834479,0,0,300,0.02,0.6360366344451904
1200,12.562369527020698,0,0,300,0.02,0.5921066999435425
1201,12.273291424908875,0,0,300,0.02,0.5743762254714966
1202,10.145774452690194,0,0,300,0.02,0.7429591417312622
1203,9.591541652679384,0,0,300,0.02,0.5096145868301392
1204,7.913400175575348,0,0,300,0.02,0.5910527110099792
1205,11.213927275334438,0,0,300,0.02,0.7523145079612732
1206,9.227277096905917,0,0,300,0.02,0.580879807472229
1207,12.47654968896969,0,0,300,0.02,0.6391589045524597
1208,-2.865841510291917,0,0,300,0.02,0.5033631324768066
1209,-6.502687480445775,0,0,300,0.02,0.5000746250152588
1210,-18.664847030639674,0,0,300,0.02,0.5062117576599121
1211,11.100162476697204,0,0,300,0.02,0.5901584625244141
1212,8.454922482971288,0,0,300,0.02,0.4981721341609955
1213,9.173296326794837,0,0,300,0.02,0.609375
1214,-1.532797842025789,0,0,300,0.02,0.5006994605064392
1215,7.9273700833359655,0,0,300,0.02,0.5275602340698242
1216,10.066780960563744,0,0,300,0.02,0.7177075147628784
1217,11.253919277191107,0,0,300,0.02,0.4765201807022095
1218,10.134081038632601,0,0,300,0.02,0.7541788220405579
1219,8.814407022003248,0,0,300,0.02,0.4983009994029999
1220,12.702094824318054,0,0,300,0.02,0.4638790488243103
1221,11.567081568245014,0,0,300,0.02,0.5201323628425598
1222,11.658762209419328,0,0,300,0.02,0.5272122025489807
1223,9.623267986778338,0,0,300,0.02,0.5010857582092285
1224,10.426481912139977,0,0,300,0.02,0.4802822768688202
1225,12.389174153808687,0,0,300,0.02,0.4846092164516449
1226,15.345302460197578,0,0,300,0.02,0.5130771398544312
1227,7.476106231216505,0,0,300,0.02,0.43537619709968567
1228,12.200840825238425,0,0,300,0.02,0.4774888753890991
1229,12.51126345873271,0,0,300,0.02,0.5265868902206421
1230,15.724367937245669,0,0,300,0.02,0.36910709738731384
1231,13.171979245343419,0,0,300,0.02,0.532204270362854
1232,14.85547466040054,0,0,300,0.02,0.4980340898036957
1233,11.881601426605323,0,0,300,0.02,0.4665023982524872
1234,12.339202692512588,0,0,300,0.02,0.4971020817756653
1235,14.523647908368343,0,0,300,0.02,0.3992871046066284
1236,11.782586472038354,0,0,300,0.02,0.4712561368942261
1237,12.817510273460519,0,0,300,0.02,0.5275251865386963
1238,15.268934142593542,0,0,300,0.02,0.3796692192554474
1239,12.085264325141855,0,0,300,0.02,0.4786839187145233
1240,-1.066462590690495,0,0,300,0.02,0.37851840257644653
1241,7.23941984415445,0,0,300,0.02,0.48454779386520386
1242,14.369402129654063,0,0,300,0.02,0.49705222249031067
1243,15.07394673744707,0,0,300,0.02,0.39171239733695984
1244,11.935387699607931,0,0,300,0.02,0.42055583000183105
1245,13.865928132537936,0,0,300,0.02,0.4354207217693329
1246,-3.0799971803082458,0,0,300,0.02,0.5432956218719482
1247,1.7510718433048804,0,0,300,0.02,0.7249311208724976
1248,11.693656463622984,0,0,300,0.02,0.4565858840942383
1249,8.436751251220631,0,0,300,0.02,0.6108121871948242
1250,9.467140207290583,0,0,300,0.02,0.8232149481773376
1251,11.111034815315357,0,0,300,0.02,0.7766440510749817
1252,15.520005619529877,0,0,300,0.02,0.3544013500213623
1253,9.617283792495671,0,0,300,0.02,0.9006790518760681
1254,12.737573451199811,0,0,300,0.02,0.3308057188987732
1255,15.027739570144792,0,0,300,0.02,0.35496786236763
1256,8.626765148643576,0,0,300,0.02,0.7602114677429199
1257,7.984652500152535,0,0,300,0.02,0.811336874961853
1258,13.74563517014048,0,0,300,0.02,0.3787902891635895
1259,10.981028997902014,0,0,300,0.02,0.7516455054283142
1260,11.528851997856226,0,0,300,0.02,0.5021897554397583
1261,14.493848661580348,0,0,300,0.02,0.43173691630363464
1262,13.936612427238561,0,0,300,0.02,0.47524964809417725
1263,6.5968937253951845,0,0,300,0.02,0.49077656865119934
1264,3.250365306531055,0,0,300,0.02,0.47320500016212463
1265,12.569057571891861,0,0,300,0.02,0.5171383619308472
1266,12.578398535255552,0,0,300,0.02,0.4423031210899353
1267,5.217602264885059,0,0,300,0.02,0.8925021886825562
1268,12.904499043622225,0,0,300,0.02,0.45657432079315186
1269,14.101932747367984,0,0,300,0.02,0.3514195680618286
1270,13.910429761413676,0,0,300,0.02,0.4467953145503998
1271,14.804606506828463,0,0,300,0.02,0.3857511281967163
1272,13.970793139938449,0,0,300,0.02,0.3917044699192047
1273,12.024272572998116,0,0,300,0.02,0.3783346116542816
1274,13.071013138298134,0,0,300,0.02,0.40664947032928467
1275,13.723477706113137,0,0,300,0.02,0.4068296551704407
1276,11.538002769950948,0,0,300,0.02,0.5699020624160767
1277,10.125347487930373,0,0,300,0.02,0.47306588292121887
1278,-11.982862179275418,0,0,300,0.02,0.4226182997226715
1279,7.59610985517891,0,0,300,0.02,0.4478752911090851
1280,12.940164315704417,0,0,300,0.02,0.4868616759777069
1281,12.042218344215517,0,0,300,0.02,0.46884816884994507
1282,12.675152513984804,0,0,300,0.02,0.5181146264076233
1283,13.650446991124356,0,0,300,0.02,0.3925873339176178
1284,14.53314319849406,0,0,300,0.02,0.41361695528030396
1285,13.340749652389622,0,0,300,0.02,0.42921534180641174
1286,13.976134642758637,0,0,300,0.02,0.4061654210090637
1287,11.752256941795284,0,0,300,0.02,0.4244357645511627
1288,11.543592412475661,0,0,300,0.02,0.45350465178489685
1289,13.06324907223249,0,0,300,0.02,0.4718868136405945
1290,10.191394652524211,0,0,300,0.02,0.47235041856765747
1291,-16.729935245513953,0,0,293,0.02,1.037483811378479
1292,33.29500025511184,0,0,300,0.02,0.44815269112586975
1293,8.551254303459238,0,0,300,0.02,0.5015891790390015
1294,1.9174237291004472,0,0,300,0.02,0.42584314942359924
1295,21.125566804412962,0,0,300,0.02,0.4030110538005829
1296,13.416223599914659,0,0,300,0.02,0.45284685492515564
1297,15.652847039703493,0,0,300,0.02,0.43369099497795105
1298,11.533707106117355,0,0,300,0.02,0.5509759783744812
1299,21.40551562548075,0,0,300,0.02,0.45552384853363037
1300,12.836988756660578,0,0,300,0.02,0.440155565738678
1301,11.00880017996222,0,0,300,0.02,0.3872027099132538
1302,0.6285447025298808,0,0,300,0.02,0.5653638243675232
1303,16.497620823387244,0,0,300,0.02,0.38249754905700684
1304,21.35161933660902,0,0,300,0.02,0.34899792075157166
1305,7.770512301925771,0,0,300,0.02,0.45927467942237854
1306,11.783717944625966,0,0,300,0.02,0.4859732687473297
1307,15.051972448829797,0,0,300,0.02,0.5714096426963806
1308,13.80618355671427,0,0,300,0.02,0.5411531925201416
1309,22.01068548679344,0,0,300,0.02,0.4148286283016205
1310,2.0120130848924003,0,0,300,0.02,0.5363994836807251
1311,27.680003540519834,0,0,300,0.02,0.43440186977386475
1312,15.799207732681383,0,0,300,0.02,0.47460082173347473
1313,9.913578958511302,0,0,300,0.02,0.5141052603721619
1314,9.99250579595955,0,0,300,0.02,0.47877630591392517
1315,15.071036365036083,0,0,300,0.02,0.40164366364479065
1316,39.76658126593031,0,0,300,0.02,0.4002574384212494
1317,14.23868325949104,0,0,300,0.02,0.42473194003105164
1318,6.2985807657241,0,0,300,0.02,0.48785480856895447
1319,15.265433649220695,0,0,300,0.02,0.42634066939353943
1320,11.59990164041911,0,0,300,0.02,0.5969273447990417
1321,1.653813190460144,0,0,300,0.02,0.47904670238494873
1322,8.840721123222439,0,0,300,0.02,0.6067224740982056
1323,21.702506031193955,0,0,300,0.02,0.4695725739002228
1324,15.362102119926595,0,0,300,0.02,0.5013772249221802
1325,2.568746528625467,0,0,300,0.02,0.8478133678436279
1326,17.05218260208631,0,0,300,0.02,0.4346534311771393
1327,11.528359091285804,0,0,300,0.02,0.6023129820823669
1328,-5.355350863929628,0,0,300,0.02,0.49824047088623047
1329,8.727122175697415,0,0,300,0.02,0.47762221097946167
1330,11.516356689933854,0,0,300,0.02,0.4353135824203491
1331,22.81300792456063,0,0,300,0.02,0.4211507737636566
1332,39.12983952761091,0,0,300,0.02,0.43944287300109863
1333,-16.055427901740938,0,0,300,0.02,0.4907597303390503
1334,182.7762872354175,0,0,300,0.02,0.3761272728443146
1335,11.212981011067457,0,0,300,0.02,0.8200510740280151
1336,9.112620255951036,0,0,300,0.02,0.4837476909160614
1337,11.126400639210777,0,0,300,0.02,0.8166961669921875
1338,-9.940555531974697,0,0,300,0.02,0.5020416378974915
1339,11.906882016662717,0,0,300,0.02,0.4901822507381439
1340,61.39615157843031,0,0,300,0.02,0.4478648602962494
1341,13.738831560615624,0,0,300,0.02,0.5821948647499084
1342,12.492180702690245,0,0,300,0.02,0.6013575792312622
1343,-21.25868540763856,0,0,300,0.02,0.48717135190963745
1344,10.660427674451086,0,0,300,0.02,0.6100921630859375
1345,12.950640757087807,0,0,300,0.02,0.6017425656318665
1346,10.420530083183388,0,0,300,0.02,0.4642702341079712
1347,13.905167047981372,0,0,300,0.02,0.5781109929084778
1348,211.13716561079403,0,0,300,0.02,0.3951113522052765
1349,10.951034004692174,0,0,300,0.02,0.5641442537307739
1350,7.591691424850554,0,0,300,0.02,0.49647989869117737
1351,11.171292800107267,0,0,300,0.02,0.6473758816719055
1352,10.815738954544011,0,0,300,0.02,0.7435652613639832
1353,12.111194893513755,0,0,300,0.02,0.8504976034164429
1354,-26.854354789253087,0,0,300,0.02,0.48799145221710205
1355,-30.624688999648882,0,0,300,0.02,0.4705750048160553
1356,11.371426217559952,0,0,300,0.02,0.4740462005138397
1357,13.638298676017847,0,0,300,0.02,0.452328085899353
1358,10.647605345253107,0,0,300,0.02,0.5125014185905457
1359,7.129639534146263,0,0,300,0.02,0.8664836883544922
1360,-7.93814466237632,0,0,300,0.02,0.4964389204978943
1361,7.646114523414716,0,0,300,0.02,0.9528741240501404
1362,-22.96449711560812,0,0,300,0.02,0.49052703380584717
1363,7.7645644402542935,0,0,300,0.02,0.4832616448402405
1364,15.140170096555018,0,0,300,0.02,0.46265655755996704
1365,13.949725808301219,0,0,300,0.02,0.7452676296234131
1366,2.8807360927250514,0,0,300,0.02,0.39751505851745605
1367,8.52052279234324,0,0,300,0.02,0.4592720568180084
1368,12.643868080769616,0,0,300,0.02,0.797329306602478
1369,44.770874903205986,0,0,300,0.02,0.35668402910232544
1370,12.70372497797405,0,0,300,0.02,0.6109715104103088
1371,12.441833998356898,0,0,300,0.02,0.762837827205658
1372,188.45573706388865,1,0,287,0.02,0.3479684889316559
1373,11.33518706003293,0,0,300,0.02,0.8719995617866516
1374,7.6347634402897135,0,0,300,0.02,0.8290082216262817
1375,190.98213488817606,1,0,276,0.02,0.34136903285980225
1376,14.03702080011763,0,0,300,0.02,0.5901475548744202
1377,-14.047650680542011,0,0,296,0.02,1.046912670135498
1378,-15.604087467193633,0,0,282,0.02,1.1210218667984009
1379,17.303526637558054,0,0,300,0.02,0.4610210955142975
1380,13.773340799812447,0,0,300,0.02,0.4635675549507141
1381,-3.9046183307979105,0,0,300,0.02,0.7063536643981934
1382,11.447757863202312,0,0,300,0.02,0.6732596158981323
1383,31.580121333602982,0,0,300,0.02,0.406872421503067
1384,45.981258852485745,0,0,300,0.02,0.38158804178237915
1385,13.894833296933385,0,0,300,0.02,0.45399075746536255
1386,23.204306871894932,0,0,300,0.02,0.40082603693008423
1387,191.21334126711284,1,0,285,0.02,0.33606743812561035
1388,12.531651353039997,0,0,300,0.02,0.5147862434387207
1389,11.342544872764732,0,0,300,0.02,0.3787665367126465
1390,30.06785273472335,0,0,300,0.02,0.3557358980178833
1391,4.474406871795613,0,0,300,0.02,1.0463982820510864
1392,11.711444761756981,0,0,300,0.02,0.5540415644645691
1393,39.72962851286323,0,0,300,0.02,0.40449562668800354
1394,11.215632941726797,0,0,300,0.02,0.4904945194721222
1395,8.135381085072611,0,0,300,0.02,0.9219510555267334
1396,6.188981828689522,0,0,300,0.02,0.7802545428276062
1397,10.270409371856779,0,0,300,0.02,0.41430041193962097
1398,25.8563128209153,0,0,300,0.02,0.4353245496749878
1399,40.34803943396009,0,0,300,0.02,0.3373928964138031
1400,5.291680049896214,0,0,300,0.02,0.9770799875259399
1401,5.852001075744598,0,0,300,0.02,0.7569997310638428
1402,6.876646270751901,0,0,300,0.02,0.5283384323120117
1403,34.26958898783124,0,0,300,0.02,0.3870055079460144
1404,191.49151022196205,1,0,285,0.02,0.33902519941329956
1405,3.3578456902543286,0,0,300,0.02,0.5174413323402405
1406,13.482019865516756,0,0,300,0.02,0.5638977885246277
1407,18.92983910799417,0,0,300,0.02,0.45444297790527344
1408,18.83519088030258,0,0,300,0.02,0.45060503482818604
1409,32.05284245253002,0,0,300,0.02,0.35619214177131653
1410,14.000283033851723,0,0,300,0.02,0.5768319964408875
1411,31.372914345268388,0,0,300,0.02,0.48367416858673096
1412,43.8946546912233,0,0,300,0.02,0.3607390820980072
1413,10.817898819450516,0,0,300,0.02,0.5074280500411987
1414,10.874729957580508,0,0,300,0.02,0.4913175106048584
1415,26.670515754226823,0,0,300,0.02,0.3642738163471222
1416,12.312922701039522,0,0,300,0.02,0.4469684064388275
1417,16.9565390086213,0,0,300,0.02,0.4477680027484894
1418,11.117526419166712,0,0,300,0.02,0.4475211501121521
1419,10.412159814834537,0,0,300,0.02,0.8694600462913513
1420,43.849931771759195,0,0,300,0.02,0.40191981196403503
1421,11.262084271107742,0,0,300,0.02,0.5577752590179443
1422,12.607479829788149,0,0,300,0.02,0.540630042552948
1423,14.020357410911645,0,0,300,0.02,0.5743134021759033
1424,13.286767675880506,0,0,300,0.02,0.5477108359336853
1425,7.381679823402482,0,0,300,0.02,0.42398279905319214
1426,-39.35107066234086,0,0,223,0.02,3.4554667472839355
1427,23.2609212899247,0,0,300,0.02,0.45417243242263794
1428,9.278459475044333,0,0,300,0.02,0.4797878861427307
1429,30.566933991912965,0,0,300,0.02,0.4276692569255829
1430,-1.8289337539673065,0,0,300,0.02,0.9472334384918213
1431,14.47823858023086,0,0,300,0.02,0.4798431098461151
1432,10.643170807365495,0,0,300,0.02,0.526110053062439
1433,43.3897220873872,0,0,300,0.02,0.3719722330570221
1434,190.68535676718153,1,0,300,0.02,0.3430635631084442
1435,42.47018553972638,0,0,300,0.02,0.394356369972229
1436,22.127639691833583,0,0,300,0.02,0.4224928319454193
1437,13.562953155044648,0,0,300,0.02,0.4386644661426544
1438,9.339363421597696,0,0,300,0.02,0.8728582262992859
1439,12.817801353935343,0,0,300,0.02,0.8324524164199829
1440,9.134282283782895,0,0,300,0.02,0.6989294290542603
1441,6.124427785077335,0,0,300,0.02,1.0890921354293823
1442,13.973524998822475,0,0,300,0.02,0.616817831993103
1443,7.925799025693159,0,0,300,0.02,0.8012493252754211
1444,7.237020317708086,0,0,300,0.02,0.8865412473678589
1445,9.758274954953425,0,0,300,0.02,0.7881303429603577
1446,9.08921194315346,0,0,300,0.02,0.734599769115448
1447,-24.57830659866336,0,0,294,0.02,1.1020766496658325
1448,10.347933844723917,0,0,300,0.02,0.8057156205177307
1449,4.798612243337073,0,0,300,0.02,0.96244877576828
1450,193.69232463836667,1,0,289,0.02,0.3269188404083252
1451,14.92737670183574,0,0,300,0.02,0.5125585794448853
1452,-14.727983379364051,0,0,296,0.02,1.2069958448410034
1453,7.567510410939297,0,0,300,0.02,0.9239187240600586
1454,-15.444529658159967,0,0,291,0.02,1.0138314962387085
1455,-6.955941735110023,0,0,300,0.02,0.5341845154762268
1456,55.125538496175125,0,0,300,0.02,0.348814457654953
1457,9.242986535229894,0,0,300,0.02,0.7744524478912354
1458,6.326524860862829,0,0,300,0.02,0.7702715396881104
1459,5.575206956863363,0,0,300,0.02,0.8461982607841492
1460,8.742404167656042,0,0,300,0.02,0.8688017129898071
1461,12.335847644009803,0,0,300,0.02,0.7962371706962585
1462,210.9537768769304,1,0,288,0.02,0.34095853567123413
1463,20.883445861343464,0,0,300,0.02,0.4735412895679474
1464,12.402802126411514,0,0,300,0.02,0.5037022233009338
1465,9.268032845654728,0,0,300,0.02,0.6956908702850342
1466,17.51671187639626,0,0,300,0.02,0.42022478580474854
1467,193.8410668158571,1,0,276,0.02,0.25913605093955994
1468,18.828187725547867,0,0,300,0.02,0.4923558235168457
1469,7.677466096081975,0,0,300,0.02,0.8758325576782227
1470,9.445662896637034,0,0,300,0.02,0.4679870307445526
1471,7.7407694077530715,0,0,300,0.02,0.5142104029655457
1472,23.825772254470916,0,0,300,0.02,0.44795969128608704
1473,0.2819786596297907,0,0,300,0.02,0.41200533509254456
1474,49.25332916498579,0,0,300,0.02,0.41357046365737915
1475,21.480791389946063,0,0,300,0.02,0.40170490741729736
1476,9.085466450848806,0,0,300,0.02,0.8688324689865112
1477,10.745031106475958,0,0,300,0.02,0.4106449782848358
1478,220.58228223085797,1,0,299,0.02,0.34133219718933105
1479,193.98790070295723,1,0,273,0.02,0.344927579164505
1480,194.1512428879777,1,0,297,0.02,0.3215920329093933
1481,11.286502119694768,0,0,300,0.02,0.5441707968711853
1482,9.751541445259189,0,0,300,0.02,0.4615173935890198
1483,6.6557059852268905,0,0,300,0.02,0.7237725853919983
1484,-16.928660498461475,0,0,290,0.02,1.077364206314087
1485,10.03395343700908,0,0,300,0.02,0.8042107224464417
1486,6.733603768348643,0,0,300,0.02,0.48659905791282654
1487,9.43096354404946,0,0,300,0.02,0.6474581956863403
1488,7.378450841903671,0,0,300,0.02,0.5228872895240784
1489,8.360840098861768,0,0,300,0.02,0.45169273018836975
1490,22.641376814046122,0,0,300,0.02,0.38985487818717957
1491,53.78865876913466,0,0,300,0.02,0.37973806262016296
1492,14.163353881039829,0,0,300,0.02,0.6343606114387512
1493,21.63079461813367,0,0,300,0.02,0.4042041003704071
1494,6.533613960746839,0,0,300,0.02,0.508499264717102
1495,176.14572202205653,1,0,284,0.02,0.3360694944858551
1496,6.373181976475929,0,0,300,0.02,0.4144035875797272
1497,10.380879328254768,0,0,300,0.02,0.6416829228401184
1498,38.33156635046401,0,0,300,0.02,0.39651116728782654
1499,8.398720846176092,0,0,300,0.02,0.49031978845596313
1500,13.54371262312329,0,0,300,0.02,0.4034745991230011
1501,21.73627102137008,0,0,300,0.02,0.4153349995613098
1502,-30.298453083038353,0,0,283,0.02,1.2646132707595825
1503,7.9117766189575045,0,0,300,0.02,1.4170558452606201
1504,8.087637698654252,0,0,300,0.02,0.46249333024024963
1505,6.439620091115106,0,0,300,0.02,0.8383913040161133
1506,12.698894603256337,0,0,300,0.02,0.45217910408973694
1507,51.57520372152727,0,0,300,0.02,0.41060182452201843
1508,14.717147514823994,0,0,300,0.02,0.43261587619781494
1509,-46.38444808959956,0,0,223,0.02,3.3361120223999023
1510,12.430771655240276,0,0,300,0.02,0.5325061678886414
1511,22.803327634338515,0,0,300,0.02,0.4185708463191986
1512,11.582716648582537,0,0,300,0.02,0.4712235927581787
1513,15.611374504570179,0,0,300,0.02,0.3865591287612915
1514,28.959599907402122,0,0,300,0.02,0.3745027780532837
1515,13.97794483423621,0,0,300,0.02,0.4449165463447571
1516,12.694344761375554,0,0,300,0.02,0.5208165645599365
1517,5.926194543042456,0,0,300,0.02,0.7336504459381104
1518,11.777580072883692,0,0,300,0.02,0.45000773668289185
1519,24.754920217994773,0,0,300,0.02,0.43567270040512085
1520,4.225454091229709,0,0,300,0.02,1.8163355588912964
1521,10.181654107574568,0,0,300,0.02,0.4014892280101776
1522,8.927667958740306,0,0,300,0.02,0.45748576521873474
1523,168.08343881845866,1,0,299,0.02,0.34604305028915405
1524,10.432993010678521,0,0,300,0.02,0.5344508290290833
1525,9.298449362912395,0,0,300,0.02,0.8205867409706116
1526,-17.443994865417483,0,0,199,0.02,3.27099871635437
1527,9.800742161277851,0,0,300,0.02,0.6842172145843506
1528,12.893003091016029,0,0,300,0.02,0.7394483089447021
1529,167.03980433702858,1,0,253,0.02,0.3394516706466675
1530,3.0947816300431583,0,0,300,0.02,0.4807073473930359
1531,14.524542024139501,0,0,300,0.02,0.45076724886894226
1532,8.266563429036346,0,0,300,0.02,0.46605822443962097
1533,-1.8403281124446194,0,0,300,0.02,1.0477811098098755
1534,6.61225787083174,0,0,300,0.02,1.2596346139907837
1535,14.583804986480805,0,0,300,0.02,0.4284515082836151
1536,7.151881827512035,0,0,300,0.02,0.7447286248207092
1537,10.632007963661298,0,0,300,0.02,0.5064007639884949
1538,5.003157703880432,0,0,300,0.02,0.5286133289337158
1539,2.4574174396183794,0,0,300,0.02,0.7458447217941284
1540,31.451390488151688,0,0,300,0.02,0.32655513286590576
1541,9.18248723268898,0,0,300,0.02,0.5187809467315674
1542,12.438189294342115,0,0,300,0.02,0.4348554313182831
1543,36.408712685112135,0,0,300,0.02,0.41972458362579346
1544,12.184961287979194,0,0,300,0.02,0.48316243290901184
1545,16.12277305364998,0,0,300,0.02,0.41370949149131775
1546,13.158050711158868,0,0,300,0.02,0.5123900771141052
1547,13.497125895027308,0,0,300,0.02,0.4526212811470032
1548,9.241133587364283,0,0,300,0.02,0.48161935806274414
1549,5.731168507733608,0,0,300,0.02,1.3149069547653198
1550,15.288356688026543,0,0,300,0.02,0.5348135828971863
1551,12.515315077308788,0,0,300,0.02,0.5080739855766296
1552,-13.334747443199193,0,0,300,0.02,0.39368686079978943
1553,18.83278271595503,0,0,300,0.02,0.40700340270996094
1554,13.04060588757059,0,0,300,0.02,0.3900476098060608
1555,12.664344761375531,0,0,300,0.02,0.5208165645599365
1556,5.746802532676854,0,0,300,0.02,0.5602021217346191
1557,34.69569212675483,0,0,300,0.02,0.38047972321510315
1558,9.773778746131986,0,0,300,0.02,0.4559580683708191
1559,14.92110735655221,0,0,300,0.02,0.44912591576576233
1560,12.442872523465363,0,0,300,0.02,0.5119809508323669
1561,18.306906816963274,0,0,300,0.02,0.4601760506629944
1562,40.480133850578426,0,0,300,0.02,0.4693692922592163
1563,9.493740870956508,0,0,300,0.02,0.4959675371646881
1564,8.34083766222389,0,0,300,0.02,0.40669333934783936
1565,13.480352818969841,0,0,300,0.02,0.4018145501613617
1566,44.842477657798874,0,0,300,0.02,0.44628334045410156
1567,14.309900877479684,0,0,300,0.02,0.45942753553390503
1568,11.786125357154953,0,0,300,0.02,0.6053714156150818
1569,21.822091658119312,0,0,300,0.02,0.4463798403739929
1570,-17.01548999865983,0,0,300,0.02,0.704071581363678
1571,46.389130566124074,0,0,300,0.02,0.40212011337280273
1572,14.687162573341523,0,0,300,0.02,0.5051121115684509
1573,59.203791487220904,0,0,300,0.02,0.3584548830986023
1574,12.718829996589792,0,0,300,0.02,0.4221952557563782
1575,38.33899848223122,0,0,300,0.02,0.4021531343460083
1576,14.765913040641877,0,0,300,0.02,0.5104244947433472
1577,33.2276295018235,0,0,300,0.02,0.469995379447937
1578,17.867043330673322,0,0,300,0.02,0.4026419222354889
1579,40.741669251922744,0,0,300,0.02,0.4339854419231415
1580,2.9202956557313042,0,0,300,0.02,0.47932884097099304
1581,13.411799104217671,0,0,300,0.02,0.473952978849411
1582,17.974268395904648,0,0,300,0.02,0.4708356559276581
1583,13.966378697552898,0,0,300,0.02,0.44610440731048584
1584,9.662635538581918,0,0,300,0.02,0.4587438702583313
1585,8.416007726196366,0,0,300,0.02,0.42540082335472107
1586,15.504400204816129,0,0,300,0.02,0.48409903049468994
1587,11.267435115971805,0,0,300,0.02,0.41084030270576477
1588,10.378842322830302,0,0,300,0.02,0.4971921741962433
1589,23.773118221763735,0,0,300,0.02,0.4286231994628906
1590,12.018456375602845,0,0,300,0.02,0.4797886610031128
1591,11.281416447166512,0,0,300,0.02,0.5065486431121826
1592,23.980174734596336,0,0,300,0.02,0.4368590712547302
1593,14.062931606773446,0,0,300,0.02,0.5086698532104492
1594,-9.760591361518767,0,0,300,0.02,0.6095505952835083
1595,32.11791245380902,0,0,300,0.02,0.38572096824645996
1596,11.781016628746144,0,0,300,0.02,0.44664859771728516
1597,30.862520730499345,0,0,300,0.02,0.45627257227897644
1598,25.27756606340799,0,0,300,0.02,0.46501123905181885
1599,8.075070187245473,0,0,300,0.02,0.8595287799835205
1600,9.664804357686236,0,0,300,0.02,0.3989979922771454
1601,7.801892249588087,0,0,300,0.02,0.45392969250679016
1602,-12.203520290855604,0,0,300,0.02,0.9839773178100586
1603,6.441311419014091,0,0,300,0.02,0.5365749001502991
1604,11.735138323311004,0,0,300,0.02,0.4856181740760803
1605,47.62592486301922,0,0,300,0.02,0.3512178659439087
1606,13.701671809354053,0,0,300,0.02,0.439781129360199
1607,24.206499812606893,0,0,300,0.02,0.42277780175209045
1608,17.820103852752794,0,0,300,0.02,0.44937679171562195
1609,15.282613074783455,0,0,300,0.02,0.41374948620796204
1610,12.75356023073588,0,0,300,0.02,0.5485126972198486
1611,10.569951469902183,0,0,300,0.02,0.4719148874282837
1612,8.193239920143187,0,0,300,0.02,0.4560927748680115
1613,36.081132004264965,0,0,300,0.02,0.44161975383758545
1614,11.902403299812413,0,0,300,0.02,0.7038019299507141
1615,13.70437588930521,0,0,300,0.02,0.5558087825775146
1616,12.42923370042904,0,0,300,0.02,0.5484879016876221
1617,6.866805372238113,0,0,300,0.02,0.4232986569404602
1618,18.279983522895932,0,0,300,0.02,0.4369068741798401
1619,41.968907468322904,0,0,300,0.02,0.38717588782310486
1620,8.450624678138814,0,0,300,0.02,0.4492465853691101
1621,25.503728606704787,0,0,300,0.02,0.40597060322761536
1622,6.995005133155918,0,0,300,0.02,0.5081514716148376
1623,14.213551762107945,0,0,300,0.02,0.516014814376831
1624,13.196163828376882,0,0,300,0.02,0.5028617978096008
1625,15.257125301361025,0,0,300,0.02,0.415718674659729
1626,11.4904454255143,0,0,300,0.02,0.521791398525238
1627,21.125072600845478,0,0,300,0.02,0.4131346046924591
1628,18.570576690831384,0,0,300,0.02,0.39255490899086
1629,-1.0770939564744766,0,0,300,0.02,0.5448707342147827
1630,5.980304465293825,0,0,300,0.02,0.46992388367652893
1631,14.562310141720996,0,0,300,0.02,0.46212154626846313
1632,20.241664593223668,0,0,300,0.02,0.4314866065979004
1633,11.155422785286024,0,0,300,0.02,0.5555470585823059
1634,35.31234289884957,0,0,300,0.02,0.4013170301914215
1635,5.082714280286111,0,0,300,0.02,0.7170205116271973
1636,15.064626171592845,0,0,300,0.02,0.41574621200561523
1637,8.812316274642889,0,0,300,0.02,0.4469209313392639
1638,32.595696580413886,0,0,300,0.02,0.42297860980033875
1639,14.551538790860416,0,0,300,0.02,0.5073143839836121
1640,208.38768181562816,1,0,286,0.02,0.3399823009967804
1641,5.480818413892026,0,0,300,0.02,0.414994478225708
1642,29.534645335678206,0,0,300,0.02,0.4082414209842682
1643,0.5240491175690697,0,0,300,0.02,0.4258904755115509
1644,0.5358997917174981,0,0,300,0.02,0.4685250520706177
1645,13.829256171384054,0,0,300,0.02,0.5078850388526917
1646,7.116723678115951,0,0,300,0.02,0.48272183537483215
1647,5.0512669205704475,0,0,300,0.02,0.43408602476119995
1648,45.68878919363417,0,0,300,0.02,0.38220545649528503
1649,5.199295122627343,0,0,300,0.02,0.35207897424697876
1650,152.75593360186016,1,0,244,0.02,0.33791935443878174
1651,2.8920438003539797,0,0,300,0.02,0.519489049911499
1652,9.392996163368176,0,0,300,0.02,0.4567509591579437
1653,37.58725619554915,0,0,300,0.02,0.4225887060165405
1654,20.27244652033244,0,0,300,0.02,0.47129112482070923
1655,46.455070650581504,0,0,300,0.02,0.37063509225845337
1656,34.872485463623185,0,0,300,0.02,0.3987813889980316
1657,34.75866474390419,0,0,300,0.02,0.4147365689277649
1658,7.275466587547382,0,0,300,0.02,0.4130361080169678
1659,7.333187496666028,0,0,300,0.02,0.4636058807373047
1660,9.773475946584005,0,0,300,0.02,0.4143300950527191
1661,14.299196321968173,0,0,300,0.02,0.4521036744117737
1662,14.071777613166914,0,0,300,0.02,0.49645835161209106
1663,26.682080891136252,0,0,300,0.02,0.436382532119751
1664,12.484034988884057,0,0,300,0.02,0.4408940076828003
1665,10.25845183611307,0,0,300,0.02,0.4147897958755493
1666,12.609156711105456,0,0,300,0.02,0.47461357712745667
1667,12.77703806797526,0,0,300,0.02,0.608439564704895
1668,17.89693546533974,0,0,300,0.02,0.4076688885688782
1669,13.901139450073194,0,0,300,0.02,0.5747151374816895
1670,9.48770293474591,0,0,300,0.02,0.4699770212173462
1671,14.781857049469094,0,0,300,0.02,0.4139384925365448
1672,15.50558016697433,0,0,300,0.02,0.49130403995513916
1673,13.750327112678624,0,0,300,0.02,0.5068209767341614
1674,183.91580441713722,1,0,287,0.02,0.34795165061950684
1675,39.80562823057565,0,0,300,0.02,0.44299569725990295
1676,15.080109951500035,0,0,300,0.02,0.5168752670288086
1677,9.918246691230923,0,0,300,0.02,0.5123410820960999
1678,16.02168417215739,0,0,300,0.02,0.5014817118644714
1679,28.126849367622523,0,0,300,0.02,0.40019041299819946
1680,11.818430871167378,0,0,300,0.02,0.41059136390686035
1681,8.299970257286141,0,0,300,0.02,0.5219101905822754
1682,45.90900271177688,0,0,300,0.02,0.41715207695961
1683,12.356033978462149,0,0,300,0.02,0.4259915053844452
1684,18.469563014511202,0,0,300,0.02,0.42201200127601624
1685,20.95540245294962,0,0,300,0.02,0.47555214166641235
1686,10.854474487304627,0,0,300,0.02,0.4588813781738281
1687,20.892602984909125,0,0,300,0.02,0.45625200867652893
1688,12.681398341659634,0,0,300,0.02,0.47905316948890686
1689,10.03238877535257,0,0,300,0.02,0.5213055610656738
1690,40.18720999479689,0,0,300,0.02,0.4051002562046051
1691,208.99272223234567,1,0,298,0.02,0.34122219681739807
1692,33.84033038378152,0,0,300,0.02,0.42682015895843506
1693,12.569396545890875,0,0,300,0.02,0.5020536184310913
1694,14.8650508809129,0,0,300,0.02,0.43814003467559814
1695,5.061749632362454,0,0,300,0.02,0.4114653468132019
1696,13.466177670959597,0,0,300,0.02,0.47535833716392517
1697,3.5589238921787674,0,0,300,0.02,0.4029681086540222
1698,10.458455336097803,0,0,300,0.02,0.457288920879364
1699,8.461250884536827,0,0,300,0.02,0.44909003376960754
1700,180.41710236788188,1,0,289,0.02,0.3476271629333496
1701,12.81470617056286,0,0,300,0.02,0.4807262122631073
1702,25.191373832229708,0,0,300,0.02,0.42905929684638977
1703,7.981985375885104,0,0,300,0.02,0.4289064109325409
1704,8.788459908966136,0,0,300,0.02,0.4372877776622772
1705,11.07024043480423,0,0,300,0.02,0.4326389729976654
1706,16.22873260260019,0,0,300,0.02,0.4847196042537689
1707,12.021021699905342,0,0,300,0.02,0.5197445750236511
1708,52.46832619587447,0,0,300,0.02,0.34561753273010254
1709,11.647433907989587,0,0,300,0.02,0.47754427790641785
1710,48.74231726885239,0,0,300,0.02,0.33882343769073486
1711,20.721602551941064,0,0,300,0.02,0.44900211691856384
1712,37.3011553899434,0,0,300,0.02,0.34491023421287537
1713,22.572934854034518,0,0,300,0.02,0.3911690413951874
1714,7.017556941513148,0,0,300,0.02,0.41751351952552795
1715,37.57251222133632,0,0,300,0.02,0.4068719446659088
1716,9.544312970642167,0,0,300,0.02,0.4683245122432709
1717,11.916730050244533,0,0,300,0.02,0.5510165691375732
1718,15.191333162788466,0,0,300,0.02,0.42406946420669556
1719,22.783863484863357,0,0,300,0.02,0.388436883687973
1720,17.631717565063575,0,0,300,0.02,0.4114733636379242
1721,41.70388812303941,0,0,300,0.02,0.37843072414398193
1722,13.497125895027308,0,0,300,0.02,0.4526212811470032
1723,13.497125895027308,0,0,300,0.02,0.4526212811470032
1724,13.062416775230504,0,0,300,0.02,0.4862985610961914
1725,9.755970818196394,0,0,300,0.02,0.6418036222457886
1726,45.30022522688301,0,0,300,0.02,0.3918464481830597
1727,15.454913604263428,0,0,300,0.02,0.4831743538379669
1728,11.679776198867886,0,0,300,0.02,0.49445870518684387
1729,13.013392162322937,0,0,300,0.02,0.4841519594192505
1730,3.773706438545326,0,0,300,0.02,0.4384761452674866
1731,17.595303800109964,0,0,300,0.02,0.4580768048763275
1732,210.32368573427595,1,0,295,0.02,0.32348132133483887
1733,12.544135398068613,0,0,300,0.02,0.5041652321815491
1734,43.51242488861081,0,0,300,0.02,0.35689377784729004
1735,14.931565374532028,0,0,300,0.02,0.3823077380657196
1736,10.617221767906273,0,0,300,0.02,0.5225973129272461
1737,24.58234223604598,0,0,300,0.02,0.383817195892334
1738,12.239572613243196,0,0,300,0.02,0.5320096015930176
1739,12.8945755092289,0,0,300,0.02,0.5015552043914795
1740,12.593915548324532,0,0,300,0.02,0.43652111291885376
1741,19.155107986930922,0,0,300,0.02,0.40812575817108154
1742,14.141489164833168,0,0,300,0.02,0.5065304636955261
1743,23.905944540504546,0,0,300,0.02,0.39291661977767944
1744,46.62743766069811,0,0,300,0.02,0.4300433397293091
1745,14.52343293905654,0,0,300,0.02,0.4610445201396942
1746,14.127324933209636,0,0,300,0.02,0.43336784839630127
1747,11.234130880836622,0,0,300,0.02,0.5158700346946716
1748,23.094572284225624,0,0,300,0.02,0.44575968384742737
1749,13.497125895027308,0,0,300,0.02,0.4526212811470032
1750,19.206731557846002,0,0,300,0.02,0.44831711053848267
1751,26.885990884307922,0,0,300,0.02,0.385405033826828
1752,11.50599630117811,0,0,300,0.02,0.4929036796092987
1753,13.340052394070819,0,0,300,0.02,0.48268598318099976
1754,42.6242885613481,0,0,300,0.02,0.413330614566803
1755,14.147826964859084,0,0,300,0.02,0.45244601368904114
1756,2.0206593442002614,0,0,300,0.02,0.41173791885375977
1757,14.751484730247563,0,0,300,0.02,0.46903157234191895
1758,11.32786587000289,0,0,300,0.02,0.4949362874031067
1759,11.17670994202157,0,0,300,0.02,0.4985215961933136
1760,8.437413275245808,0,0,300,0.02,0.4750494360923767
1761,185.30629734516137,1,0,277,0.02,0.3409256637096405
1762,13.281498730186561,0,0,300,0.02,0.45152807235717773
1763,37.082903077606325,0,0,300,0.02,0.37367698550224304
1764,20.58175979853071,0,0,300,0.02,0.4514628052711487
1765,9.96819504976662,0,0,300,0.02,0.6623539924621582
1766,61.157918407920995,0,0,300,0.02,0.392423152923584
1767,31.09858266592421,0,0,300,0.02,0.42975708842277527
1768,4.693188350204545,0,0,300,0.02,0.4061056673526764
1769,41.44164312124647,0,0,300,0.02,0.45899197459220886
1770,51.98821414709488,0,0,300,0.02,0.3873492181301117
1771,11.332467684745728,0,0,300,0.02,0.41938307881355286
1772,12.185118054547555,0,0,300,0.02,0.5389195680618286
1773,14.888883132138492,0,0,300,0.02,0.530478298664093
1774,19.124897120002828,0,0,300,0.02,0.4431784749031067
1775,21.14146165609749,0,0,300,0.02,0.4515373408794403
1776,40.55335182428755,0,0,300,0.02,0.4160647988319397
1777,14.48049518347182,0,0,300,0.02,0.4717789590358734
1778,13.791926233772346,0,0,300,0.02,0.5189211964607239
1779,39.90560676813519,0,0,300,0.02,0.41050106287002563
1780,9.239141504768444,0,0,300,0.02,0.5196173787117004
1781,13.063082096580585,0,0,300,0.02,0.521132230758667
1782,10.604245960716339,0,0,300,0.02,0.43334126472473145
1783,10.341047880653477,0,0,300,0.02,0.514140784740448
1784,14.313779232505896,0,0,300,0.02,0.45845794677734375
1785,33.3493014788667,0,0,300,0.02,0.42457738518714905
1786,13.120056946281514,0,0,300,0.02,0.5593885183334351
1787,10.986467692855912,0,0,300,0.02,0.4402858316898346
1788,14.786953500905254,0,0,300,0.02,0.47096070647239685
1789,35.10934699535367,0,0,300,0.02,0.3501632511615753
1790,8.04689092556498,0,0,300,0.02,0.7234763503074646
1791,20.918762855529728,0,0,300,0.02,0.4403092861175537
1792,18.698627135757565,0,0,300,0.02,0.39974597096443176
1793,16.046641936302134,0,0,300,0.02,0.42333951592445374
1794,10.796087234024178,0,0,300,0.02,0.45538094639778137
1795,15.02706627607741,0,0,300,0.02,0.4176361858844757
1796,16.328718154434313,0,0,300,0.02,0.4472232162952423
1797,11.388993813995475,0,0,300,0.02,0.459654301404953
1798,26.68573953867351,0,0,300,0.02,0.4029678702354431
1799,0.544530104794764,0,0,300,0.02,0.6615665555000305
1800,12.128715393547143,0,0,300,0.02,0.5047239065170288
1801,15.30828735590375,0,0,300,0.02,0.42233091592788696
1802,171.22802038908398,1,0,276,0.02,0.34489765763282776
1803,19.717792332176337,0,0,300,0.02,0.4049546718597412
1804,14.32463439226542,0,0,300,0.02,0.5707441568374634
1805,33.37118969202435,0,0,300,0.02,0.4391053318977356
1806,38.22058699369824,0,0,300,0.02,0.4142560064792633
1807,12.171816976074302,0,0,300,0.02,0.47144851088523865
1808,32.354914910797255,0,0,300,0.02,0.38817402720451355
1809,38.61271327257547,0,0,300,0.02,0.46122443675994873
1810,8.067423555854887,0,0,300,0.02,0.482546865940094
1811,36.71860503435525,0,0,300,0.02,0.38725149631500244
1812,8.881847865585401,0,0,300,0.02,0.44394078850746155
1813,46.08336315870679,0,0,300,0.02,0.4185619652271271
1814,8.7399359218266,0,0,300,0.02,1.0127151012420654
1815,2.899342415336741,0,0,300,0.02,0.4995671510696411
1816,12.788811988034462,0,0,300,0.02,0.630496084690094
1817,14.294759085182287,0,0,300,0.02,0.5707129836082458
1818,19.47536292552943,0,0,300,0.02,0.45115926861763
1819,20.048846290115485,0,0,300,0.02,0.4121911823749542
1820,28.070317618850822,0,0,300,0.02,0.42432335019111633
1821,11.719770185951326,0,0,300,0.02,0.5119602084159851
1822,17.302690594200193,0,0,300,0.02,0.45373010635375977
1823,24.858916389946085,0,0,300,0.02,0.38217365741729736
1824,12.85010851145182,0,0,300,0.02,0.514375627040863
1825,35.31088195562756,0,0,300,0.02,0.424182265996933
1826,15.565861155990714,0,0,300,0.02,0.4404374659061432
1827,12.762625348571886,0,0,300,0.02,0.443746417760849
1828,13.693432939056505,0,0,300,0.02,0.4610445201396942
1829,12.10015291452797,0,0,300,0.02,0.46686452627182007
1830,7.529044249061662,0,0,300,0.02,0.5246416926383972
1831,13.582421791557431,0,0,300,0.02,0.5512973070144653
1832,7.247500369552705,0,0,300,0.02,0.33752766251564026
1833,43.45396336317455,0,0,300,0.02,0.3209119141101837
1834,11.24397098303232,0,0,300,0.02,0.4434100091457367
1835,40.4700211834947,0,0,300,0.02,0.43439745903015137
1836,47.04624136209885,0,0,300,0.02,0.3903424143791199
1837,11.513659718040563,0,0,300,0.02,0.44098782539367676
1838,11.367087013725378,0,0,300,0.02,0.5101310014724731
1839,41.55836346546678,0,0,300,0.02,0.36560821533203125
1840,13.125016825203017,0,0,300,0.02,0.5106485486030579
1841,13.382599213127204,0,0,300,0.02,0.5612529516220093
1842,5.378299372200102,0,0,300,0.02,0.4473279118537903
1843,14.330722362999063,0,0,300,0.02,0.6817221641540527
1844,5.771987202171416,0,0,300,0.02,0.4389059543609619
1845,30.967697074417213,0,0,300,0.02,0.40247848629951477
1846,38.92146577597054,0,0,300,0.02,0.4065363109111786
1847,37.62755465269479,0,0,300,0.02,0.3800140917301178
1848,23.03785934687056,0,0,300,0.02,0.40993791818618774
1849,16.61229869127669,0,0,300,0.02,0.46882808208465576
1850,13.409156711105489,0,0,300,0.02,0.47461357712745667
1851,36.77493761778271,0,0,300,0.02,0.46566835045814514
1852,14.035959343910152,0,0,300,0.02,0.4235101640224457
1853,11.409156711105418,0,0,300,0.02,0.47461357712745667
1854,15.65670074701702,0,0,300,0.02,0.44022756814956665
1855,17.605940506462176,0,0,300,0.02,0.46041762828826904
1856,22.803670122627317,0,0,300,0.02,0.41848522424697876
1857,34.21612171411906,0,0,300,0.02,0.40037232637405396
1858,14.46057567835246,0,0,300,0.02,0.41675883531570435
1859,51.124404976371856,0,0,300,0.02,0.43080151081085205
1860,16.8497842478791,0,0,300,0.02,0.41695669293403625
1861,7.39112137079628,0,0,300,0.02,0.46662241220474243
1862,10.349904444221567,0,0,300,0.02,0.5194266438484192
1863,187.88930962801373,1,0,299,0.02,0.3420753479003906
1864,10.40206348181159,0,0,300,0.02,0.4663868844509125
1865,7.634201982025234,0,0,300,0.02,0.4358522593975067
1866,8.467998837628615,0,0,300,0.02,1.155699372291565
1867,9.572280800346453,0,0,300,0.02,0.5288325548171997
1868,8.18481470028424,0,0,300,0.02,0.578995406627655
1869,26.211145794395556,0,0,300,0.02,0.43161630630493164
1870,8.615077393058867,0,0,300,0.02,0.6381334066390991
1871,15.257073605064544,0,0,300,0.02,0.4326343536376953
1872,15.884945623878549,0,0,300,0.02,0.4706663489341736
1873,13.81796088934335,0,0,300,0.02,0.4974125325679779
1874,71.35532147646346,0,0,300,0.02,0.49807238578796387
1875,15.367567312721325,0,0,300,0.02,0.4175109267234802
1876,7.37393204132583,0,0,300,0.02,0.4142160713672638
1877,29.745216944221575,0,0,300,0.02,0.4080985188484192
1878,8.78632647514338,0,0,300,0.02,0.44591838121414185
1879,13.102119791511605,0,0,300,0.02,0.4463728070259094
1880,16.032845219769715,0,0,300,0.02,0.3544877767562866
1881,6.136906108856152,0,0,300,0.02,0.5182734727859497
1882,18.706736023430032,0,0,300,0.02,0.4377187490463257
1883,13.497125895027308,0,0,300,0.02,0.4526212811470032
1884,18.818935127258275,0,0,300,0.02,0.4127662181854248
1885,8.62334321419259,0,0,300,0.02,0.43186327815055847
1886,17.444868214134285,0,0,300,0.02,0.42818570137023926
1887,20.37636770964059,0,0,300,0.02,0.4178108274936676
1888,20.76010221004483,0,0,300,0.02,0.3874744474887848
1889,10.226670072082625,0,0,300,0.02,0.43023523688316345
1890,23.58675746679699,0,0,300,0.02,0.4027133882045746
1891,12.25516470829509,0,0,300,0.02,0.643907904624939
1892,13.997274544242945,0,0,300,0.02,0.4825841188430786
1893,32.49701118708052,0,0,300,0.02,0.3826499581336975
1894,11.335608499054025,0,0,300,0.02,0.45800063014030457
1895,16.458068950180117,0,0,300,0.02,0.4498855173587799
1896,10.044794857505867,0,0,300,0.02,0.5107040405273438
1897,13.497125895027308,0,0,300,0.02,0.4526212811470032
1898,19.52490833521278,0,0,300,0.02,0.44567567110061646
1899,26.90633259535228,0,0,300,0.02,0.4003196060657501
1900,14.31450515985884,0,0,300,0.02,0.5057764649391174
1901,43.322612578872764,0,0,300,0.02,0.40874961018562317
1902,19.62845428705604,0,0,300,0.02,0.432289183139801
1903,14.863262069229254,0,0,300,0.02,0.48108723759651184
1904,27.619742238525493,0,0,300,0.02,0.4669671952724457
1905,27.43434253692621,0,0,300,0.02,0.3689143657684326
1906,13.53402643442549,0,0,300,0.02,0.5108961462974548
1907,13.14539714733622,0,0,300,0.02,0.38884979486465454
1908,26.88032485247049,0,0,300,0.02,0.41432154178619385
1909,16.589681930541932,0,0,300,0.02,0.49507951736450195
1910,10.710010087493966,0,0,300,0.02,0.4944002330303192
1911,9.98549442053229,0,0,300,0.02,0.4280291497707367
1912,10.259739167694175,0,0,300,0.02,0.4119679629802704
1913,10.518558614257879,0,0,300,0.02,0.4997631013393402
1914,13.93106433630382,0,0,300,0.02,0.4841366708278656
1915,10.245996301178046,0,0,300,0.02,0.4929036796092987
1916,13.918681868710731,0,0,300,0.02,0.5205286145210266
1917,3.485458974042176,0,0,300,0.02,0.9088343381881714
1918,42.16065425634773,0,0,300,0.02,0.4217391908168793
1919,12.352563197616645,0,0,300,0.02,0.46376195549964905
1920,11.738559286598358,0,0,300,0.02,0.5197629332542419
1921,10.322569426694114,0,0,300,0.02,0.369556725025177
1922,13.05620554209145,0,0,300,0.02,0.5003513693809509
1923,11.739460727368426,0,0,300,0.02,0.40593114495277405
1924,28.202258803848377,0,0,300,0.02,0.4188380539417267
1925,13.455172270932394,0,0,300,0.02,0.4389060139656067
1926,11.284171197418358,0,0,300,0.02,0.4283599555492401
1927,22.785633981231765,0,0,300,0.02,0.45049425959587097
1928,17.673382289413585,0,0,300,0.02,0.4335571825504303
1929,39.88649307966629,0,0,300,0.02,0.4077794849872589
1930,15.085485808853267,0,0,300,0.02,0.483031302690506
1931,189.15393317938242,1,0,296,0.02,0.3459194600582123
1932,12.411546003822416,0,0,300,0.02,0.5315162539482117
1933,18.94035159826668,0,0,300,0.02,0.45681485533714294
1934,32.281771137718316,0,0,300,0.02,0.42395997047424316
1935,8.31260139704145,0,0,300,0.02,0.44625240564346313
1936,13.44948792696396,0,0,300,0.02,0.4570307731628418
1937,30.99234330892953,0,0,300,0.02,0.3838169276714325
1938,11.573355095390397,0,0,300,0.02,0.5235639810562134
1939,12.847885028515929,0,0,300,0.02,0.4088250696659088
1940,20.098631820678648,0,0,300,0.02,0.46534204483032227
1941,12.312409102920617,0,0,300,0.02,0.4438004791736603
1942,10.836265203956692,0,0,300,0.02,0.5153364539146423
1943,14.322038438324066,0,0,300,0.02,0.4638931453227997
1944,12.882221426963756,0,0,300,0.02,0.48944464325904846
1945,17.90777943373116,0,0,300,0.02,0.49245789647102356
1946,29.562777245048608,0,0,300,0.02,0.4187084436416626
1947,11.122029597763193,0,0,300,0.02,0.45889535546302795
1948,12.990789368156562,0,0,300,0.02,0.43420541286468506
1949,10.219339120391943,0,0,300,0.02,0.4795679748058319
1950,45.53883413076791,0,0,300,0.02,0.41219422221183777
1951,14.003831484321697,0,0,300,0.02,0.4684448838233948
1952,40.168934600357176,0,0,300,0.02,0.4371691048145294
1953,12.241558964256399,0,0,300,0.02,0.4915130138397217
1954,9.221451463699301,0,0,300,0.02,0.4921371340751648
1955,9.564917156700275,0,0,300,0.02,0.5081734657287598
1956,29.278435051445083,0,0,300,0.02,0.3897939920425415
1957,21.368962295059273,0,0,300,0.02,0.3846621811389923
1958,9.7791465306321,0,0,300,0.02,0.5246161222457886
1959,7.987203238014341,0,0,300,0.02,0.41510194540023804
1960,8.097249634269783,0,0,300,0.02,0.5150903463363647
1961,11.068821639218529,0,0,300,0.02,0.7229936718940735
1962,26.46438366175093,0,0,300,0.02,0.40580683946609497
1963,12.050303528312782,0,0,300,0.02,0.5743268728256226
1964,11.765828921798798,0,0,300,0.02,0.4904455244541168
1965,9.453369931378557,0,0,300,0.02,0.7168565988540649
1966,5.547851412300199,0,0,300,0.02,0.45493990182876587
1967,46.53842601061263,0,0,300,0.02,0.3947962522506714
1968,21.23701215982828,0,0,300,0.02,0.4501497149467468
1969,18.64481033087165,0,0,300,0.02,0.4732001721858978
1970,34.13299657265206,0,0,300,0.02,0.3744499385356903
1971,11.294052724042146,0,0,300,0.02,0.4566859006881714
1972,11.284079887870844,0,0,300,0.02,0.5233827829360962
1973,29.415511958602988,0,0,300,0.02,0.400524765253067
1974,17.33004182577526,0,0,300,0.02,0.4393922984600067
1975,8.634927074913094,0,0,300,0.02,0.4831709861755371
1976,10.841612055305566,0,0,300,0.02,0.5964997410774231
1977,11.288314330581745,0,0,300,0.02,0.4623241722583771
1978,12.160011490979441,0,0,300,0.02,0.4476962089538574
1979,13.87173762798304,0,0,300,0.02,0.4145655930042267
1980,6.572629930976947,0,0,300,0.02,0.4887452721595764
1981,12.531217202344179,0,0,300,0.02,0.5798947811126709
1982,204.82611191034712,1,0,277,0.02,0.3303747773170471
1983,11.63494162321484,0,0,300,0.02,0.4531673491001129
1984,16.509127540588317,0,0,300,0.02,0.4152181148529053
1985,26.067087342743,0,0,300,0.02,0.44013091921806335
1986,14.011788791814064,0,0,300,0.02,0.4497518837451935
1987,13.131095461049345,0,0,300,0.02,0.4474252164363861
1988,8.389428727630712,0,0,300,0.02,0.4695455729961395
1989,30.13761961698922,0,0,300,0.02,0.4099978506565094
1990,11.58072031259928,0,0,300,0.02,0.5192226767539978
1991,15.537486994270456,0,0,300,0.02,0.42503100633621216
1992,11.295257370475841,0,0,300,0.02,0.5055884122848511
1993,33.797276408676275,0,0,300,0.02,0.37758365273475647
1994,46.80932427406307,0,0,300,0.02,0.4251689314842224
1995,13.63085603952796,0,0,300,0.02,0.41168874502182007
1996,30.422319686416703,0,0,300,0.02,0.44132283329963684
1997,11.378763926033098,0,0,300,0.02,0.6647117733955383
1998,7.694927976135345,0,0,300,0.02,0.43817076086997986
1999,20.58262261629497,0,0,300,0.02,0.4462471008300781
2000,12.260587217811691,0,0,300,0.02,0.5042559504508972
2001,10.12865134478008,0,0,300,0.02,0.5272399187088013
2002,18.599540913108914,0,0,300,0.02,0.4095175266265869
2003,10.775818289914339,0,0,300,0.02,0.4137445092201233
2004,42.157104451660274,0,0,300,0.02,0.4251266419887543
2005,12.463432939056492,0,0,300,0.02,0.4610445201396942
2006,4.7798821949998125,0,0,300,0.02,0.49943220615386963
2007,46.205446178917065,0,0,300,0.02,0.37554121017456055
2008,10.78779180288705,0,0,300,0.02,0.4224548041820526
2009,25.03104148149886,0,0,300,0.02,0.46164238452911377
2010,13.348573439125127,0,0,300,0.02,0.4797593951225281
2011,8.272467310432543,0,0,300,0.02,0.4212859272956848
2012,9.008306143287747,0,0,300,0.02,0.40982621908187866
2013,6.895244796280006,0,0,300,0.02,0.36559155583381653
2014,11.490033316612205,0,0,300,0.02,0.4524916708469391
2015,6.670335075859153,0,0,300,0.02,0.4693189859390259
2016,93.90574887991346,0,0,300,0.02,0.4454655349254608
2017,-10.393870999809138,0,0,300,0.02,0.4978705048561096
2018,11.6555423092881,0,0,300,0.02,0.5130171775817871
2019,-13.173475596900866,0,0,300,0.02,0.4002716541290283
2020,16.554536545280566,0,0,300,0.02,0.4832686185836792
2021,9.472779424194462,0,0,300,0.02,0.45870789885520935
2022,8.070337216858059,0,0,300,0.02,0.4368184506893158
2023,223.21582136869804,0,0,300,0.02,0.4479474127292633
2024,4.340145123008872,0,0,300,0.02,0.48686647415161133
2025,-12.919666316505346,0,0,300,0.02,0.47931933403015137
2026,4.615145177045117,0,0,300,0.02,1.211412787437439
2027,5.95014070749676,0,0,300,0.02,0.5793675780296326
2028,-5.120564477439789,0,0,300,0.02,0.5320438742637634
2029,-13.372715566154392,0,0,300,0.02,0.45008164644241333
2030,6.097647546925742,0,0,300,0.02,0.4732871949672699
2031,-14.269359576698216,0,0,300,0.02,0.5142426490783691
2032,13.57595128775033,0,0,300,0.02,0.3804149329662323
2033,10.02463579416667,0,0,300,0.02,0.4382438063621521
2034,19.61550639391334,0,0,300,0.02,0.4730261564254761
2035,13.757600338462888,0,0,300,0.02,0.5750026702880859
2036,14.427848751548863,0,0,300,0.02,0.38244056701660156
2037,17.293801529411457,0,0,300,0.02,0.36595237255096436
2038,23.655403554443424,0,0,300,0.02,0.4205518662929535
2039,18.4423939251939,0,0,300,0.02,0.4963042736053467
2040,12.19441234032179,0,0,300,0.02,0.4465959966182709
2041,10.951015932563868,0,0,300,0.02,0.5141487717628479
2042,24.14398056745921,0,0,300,0.02,0.3934076130390167
2043,14.782054731849769,0,0,300,0.02,0.5163890719413757
2044,18.272769331932007,0,0,300,0.02,0.49430766701698303
2045,13.659133336547916,0,0,300,0.02,0.47211942076683044
2046,17.23257295847327,0,0,300,0.02,0.42875951528549194
2047,15.919571809768616,0,0,300,0.02,0.4401070475578308
2048,6.346697936058,0,0,300,0.02,0.4158255159854889
2049,10.11747946978006,0,0,300,0.02,0.45253288745880127
2050,15.543878993192012,0,0,300,0.02,0.3517293334007263
2051,38.597766931060875,0,0,300,0.02,0.4649610221385956
2052,21.75333951235209,0,0,300,0.02,0.4385678768157959
2053,13.78093650103005,0,0,300,0.02,0.44166862964630127
2054,17.329548635482755,0,0,300,0.02,0.427612841129303
2055,11.695691192154,0,0,300,0.02,0.44797995686531067
2056,63.79877169371048,0,0,300,0.02,0.41970983147621155
2057,11.76584739923866,0,0,300,0.02,0.42794090509414673
2058,30.055513079170318,0,0,300,0.02,0.4130244851112366
2059,13.039312584404067,0,0,300,0.02,0.4920746088027954
2060,10.594854109291159,0,0,300,0.02,0.41818922758102417
2061,10.683574035171626,0,0,300,0.02,0.44850924611091614
2062,31.908835313324104,0,0,300,0.02,0.4096939265727997
2063,7.614493625167917,0,0,300,0.02,0.45077934861183167
2064,10.025535328392097,0,0,300,0.02,0.49551892280578613
2065,14.723695352081375,0,0,300,0.02,0.43847891688346863
2066,10.44973158598338,0,0,300,0.02,0.42446985840797424
2067,6.385640819076678,0,0,300,0.02,0.4304925501346588
2068,44.32736513853468,0,0,300,0.02,0.45006147027015686
2069,31.758054649833742,0,0,300,0.02,0.35738909244537354
2070,17.212462004819198,0,0,300,0.02,0.397083580493927
2071,11.10832827806865,0,0,300,0.02,0.5248206853866577
2072,9.963535301689213,0,0,300,0.02,0.5135189294815063
2073,12.46137135744483,0,0,300,0.02,0.5615599155426025
2074,41.04649094343581,0,0,300,0.02,0.4727800190448761
2075,-14.287937613329657,0,0,293,0.02,1.202183485031128
2076,12.050880692009079,0,0,300,0.02,0.4991825819015503
2077,14.37976127544903,0,0,300,0.02,0.4802587628364563
2078,6.72998981237807,0,0,300,0.02,0.4919053018093109
2079,9.686488430503907,0,0,300,0.02,0.595280647277832
2080,11.241700038113807,0,0,300,0.02,0.5897740721702576
2081,9.70160991112251,0,0,300,0.02,0.49479660391807556
2082,11.161470687393253,0,0,300,0.02,0.3815350830554962
2083,26.809437463287434,0,0,300,0.02,0.38454338908195496
2084,40.91313903570571,0,0,300,0.02,0.41611799597740173
2085,9.124389545921396,0,0,300,0.02,0.5108053684234619
2086,58.427260911468636,0,0,300,0.02,0.37758752703666687
2087,39.00656983137522,0,0,300,0.02,0.3402602970600128
2088,9.63228055715949,0,0,300,0.02,0.4338326156139374
2089,-5.690088500976617,0,0,300,0.02,0.9250221252441406
2090,21.2685208773652,0,0,300,0.02,0.41977253556251526
2091,21.49586734056868,0,0,300,0.02,0.4054359197616577
2092,9.872323400978177,0,0,300,0.02,0.5088219046592712
2093,38.448123052124146,0,0,300,0.02,0.3823719918727875
2094,14.313257734779489,0,0,300,0.02,0.43858832120895386
2095,17.746267197136,0,0,300,0.02,0.412835955619812
2096,17.692927024368352,0,0,300,0.02,0.4011709988117218
2097,15.246115052703965,0,0,300,0.02,0.497873991727829
2098,13.725282113556048,0,0,300,0.02,0.4605822265148163
2099,9.224390251640415,0,0,300,0.02,0.4458051919937134
2100,15.866536028389046,0,0,300,0.02,0.4477687478065491
2101,29.933015129570126,0,0,300,0.02,0.4036489725112915
2102,8.62053068399819,0,0,300,0.02,0.43427008390426636
2103,9.738780860104821,0,0,300,0.02,0.40800386667251587
2104,45.837078449730065,0,0,300,0.02,0.4526331424713135
2105,40.06893863439954,0,0,300,0.02,0.3696680963039398
2106,18.355373709205704,0,0,300,0.02,0.5030593276023865
2107,10.061056807045043,0,0,300,0.02,0.5416385531425476
2108,13.535752637390216,0,0,300,0.02,0.49296459555625916
2109,15.838869780698074,0,0,300,0.02,0.40548163652420044
2110,6.588596723083564,0,0,300,0.02,0.4272535741329193
2111,13.913012855056875,0,0,300,0.02,0.40114954113960266
2112,8.024875295166138,0,0,300,0.02,0.44068393111228943
2113,13.186893079284744,0,0,300,0.02,0.45267948508262634
2114,21.031271140579292,0,0,300,0.02,0.3840849697589874
2115,8.30345973730483,0,0,300,0.02,0.42353782057762146
2116,27.507655055526808,0,0,300,0.02,0.38748899102211
2117,11.40233653784186,0,0,300,0.02,0.4838186204433441
2118,18.67421824694075,0,0,300,0.02,0.41834819316864014
2119,11.50142978907022,0,0,300,0.02,0.504045307636261
2120,8.85226266622933,0,0,300,0.02,0.4938370883464813
2121,13.70822956324015,0,0,300,0.02,0.5223453640937805
2122,10.637189552787868,0,0,300,0.02,0.5151053667068481
2123,8.400919883255078,0,0,300,0.02,0.4291727840900421
2124,10.545956594947906,0,0,300,0.02,0.4279136061668396
2125,8.587869837288013,0,0,300,0.02,0.4724352955818176
2126,7.518609974388202,0,0,300,0.02,0.5572502613067627
2127,167.51003073454288,1,0,299,0.02,0.34439507126808167
2128,176.06883544207017,1,0,298,0.02,0.3496938943862915
2129,6.478193242553822,0,0,300,0.02,0.4698544442653656
2130,13.479491037526323,0,0,300,0.02,0.4828263223171234
2131,14.783539919853164,0,0,300,0.02,0.3741150200366974
2132,14.013900449279847,0,0,300,0.02,0.39092764258384705
2133,167.10467126608285,1,0,298,0.02,0.3307349383831024
2134,170.35216471910869,1,0,292,0.02,0.34886157512664795
2135,11.224321599006583,0,0,300,0.02,0.4739196002483368
2136,12.42109509230052,0,0,300,0.02,0.4216289818286896
2137,168.33671391725932,1,0,300,0.02,0.33022427558898926
2138,14.491769955162138,0,0,300,0.02,0.5514602661132812
2139,48.4418182206193,0,0,300,0.02,0.3289481997489929
2140,33.0928741478959,0,0,300,0.02,0.4461842179298401
2141,14.235406296257107,0,0,300,0.02,0.5455511808395386
2142,13.690030963424782,0,0,300,0.02,0.4668950140476227
2143,33.89537887016792,0,0,300,0.02,0.441354364156723
2144,34.902631638054004,0,0,300,0.02,0.4362448453903198
2145,12.255527040962344,0,0,300,0.02,0.5105209946632385
2146,20.876461981930984,0,0,300,0.02,0.4035835862159729
2147,10.728712796368805,0,0,300,0.02,0.44052088260650635
2148,25.457482893470864,0,0,300,0.02,0.4125320315361023
2149,39.9983041071931,0,0,300,0.02,0.46982672810554504
2150,5.292448933128419,0,0,300,0.02,0.5412905216217041
2151,10.73154391050728,0,0,300,0.02,0.4515167772769928
2152,38.26964237451942,0,0,300,0.02,0.4444921612739563
2153,13.843191594281395,0,0,300,0.02,0.40440118312835693
2154,39.292368290428236,0,0,300,0.02,0.46381068229675293
2155,12.402406580452038,0,0,300,0.02,0.438801109790802
2156,12.945075514320449,0,0,300,0.02,0.5206338763237
2157,39.19102708101664,0,0,300,0.02,0.4366459846496582
2158,14.039080893997308,0,0,300,0.02,0.47463253140449524
2159,14.030752980712958,0,0,300,0.02,0.4892145097255707
2160,8.293442018036021,0,0,300,0.02,0.40354225039482117
2161,20.760460565094125,0,0,300,0.02,0.4592876136302948
2162,10.270121929649436,0,0,300,0.02,0.5318722724914551
2163,-6.719802008471238,0,0,300,0.02,0.7126495838165283
2164,18.841372292045715,0,0,300,0.02,0.431559681892395
2165,24.279617283348234,0,0,300,0.02,0.42949843406677246
2166,14.536214439872817,0,0,300,0.02,0.4578491449356079
2167,9.84991737365721,0,0,300,0.02,1.0275206565856934
2168,15.358347585205165,0,0,300,0.02,0.4298158586025238
2169,173.30637876749427,1,0,291,0.02,0.3478080630302429
2170,-3.2999333596190246,0,0,300,0.02,0.4443860948085785
2171,10.230940678123565,0,0,300,0.02,0.4116675853729248
2172,11.050217592720145,0,0,300,0.02,0.4843483567237854
2173,18.79698384046943,0,0,300,0.02,0.37015679478645325
2174,14.087821743492196,0,0,300,0.02,0.4899473190307617
2175,28.989557673935064,0,0,300,0.02,0.3345133364200592
2176,14.101283905510016,0,0,300,0.02,0.44908177852630615
2177,13.615827982429622,0,0,300,0.02,0.46294575929641724
2178,6.88949461222085,0,0,300,0.02,0.4595291018486023
2179,3.220076124672028,0,0,300,0.02,0.4618837237358093
2180,14.420689241890042,0,0,300,0.02,0.5617304444313049
2181,10.555245687965488,0,0,300,0.02,0.5055913329124451
2182,5.810557200912606,0,0,300,0.02,0.41676345467567444
2183,14.085442650322047,0,0,300,0.02,0.6380420923233032
2184,36.20222849131024,0,0,300,0.02,0.4413456320762634
2185,15.087207672599863,0,0,300,0.02,0.4526008367538452
2186,19.494871518615835,0,0,300,0.02,0.38818487524986267
2187,13.228292006650177,0,0,300,0.02,0.5081260800361633
2188,12.010758106712421,0,0,300,0.02,0.676713228225708
2189,34.583279955391006,0,0,300,0.02,0.3885827660560608
2190,10.623769705299498,0,0,300,0.02,0.523460328578949
2191,40.55930100679787,0,0,300,0.02,0.4570775032043457
2192,14.292468783859327,0,0,300,0.02,0.4012855589389801
2193,28.794768378738517,0,0,300,0.02,0.4132106602191925
2194,14.608632099632358,0,0,300,0.02,0.5447447299957275
2195,22.54350823641215,0,0,300,0.02,0.41852569580078125
2196,14.975209352974009,0,0,300,0.02,0.41810041666030884
2197,6.741924521926952,0,0,300,0.02,0.47642162442207336
2198,3.2196030163804226,0,0,300,0.02,0.5020020008087158
2199,8.686274216178981,0,0,300,0.02,0.5653342008590698
2200,18.26793774843604,0,0,300,0.02,0.4624183177947998
2201,10.779339711670051,0,0,300,0.02,0.44706782698631287
2202,13.662066039242974,0,0,300,0.02,0.53468257188797
2203,12.210207054618904,0,0,300,0.02,0.4093509912490845
2204,17.07894107738991,0,0,300,0.02,0.4079638123512268
2205,12.101727087501608,0,0,300,0.02,0.5014709830284119
2206,33.02777354479226,0,0,300,0.02,0.4174593687057495
2207,15.222237217430186,0,0,300,0.02,0.47884345054626465
2208,10.65506180525214,0,0,300,0.02,0.45813730359077454
2209,21.396156017784236,0,0,300,0.02,0.39286375045776367
2210,24.256167333129948,0,0,300,0.02,0.45286092162132263
2211,21.819809558395505,0,0,300,0.02,0.4269503653049469
2212,29.599558470253058,0,0,300,0.02,0.38701313734054565
2213,12.132601168159555,0,0,300,0.02,0.5112524628639221
2214,20.895117466453637,0,0,300,0.02,0.4556233882904053
2215,12.855134952072246,0,0,300,0.02,0.38311901688575745
2216,10.095540988449164,0,0,300,0.02,0.44801750779151917
2217,43.66759208918014,0,0,300,0.02,0.35000473260879517
2218,35.28876857042707,0,0,300,0.02,0.3822106122970581
2219,4.726494435467951,0,0,300,0.02,1.161075472831726
2220,8.605856268409791,0,0,300,0.02,0.4404386878013611
2221,10.306764280799959,0,0,300,0.02,0.4702116847038269
2222,13.583213531974879,0,0,300,0.02,0.4135993719100952
2223,13.727403190139832,0,0,300,0.02,0.4875519573688507
2224,26.976924808029246,0,0,300,0.02,0.39517155289649963
2225,7.368713018898111,0,0,300,0.02,0.5697245001792908
2226,41.49757502794662,0,0,300,0.02,0.3775089979171753
2227,12.319704830650393,0,0,300,0.02,0.44197654724121094
2228,30.21819991350566,0,0,300,0.02,0.4373527765274048
2229,12.3532386612931,0,0,300,0.02,0.4385930895805359
2230,9.423147718910341,0,0,300,0.02,0.411115825176239
2231,14.535858638290522,0,0,300,0.02,0.342938095331192
2232,14.24053487062844,0,0,300,0.02,0.5317690372467041
2233,11.079369706311404,0,0,300,0.02,0.7078566551208496
2234,3.8947873393681096,0,0,300,0.02,0.8440022468566895
2235,10.94809065103921,0,0,300,0.02,0.7323800921440125
2236,9.933695716857837,0,0,300,0.02,0.43407607078552246
2237,12.915575172905061,0,0,300,0.02,0.6280089616775513
2238,7.03941221237179,0,0,300,0.02,1.0401469469070435
2239,13.196753997006608,0,0,300,0.02,0.578510582447052
2240,12.190071775917135,0,0,300,0.02,0.44688481092453003
2241,39.873693187240704,0,0,300,0.02,0.4334794580936432
2242,5.0641268086472335,0,0,300,0.02,0.5108710527420044
2243,26.091103708747966,0,0,300,0.02,0.3991268277168274
2244,7.157384464744689,0,0,300,0.02,0.42255663871765137
2245,43.813782536987404,0,0,300,0.02,0.41845712065696716
2246,18.658356955055364,0,0,300,0.02,0.41731351613998413
2247,27.70508600950634,0,0,300,0.02,0.42813125252723694
2248,8.02551061073805,0,0,300,0.02,0.41382142901420593
2249,20.09602615595259,0,0,300,0.02,0.47539621591567993
2250,12.645686339535919,0,0,300,0.02,0.5112774968147278
2251,40.06253963709267,0,0,300,0.02,0.38126784563064575
2252,47.312938911918785,0,0,300,0.02,0.3611680269241333
2253,9.865374500755381,0,0,300,0.02,0.4605591297149658
2254,9.450378634933525,0,0,300,0.02,0.4193080961704254
2255,11.717582900528008,0,0,300,0.02,0.4100070297718048
2256,11.620925266746616,0,0,300,0.02,0.4966714382171631
2257,13.761636755470384,0,0,300,0.02,0.5089935660362244
2258,10.42866692781837,0,0,300,0.02,0.6122360229492188
2259,22.336026568412713,0,0,300,0.02,0.4209933578968048
2260,28.84820498228461,0,0,300,0.02,0.42235150933265686
2261,11.890712149147134,0,0,300,0.02,0.5042247176170349
2262,11.353039863113546,0,0,300,0.02,0.4811427891254425
2263,12.581453077796994,0,0,300,0.02,0.4215394854545593
2264,23.570022056106634,0,0,300,0.02,0.3818972408771515
2265,14.292698859372395,0,0,300,0.02,0.36202436685562134
2266,9.085117352012691,0,0,300,0.02,0.5506234169006348
2267,12.427857189178406,0,0,300,0.02,0.4630357027053833
2268,12.332621328834582,0,0,300,0.02,0.5462474226951599
2269,27.335054225921564,0,0,300,0.02,0.3712364435195923
2270,32.928887259964064,0,0,300,0.02,0.464680939912796
2271,11.293978526596137,0,0,300,0.02,0.483408123254776
2272,27.667749249939074,0,0,300,0.02,0.3924654424190521
2273,10.512018016972739,0,0,300,0.02,0.41469457745552063
2274,13.327744629386988,0,0,300,0.02,0.39996659755706787
2275,10.478737552169882,0,0,300,0.02,0.4697183668613434
2276,46.52173246622481,0,0,300,0.02,0.34896963834762573
2277,14.778627326492439,0,0,300,0.02,0.38724592328071594
2278,14.115553373494391,0,0,300,0.02,0.436310738325119
2279,9.110216300491421,0,0,300,0.02,0.4268486797809601
2280,10.745358698371954,0,0,300,0.02,0.5055630803108215
2281,14.739585649971072,0,0,300,0.02,0.44950634241104126
2282,12.003204100135894,0,0,300,0.02,0.5661017298698425
2283,35.274562838081465,0,0,300,0.02,0.43826204538345337
2284,13.482289063934429,0,0,300,0.02,0.4138304889202118
2285,16.744724595550657,0,0,300,0.02,0.43572160601615906
2286,15.512733085159367,0,0,300,0.02,0.4362194836139679
2287,11.136430618766857,0,0,300,0.02,0.5027951002120972
2288,29.727676794532893,0,0,300,0.02,0.42998355627059937
2289,45.41193781137856,0,0,300,0.02,0.3664183020591736
2290,16.040046155456615,0,0,300,0.02,0.4493912160396576
2291,13.532118446830806,0,0,300,0.02,0.531373143196106
2292,20.012018578056413,0,0,300,0.02,0.4763981103897095
2293,18.468570420745916,0,0,300,0.02,0.46976014971733093
2294,6.826068298820627,0,0,300,0.02,0.6478856801986694
2295,15.105227956771783,0,0,300,0.02,0.41369301080703735
2296,11.26347532669571,0,0,300,0.02,0.43933025002479553
2297,11.365594634213648,0,0,300,0.02,0.5963004231452942
2298,12.395121886734092,0,0,300,0.02,0.45812228322029114
2299,17.008981564048856,0,0,300,0.02,0.40465736389160156
2300,13.748249042038031,0,0,300,0.02,0.34734049439430237
2301,24.242341525558597,0,0,300,0.02,0.4163173735141754
2302,39.9961987280885,0,0,300,0.02,0.4328530728816986
2303,8.097782909874047,0,0,300,0.02,0.49745702743530273
2304,9.890729725364759,0,0,300,0.02,0.5492203235626221
2305,8.751151731018153,0,0,300,0.02,0.45661482214927673
2306,16.745400919914196,0,0,300,0.02,0.4111497700214386
2307,41.07311611414351,0,0,300,0.02,0.37612372636795044
2308,9.314482693672113,0,0,300,0.02,0.45387932658195496
2309,15.550503175262529,0,0,300,0.02,0.44177696108818054
2310,50.1166010308305,0,0,300,0.02,0.4252524971961975
2311,-0.15492596864311825,0,0,300,0.02,0.35063424706459045
2312,11.757722775940033,0,0,300,0.02,0.452472060918808
2313,17.360627110008352,0,0,300,0.02,0.3992459774017334
2314,18.47604138613135,0,0,300,0.02,0.4053924083709717
2315,34.53446475267799,0,0,300,0.02,0.47578656673431396
2316,8.929323915639134,0,0,300,0.02,0.42286810278892517
2317,16.905770452026438,0,0,300,0.02,0.41296014189720154
2318,8.66880157232673,0,0,300,0.02,0.4397023618221283
2319,20.139874966148497,0,0,300,0.02,0.4794340133666992
2320,42.67756365538036,0,0,300,0.02,0.3650118410587311
2321,11.187523574032983,0,0,300,0.02,0.5058181881904602
2322,12.902864487175062,0,0,300,0.02,0.5386866331100464
2323,38.75588518381509,0,0,300,0.02,0.3954314589500427
2324,18.32300205151102,0,0,300,0.02,0.40444856882095337
2325,14.067358364262782,0,0,300,0.02,0.47835949063301086
2326,46.45373149156965,0,0,300,0.02,0.3809698820114136
2327,20.561681716446003,0,0,300,0.02,0.4514823257923126
2328,41.62649929285443,0,0,300,0.02,0.44277793169021606
2329,47.66606264988451,0,0,300,0.02,0.3461834192276001
2330,12.786529886726466,0,0,300,0.02,0.5877702832221985
2331,15.262219259742864,0,0,300,0.02,0.45884793996810913
2332,13.588561842445472,0,0,300,0.02,0.50226229429245
2333,-3.38366178273762,0,0,300,0.02,0.5303182005882263
2334,-17.76020411571002,0,0,288,0.02,1.4902501106262207
2335,21.774947235588147,0,0,300,0.02,0.4556659460067749
2336,10.424412643913401,0,0,300,0.02,0.4407995939254761
2337,14.351429965500005,0,0,300,0.02,0.39404526352882385
2338,5.985900714401381,0,0,300,0.02,0.49792757630348206
2339,25.30557296276086,0,0,300,0.02,0.4486067593097687
2340,39.52951285124219,0,0,300,0.02,0.334524542093277
2341,33.387609164718754,0,0,300,0.02,0.42000046372413635
2342,21.440151274208198,0,0,300,0.02,0.4118649363517761
2343,13.471633789543214,0,0,300,0.02,0.48149430751800537
2344,8.549428424039151,0,0,300,0.02,0.4128419756889343
2345,14.90191641251111,0,0,300,0.02,0.4047199785709381
2346,31.423006002906867,0,0,300,0.02,0.4486512541770935
2347,39.3821981120149,0,0,300,0.02,0.3838532269001007
2348,15.616060160794545,0,0,300,0.02,0.38118404150009155
2349,11.49571803967022,0,0,300,0.02,0.44626957178115845
2350,11.39748556375893,0,0,300,0.02,0.4250313639640808
2351,25.781871178154105,0,0,300,0.02,0.3989349603652954
2352,17.174372437004187,0,0,300,0.02,0.463309645652771
2353,13.301210138801645,0,0,300,0.02,0.48660022020339966
2354,20.510332564511558,0,0,300,0.02,0.3651159405708313
2355,12.106896042027664,0,0,300,0.02,0.4084750711917877
2356,45.41247470617686,0,0,300,0.02,0.3912840783596039
2357,12.982949650291511,0,0,300,0.02,0.5511653423309326
2358,13.648477430343567,0,0,300,0.02,0.492880642414093
2359,28.369844777588007,0,0,300,0.02,0.4094415605068207
2360,46.35267914772029,0,0,300,0.02,0.44683021306991577
2361,41.13760625124373,0,0,300,0.02,0.3750011920928955
2362,16.719439175132823,0,0,300,0.02,0.42704296112060547
2363,8.719443485740745,0,0,300,0.02,0.9320418834686279
2364,8.316187040809716,0,0,300,0.02,0.5253559947013855
2365,24.810503962043875,0,0,300,0.02,0.4292767643928528
2366,41.009953072074964,0,0,300,0.02,0.3919144868850708
2367,27.734815855026188,0,0,300,0.02,0.4462960362434387
2368,24.712691857818697,0,0,300,0.02,0.44122979044914246
2369,24.537478404045036,0,0,300,0.02,0.38563039898872375
2370,15.263645948567666,0,0,300,0.02,0.35428759455680847
2371,18.45962116957101,0,0,300,0.02,0.4169974625110626
2372,15.254755489830119,0,0,300,0.02,0.5032138824462891
2373,14.704145052436902,0,0,300,0.02,0.4808664917945862
2374,9.87009013414774,0,0,300,0.02,0.4468802213668823
2375,0.8230625430729497,0,0,300,0.02,0.44943344593048096
2376,12.297965424064694,0,0,300,0.02,0.5299113988876343
2377,9.685510610738058,0,0,300,0.02,0.41382142901420593
2378,24.13325281381994,0,0,300,0.02,0.461089551448822
2379,41.47694149732984,0,0,300,0.02,0.45766738057136536
2380,169.31035310268393,1,0,283,0.02,0.34491172432899475
2381,17.30206941843424,0,0,300,0.02,0.42888540029525757
2382,41.117073581222655,0,0,300,0.02,0.3951343595981598
2383,24.22239410639197,0,0,300,0.02,0.48130422830581665
2384,-25.305341759524058,0,0,300,0.02,0.6890345215797424
2385,19.826000356674122,0,0,300,0.02,0.4559999108314514
2386,32.0320176291505,0,0,300,0.02,0.4463983476161957
2387,30.10252645254528,0,0,300,0.02,0.33127114176750183
2388,38.61495434999859,0,0,300,0.02,0.3831641674041748
2389,13.375107981358585,0,0,300,0.02,0.7670193314552307
2390,28.691784145835992,0,0,300,0.02,0.3964567184448242
2391,15.734748346809486,0,0,300,0.02,0.44321566820144653
2392,25.084131567482075,0,0,300,0.02,0.4458698630332947
2393,10.960399115089478,0,0,300,0.02,0.5068029761314392
2394,30.04103801966106,0,0,300,0.02,0.3666432499885559
2395,10.187826826576298,0,0,300,0.02,0.5099460482597351
2396,10.231789305214045,0,0,300,0.02,0.4989554286003113
2397,11.290782393613052,0,0,300,0.02,0.5975034832954407
2398,168.0307036614457,1,0,290,0.02,0.3417268395423889
2399,27.103696424965023,0,0,300,0.02,0.43847864866256714
2400,14.807453339103773,0,0,300,0.02,0.41503942012786865
2401,11.57647663832098,0,0,300,0.02,0.4102835953235626
2402,11.16655961910748,0,0,300,0.02,0.4360591769218445
2403,9.563906967643797,0,0,300,0.02,0.4434260129928589
2404,7.780641052726831,0,0,300,0.02,0.5542424917221069
2405,11.496328108314586,0,0,300,0.02,0.5053207278251648
2406,24.05542975664525,0,0,300,0.02,0.3830453157424927
2407,33.23288478294877,0,0,300,0.02,0.3819778859615326
2408,13.134469616417007,0,0,300,0.02,0.43828535079956055
2409,26.33775776148235,0,0,300,0.02,0.40496331453323364
2410,21.088745114807274,0,0,300,0.02,0.4522164762020111
2411,16.480910413269193,0,0,300,0.02,0.4466751515865326
2412,10.371084330085823,0,0,300,0.02,0.5066316723823547
2413,20.36608080149087,0,0,300,0.02,0.4253825545310974
2414,13.567340667251658,0,0,300,0.02,0.4725675880908966
2415,28.85572482347879,0,0,300,0.02,0.42047154903411865
2416,10.617778966430718,0,0,300,0.02,0.4324580132961273
2417,12.075459374585362,0,0,300,0.02,0.6388342380523682
2418,9.31616990805062,0,0,300,0.02,0.44036027789115906
2419,14.045816681388956,0,0,300,0.02,0.5004485845565796
2420,21.059624604382773,0,0,300,0.02,0.40279293060302734
2421,14.823115670684889,0,0,300,0.02,0.4786238372325897
2422,12.178586537841914,0,0,300,0.02,0.4447561204433441
2423,15.10854597330489,0,0,300,0.02,0.4047662615776062
2424,25.184881589416573,0,0,300,0.02,0.40318235754966736
2425,20.87620906591804,0,0,300,0.02,0.45535048842430115
2426,11.538213078979554,0,0,300,0.02,0.4198494851589203
2427,12.553494637016396,0,0,300,0.02,0.5410290956497192
2428,12.461377546791141,0,0,300,0.02,0.49655836820602417
2429,10.767169182304448,0,0,300,0.02,0.48761045932769775
2430,40.736874597076564,0,0,300,0.02,0.42018410563468933
2431,10.720141966346796,0,0,300,0.02,0.47186726331710815
2432,16.3266990494767,0,0,300,0.02,0.43272799253463745
2433,4.934967192807454,0,0,300,0.02,0.5539572834968567
2434,8.190562237897158,0,0,300,0.02,1.0100585222244263
2435,213.76913060427103,1,0,292,0.02,0.34962010383605957
2436,15.294393389228892,0,0,300,0.02,0.45580440759658813
2437,17.52055965185558,0,0,300,0.02,0.43426284193992615
2438,10.052980258468699,0,0,300,0.02,0.48115769028663635
2439,11.329369356636109,0,0,300,0.02,0.4370604157447815
2440,26.68778926611338,0,0,300,0.02,0.382455438375473
2441,8.794365711212095,0,0,300,0.02,0.5064085721969604
2442,10.594921301999298,0,0,300,0.02,0.46146875619888306
2443,19.878329112533645,0,0,300,0.02,0.399820476770401
2444,53.14770911932387,0,0,300,0.02,0.3724754750728607
2445,10.86760031462104,0,0,300,0.02,0.4750026762485504
2446,18.72602771521003,0,0,300,0.02,0.4153958261013031
2447,15.325351507667643,0,0,300,0.02,0.43306487798690796
2448,36.563770558837945,0,0,300,0.02,0.4659601151943207
2449,15.940614092353965,0,0,300,0.02,0.48674923181533813
2450,6.326785020828184,0,0,300,0.02,0.40080374479293823
2451,30.92372552633678,0,0,300,0.02,0.41097137331962585
2452,12.471698410514895,0,0,300,0.02,0.48397815227508545
2453,20.217624413971034,0,0,300,0.02,0.4174966514110565
2454,10.032370089688497,0,0,300,0.02,0.4271065592765808
2455,10.555722067360064,0,0,300,0.02,0.44797223806381226
2456,14.154406054023879,0,0,300,0.02,0.46330124139785767
2457,9.846131131652914,0,0,300,0.02,0.4628699719905853
2458,22.12134422064217,0,0,300,0.02,0.4165666997432709
2459,10.654261989593445,0,0,300,0.02,0.5664345026016235
2460,12.633224985603402,0,0,300,0.02,0.4785965085029602
2461,39.35037128210461,0,0,300,0.02,0.4293099343776703
2462,14.999591877464358,0,0,300,0.02,0.4570047855377197
2463,9.69264052391047,0,0,300,0.02,0.4468398690223694
2464,12.32961951494605,0,0,300,0.02,0.45199787616729736
2465,19.438605024818536,0,0,300,0.02,0.44725149869918823
2466,17.75300618568917,0,0,300,0.02,0.45694753527641296
2467,12.776420867447023,0,0,300,0.02,0.4152975380420685
2468,12.265773851875434,0,0,300,0.02,0.46045929193496704
2469,12.391464750770659,0,0,300,0.02,0.6065365672111511
2470,14.12419907013438,0,0,300,0.02,0.47664931416511536
2471,13.494425098899914,0,0,300,0.02,0.455796480178833
2472,28.384562680725164,0,0,300,0.02,0.4282620847225189
2473,17.358052484993085,0,0,300,0.02,0.4773896336555481
2474,15.443114554885998,0,0,300,0.02,0.43612411618232727
2475,13.999403069023202,0,0,300,0.02,0.39955198764801025
2476,44.89337836981211,0,0,300,0.02,0.4060581624507904
2477,18.311022083763227,0,0,300,0.02,0.4391472339630127
2478,12.836188099388204,0,0,300,0.02,0.5528557300567627
2479,9.304271116256647,0,0,300,0.02,0.45893222093582153
2480,12.42575531403085,0,0,300,0.02,0.37376025319099426
2481,29.676996257309018,0,0,300,0.02,0.37515369057655334
2482,10.639779431823797,0,0,300,0.02,0.4669578969478607
2483,14.127331411842443,0,0,300,0.02,0.4525699019432068
2484,21.279491493705827,0,0,300,0.02,0.45452988147735596
2485,31.528780109886274,0,0,300,0.02,0.469707727432251
2486,9.436929819587784,0,0,300,0.02,0.49017030000686646
2487,17.40047588587195,0,0,300,0.02,0.44428378343582153
2488,12.117621996406621,0,0,300,0.02,0.5649972558021545
2489,0.3916048908233483,0,0,300,0.02,0.6495987772941589
2490,18.684200627807684,0,0,300,0.02,0.45585259795188904
2491,30.60208223740121,0,0,300,0.02,0.37467852234840393
2492,10.238034012321547,0,0,300,0.02,0.4473942518234253
2493,11.015930335525638,0,0,300,0.02,0.45042017102241516
2494,26.2676886224746,0,0,300,0.02,0.3680778443813324
2495,27.73206069231421,0,0,300,0.02,0.39138758182525635
2496,14.091561307110995,0,0,300,0.02,0.4723087549209595
2497,17.046439708867293,0,0,300,0.02,0.3460891544818878
2498,11.630209815506097,0,0,300,0.02,0.476850301027298
2499,13.419435714879251,0,0,300,0.02,0.4178401529788971
2500,18.89772917032631,0,0,300,0.02,0.4724704623222351
2501,8.197923266087631,0,0,300,0.02,0.9013155102729797
2502,25.480817425254937,0,0,300,0.02,0.4141983985900879
2503,7.365022327903862,0,0,300,0.02,0.6406471729278564
2504,19.082086699012834,0,0,300,0.02,0.45888108015060425
2505,7.943742773536745,0,0,300,0.02,0.4634670615196228
2506,26.44782158136758,0,0,300,0.02,0.44744735956192017
2507,7.4803860020676325,0,0,300,0.02,0.5068062543869019
2508,38.806398808960026,0,0,300,0.02,0.4453030526638031
2509,46.11768179178634,0,0,300,0.02,0.3649823069572449
2510,12.596928694252082,0,0,300,0.02,0.5076705813407898
2511,21.834414241317866,0,0,300,0.02,0.3907991945743561
2512,174.72286755800636,1,0,294,0.02,0.3436858654022217
2513,20.565600736145097,0,0,300,0.02,0.48550257086753845
2514,44.2810358262101,0,0,300,0.02,0.41664379835128784
2515,47.07461823702253,0,0,300,0.02,0.39824819564819336
2516,21.515897535481724,0,0,300,0.02,0.40622469782829285
2517,12.029054254689395,0,0,300,0.02,0.48293551802635193
2518,11.171851389411989,0,0,300,0.02,0.46143990755081177
2519,7.323061954979077,0,0,300,0.02,0.4286372661590576
2520,3.9372424626389373,0,0,300,0.02,0.4475921392440796
2521,12.423939192298961,0,0,300,0.02,0.45341795682907104
2522,10.67594753981027,0,0,300,0.02,0.46041586995124817
2523,28.620796668533377,0,0,300,0.02,0.37920358777046204
2524,26.48134303331766,0,0,300,0.02,0.44906699657440186
2525,7.954195067082504,0,0,300,0.02,0.8272475600242615
2526,22.84503190756237,0,0,300,0.02,0.37064477801322937
2527,35.89155349016584,0,0,300,0.02,0.3690143823623657
2528,11.45800661325848,0,0,300,0.02,0.4524011015892029
2529,18.451045367721687,0,0,300,0.02,0.38664141297340393
2530,7.637870862487924,0,0,300,0.02,0.4599350392818451
2531,13.187350924018938,0,0,300,0.02,0.5050650238990784
2532,14.65326261759194,0,0,300,0.02,0.40608710050582886
2533,18.81653516054548,0,0,300,0.02,0.47026896476745605
2534,27.560409390930257,0,0,300,0.02,0.4193004071712494
2535,18.831153425374225,0,0,300,0.02,0.3924107253551483
2536,16.13500014543924,0,0,300,0.02,0.38815271854400635
2537,44.831443607811124,0,0,300,0.02,0.3765418529510498
2538,36.366303546432604,0,0,300,0.02,0.41032686829566956
2539,19.48789630175025,0,0,300,0.02,0.40992867946624756
2540,12.448118278984136,0,0,300,0.02,0.5373731851577759
2541,27.392529056076157,0,0,300,0.02,0.3887704908847809
2542,39.62088271538283,0,0,300,0.02,0.3649784028530121
2543,14.555118916038618,0,0,300,0.02,0.46062302589416504
2544,51.27448305368815,0,0,300,0.02,0.398281991481781
2545,19.09603138208784,0,0,300,0.02,0.47039490938186646
2546,12.674478859105344,0,0,300,0.02,0.44657936692237854
2547,9.78913478613288,0,0,300,0.02,0.4771190583705902
2548,7.4508287215271904,0,0,300,0.02,0.46919557452201843
2549,25.788642048835687,0,0,300,0.02,0.4278394877910614
2550,12.46183803478737,0,0,300,0.02,0.5147395730018616
2551,2.174003369812133,0,0,300,0.02,0.4959019124507904
2552,9.361991676488127,0,0,300,0.02,0.4472011625766754
2553,24.61349113226325,0,0,300,0.02,0.46602997183799744
2554,22.608968927864137,0,0,300,0.02,0.40466052293777466
2555,29.04249278784186,0,0,300,0.02,0.4437795579433441
2556,14.360959923271261,0,0,300,0.02,0.45666277408599854
2557,10.724839770797804,0,0,300,0.02,0.44069281220436096
2558,12.994470407966686,0,0,300,0.02,0.5207851529121399
2559,9.648735334877141,0,0,300,0.02,0.4197189211845398
2560,7.573470768132428,0,0,300,0.02,0.49433138966560364
2561,8.984159057144227,0,0,300,0.02,0.4958629906177521
2562,16.608347375396797,0,0,300,0.02,0.4373159110546112
2563,18.046843678955153,0,0,300,0.02,0.4401918351650238
2564,13.200070246854018,0,0,300,0.02,0.412681519985199
2565,48.16806877375045,0,0,300,0.02,0.43488556146621704
2566,12.494123718742468,0,0,300,0.02,0.5133718252182007
2567,19.80648415804304,0,0,300,0.02,0.4127817153930664
2568,7.989994680885399,0,0,300,0.02,0.6744040846824646
2569,13.602024986747798,0,0,300,0.02,0.4063965082168579
2570,3.7489464465763502,0,0,300,0.02,1.3154624700546265
2571,9.191380078796506,0,0,300,0.02,0.44155773520469666
2572,11.993649742607177,0,0,300,0.02,0.5134903192520142
2573,14.94783680836223,0,0,300,0.02,0.4932398796081543
2574,3.350884816650483,0,0,300,0.02,0.4866815507411957
2575,10.521331298355225,0,0,300,0.02,0.4665699303150177
2576,169.0190907049178,0,0,300,0.02,0.41522732377052307
2577,-6.027444846626201,0,0,300,0.02,0.44876396656036377
2578,-25.94319461583695,0,0,300,0.02,0.4952014088630676
2579,4.158288347724978,0,0,300,0.02,0.4948306679725647
2580,7.283805387024014,0,0,300,0.02,0.4709514081478119
2581,5.235934274200515,0,0,300,0.02,0.48291918635368347
2582,253.27958490768904,0,0,300,0.02,0.40280285477638245
2583,-14.430062949653546,0,0,300,0.02,0.5044184923171997
2584,-40.55652638673388,0,0,300,0.02,0.49853435158729553
2585,15.642095245518943,0,0,300,0.02,0.472175270318985
2586,12.430005495552143,0,0,300,0.02,0.5094013810157776
2587,-31.85928879499039,0,0,300,0.02,0.5067249536514282
2588,-12.748601744171031,0,0,300,0.02,0.456553190946579
2589,15.47633360147866,0,0,300,0.02,0.44531935453414917
2590,6.1455964938786085,0,0,300,0.02,1.208799958229065
2591,12.09376982450876,0,0,300,0.02,0.4609602987766266
2592,9.881304787793372,0,0,300,0.02,0.4148728847503662
2593,14.94883880377207,0,0,300,0.02,0.44969305396080017
2594,13.853657753471483,0,0,300,0.02,0.4259883165359497
2595,19.342709963325557,0,0,300,0.02,0.4062252640724182
2596,9.975684540275658,0,0,300,0.02,0.4854816198348999
2597,20.815313162007588,0,0,300,0.02,0.4038707911968231
2598,17.223982064727892,0,0,300,0.02,0.41090723872184753
2599,13.971940033439735,0,0,300,0.02,0.4489177465438843
2600,9.865245980420319,0,0,300,0.02,0.44888758659362793
2601,34.33691201925672,0,0,300,0.02,0.4176747500896454
2602,-25.342042148109325,0,0,300,0.02,0.48241329193115234
2603,11.773103436627638,0,0,300,0.02,0.7319232225418091
2604,11.577454862594555,0,0,300,0.02,0.5581362843513489
2605,8.41192432165537,0,0,300,0.02,0.423921674489975
2606,13.493231228985978,0,0,300,0.02,0.5443912744522095
2607,28.688482487205643,0,0,300,0.02,0.324782133102417
2608,17.786851880554323,0,0,300,0.02,0.40268978476524353
2609,13.480167597928238,0,0,300,0.02,0.4326571822166443
2610,19.29697438955699,0,0,300,0.02,0.45515915751457214
2611,12.14157066584024,0,0,300,0.02,0.4965100884437561
2612,181.48465810060893,1,0,300,0.02,0.3482382297515869
2613,13.525692656044066,0,0,300,0.02,0.5504795908927917
2614,11.927617692151278,0,0,300,0.02,0.49079465866088867
2615,21.73463258186842,0,0,300,0.02,0.43154093623161316
2616,32.7806843161622,0,0,300,0.02,0.364231675863266
2617,16.344582970146284,0,0,300,0.02,0.40325701236724854
2618,17.706456906799378,0,0,300,0.02,0.36278852820396423
2619,165.98894571066293,1,0,286,0.02,0.3496663272380829
2620,27.078709356788732,0,0,300,0.02,0.3597254157066345
2621,28.162276184562828,0,0,300,0.02,0.44383370876312256
2622,14.007811939720215,0,0,300,0.02,0.4824497699737549
2623,17.50999049902352,0,0,300,0.02,0.48440513014793396
2624,8.136090123657295,0,0,300,0.02,0.4628802239894867
2625,11.831089586415487,0,0,300,0.02,0.4074266850948334
2626,17.684430768493755,0,0,300,0.02,0.41079506278038025
2627,18.33699924707808,0,0,300,0.02,0.37765294313430786
2628,10.847779228691158,0,0,300,0.02,0.46995794773101807
2629,17.460324170593385,0,0,300,0.02,0.3918217122554779
2630,22.86686178446204,0,0,300,0.02,0.40518730878829956
2631,172.89048662424477,1,0,296,0.02,0.32178109884262085
2632,10.514088181653246,0,0,300,0.02,0.5641770362854004
2633,13.154504482750028,0,0,300,0.02,0.6407766342163086
2634,22.5593278145829,0,0,300,0.02,0.42207080125808716
2635,23.39848906279006,0,0,300,0.02,0.3922804892063141
2636,14.838795832791577,0,0,300,0.02,0.520500123500824
2637,21.225966908935643,0,0,300,0.02,0.4129110276699066
2638,13.890253533520905,0,0,300,0.02,0.5226356983184814
2639,179.5565190291444,1,0,294,0.02,0.33527299761772156
2640,27.541832994618627,0,0,300,0.02,0.4122408330440521
2641,13.523271311917506,0,0,300,0.02,0.48938125371932983
2642,14.049913728241036,0,0,300,0.02,0.48442432284355164
2643,22.86382749954726,0,0,300,0.02,0.3842422068119049
2644,14.36559730291755,0,0,300,0.02,0.3980034291744232
2645,12.748201587204056,0,0,300,0.02,0.46985235810279846
2646,28.299496872428975,0,0,300,0.02,0.3645285367965698
2647,13.647687656883326,0,0,300,0.02,0.5274808406829834
2648,13.462379438880996,0,0,300,0.02,0.5113078951835632
2649,11.657397406105108,0,0,300,0.02,0.690053403377533
2650,12.761364586357185,0,0,300,0.02,0.5990616083145142
2651,9.79731742779275,0,0,300,0.02,0.4033697247505188
2652,21.131058652404967,0,0,300,0.02,0.36913809180259705
2653,14.630375554565497,0,0,300,0.02,0.4868088662624359
2654,32.68284126678967,0,0,300,0.02,0.411988765001297
2655,19.224080385365713,0,0,300,0.02,0.36417898535728455
2656,28.609749330678223,0,0,300,0.02,0.38026174902915955
2657,19.72902205706032,0,0,300,0.02,0.4571472406387329
2658,20.054680416587892,0,0,300,0.02,0.44823265075683594
2659,22.744949100021504,0,0,300,0.02,0.41316547989845276
2660,18.12483912229935,0,0,300,0.02,0.45819297432899475
2661,11.397151281837536,0,0,300,0.02,0.4826149344444275
2662,14.984628541473528,0,0,300,0.02,0.44324561953544617
2663,15.602324287895291,0,0,300,0.02,0.4288216829299927
2664,28.35249923626451,0,0,300,0.02,0.4070742726325989
2665,13.330959193710399,0,0,300,0.02,0.48416295647621155
2666,17.233955220380086,0,0,300,0.02,0.39671027660369873
2667,13.378402156033742,0,0,300,0.02,0.4455985426902771
2668,28.320660946373113,0,0,300,0.02,0.3942375183105469
2669,9.5905598163604,0,0,300,0.02,0.6898600459098816
2670,12.485000860694987,0,0,300,0.02,0.450652539730072
2671,14.630762579445006,0,0,300,0.02,0.536712110042572
2672,20.045431339744635,0,0,300,0.02,0.42304491996765137
2673,24.131216900352637,0,0,300,0.02,0.38409852981567383
2674,12.547961881164618,0,0,300,0.02,0.44491228461265564
2675,23.889724133018643,0,0,300,0.02,0.3769717216491699
2676,29.57431128263872,0,0,300,0.02,0.4008249342441559
2677,11.270286710266205,0,0,300,0.02,0.446831077337265
2678,20.92893016577156,0,0,300,0.02,0.39967021346092224
2679,14.504763777259912,0,0,300,0.02,0.5507118105888367
2680,25.909296634201112,0,0,300,0.02,0.3420785963535309
2681,32.50197310447686,0,0,300,0.02,0.4245067238807678
2682,11.18196369091531,0,0,300,0.02,0.5172081589698792
2683,12.956843003430588,0,0,300,0.02,0.5984883308410645
2684,21.968875339035108,0,0,300,0.02,0.4021839201450348
2685,16.863064386848514,0,0,300,0.02,0.4411366581916809
2686,14.161451505818587,0,0,300,0.02,0.40733620524406433
2687,25.038656322959977,0,0,300,0.02,0.45723867416381836
2688,22.81783707857524,0,0,300,0.02,0.38494348526000977
2689,24.88107788960009,0,0,300,0.02,0.43492960929870605
2690,9.859902521763864,0,0,300,0.02,0.6258206963539124
2691,18.923351190094127,0,0,300,0.02,0.3435649573802948
2692,13.77783047914895,0,0,300,0.02,0.46744513511657715
2693,14.81912182569895,0,0,300,0.02,0.3921222984790802
2694,15.541261732582157,0,0,300,0.02,0.38658732175827026
2695,-2.0916622161865455,0,0,300,0.02,0.7604155540466309
2696,11.606077826026995,0,0,300,0.02,0.5203832983970642
2697,23.996960456375245,0,0,300,0.02,0.3651626408100128
2698,12.032941849235598,0,0,300,0.02,0.44366729259490967
2699,26.805467011932464,0,0,300,0.02,0.4305360019207001
2700,12.405841000083997,0,0,300,0.02,0.5004425048828125
2701,12.752614562515324,0,0,300,0.02,0.42874911427497864
2702,190.23063869238297,1,0,299,0.02,0.3417430818080902
2703,10.222280094627456,0,0,300,0.02,0.5313327312469482
2704,22.385268685821607,0,0,300,0.02,0.37808558344841003
2705,19.441336344876593,0,0,300,0.02,0.43736499547958374
2706,12.726970574859692,0,0,300,0.02,0.45516011118888855
2707,33.52863756418624,0,0,300,0.02,0.2897433638572693
2708,10.775600893501379,0,0,300,0.02,0.6205025315284729
2709,10.448407709602424,0,0,300,0.02,0.47230082750320435
2710,11.74349552393348,0,0,300,0.02,0.5235288739204407
2711,12.665023554959502,0,0,300,0.02,0.5164431929588318
2712,11.354168204465113,0,0,300,0.02,0.479157030582428
2713,11.44226285219581,0,0,300,0.02,0.5738370418548584
2714,16.12443818331152,0,0,300,0.02,0.44829320907592773
2715,3.9696507859269374,0,0,300,0.02,0.7119900584220886
2716,27.444574186805855,0,0,300,0.02,0.41325920820236206
2717,17.773131635192943,0,0,300,0.02,0.47611984610557556
2718,28.99231974045301,0,0,300,0.02,0.3846191465854645
2719,0.09742244005596129,0,0,300,0.02,0.6275471448898315
2720,11.526892673973165,0,0,300,0.02,0.5026795864105225
2721,13.776861383918893,0,0,300,0.02,0.4876874089241028
2722,14.55285039822124,0,0,300,0.02,0.5244864821434021
2723,10.951790993217541,0,0,300,0.02,0.44145500659942627
2724,12.309283785023911,0,0,300,0.02,0.46537813544273376
2725,17.61988264799512,0,0,300,0.02,0.39943209290504456
2726,-5.817451639971506,0,0,300,0.02,0.5970619916915894
2727,13.256628215316864,0,0,300,0.02,0.3952457010746002
2728,16.28062829256451,0,0,300,0.02,0.4592456817626953
2729,11.222378119626281,0,0,300,0.02,0.7196045517921448
2730,10.369658682350211,0,0,300,0.02,0.5944880843162537
2731,33.3713857007066,0,0,300,0.02,0.38405632972717285
2732,17.832196156982498,0,0,300,0.02,0.43385371565818787
2733,10.032757599357694,0,0,300,0.02,0.7687133550643921
2734,19.169665722050855,0,0,300,0.02,0.4002826511859894
2735,12.76538247347269,0,0,300,0.02,0.6130571365356445
2736,24.994128224853675,0,0,300,0.02,0.35087069869041443
2737,22.867504913810812,0,0,300,0.02,0.43502652645111084
2738,12.391580552258695,0,0,300,0.02,0.5173039436340332
2739,6.993891991772873,0,0,300,0.02,0.9467260837554932
2740,17.27569924274941,0,0,300,0.02,0.45627427101135254
2741,23.15902335882577,0,0,300,0.02,0.39214691519737244
2742,10.459222754636052,0,0,300,0.02,0.8103933930397034
2743,8.725860008397307,0,0,300,0.02,0.4437340795993805
2744,28.871344087127838,0,0,300,0.02,0.38156673312187195
2745,15.491060866513482,0,0,300,0.02,0.409933865070343
2746,11.50734968424232,0,0,300,0.02,0.6800653338432312
2747,17.368195531372145,0,0,300,0.02,0.44485387206077576
2748,9.829574921135007,0,0,300,0.02,0.44950902462005615
2749,7.882014054456002,0,0,300,0.02,1.2821955680847168
2750,4.632733964123962,0,0,300,0.02,1.2520155906677246
2751,22.908619806770457,0,0,300,0.02,0.38474780321121216
2752,24.838036677841327,0,0,300,0.02,0.3648935854434967
2753,22.78453057051097,0,0,300,0.02,0.38577011227607727
2754,18.780044457916404,0,0,300,0.02,0.4418916404247284
2755,33.94866521755717,0,0,300,0.02,0.3430327773094177
2756,8.803550967374068,0,0,300,0.02,0.6743113398551941
2757,34.986290175918754,0,0,300,0.02,0.34283021092414856
2758,21.402072896161346,0,0,300,0.02,0.39468085765838623
2759,13.192740595344606,0,0,300,0.02,0.37371760606765747
2760,24.46971949339307,0,0,300,0.02,0.44197288155555725
2761,23.794908778671402,0,0,300,0.02,0.4056755602359772
2762,28.66494753122727,0,0,300,0.02,0.4081658720970154
2763,11.876183149818504,0,0,300,0.02,0.5678569674491882
2764,13.085277478698806,0,0,300,0.02,0.4330833852291107
2765,10.165717982449756,0,0,300,0.02,0.7437695860862732
2766,10.075826539197175,0,0,300,0.02,0.45124244689941406
2767,10.779309408668588,0,0,300,0.02,0.4095754027366638
2768,16.191320540908936,0,0,300,0.02,0.45907261967658997
2769,24.32396951118975,0,0,300,0.02,0.3617067039012909
2770,22.100768277649024,0,0,300,0.02,0.3742106854915619
2771,-0.5015287804564237,0,0,300,0.02,0.4647849500179291
2772,17.84275461594134,0,0,300,0.02,0.38451042771339417
2773,11.978418595794754,0,0,300,0.02,0.4197981059551239
2774,27.904298989776677,0,0,300,0.02,0.3658280074596405
2775,33.93774710098768,0,0,300,0.02,0.3832623064517975
2776,16.221361339096163,0,0,300,0.02,0.466562420129776
2777,33.36191403627787,0,0,300,0.02,0.4464242458343506
2778,12.256047241691652,0,0,300,0.02,0.440390944480896
2779,22.471156370643683,0,0,300,0.02,0.3916136622428894
2780,11.324611113075356,0,0,300,0.02,0.7182499766349792
2781,18.902653682235794,0,0,300,0.02,0.4337393343448639
2782,12.502881735959287,0,0,300,0.02,0.7394786477088928
2783,13.310075447563268,0,0,300,0.02,0.5968838930130005
2784,21.35379660845192,0,0,300,0.02,0.3884536027908325
2785,29.57295240322617,0,0,300,0.02,0.3894609808921814
2786,10.055330533185227,0,0,300,0.02,0.7388664484024048
2787,13.737807872299271,0,0,300,0.02,0.44745078682899475
2788,11.252545378212055,0,0,300,0.02,0.6362664103507996
2789,17.01351679563912,0,0,300,0.02,0.4435235559940338
2790,27.73895570198562,0,0,300,0.02,0.3979601562023163
2791,15.006274336972435,0,0,300,0.02,0.4636304974555969
2792,11.793181250099249,0,0,300,0.02,0.5761074423789978
2793,14.539542381767358,0,0,300,0.02,0.5445171594619751
2794,28.44297841310895,0,0,300,0.02,0.4036581516265869
2795,28.54460721731577,0,0,300,0.02,0.4157509505748749
2796,9.709796636108507,0,0,300,0.02,0.4144535958766937
2797,11.59492526293191,0,0,300,0.02,0.5081714391708374
2798,32.7622582745591,0,0,300,0.02,0.4363381862640381
2799,12.718469216827486,0,0,300,0.02,0.4397854506969452
2800,11.72256036043556,0,0,300,0.02,0.5012626647949219
2801,173.66282716513075,1,0,289,0.02,0.3486959636211395
2802,12.578291262784235,0,0,300,0.02,0.563126266002655
2803,32.82159757852949,0,0,300,0.02,0.36400336027145386
2804,9.693392870430051,0,0,300,0.02,0.48855453729629517
2805,178.9289017224351,1,0,300,0.02,0.34967732429504395
2806,10.782416365150514,0,0,300,0.02,0.5037986636161804
2807,12.740271523002706,0,0,300,0.02,0.6218348741531372
2808,13.458945972923342,0,0,300,0.02,0.38716626167297363
2809,7.762027981285172,0,0,300,0.02,0.5038957595825195
2810,11.647146627906869,0,0,300,0.02,0.5126160979270935
2811,16.865520584587188,0,0,300,0.02,0.44302260875701904
2812,36.2098286318818,0,0,300,0.02,0.36444559693336487
2813,10.497966282371587,0,0,300,0.02,0.4424111843109131
2814,-0.8798670395228811,0,0,300,0.02,0.9151658415794373
2815,22.7124924461033,0,0,300,0.02,0.4395759701728821
2816,188.38879038095865,1,0,300,0.02,0.34970515966415405
2817,15.214480378631723,0,0,300,0.02,0.4782826602458954
2818,187.90449573755654,1,0,299,0.02,0.34827882051467896
2819,-136.1671247657114,0,1,289,0.02,1.2913830280303955
2820,20.849524228576737,0,0,300,0.02,0.4420216977596283
2821,181.57854469061286,1,0,298,0.02,0.3497665822505951
2822,18.516656010154794,0,0,300,0.02,0.4002387523651123
2823,12.152842433456481,0,0,300,0.02,0.4761921465396881
2824,9.855153071884242,0,0,300,0.02,0.4456144869327545
2825,11.503347599510251,0,0,300,0.02,0.4960658550262451
2826,12.04826632261669,0,0,300,0.02,0.43983617424964905
2827,18.472628945508244,0,0,300,0.02,0.4095418453216553
2828,32.68563097238935,0,0,300,0.02,0.38049501180648804
2829,33.49027478456893,0,0,300,0.02,0.3518340587615967
2830,16.353224537376516,0,0,300,0.02,0.3610966205596924
2831,13.030410296920895,0,0,300,0.02,0.46930018067359924
2832,22.071397359375066,0,0,300,0.02,0.47155341506004333
2833,33.36856014967358,0,0,300,0.02,0.33976271748542786
2834,15.853226821426473,0,0,300,0.02,0.42859604954719543
2835,9.398373297848899,0,0,300,0.02,0.4431057572364807
2836,20.885176885131944,0,0,300,0.02,0.43810853362083435
2837,18.271606895927516,0,0,300,0.02,0.43150103092193604
2838,34.13654710054793,0,0,300,0.02,0.3502659797668457
2839,11.976715142730798,0,0,300,0.02,0.4952239692211151
2840,28.742043583396985,0,0,300,0.02,0.34389185905456543
2841,12.044540894035407,0,0,300,0.02,0.4357675313949585
2842,32.08008479833993,0,0,300,0.02,0.3918815553188324
2843,12.622080310979097,0,0,300,0.02,0.4321790039539337
2844,9.139794638160813,0,0,300,0.02,0.6719540953636169
2845,23.501539425053817,0,0,300,0.02,0.45481422543525696
2846,33.55618558168806,0,0,300,0.02,0.3303563594818115
2847,12.914783508781516,0,0,300,0.02,0.7232068777084351
2848,11.796509745124906,0,0,300,0.02,0.6202753186225891
2849,186.97700148821264,1,0,297,0.02,0.340152382850647
2850,10.986662166122498,0,0,300,0.02,0.4827372133731842
2851,33.69667547623184,0,0,300,0.02,0.33853021264076233
2852,188.0707491517106,1,0,288,0.02,0.32921546697616577
2853,179.88450324774175,1,0,300,0.02,0.34827694296836853
2854,15.378938329223786,0,0,300,0.02,0.35216817259788513
2855,19.081278350357135,0,0,300,0.02,0.3990831673145294
2856,23.539368380704165,0,0,300,0.02,0.36035698652267456
2857,23.788765785698068,0,0,300,0.02,0.4022113084793091
2858,26.91016669035353,0,0,300,0.02,0.42186108231544495
2859,9.45426159143836,0,0,300,0.02,0.46833735704421997
2860,16.973741714958255,0,0,300,0.02,0.3734673261642456
2861,10.500555422309992,0,0,300,0.02,0.6067638993263245
2862,12.915334980491707,0,0,300,0.02,0.4755690097808838
2863,14.720381092229168,0,0,300,0.02,0.4301038086414337
2864,12.165825531486636,0,0,300,0.02,0.5079463720321655
2865,16.266734960083113,0,0,300,0.02,0.3777190148830414
2866,27.958978550438065,0,0,300,0.02,0.4271581172943115
2867,22.314786951545845,0,0,300,0.02,0.4382060170173645
2868,10.014357702735959,0,0,300,0.02,0.5383133292198181
2869,14.579239766601617,0,0,300,0.02,0.4970928132534027
2870,22.015023500923228,0,0,300,0.02,0.38564687967300415
2871,-5.902969152923466,0,0,300,0.02,0.44264504313468933
2872,12.28690628290564,0,0,300,0.02,0.5076761841773987
2873,31.936884334091257,0,0,300,0.02,0.4726816713809967
2874,13.409644033912738,0,0,300,0.02,0.6919917464256287
2875,15.589301998619234,0,0,300,0.02,0.40457725524902344
2876,27.718570859436102,0,0,300,0.02,0.39726004004478455
2877,18.095051626363,0,0,300,0.02,0.40643617510795593
2878,10.550565621856766,0,0,300,0.02,0.49926134943962097
2879,3.7119784061100436,0,0,300,0.02,1.3122044801712036
2880,14.468520262245265,0,0,300,0.02,0.5397726893424988
2881,11.755630600456314,0,0,300,0.02,0.5329951047897339
2882,12.765844194892965,0,0,300,0.02,0.4629417061805725
2883,22.261612269882267,0,0,300,0.02,0.4339996874332428
2884,12.588964273933485,0,0,300,0.02,0.4971616864204407
2885,11.301608075299464,0,0,300,0.02,0.6072970628738403
2886,20.985562632087795,0,0,300,0.02,0.40301209688186646
2887,13.154388496879657,0,0,300,0.02,0.5483056306838989
2888,23.7236572782185,0,0,300,0.02,0.38678476214408875
2889,22.579319989685192,0,0,300,0.02,0.4020727574825287
2890,12.865625774864267,0,0,300,0.02,0.45549631118774414
2891,23.456497959294584,0,0,300,0.02,0.3660745918750763
2892,11.091261990074226,0,0,300,0.02,0.4540872573852539
2893,173.20441870928207,1,0,263,0.02,0.343298077583313
2894,12.213348486427385,0,0,300,0.02,0.47856563329696655
2895,11.914538134732458,0,0,300,0.02,0.5790645480155945
2896,27.966484706405755,0,0,300,0.02,0.4002815783023834
2897,13.74458582163246,0,0,300,0.02,0.525756299495697
2898,13.413402998451339,0,0,300,0.02,0.4560520052909851
2899,16.46540217319986,0,0,300,0.02,0.3938485383987427
2900,22.717593669095248,0,0,300,0.02,0.38080066442489624
2901,22.587287108902046,0,0,300,0.02,0.43258097767829895
2902,23.225630991462815,0,0,300,0.02,0.44799500703811646
2903,5.246607693829769,0,0,300,0.02,1.101047158241272
2904,16.047824251655754,0,0,300,0.02,0.3974466919898987
2905,22.758880789283815,0,0,300,0.02,0.4246825575828552
2906,19.357916402020717,0,0,300,0.02,0.4207199811935425
2907,8.236597584882034,0,0,300,0.02,1.3260496854782104
2908,28.072761501469866,0,0,300,0.02,0.37700870633125305
2909,21.56639755964669,0,0,300,0.02,0.4303033649921417
2910,13.335108511451802,0,0,300,0.02,0.48312562704086304
2911,18.275066254142917,0,0,300,0.02,0.468136191368103
2912,8.352702529434278,0,0,300,0.02,0.4887271225452423
2913,17.01545327583816,0,0,300,0.02,0.3838357627391815
2914,6.896911381879095,0,0,300,0.02,0.8984712362289429
2915,11.129123419919225,0,0,300,0.02,0.5829182267189026
2916,22.42655268112684,0,0,300,0.02,0.39856091141700745
2917,18.119307925705066,0,0,300,0.02,0.3645757734775543
2918,11.413449714187717,0,0,300,0.02,0.4835403263568878
2919,12.123257321515318,0,0,300,0.02,0.6343847513198853
2920,33.59924011946117,0,0,300,0.02,0.40209272503852844
2921,23.731020400528102,0,0,300,0.02,0.4041476547718048
2922,15.626180675033638,0,0,300,0.02,0.387857586145401
2923,12.3891875863114,0,0,300,0.02,0.41210585832595825
2924,11.051314334073275,0,0,300,0.02,0.7298704981803894
2925,10.466176461377387,0,0,300,0.02,0.8061549663543701
2926,12.37289054155739,0,0,300,0.02,0.49368011951446533
2927,25.82277526140601,0,0,300,0.02,0.39870893955230713
2928,16.131207034591764,0,0,300,0.02,0.45410099625587463
2929,12.56869183779154,0,0,300,0.02,0.7047297954559326
2930,11.236278364662285,0,0,300,0.02,0.40283316373825073
2931,21.857978198532212,0,0,300,0.02,0.4724082052707672
2932,14.050016629699812,0,0,300,0.02,0.3968985974788666
2933,19.863386790756294,0,0,300,0.02,0.36355605721473694
2934,16.872882101539727,0,0,300,0.02,0.4686822295188904
2935,14.234422996048052,0,0,300,0.02,0.4982970058917999
2936,-2.905192237696413,0,0,300,0.02,0.416497141122818
2937,13.04608772039808,0,0,300,0.02,0.45788082480430603
2938,25.919905264381537,0,0,300,0.02,0.42192643880844116
2939,11.637264153961308,0,0,300,0.02,0.4150867164134979
2940,12.638029139045816,0,0,300,0.02,0.5448954701423645
2941,14.298999016288837,0,0,300,0.02,0.604653000831604
2942,15.629846651558035,0,0,300,0.02,0.49444109201431274
2943,18.530858310857067,0,0,300,0.02,0.4674845039844513
2944,11.185056660179193,0,0,300,0.02,0.4531385898590088
2945,6.4169175044682145,0,0,300,0.02,1.065969705581665
2946,13.02504073540236,0,0,300,0.02,0.4889388978481293
2947,27.97970756292739,0,0,300,0.02,0.4394758641719818
2948,-17.736572971344035,0,0,278,0.02,1.4991432428359985
2949,26.924651701454284,0,0,300,0.02,0.3582398295402527
2950,13.26182964563764,0,0,300,0.02,0.5114453434944153
2951,15.281595671180787,0,0,300,0.02,0.42650383710861206
2952,16.596304838661258,0,0,300,0.02,0.4053265452384949
2953,12.289660801091385,0,0,300,0.02,0.48528388142585754
2954,20.041131236557074,0,0,300,0.02,0.4591199457645416
2955,13.797991364006146,0,0,300,0.02,0.3924049139022827
2956,11.315143377784802,0,0,300,0.02,0.4981169104576111
2957,11.952423304715369,0,0,300,0.02,0.5020932555198669
2958,11.994924404625017,0,0,300,0.02,0.4706716537475586
2959,34.86014529148606,0,0,300,0.02,0.3351627588272095
2960,13.821766280331806,0,0,300,0.02,0.5172575116157532
2961,28.158290293220603,0,0,300,0.02,0.37983018159866333
2962,29.889497001175,0,0,300,0.02,0.36702850461006165
2963,12.74222973108681,0,0,300,0.02,0.6413453221321106
2964,11.51517695347331,0,0,300,0.02,0.7289048433303833
2965,11.911988079551797,0,0,300,0.02,0.5439057350158691
2966,11.510362894538979,0,0,300,0.02,0.4493120312690735
2967,9.935025490918386,0,0,300,0.02,0.5864427089691162
2968,13.236497662071303,0,0,300,0.02,0.6402783393859863
2969,6.82182558933758,0,0,300,0.02,1.1272426843643188
2970,12.021389696601938,0,0,300,0.02,0.4940553307533264
2971,18.40387696028151,0,0,300,0.02,0.4209335148334503
2972,22.121988176503404,0,0,300,0.02,0.4047020375728607
2973,11.681081011299193,0,0,300,0.02,0.57413250207901
2974,17.854705283645703,0,0,300,0.02,0.37322643399238586
2975,23.452008984092796,0,0,300,0.02,0.39890050888061523
2976,19.812219552197657,0,0,300,0.02,0.402144193649292
2977,15.640450260643128,0,0,300,0.02,0.414290189743042
2978,26.736208414235325,0,0,300,0.02,0.4011469781398773
2979,189.08939797163404,1,0,298,0.02,0.34455326199531555
2980,8.779646634259427,0,0,300,0.02,0.4902874231338501
2981,12.802753895917178,0,0,300,0.02,0.4145106077194214
2982,13.968221061233585,0,0,300,0.02,0.4498474895954132
2983,12.927936542038031,0,0,300,0.02,0.48991861939430237
2984,20.887041194442887,0,0,300,0.02,0.4051424562931061
2985,35.84895275990037,0,0,300,0.02,0.3454608917236328
2986,13.349992744926507,0,0,300,0.02,0.4169045686721802
2987,7.78190147399901,0,0,300,0.02,1.0220246315002441
2988,33.07058263222241,0,0,300,0.02,0.3875534236431122
2989,18.026029636863854,0,0,300,0.02,0.3878953456878662
2990,13.245800697807402,0,0,300,0.02,0.49795258045196533
2991,15.972102043632574,0,0,300,0.02,0.3563772439956665
2992,17.50800369978342,0,0,300,0.02,0.40740182995796204
2993,13.981918585304342,0,0,300,0.02,0.6389231085777283
2994,28.39289161920942,0,0,300,0.02,0.40117985010147095
2995,13.512306807045062,0,0,300,0.02,0.7213260531425476
2996,8.295444099907003,0,0,300,0.02,0.518041729927063
2997,4.182638428215151,0,0,300,0.02,0.5287431478500366
2998,14.744996966519578,0,0,300,0.02,0.48394984006881714
2999,3.5726023570682925,0,0,300,0.02,1.1895484924316406
3000,-3.199014693102602,0,0,300,0.02,1.9774527549743652
3001,0.45193159977459557,0,0,300,0.02,1.979716181755066
3002,-0.08112002452350271,0,0,300,0.02,1.9529790878295898
3003,0.2967333221435189,0,0,300,0.02,1.9733166694641113
3004,1.7277035609867526,0,0,300,0.02,2.0632731914520264
3005,1.850338230133019,0,0,300,0.02,1.8524154424667358
3006,4.541250614323878,0,0,300,0.02,0.4323864281177521
3007,6.714389046826591,0,0,300,0.02,0.7466018199920654
3008,15.489358451370325,0,0,300,0.02,0.4220631420612335
3009,9.87027665058632,0,0,300,0.02,0.520129919052124
3010,10.198381206993197,0,0,300,0.02,0.5248074531555176
3011,13.470309037366125,0,0,300,0.02,0.44762182235717773
3012,10.886692631248566,0,0,300,0.02,0.6252295970916748
3013,23.185617830757224,0,0,300,0.02,0.37299829721450806
3014,17.893946526054517,0,0,300,0.02,0.37591612339019775
3015,10.887843999066552,0,0,300,0.02,0.5032380819320679
3016,10.904117023948746,0,0,300,0.02,0.508373498916626
3017,14.672845928672862,0,0,300,0.02,0.4236912727355957
3018,12.324827702049337,0,0,300,0.02,0.4331958293914795
3019,14.571535796323035,0,0,300,0.02,0.47231513261795044
3020,22.43445842663309,0,0,300,0.02,0.3715844750404358
3021,11.793190859952182,0,0,300,0.02,0.5244013667106628
3022,14.28023657560739,0,0,300,0.02,0.4918436110019684
3023,12.647628993191923,0,0,300,0.02,0.4532918334007263
3024,9.884278938774193,0,0,300,0.02,0.5783330202102661
3025,19.641475622657865,0,0,300,0.02,0.45653384923934937
3026,191.22060178995525,1,0,299,0.02,0.32425230741500854
3027,183.04627168894203,1,0,279,0.02,0.34033483266830444
3028,17.41796926260385,0,0,300,0.02,0.3799104392528534
3029,22.577337429527372,0,0,300,0.02,0.40506839752197266
3030,22.052951578297826,0,0,300,0.02,0.4544611871242523
3031,11.732063254513966,0,0,300,0.02,0.554683268070221
3032,4.138430798057685,0,0,300,0.02,0.5247950553894043
3033,21.46220782995614,0,0,300,0.02,0.43135079741477966
3034,166.53553891897593,1,0,246,0.02,0.3430180251598358
3035,11.50433029413612,0,0,300,0.02,0.4783201813697815
3036,9.67914439440162,0,0,300,0.02,0.5271166563034058
3037,12.585621670880514,0,0,300,0.02,0.6212936639785767
3038,13.237114390530795,0,0,300,0.02,0.4909204840660095
3039,19.120256189503884,0,0,300,0.02,0.43763503432273865
3040,11.017119929794383,0,0,300,0.02,0.42012277245521545
3041,13.265469281677323,0,0,300,0.02,0.4630354344844818
3042,11.118100807670665,0,0,300,0.02,0.457377552986145
3043,12.362488968376235,0,0,300,0.02,0.4737805128097534
3044,13.351097176078865,0,0,300,0.02,0.43662846088409424
3045,9.048128051757791,0,0,300,0.02,1.3429679870605469
3046,11.824382684234697,0,0,300,0.02,0.49330708384513855
3047,8.34759831825754,0,0,300,0.02,0.4432995021343231
3048,12.621382138732985,0,0,300,0.02,0.4815572202205658
3049,10.66561906099708,0,0,300,0.02,0.445497989654541
3050,17.941966280141074,0,0,300,0.02,0.4147075116634369
3051,9.696864964965899,0,0,300,0.02,0.45768651366233826
3052,10.565149075988835,0,0,300,0.02,0.46061548590660095
3053,11.402836582664571,0,0,300,0.02,0.5361936092376709
3054,15.732942566075517,0,0,300,0.02,0.46696344017982483
3055,11.350164755978794,0,0,300,0.02,0.50015789270401
3056,22.509601671699603,0,0,300,0.02,0.39950233697891235
3057,12.324329116348336,0,0,300,0.02,0.4508204758167267
3058,19.110902454856944,0,0,300,0.02,0.4541771411895752
3059,13.422577466168606,0,0,300,0.02,0.5395547151565552
3060,11.026860288777543,0,0,300,0.02,0.41098400950431824
3061,10.208256568112596,0,0,300,0.02,0.5306349396705627
3062,12.527760047116473,0,0,300,0.02,0.6207590699195862
3063,173.73351905584724,1,0,290,0.02,0.34852299094200134
3064,9.330701820854241,0,0,300,0.02,0.5467272996902466
3065,15.085359480384943,0,0,300,0.02,0.46056288480758667
3066,14.579660046104511,0,0,300,0.02,0.45198774337768555
3067,12.23702622175603,0,0,300,0.02,0.417646199464798
3068,6.725453121666068,0,0,300,0.02,0.4455394744873047
3069,11.279590105214373,0,0,300,0.02,0.45280155539512634
3070,-11.24910519679521,0,0,292,0.02,1.377475380897522
3071,3.5337016701737465,0,0,300,0.02,0.5009773373603821
3072,186.07911283255012,1,0,298,0.02,0.34712454676628113
3073,176.71246608019266,1,0,266,0.02,0.34878623485565186
3074,1.545596312680507,0,0,300,0.02,0.661300003528595
3075,174.5953657412568,1,0,282,0.02,0.32056131958961487
3076,178.70266824007427,1,0,277,0.02,0.3437356948852539
3077,9.920060536865297,0,0,300,0.02,0.46938762068748474
3078,2.2339433217088027,0,0,300,0.02,0.41091692447662354
3079,2.841633179191712,0,0,300,0.02,0.446494460105896
3080,6.757112309132674,0,0,300,0.02,1.0015182495117188
3081,15.311098021664833,0,0,300,0.02,0.3999245762825012
3082,6.069360007443653,0,0,300,0.02,0.4778590798377991
3083,21.79291295448805,0,0,300,0.02,0.39197084307670593
3084,17.81272979021464,0,0,300,0.02,0.4162203073501587
3085,20.04592398405463,0,0,300,0.02,0.410421758890152
3086,14.061168882850742,0,0,300,0.02,0.3591105341911316
3087,10.50738203445933,0,0,300,0.02,0.43335357308387756
3088,16.352903311256483,0,0,300,0.02,0.40367692708969116
3089,2.9806935969975106,0,0,300,0.02,0.5075256824493408
3090,8.154864475730987,0,0,300,0.02,0.44818663597106934
3091,2.4291951966325156,0,0,300,0.02,0.532103955745697
3092,-0.6754417037964198,0,0,300,0.02,1.1788604259490967
3093,15.138504842915788,0,0,300,0.02,0.33307287096977234
3094,6.833088219169712,0,0,300,0.02,0.6261307001113892
3095,6.100697071556213,0,0,300,0.02,0.4267284870147705
3096,-1.3870132422407997,0,0,300,0.02,0.5286560654640198
3097,11.353536565307731,0,0,300,0.02,0.43851861357688904
3098,-20.912131984229905,0,0,300,0.02,0.5574357509613037
3099,8.301808421615709,0,0,300,0.02,0.3539506494998932
3100,176.56076508284008,1,0,279,0.02,0.3492114841938019
3101,26.16256391922499,0,0,300,0.02,0.3945581018924713
3102,-5.901223914619369,0,0,300,0.02,0.4147087335586548
3103,168.8943400502244,1,0,248,0.02,0.3483177423477173
3104,-9.168222751617453,0,0,300,0.02,0.5195556879043579
3105,-16.2268168759307,0,0,300,0.02,0.41110697388648987
3106,-6.526243648529075,0,0,300,0.02,0.4540609121322632
3107,-6.330241420265079,0,0,300,0.02,0.5319631099700928
3108,-30.12241904338332,0,0,300,0.02,1.0483038425445557
3109,-14.170503585334684,0,0,300,0.02,0.5570286512374878
3110,126.78538554191586,1,0,280,0.02,0.3486536145210266
3111,-14.55723881482687,0,0,300,0.02,0.5212124586105347
3112,20.14678792873881,0,0,300,0.02,0.34850209951400757
3113,174.35905222654733,1,0,272,0.02,0.33463969826698303
3114,-17.214043696726694,0,0,300,0.02,0.8368072509765625
3115,-1.8062611103058213,0,0,300,0.02,0.8140652775764465
3116,2.267384843030212,0,0,300,0.02,0.5758528709411621
3117,-0.15377466916645743,0,0,300,0.02,0.43784642219543457
3118,13.66892165581251,0,0,300,0.02,0.3479686677455902
3119,-2.5922944601390387,0,0,300,0.02,0.42577269673347473
3120,11.133174521926959,0,0,300,0.02,0.40610912442207336
3121,-1.2163378119429473,0,0,300,0.02,0.4634872078895569
3122,4.903550837043851,0,0,300,0.02,0.5860150456428528
3123,1.086262463727246,0,0,300,0.02,0.47613346576690674
3124,8.304683220390425,0,0,300,0.02,0.4332319498062134
3125,17.712504003051823,0,0,300,0.02,0.3837767541408539
3126,10.545588419441293,0,0,300,0.02,0.41300565004348755
3127,24.640905091766427,0,0,300,0.02,0.364176481962204
3128,10.862200209294373,0,0,300,0.02,0.762746274471283
3129,16.168268773559657,0,0,300,0.02,0.39483556151390076
3130,30.0523603940049,0,0,300,0.02,0.3313126564025879
3131,6.766269714836204,0,0,300,0.02,0.7603353261947632
3132,180.94889766931925,1,0,269,0.02,0.3496783375740051
3133,2.4251075482407654,0,0,300,0.02,0.9806258678436279
3134,30.38891613722236,0,0,300,0.02,0.3471737205982208
3135,14.440166585449285,0,0,300,0.02,0.39436110854148865
3136,186.31275979280863,1,0,273,0.02,0.34371280670166016
3137,4.984518015388578,0,0,300,0.02,0.5007732510566711
3138,4.620523741249183,0,0,300,0.02,0.5517718195915222
3139,8.898845318951807,0,0,300,0.02,0.6179877519607544
3140,-13.620608950457335,0,0,300,0.02,0.8028513193130493
3141,17.082819945816116,0,0,300,0.02,0.4561977684497833
3142,10.808923513893188,0,0,300,0.02,0.4996718764305115
3143,14.262003266815276,0,0,300,0.02,0.36890193819999695
3144,13.872938759330802,0,0,300,0.02,0.44616806507110596
3145,11.302336281934029,0,0,300,0.02,0.43961501121520996
3146,16.597105376724368,0,0,300,0.02,0.35512641072273254
3147,169.65926871061717,1,0,274,0.02,0.334585577249527
3148,30.875005554356832,0,0,300,0.02,0.32894769310951233
3149,9.880340422787858,0,0,300,0.02,0.4876139760017395
3150,30.742442314628754,0,0,300,0.02,0.43129217624664307
3151,13.173569962982238,0,0,300,0.02,0.4435102641582489
3152,28.673299782280093,0,0,300,0.02,0.39857780933380127
3153,15.063022954467856,0,0,300,0.02,0.42364701628685
3154,177.1318858790437,1,0,286,0.02,0.34643128514289856
3155,6.079634026685001,0,0,300,0.02,0.9977905750274658
3156,20.33438112020884,0,0,300,0.02,0.4583074748516083
3157,172.22584190130624,1,0,272,0.02,0.33044227957725525
3158,13.009446008209341,0,0,300,0.02,0.4370412528514862
3159,176.40265377760323,1,0,252,0.02,0.333739310503006
3160,19.21128669023902,0,0,300,0.02,0.4290810823440552
3161,12.056956004300305,0,0,300,0.02,0.5334600806236267
3162,1.8239834332505516,0,0,300,0.02,0.5509068965911865
3163,13.633552687171996,0,0,300,0.02,0.5085145831108093
3164,188.6200119185487,1,0,282,0.02,0.34939977526664734
3165,9.489809696678225,0,0,300,0.02,0.43195033073425293
3166,3.1026484751740684,0,0,300,0.02,0.4437406361103058
3167,11.45251760721595,0,0,300,0.02,0.481273353099823
3168,11.822390970387694,0,0,300,0.02,0.4321013391017914
3169,6.596768524650692,0,0,300,0.02,0.5827106237411499
3170,13.415363953117435,0,0,300,0.02,0.5080617666244507
3171,7.599992798962847,0,0,300,0.02,0.4227008819580078
3172,12.265460971989837,0,0,300,0.02,0.46383383870124817
3173,178.42806246042642,1,0,283,0.02,0.3423871397972107
3174,12.734831125740161,0,0,300,0.02,0.4556949734687805
3175,9.548004798093052,0,0,300,0.02,0.7181978821754456
3176,23.224797604087893,0,0,300,0.02,0.35570335388183594
3177,178.36712941885386,1,0,278,0.02,0.3451204001903534
3178,3.8101403069535467,0,0,300,0.02,0.4743676781654358
3179,-152.99135123332476,0,1,241,0.02,1.9055368900299072
3180,23.33378423452765,0,0,300,0.02,0.42595669627189636
3181,23.27097419500738,0,0,300,0.02,0.3541592061519623
3182,-14.655844956240445,0,0,300,0.02,0.8416603207588196
3183,8.806883976463387,0,0,300,0.02,0.5351817607879639
3184,6.978533151153654,0,0,300,0.02,0.3872694671154022
3185,16.63049743572733,0,0,300,0.02,0.3975747227668762
3186,182.75779902697002,1,0,285,0.02,0.3474529981613159
3187,31.991787261166767,0,0,300,0.02,0.39225226640701294
3188,24.079259650711162,0,0,300,0.02,0.45958784222602844
3189,16.718785388473577,0,0,300,0.02,0.44720640778541565
3190,31.949504053596623,0,0,300,0.02,0.3720267415046692
3191,9.826761888661565,0,0,300,0.02,0.42850860953330994
3192,32.16066140890512,0,0,300,0.02,0.359237402677536
3193,179.48797510862738,1,0,293,0.02,0.3499089777469635
3194,186.25844091177373,1,0,295,0.02,0.3322925269603729
3195,-31.605526505312632,0,0,300,0.02,0.884080708026886
3196,12.742117135528634,0,0,300,0.02,0.4063734710216522
3197,172.57364706755075,1,0,272,0.02,0.34349098801612854
3198,170.28785675764476,1,0,276,0.02,0.32493856549263
3199,-9.035574638839599,0,0,300,0.02,0.43079641461372375
3200,-31.758065996966128,0,0,300,0.02,1.2347155809402466
3201,-13.935644309516828,0,0,300,0.02,0.63581383228302
3202,2.1262128917363015,0,0,300,0.02,0.41864585876464844
3203,27.87047790766151,0,0,300,0.02,0.34928327798843384
3204,10.681429226402381,0,0,300,0.02,0.6065454483032227
3205,2.3600452971497816,0,0,300,0.02,0.4743914306163788
3206,11.830099505582048,0,0,300,0.02,0.39517420530319214
3207,18.508919718269414,0,0,300,0.02,0.3796728253364563
3208,11.572294213775699,0,0,300,0.02,0.45132920145988464
3209,6.006669739880791,0,0,300,0.02,0.6785316467285156
3210,5.394476158622838,0,0,300,0.02,0.4657837152481079
3211,13.294830257092514,0,0,300,0.02,0.4320887625217438
3212,16.020541856292795,0,0,300,0.02,0.3942672908306122
3213,16.6707507920304,0,0,300,0.02,0.4467150568962097
3214,27.78751379251873,0,0,300,0.02,0.3875243067741394
3215,3.358069341186649,0,0,300,0.02,0.4898854196071625
3216,-4.143614683947312,0,0,300,0.02,1.6186027526855469
3217,11.779577516713353,0,0,300,0.02,0.4653047025203705
3218,29.936319930557342,0,0,300,0.02,0.3303227722644806
3219,148.590010716919,1,0,293,0.02,0.346900075674057
3220,7.191927626136906,0,0,300,0.02,0.6339208483695984
3221,3.956482098106502,0,0,300,0.02,0.5602822303771973
3222,5.466925604347312,0,0,300,0.02,0.5101713538169861
3223,25.155942194465712,0,0,300,0.02,0.40291720628738403
3224,13.745797107223572,0,0,300,0.02,0.46295347809791565
3225,12.470737855438301,0,0,300,0.02,0.46171829104423523
3226,20.43733341932686,0,0,300,0.02,0.4475694000720978
3227,7.624345454373604,0,0,300,0.02,0.5691127181053162
3228,35.821613500122155,0,0,300,0.02,0.31899937987327576
3229,23.940638870396814,0,0,300,0.02,0.38003936409950256
3230,159.07746833086406,1,0,263,0.02,0.3450356721878052
3231,8.032381412986817,0,0,300,0.02,0.4663074016571045
3232,16.574716212753376,0,0,300,0.02,0.42572370171546936
3233,18.50028065443433,0,0,300,0.02,0.4218325912952423
3234,11.190911252502508,0,0,300,0.02,0.479174941778183
3235,12.91309202433022,0,0,300,0.02,0.6236297488212585
3236,12.913441619076933,0,0,300,0.02,0.6968386769294739
3237,13.820645293393342,0,0,300,0.02,0.5950377583503723
3238,15.313095257286133,0,0,300,0.02,0.4086289405822754
3239,-19.235563659668014,0,0,270,0.02,1.5213909149169922
3240,22.029006216529922,0,0,300,0.02,0.4296512007713318
3241,17.045166715779562,0,0,300,0.02,0.38890740275382996
3242,12.893827869896006,0,0,300,0.02,0.5209457874298096
3243,-0.6805053138733343,0,0,300,0.02,1.6601263284683228
3244,14.073625776771623,0,0,300,0.02,0.543496310710907
3245,12.7660344481507,0,0,300,0.02,0.49289414286613464
3246,12.450034582618764,0,0,300,0.02,0.571894109249115
3247,21.622861187461925,0,0,300,0.02,0.4236874580383301
3248,13.174318336644372,0,0,300,0.02,0.4916194975376129
3249,12.580762598518438,0,0,300,0.02,0.6042121052742004
3250,9.556903032460417,0,0,300,0.02,0.4909733235836029
3251,14.545320532325851,0,0,300,0.02,0.5630726218223572
3252,-16.246778441271548,0,0,273,0.02,1.5093936920166016
3253,-15.135856505236415,0,0,270,0.02,1.6266632080078125
3254,13.946821501258917,0,0,300,0.02,0.4076973795890808
3255,14.22666907549293,0,0,300,0.02,0.5127354860305786
3256,11.364757975735868,0,0,300,0.02,0.52150958776474
3257,11.933967359069909,0,0,300,0.02,0.4934109151363373
3258,12.787355067733836,0,0,300,0.02,0.4350639879703522
3259,1.5230369941379887,0,0,300,0.02,0.7519398331642151
3260,10.536331508163515,0,0,300,0.02,0.4278198778629303
3261,22.284330093864522,0,0,300,0.02,0.3633202314376831
3262,0.33213974873090824,0,0,300,0.02,1.6696641445159912
3263,1.2270998279240115,0,0,300,0.02,1.6734241247177124
3264,13.462702763084502,0,0,300,0.02,0.5187270641326904
3265,7.7971967212345445,0,0,300,0.02,0.6983999013900757
3266,4.948673056760077,0,0,300,0.02,0.7105308175086975
3267,8.072172377113413,0,0,300,0.02,0.5438596606254578
3268,3.6544192020084734,0,0,300,0.02,1.5890942811965942
3269,11.715042288307275,0,0,300,0.02,0.49814218282699585
3270,5.477658355239957,0,0,300,0.02,0.4399881660938263
3271,15.639463388923707,0,0,300,0.02,0.3995369076728821
3272,31.518845829167592,0,0,300,0.02,0.4079876244068146
3273,13.69937772671242,0,0,300,0.02,0.43535465002059937
3274,14.26433636427314,0,0,300,0.02,0.4758186638355255
3275,12.801176766553137,0,0,300,0.02,0.5424048900604248
3276,15.834310524467554,0,0,300,0.02,0.42082512378692627
3277,156.6932645249406,1,0,243,0.02,0.34358662366867065
3278,23.167505824569844,0,0,300,0.02,0.3925262987613678
3279,5.889767235913504,0,0,300,0.02,0.9802572727203369
3280,7.589208300117569,0,0,300,0.02,0.40460067987442017
3281,8.894785594144064,0,0,300,0.02,0.5740026831626892
3282,-9.226304560503715,0,0,300,0.02,1.046775221824646
3283,-15.554240429397497,0,0,300,0.02,0.4354628622531891
3284,3.3092445015946277,0,0,300,0.02,0.39459162950515747
3285,-5.0497046160658625,0,0,300,0.02,0.5643289089202881
3286,-2.267907648882621,0,0,300,0.02,0.43217599391937256
3287,10.764193896451198,0,0,300,0.02,0.589150607585907
3288,-12.235075486506387,0,0,300,0.02,0.7970651984214783
3289,-25.811078433990478,0,0,300,0.02,0.48276960849761963
3290,-66.8287378414485,0,0,300,0.02,1.114883542060852
3291,1.6744890809098527,0,0,300,0.02,0.5407804846763611
3292,-9.271739120483424,0,0,300,0.02,0.5379347801208496
3293,-14.991737260818475,0,0,300,0.02,0.40043431520462036
3294,13.260570849576217,0,0,300,0.02,0.580056369304657
3295,28.78249907732399,0,0,300,0.02,0.37377798557281494
3296,7.66852428675086,0,0,300,0.02,0.46977168321609497
3297,14.081945745948907,0,0,300,0.02,0.44641631841659546
3298,-7.9635454781903245,0,0,300,0.02,0.8166826963424683
3299,15.27653004885113,0,0,300,0.02,0.44277024269104004
3300,-8.412204196449188,0,0,300,0.02,0.6899538040161133
3301,21.428903224472123,0,0,300,0.02,0.39967694878578186
3302,7.213094427589504,0,0,300,0.02,0.5036291480064392
3303,16.13251464128888,0,0,300,0.02,0.328774094581604
3304,14.74579862833412,0,0,300,0.02,0.580453097820282
3305,1.287426175275082,0,0,300,0.02,1.6608425378799438
3306,5.368378393653988,0,0,300,0.02,0.5998081564903259
3307,6.030824364819769,0,0,300,0.02,0.7249929904937744
3308,10.277383496765196,0,0,300,0.02,0.45005688071250916
3309,12.851251528266975,0,0,300,0.02,0.46158987283706665
3310,15.796174266342254,0,0,300,0.02,0.39535918831825256
3311,34.43521694103744,0,0,300,0.02,0.3363948464393616
3312,20.417761509422366,0,0,300,0.02,0.3874623775482178
3313,6.031918718818778,0,0,300,0.02,0.5489230751991272
3314,12.850068418983525,0,0,300,0.02,0.5668856501579285
3315,-0.45079676707721505,0,0,300,0.02,1.6928982734680176
3316,24.220555304684854,0,0,300,0.02,0.38006025552749634
3317,16.941133148674094,0,0,300,0.02,0.3666194677352905
3318,21.423978507522666,0,0,300,0.02,0.4784081280231476
3319,8.936535166897972,0,0,300,0.02,0.6510652899742126
3320,26.863793842796394,0,0,300,0.02,0.3509542942047119
3321,176.5803828692475,1,0,295,0.02,0.3418070375919342
3322,-13.070309219360382,0,0,260,0.02,1.690077304840088
3323,27.640770323280385,0,0,300,0.02,0.3792101740837097
3324,25.480236070159982,0,0,300,0.02,0.3593437373638153
3325,2.9307567524948857,0,0,300,0.02,0.5092135667800903
3326,180.29406106233986,1,0,292,0.02,0.33838748931884766
3327,20.745183479789826,0,0,300,0.02,0.38560688495635986
3328,10.566616280082776,0,0,300,0.02,0.5477486848831177
3329,28.154386384491023,0,0,300,0.02,0.40080615878105164
3330,11.888173673156793,0,0,300,0.02,0.40235933661460876
3331,16.486787550453244,0,0,300,0.02,0.4452058672904968
3332,-12.611071109771775,0,0,267,0.02,1.5902677774429321
3333,17.709616177085966,0,0,300,0.02,0.4519987106323242
3334,12.22425049066931,0,0,300,0.02,0.4958401322364807
3335,1.5775387279179098,0,0,300,0.02,1.4783143997192383
3336,14.173003671173191,0,0,300,0.02,0.4936518371105194
3337,3.9936001674320694,0,0,300,0.02,1.5092990398406982
3338,9.777025775113334,0,0,300,0.02,0.6984426379203796
3339,13.049562443890784,0,0,300,0.02,0.4828084707260132
3340,176.04361026525885,1,0,283,0.02,0.32100018858909607
3341,2.262884204391599,0,0,300,0.02,0.42618170380592346
3342,17.04673852364083,0,0,300,0.02,0.4285144507884979
3343,5.8712953162232,0,0,300,0.02,0.4715789258480072
3344,193.28557276487743,1,0,284,0.02,0.3405095636844635
3345,21.88727856079598,0,0,300,0.02,0.3708794414997101
3346,15.743556969169672,0,0,300,0.02,0.44351351261138916
3347,165.79797899485024,1,0,289,0.02,0.33740800619125366
3348,-0.785479533668398,0,0,300,0.02,0.5807726383209229
3349,11.788649866584853,0,0,300,0.02,0.4522402882575989
3350,8.858145878318895,0,0,300,0.02,0.3973662853240967
3351,0.6934614110032726,0,0,300,0.02,0.5185374021530151
3352,7.81147619167829,0,0,300,0.02,0.9723300337791443
3353,17.32431533575446,0,0,300,0.02,0.4633239209651947
3354,5.813779914383026,0,0,300,0.02,0.3559577763080597
3355,10.543207209114163,0,0,300,0.02,0.44360095262527466
3356,177.38950786352547,1,0,299,0.02,0.3395257890224457
3357,11.756911281743246,0,0,300,0.02,0.4034712612628937
3358,7.6871658873597175,0,0,300,0.02,0.46761128306388855
3359,2.7693863479282896,0,0,300,0.02,0.7578524947166443
3360,16.243877758183686,0,0,300,0.02,0.43422964215278625
3361,-13.592366019091342,0,0,300,0.02,1.0732905864715576
3362,178.1813286566773,1,0,298,0.02,0.3365705907344818
3363,2.0349444095280282,0,0,300,0.02,0.8314629793167114
3364,10.375901010040357,0,0,300,0.02,0.45042750239372253
3365,10.969800089993722,0,0,300,0.02,0.8427490592002869
3366,13.622330625061112,0,0,300,0.02,0.43382009863853455
3367,3.8391256523132133,0,0,300,0.02,1.670218586921692
3368,4.796269005933041,0,0,300,0.02,1.753631830215454
3369,1.6960838214542884,0,0,300,0.02,1.896178126335144
3370,-3.9263109882685927,0,0,300,0.02,2.236776828765869
3371,1.865617608227963,0,0,300,0.02,1.3062946796417236
3372,177.08431678533947,1,0,294,0.02,0.34332355856895447
3373,12.063021080497803,0,0,300,0.02,0.4636474847793579
3374,162.71483233690654,1,0,277,0.02,0.33569467067718506
3375,12.587818100456321,0,0,300,0.02,0.4724482297897339
3376,12.500551960472173,0,0,300,0.02,0.4492647647857666
3377,20.251369032063682,0,0,300,0.02,0.47485682368278503
3378,9.252485922970983,0,0,300,0.02,0.5420776009559631
3379,12.54088888407144,0,0,300,0.02,0.5841805338859558
3380,22.463743913177556,0,0,300,0.02,0.4184667766094208
3381,16.10553512335213,0,0,300,0.02,0.47301897406578064
3382,10.298106830123954,0,0,300,0.02,0.442376047372818
3383,-15.57495282252765,0,0,255,0.02,1.8339372873306274
3384,-2.3399375637385758,0,0,300,0.02,1.9276834726333618
3385,-2.5561046218872416,0,0,300,0.02,1.7740261554718018
3386,7.429460505643141,0,0,300,0.02,0.6978339552879333
3387,-4.509862881502853,0,0,300,0.02,0.6926648020744324
3388,-270.99075685501106,0,1,272,0.02,1.6576892137527466
3389,4.873193352226389,0,0,300,0.02,0.623604416847229
3390,-131.35213121414188,0,1,207,0.02,1.7530328035354614
3391,3.8391288844730886,0,0,300,0.02,1.6404168605804443
3392,4.6188143467942595,0,0,300,0.02,0.44469916820526123
3393,7.815996293225518,0,0,300,0.02,1.013700008392334
3394,5.495381240048646,0,0,300,0.02,0.906353771686554
3395,7.942284859814876,0,0,300,0.02,1.0846278667449951
3396,-98.24035819133252,0,0,300,0.02,1.1002886295318604
3397,0.2339196968078301,0,0,300,0.02,1.7740200757980347
3398,1.1165283672001403,0,0,300,0.02,1.4310669898986816
3399,-60.72681617736817,0,0,300,0.02,1.431704044342041
3400,7.541126568321339,0,0,300,0.02,0.7041211128234863
3401,6.090733460583921,0,0,300,0.02,1.4575157165527344
3402,4.927012882232634,0,0,300,0.02,1.5707467794418335
3403,4.730098961987738,0,0,300,0.02,1.6276743412017822
3404,2.6101931277897434,0,0,300,0.02,1.2501507997512817
3405,5.542946767010922,0,0,300,0.02,1.5369623899459839
3406,5.265953587689641,0,0,300,0.02,1.5062106847763062
3407,5.02198000828288,0,0,300,0.02,1.6697040796279907
3408,-0.8204231174800218,0,0,300,0.02,1.5178048610687256
3409,4.0792211341857545,0,0,300,0.02,1.5126947164535522
3410,2.6951129428532172,0,0,300,0.02,1.6364208459854126
3411,2.2730776214599255,0,0,300,0.02,1.6542305946350098
3412,5.875668296813927,0,0,300,0.02,1.6585829257965088
3413,4.216043099560975,0,0,300,0.02,1.5336883068084717
3414,6.686933182873967,0,0,300,0.02,1.6759657859802246
3415,29.225473787788452,0,0,300,0.02,0.36303430795669556
3416,7.080701207318553,0,0,300,0.02,0.6900237798690796
3417,4.110649651684991,0,0,300,0.02,1.6125366687774658
3418,19.599069941047752,0,0,300,0.02,0.3846352696418762
3419,176.14358675718694,1,0,298,0.02,0.3460060656070709
3420,13.164553040662051,0,0,300,0.02,0.4240608215332031
3421,3.4644119540836873,0,0,300,0.02,1.5015960931777954
3422,6.984185227551698,0,0,300,0.02,0.941652774810791
3423,2.856602439880319,0,0,300,0.02,1.6633493900299072
3424,-12.344867839813258,0,0,258,0.02,1.676216959953308
3425,170.60482630491651,1,0,265,0.02,0.3481961786746979
3426,8.061463377479647,0,0,300,0.02,0.49653691053390503
3427,9.042345016006538,0,0,300,0.02,0.4563165009021759
3428,19.05848939657601,0,0,300,0.02,0.3547804057598114
3429,20.69744374037178,0,0,300,0.02,0.3675418198108673
3430,11.251794211868352,0,0,300,0.02,0.4414542019367218
3431,31.500059731010513,0,0,300,0.02,0.4143878221511841
3432,22.028801915649485,0,0,300,0.02,0.4047022759914398
3433,9.855457484726061,0,0,300,0.02,0.4330383837223053
3434,25.19605375528728,0,0,300,0.02,0.39788931608200073
3435,8.02455998817944,0,0,300,0.02,0.46405908465385437
3436,3.0705118346253553,0,0,300,0.02,0.4617747962474823
3437,175.30605642557535,1,0,256,0.02,0.34788864850997925
3438,26.705838568214524,0,0,300,0.02,0.3629431128501892
3439,180.37018234968573,1,0,298,0.02,0.3393571674823761
3440,171.12358519792946,1,0,286,0.02,0.34350645542144775
3441,175.50596470594797,1,0,275,0.02,0.33541157841682434
3442,181.23930535555277,1,0,300,0.02,0.347076416015625
3443,27.834670579437336,0,0,300,0.02,0.33823511004447937
3444,4.146406773724806,0,0,300,0.02,1.056097388267517
3445,9.963513096966949,0,0,300,0.02,0.7468208074569702
3446,14.008637713589872,0,0,300,0.02,0.695539653301239
3447,7.658033551373736,0,0,300,0.02,1.0056906938552856
3448,3.547933113578914,0,0,300,0.02,0.5599194765090942
3449,11.440584776405428,0,0,300,0.02,0.4267565608024597
3450,4.681055325665709,0,0,300,0.02,1.2699352502822876
3451,175.7686265873948,1,0,273,0.02,0.34974610805511475
3452,3.837621792950868,0,0,300,0.02,1.6282936334609985
3453,4.964893788495293,0,0,300,0.02,1.6239756345748901
3454,3.029298336509827,0,0,300,0.02,0.4445781707763672
3455,30.897134110931493,0,0,300,0.02,0.4501192271709442
3456,20.822425735000675,0,0,300,0.02,0.36629632115364075
3457,22.726870477203427,0,0,300,0.02,0.34018513560295105
3458,5.114738740124938,0,0,300,0.02,1.5415143966674805
3459,182.80818598986065,1,0,289,0.02,0.34985625743865967
3460,10.632114093307584,0,0,300,0.02,0.48387423157691956
3461,173.3780737376252,1,0,296,0.02,0.3298843204975128
3462,2.94052792469527,0,0,300,0.02,1.2025671005249023
3463,12.227217953208998,0,0,300,0.02,0.4600982666015625
3464,169.8301557850877,1,0,282,0.02,0.344363808631897
3465,185.97540808916486,1,0,286,0.02,0.32805073261260986
3466,3.874904308319065,0,0,300,0.02,1.571273922920227
3467,32.03409711599741,0,0,300,0.02,0.3833784759044647
3468,33.033494799141074,0,0,300,0.02,0.3335290551185608
3469,2.4370982766190847,0,0,300,0.02,0.40012818574905396
3470,12.069099447731096,0,0,300,0.02,0.4946278929710388
3471,194.2253580308,1,0,293,0.02,0.3305632472038269
3472,9.84266162792706,0,0,300,0.02,0.7895336747169495
3473,1.0656584477463809,0,0,300,0.02,0.4579881429672241
3474,182.5863499093095,1,0,290,0.02,0.34531527757644653
3475,17.354916779998835,0,0,300,0.02,0.3781735599040985
3476,190.01137359857955,1,0,297,0.02,0.33655935525894165
3477,35.62248498201768,0,0,300,0.02,0.5537815093994141
3478,184.1230145239869,1,0,277,0.02,0.33864912390708923
3479,177.82663497209936,1,0,294,0.02,0.3227440118789673
3480,34.49065735578933,0,0,300,0.02,0.3592384159564972
3481,186.46586473703772,1,0,291,0.02,0.34793657064437866
3482,37.65308242241409,0,0,300,0.02,0.3794284760951996
3483,188.36146012545026,1,0,295,0.02,0.33153772354125977
3484,189.53072918177045,1,0,295,0.02,0.34422045946121216
3485,36.35412915945442,0,0,300,0.02,0.3458704650402069
3486,183.51082074404155,1,0,292,0.02,0.3466975688934326
3487,182.64088237524427,1,0,295,0.02,0.3466821610927582
3488,184.85100573778544,1,0,278,0.02,0.3416513204574585
3489,15.798764412406983,0,0,300,0.02,0.354711651802063
3490,183.06483511686713,1,0,295,0.02,0.345693975687027
3491,189.2967671132127,1,0,285,0.02,0.337710976600647
3492,189.86230190039075,1,0,291,0.02,0.3413272798061371
3493,192.55305591822068,1,0,294,0.02,0.34613877534866333
3494,183.7210999321977,1,0,281,0.02,0.34662777185440063
3495,171.0950555348436,1,0,291,0.02,0.34563887119293213
3496,187.16466319799812,1,0,293,0.02,0.3407369554042816
3497,190.86301169157423,1,0,280,0.02,0.34614983201026917
3498,186.5709739279786,1,0,276,0.02,0.34665927290916443
3499,188.44140998602307,1,0,289,0.02,0.34405025839805603
3500,191.8597022557298,1,0,270,0.02,0.3294771909713745
3501,172.7397014021912,1,0,288,0.02,0.3244774043560028
3502,29.047026102546848,0,0,300,0.02,0.41764622926712036
3503,182.78113199949658,1,0,294,0.02,0.34661975502967834
3504,181.3085806822816,1,0,296,0.02,0.3472575843334198
3505,178.31549529791272,1,0,284,0.02,0.3455289304256439
3506,188.68010965109266,1,0,300,0.02,0.344375342130661
3507,13.43493123770151,0,0,300,0.02,0.35566994547843933
3508,180.8093375515977,1,0,295,0.02,0.34956836700439453
3509,32.40705687761699,0,0,300,0.02,0.42263853549957275
3510,187.88507627725988,1,0,284,0.02,0.34563368558883667
3511,186.2433801674882,1,0,297,0.02,0.3460577130317688
3512,180.0576240086595,1,0,278,0.02,0.34249675273895264
3513,178.85000725984966,1,0,292,0.02,0.34690093994140625
3514,169.5199580168763,1,0,279,0.02,0.34441325068473816
3515,188.65305402040875,1,0,287,0.02,0.34863924980163574
3516,191.0314199996034,1,0,291,0.02,0.34404775500297546
3517,29.88099605003857,0,0,300,0.02,0.38745006918907166
3518,187.03881441355148,1,0,291,0.02,0.3371991515159607
3519,8.901910960678162,0,0,300,0.02,0.4839250147342682
3520,177.7727225804368,1,0,280,0.02,0.3387221097946167
3521,185.46083284616864,1,0,288,0.02,0.3316945433616638
3522,192.18299627542882,1,0,296,0.02,0.33615368604660034
3523,187.36467297315988,1,0,296,0.02,0.3407345116138458
3524,190.35262175798812,1,0,290,0.02,0.3462473154067993
3525,23.592904136184778,0,0,300,0.02,0.33867672085762024
3526,175.58263631105808,1,0,299,0.02,0.3487436771392822
3527,35.079507539276186,0,0,300,0.02,0.3795258700847626
3528,199.1289259219209,1,0,297,0.02,0.34967127442359924
3529,188.04308568239603,1,0,297,0.02,0.33613133430480957
3530,188.78805970907604,1,0,287,0.02,0.3398878276348114
3531,189.95457998991407,1,0,291,0.02,0.3407577574253082
3532,32.428711431030344,0,0,300,0.02,0.309724897146225
3533,182.52368020773326,1,0,266,0.02,0.34348270297050476
3534,26.60912190834548,0,0,300,0.02,0.34291860461235046
3535,13.482578566078228,0,0,300,0.02,0.3987581133842468
3536,186.07142272234358,1,0,282,0.02,0.33904707431793213
3537,34.3780855123189,0,0,300,0.02,0.3456777036190033
3538,175.82178786039745,1,0,295,0.02,0.3389557898044586
3539,31.06760944605263,0,0,300,0.02,0.4000003933906555
3540,-1.761545339426731,0,0,300,0.02,0.49058541655540466
3541,29.55241525888832,0,0,300,0.02,0.3387989401817322
3542,38.2416495919267,0,0,300,0.02,0.37399035692214966
3543,32.6882056355516,0,0,300,0.02,0.4373513460159302
3544,185.83908661604315,1,0,290,0.02,0.34963110089302063
3545,189.37340041399395,1,0,294,0.02,0.3410526514053345
3546,183.06359376192486,1,0,294,0.02,0.3385043144226074
3547,188.49966551065836,1,0,297,0.02,0.3219863772392273
3548,33.17116739988722,0,0,300,0.02,0.3141109049320221
3549,190.45470427751937,1,0,294,0.02,0.3282266855239868
3550,29.416681592468326,0,0,300,0.02,0.3252323567867279
3551,190.9005408930818,1,0,293,0.02,0.3292675316333771
3552,34.31961386919409,0,0,300,0.02,0.34699928760528564
3553,181.96489877462773,1,0,299,0.02,0.34567806124687195
3554,189.4794253802339,1,0,294,0.02,0.3420464098453522
3555,192.36630067587294,1,0,300,0.02,0.34532758593559265
3556,36.62698558250928,0,0,300,0.02,0.3809526860713959
3557,184.74662278891003,1,0,277,0.02,0.3477470576763153
3558,172.69497384786996,1,0,286,0.02,0.3381592929363251
3559,-1.8917935713145506,0,0,300,0.02,0.480647474527359
3560,32.32668395281233,0,0,300,0.02,0.35023176670074463
3561,190.5195495677034,1,0,282,0.02,0.33451536297798157
3562,21.696933591369802,0,0,300,0.02,0.4476693570613861
3563,188.95457998991407,1,0,295,0.02,0.3407577574253082
3564,4.648918383125464,0,0,300,0.02,0.46717315912246704
3565,5.142791006569028,0,0,300,0.02,0.5262050032615662
3566,190.2416835713426,1,0,293,0.02,0.34398186206817627
3567,183.6876642108003,1,0,287,0.02,0.3499867022037506
3568,39.014607133069326,0,0,300,0.02,0.3540472984313965
3569,180.07959559202587,1,0,286,0.02,0.3370038568973541
3570,182.72342702627574,1,0,287,0.02,0.34854599833488464
3571,18.490042242207792,0,0,300,0.02,0.3526885211467743
3572,191.60427779436506,1,0,286,0.02,0.34083330631256104
3573,34.596548847356104,0,0,300,0.02,0.33106186985969543
3574,171.82546084642806,1,0,287,0.02,0.34553754329681396
3575,186.00301427603165,1,0,290,0.02,0.3361491858959198
3576,170.55175843477645,1,0,296,0.02,0.3439631462097168
3577,35.24067801714338,0,0,300,0.02,0.36923325061798096
3578,37.848084042076216,0,0,300,0.02,0.4998817443847656
3579,188.7769229102174,1,0,291,0.02,0.33517202734947205
3580,25.637706444267366,0,0,300,0.02,0.6399761438369751
3581,27.84097295046242,0,0,300,0.02,0.371659517288208
3582,-140.60209075053666,0,1,220,0.02,1.6082217693328857
3583,17.60797510544319,0,0,300,0.02,0.4657053053379059
3584,38.88947135687271,0,0,300,0.02,0.3945349156856537
3585,180.0810665249864,1,0,283,0.02,0.33913612365722656
3586,188.40988876581585,1,0,288,0.02,0.3469305634498596
3587,32.36087428808606,0,0,300,0.02,0.41418418288230896
3588,40.45132153431443,0,0,300,0.02,0.3048686981201172
3589,182.84873429537214,1,0,292,0.02,0.334719181060791
3590,189.7875356459657,1,0,293,0.02,0.3350188434123993
3591,186.6980752587357,1,0,299,0.02,0.32238394021987915
3592,189.32676874399579,1,0,287,0.02,0.3277105689048767
3593,193.93259992361465,1,0,292,0.02,0.34125277400016785
3594,184.39346493482984,1,0,289,0.02,0.34853652119636536
3595,195.38526021719375,1,0,300,0.02,0.34558770060539246
3596,188.21138042211925,1,0,285,0.02,0.3440576493740082
3597,32.05645265499618,0,0,300,0.02,0.3960859179496765
3598,190.45088140249646,1,0,284,0.02,0.34168240427970886
3599,32.00487727562452,0,0,300,0.02,0.3889797627925873
3600,189.26663481951152,1,0,289,0.02,0.34524405002593994
3601,181.16417600870528,1,0,270,0.02,0.34585875272750854
3602,182.48414997339643,1,0,285,0.02,0.333365261554718
3603,190.93026559591686,1,0,279,0.02,0.3493363559246063
3604,185.30240394354254,1,0,296,0.02,0.3413017690181732
3605,188.85188690424357,1,0,293,0.02,0.333931028842926
3606,39.587371766571195,0,0,300,0.02,0.3125598132610321
3607,185.81484999895483,1,0,297,0.02,0.3406902551651001
3608,187.49449413061535,1,0,299,0.02,0.33327922224998474
3609,32.65250537634285,0,0,300,0.02,0.3687764108181
3610,37.85454659382373,0,0,300,0.02,0.35906243324279785
3611,17.111356699470615,0,0,300,0.02,0.40656358003616333
3612,192.07209431887068,1,0,277,0.02,0.3313791751861572
3613,38.04555061579145,0,0,300,0.02,0.31551510095596313
3614,190.90971183061995,1,0,275,0.02,0.33947479724884033
3615,39.461613256935195,0,0,300,0.02,0.4114994406700134
3616,30.53984487453962,0,0,300,0.02,0.33273786306381226
3617,30.454303195480414,0,0,300,0.02,0.34332695603370667
3618,167.9963172173539,1,0,286,0.02,0.33782345056533813
3619,183.43423156977093,1,0,282,0.02,0.3483448624610901
3620,30.264376299385134,0,0,300,0.02,0.35080868005752563
3621,184.22000534296427,1,0,288,0.02,0.34440141916275024
3622,37.1286836600343,0,0,300,0.02,0.3422318398952484
3623,39.58238292137651,0,0,300,0.02,0.322103351354599
3624,191.3470072293321,1,0,284,0.02,0.3451509475708008
3625,180.6325836014787,1,0,279,0.02,0.34375685453414917
3626,184.74662278891003,1,0,277,0.02,0.3477470576763153
3627,32.71475291490944,0,0,300,0.02,0.32821452617645264
3628,184.64916702509322,1,0,280,0.02,0.3346109986305237
3629,183.54762117624676,1,0,281,0.02,0.34999746084213257
3630,32.78864941040544,0,0,300,0.02,0.35553672909736633
3631,34.62185760260017,0,0,300,0.02,0.3089383542537689
3632,189.6604571461717,1,0,284,0.02,0.3442884683609009
3633,188.33496799707805,1,0,289,0.02,0.33566075563430786
3634,35.14662007570656,0,0,300,0.02,0.35524773597717285
3635,30.14523046732343,0,0,300,0.02,0.32809513807296753
3636,188.82681125879682,1,0,281,0.02,0.34769994020462036
3637,194.48155295292403,1,0,295,0.02,0.3448108434677124
3638,186.20571724653638,1,0,289,0.02,0.3404734432697296
3639,182.7351785683671,1,0,262,0.02,0.34810811281204224
3640,190.27851304293074,1,0,285,0.02,0.3347744941711426
3641,170.81167237520614,1,0,296,0.02,0.3464846611022949
3642,43.91384006262219,0,0,300,0.02,0.37344273924827576
3643,36.27484357595837,0,0,300,0.02,0.31319186091423035
3644,190.34941245794693,1,0,292,0.02,0.329549640417099
3645,-5.276720906100031,0,0,300,0.02,0.7168793082237244
3646,182.4087519669572,1,0,291,0.02,0.34221476316452026
3647,181.22119291544354,1,0,276,0.02,0.34660452604293823
3648,188.2133528208772,1,0,287,0.02,0.33356454968452454
3649,40.91120168606305,0,0,300,0.02,0.3873986601829529
3650,182.87779555082716,1,0,290,0.02,0.34245386719703674
3651,190.7283891034166,1,0,281,0.02,0.3448054790496826
3652,189.6636042618791,1,0,300,0.02,0.3410016894340515
3653,31.54907253504191,0,0,300,0.02,0.37713462114334106
3654,32.34937437454725,0,0,300,0.02,0.3378554880619049
3655,189.4194278931657,1,0,282,0.02,0.34454578161239624
3656,183.9149383616487,1,0,287,0.02,0.34816816449165344
3657,36.040793828168184,0,0,300,0.02,0.40750062465667725
3658,39.47106628338365,0,0,300,0.02,0.3924325108528137
3659,30.32439006248971,0,0,300,0.02,0.3566015660762787
3660,39.42200654745498,0,0,300,0.02,0.35390111804008484
3661,191.5500232434312,1,0,287,0.02,0.3493969440460205
3662,33.78689036608138,0,0,300,0.02,0.3351801633834839
3663,182.4328682446519,1,0,291,0.02,0.3361856937408447
3664,181.71292312860882,1,0,296,0.02,0.34867197275161743
3665,195.6640563480046,1,0,292,0.02,0.3441849946975708
3666,193.77357123136915,1,0,296,0.02,0.3385099470615387
3667,180.83011920690925,1,0,292,0.02,0.3493729531764984
3668,189.4178163838426,1,0,293,0.02,0.33494865894317627
3669,196.0640563480046,1,0,292,0.02,0.3441849946975708
3670,181.71585663080606,1,0,290,0.02,0.347938597202301
3671,179.94879537821203,1,0,288,0.02,0.34720391035079956
3672,32.33028934717567,0,0,300,0.02,0.3568304181098938
3673,27.891694219116342,0,0,300,0.02,0.4164792001247406
3674,188.3944857494023,1,0,288,0.02,0.34657764434814453
3675,185.70284397364057,1,0,284,0.02,0.34869176149368286
3676,24.159321296219034,0,0,300,0.02,0.3695724308490753
3677,43.6159245896379,0,0,300,0.02,0.41292160749435425
3678,188.97581475019848,1,0,292,0.02,0.33794906735420227
3679,192.28623117685714,1,0,271,0.02,0.3453449606895447
3680,184.56598271608746,1,0,286,0.02,0.337907075881958
3681,190.55910065412917,1,0,292,0.02,0.34212759137153625
3682,188.60899502516185,1,0,290,0.02,0.33965399861335754
3683,31.862778953709796,0,0,300,0.02,0.3895043432712555
3684,44.938604567054895,0,0,300,0.02,0.3897516131401062
3685,196.0217774891893,1,0,299,0.02,0.33895838260650635
3686,179.93171541929632,1,0,292,0.02,0.3489739000797272
3687,186.37304698706063,1,0,294,0.02,0.3486410081386566
3688,188.7509788155595,1,0,298,0.02,0.34665805101394653
3689,180.94806212187203,1,0,290,0.02,0.3473872244358063
3690,185.20151243925488,1,0,281,0.02,0.32652464509010315
3691,189.71494818926246,1,0,297,0.02,0.3306657075881958
3692,180.54155218363204,1,0,292,0.02,0.3390147089958191
3693,33.73291235844161,0,0,300,0.02,0.39197099208831787
3694,183.39303351641095,1,0,293,0.02,0.3486443758010864
3695,193.4313559365312,1,0,267,0.02,0.3315637707710266
3696,38.465687925819545,0,0,300,0.02,0.4354807734489441
3697,179.05553487539677,1,0,298,0.02,0.3455190360546112
3698,30.28376661062634,0,0,300,0.02,0.30596110224723816
3699,183.44287163019575,1,0,288,0.02,0.3486848473548889
3700,187.0459518504182,1,0,274,0.02,0.34041479229927063
3701,21.426936652664242,0,0,300,0.02,0.3751685917377472
3702,190.0545799899141,1,0,289,0.02,0.3407577574253082
3703,30.930097994008303,0,0,300,0.02,0.34267458319664
3704,-2.5991378235777667,0,0,300,0.02,0.42668721079826355
3705,33.61111739079026,0,0,300,0.02,0.35241973400115967
3706,39.451290392079635,0,0,300,0.02,0.35987648367881775
3707,34.835626819137715,0,0,300,0.02,0.3229960501194
3708,180.27221201658642,1,0,279,0.02,0.3413497507572174
3709,171.00051962137618,1,0,292,0.02,0.34677284955978394
3710,31.487249481681893,0,0,300,0.02,0.3500903844833374
3711,31.393281986717355,0,0,300,0.02,0.3585822582244873
3712,31.77887217283642,0,0,300,0.02,0.3221847116947174
3713,36.169809968475455,0,0,300,0.02,0.3469502627849579
3714,195.39774865389262,1,0,282,0.02,0.32996559143066406
3715,187.20215121984876,1,0,296,0.02,0.34136494994163513
3716,181.18344035864268,1,0,293,0.02,0.3435426652431488
3717,29.210191969075463,0,0,300,0.02,0.35265108942985535
3718,31.11489958048255,0,0,300,0.02,0.3381778597831726
3719,176.23256965399182,1,0,291,0.02,0.34376034140586853
3720,171.65158236265577,1,0,298,0.02,0.3440071642398834
3721,184.7698490595857,1,0,291,0.02,0.3444404900074005
3722,35.486094612279146,0,0,300,0.02,0.3811754286289215
3723,181.17765427828226,1,0,289,0.02,0.33998918533325195
3724,172.45904762506882,1,0,286,0.02,0.3471408486366272
3725,-0.504771625991711,0,0,300,0.02,0.43559566140174866
3726,23.231032909550898,0,0,300,0.02,0.2999408543109894
3727,29.791632921699602,0,0,300,0.02,0.31649452447891235
3728,33.01541592836774,0,0,300,0.02,0.32054877281188965
3729,37.17774052381909,0,0,300,0.02,0.3549676239490509
3730,27.040360178151378,0,0,300,0.02,0.3851090371608734
3731,189.55331631422436,1,0,298,0.02,0.32607367634773254
3732,179.09251180887614,1,0,295,0.02,0.33627480268478394
3733,28.931406020322097,0,0,300,0.02,0.3898475766181946
3734,193.784216659073,1,0,298,0.02,0.34584859013557434
3735,183.36047766924298,1,0,262,0.02,0.3492833375930786
3736,187.0190591406861,1,0,297,0.02,0.33463796973228455
3737,182.76774932623303,1,0,294,0.02,0.3499654233455658
3738,26.602077016034333,0,0,300,0.02,0.3496798276901245
3739,-0.8075174117049158,0,0,300,0.02,0.4887821078300476
3740,189.39007198095715,1,0,290,0.02,0.3443847596645355
3741,36.85557106256876,0,0,300,0.02,0.3630099892616272
3742,15.69361201525133,0,0,300,0.02,0.5609997510910034
3743,180.30697897673042,1,0,297,0.02,0.34515801072120667
3744,192.84930593252577,1,0,284,0.02,0.34207627177238464
3745,34.82131576935312,0,0,300,0.02,0.38737013936042786
3746,36.33942799330148,0,0,300,0.02,0.33954575657844543
3747,38.86781864881906,0,0,300,0.02,0.4599480926990509
3748,177.39568114519508,1,0,286,0.02,0.3454824686050415
3749,21.06530541181956,0,0,300,0.02,0.38057640194892883
3750,189.2194273400346,1,0,299,0.02,0.3245459198951721
3751,26.223264002003905,0,0,300,0.02,0.35438308119773865
3752,35.897753436569275,0,0,300,0.02,0.36496439576148987
3753,38.50491566419996,0,0,300,0.02,0.39817383885383606
3754,189.201446006302,1,0,292,0.02,0.34904125332832336
3755,30.937478244308608,0,0,300,0.02,0.3500331938266754
3756,3.2406879798557715,0,0,300,0.02,0.9725270867347717
3757,174.2022406268159,1,0,291,0.02,0.34134259819984436
3758,184.78101504564674,1,0,299,0.02,0.34414899349212646
3759,30.555858161453315,0,0,300,0.02,0.34293821454048157
3760,3.913657330670601,0,0,300,0.02,0.4317847490310669
3761,31.414415047172614,0,0,300,0.02,0.32079899311065674
3762,186.89938815832525,1,0,296,0.02,0.3345557153224945
3763,25.002980598607262,0,0,300,0.02,0.37445393204689026
3764,189.1902291989366,1,0,291,0.02,0.33934545516967773
3765,184.44045994043742,1,0,296,0.02,0.3267877697944641
3766,186.56294233560956,1,0,275,0.02,0.3211671710014343
3767,180.683650176529,1,0,294,0.02,0.34599021077156067
3768,181.9092874646226,1,0,287,0.02,0.34458088874816895
3769,185.72325571298992,1,0,289,0.02,0.34608882665634155
3770,182.41747651815808,1,0,289,0.02,0.3350336253643036
3771,189.66267514467634,1,0,298,0.02,0.3412339687347412
3772,188.03892441511547,1,0,293,0.02,0.3296716511249542
3773,28.51733784595987,0,0,300,0.02,0.38086462020874023
3774,176.00115351915747,1,0,288,0.02,0.3316143751144409
3775,29.382730257515036,0,0,300,0.02,0.35122019052505493
3776,181.81703296900184,1,0,288,0.02,0.34264451265335083
3777,196.4027636075059,1,0,282,0.02,0.34371185302734375
3778,184.44774932623304,1,0,289,0.02,0.3499654233455658
3779,34.48266142130296,0,0,300,0.02,0.3062373995780945
3780,177.20372104883583,1,0,296,0.02,0.33097249269485474
3781,38.37524557829299,0,0,300,0.02,0.32059136033058167
3782,171.96201319456497,1,0,299,0.02,0.3463994562625885
3783,28.838342707161022,0,0,300,0.02,0.3698170781135559
3784,10.49495024919898,0,0,300,0.02,0.43316519260406494
3785,14.40852766275798,0,0,300,0.02,0.41727083921432495
3786,182.88986933470164,1,0,295,0.02,0.3469354212284088
3787,185.6084973454514,1,0,269,0.02,0.3447784185409546
3788,37.43727560758983,0,0,300,0.02,0.3550838530063629
3789,190.31482784510047,1,0,261,0.02,0.3456957936286926
3790,17.085380241874752,0,0,300,0.02,0.40305769443511963
3791,19.374270762601174,0,0,300,0.02,0.3641313910484314
3792,34.482262666229396,0,0,300,0.02,0.3688370883464813
3793,10.925651400093127,0,0,300,0.02,0.6104899048805237
3794,187.0162945675889,1,0,294,0.02,0.3378291130065918
3795,199.83783818960586,1,0,298,0.02,0.3324432075023651
3796,32.40715462923447,0,0,300,0.02,0.36011409759521484
3797,189.06244273106122,1,0,295,0.02,0.34458839893341064
3798,35.65220742941299,0,0,300,0.02,0.3263508975505829
3799,14.601863801483264,0,0,300,0.02,0.37143680453300476
3800,188.41456418753063,1,0,298,0.02,0.32326170802116394
3801,187.64453030825052,1,0,288,0.02,0.3482701778411865
3802,39.21953074852494,0,0,300,0.02,0.3303163945674896
3803,194.08839931726848,1,0,290,0.02,0.33480292558670044
3804,179.44376902819073,1,0,271,0.02,0.34596049785614014
3805,181.0496214985886,1,0,292,0.02,0.34699738025665283
3806,190.7495190787355,1,0,292,0.02,0.34202298521995544
3807,177.17630446195997,1,0,292,0.02,0.3378266394138336
3808,187.91433921575936,1,0,290,0.02,0.348317950963974
3809,42.78956284284986,0,0,300,0.02,0.3770120441913605
3810,13.334252464775181,0,0,300,0.02,0.513339638710022
3811,183.39842083216107,1,0,294,0.02,0.3497975468635559
3812,36.95036190271773,0,0,300,0.02,0.31431227922439575
3813,7.9069281458893395,0,0,300,0.02,0.4576707184314728
3814,187.27850222349562,1,0,299,0.02,0.3422771990299225
3815,28.08981134653489,0,0,300,0.02,0.3644499182701111
3816,35.094690201286404,0,0,300,0.02,0.32573020458221436
3817,190.0227726578752,1,0,289,0.02,0.3412095904350281
3818,31.609616774716624,0,0,300,0.02,0.35029488801956177
3819,193.7718869042436,1,0,294,0.02,0.333931028842926
3820,10.319968740944013,0,0,300,0.02,0.43691056966781616
3821,188.9452001357118,1,0,292,0.02,0.34560272097587585
3822,34.829250671867506,0,0,300,0.02,0.3870900869369507
3823,26.974558885101455,0,0,300,0.02,0.37076303362846375
3824,193.78285957098396,1,0,283,0.02,0.34368786215782166
3825,187.04716958284766,1,0,293,0.02,0.34261035919189453
3826,20.82164046049506,0,0,300,0.02,0.38649263978004456
3827,25.559443776611467,0,0,300,0.02,0.3520418107509613
3828,184.01387727976237,1,0,295,0.02,0.3484334349632263
3829,182.29461123228467,1,0,296,0.02,0.34324994683265686
3830,188.47402352095042,1,0,283,0.02,0.340896874666214
3831,17.237901252904123,0,0,300,0.02,0.4182237684726715
3832,188.93124003649152,1,0,286,0.02,0.3240927457809448
3833,190.26724062204755,1,0,298,0.02,0.34009259939193726
3834,184.1088678193131,1,0,295,0.02,0.337185800075531
3835,23.113320386413637,0,0,300,0.02,0.3310726583003998
3836,183.51111614466106,1,0,284,0.02,0.3466237187385559
3837,31.335509474281416,0,0,300,0.02,0.3430253863334656
3838,183.53262676477826,1,0,290,0.02,0.34624606370925903
3839,191.49946799993907,1,0,280,0.02,0.3270357549190521
3840,186.76566106081395,1,0,298,0.02,0.3304874897003174
3841,186.36760016680154,1,0,292,0.02,0.3425027132034302
3842,187.42099081755072,1,0,294,0.02,0.33665505051612854
3843,32.210961355367,0,0,300,0.02,0.41745874285697937
3844,176.9890225720445,1,0,288,0.02,0.3421471118927002
3845,187.3079661107102,1,0,296,0.02,0.3349112272262573
3846,194.74647501230635,1,0,291,0.02,0.32778400182724
3847,34.36167227507032,0,0,300,0.02,0.4139846861362457
3848,189.5596018290559,1,0,299,0.02,0.3470022976398468
3849,34.00881430069474,0,0,300,0.02,0.3304955065250397
3850,183.69707434416213,1,0,289,0.02,0.3451341688632965
3851,187.74446660280617,1,0,285,0.02,0.3357861042022705
3852,39.84581524134081,0,0,300,0.02,0.37294894456863403
3853,185.02336665869154,1,0,288,0.02,0.3360610902309418
3854,172.75551700354015,1,0,287,0.02,0.34802350401878357
3855,190.25168844938673,1,0,283,0.02,0.34148064255714417
3856,32.61707136392989,0,0,300,0.02,0.3451349139213562
3857,181.71459941149152,1,0,294,0.02,0.3382529020309448
3858,192.8147954360631,1,0,294,0.02,0.3415002226829529
3859,29.992673952583413,0,0,300,0.02,0.3412342667579651
3860,36.65956177950301,0,0,300,0.02,0.31701231002807617
3861,37.789462082389974,0,0,300,0.02,0.36953723430633545
3862,191.71339622259538,1,0,276,0.02,0.3360536992549896
3863,38.038017375473146,0,0,300,0.02,0.3673984110355377
3864,37.11663478613297,0,0,300,0.02,0.4302440583705902
3865,34.551770190396546,0,0,300,0.02,0.29225653409957886
3866,190.65433819532785,1,0,288,0.02,0.33081820607185364
3867,187.0701403117219,1,0,299,0.02,0.3193676769733429
3868,33.028650600914105,0,0,300,0.02,0.33224010467529297
3869,159.93531530142226,1,0,275,0.02,0.34807392954826355
3870,170.6099785304109,1,0,291,0.02,0.3469081223011017
3871,181.05157593489088,1,0,279,0.02,0.34650877118110657
3872,30.993685820106588,0,0,300,0.02,0.34598129987716675
3873,19.38015972534676,0,0,300,0.02,0.40015915036201477
3874,193.47291760683453,1,0,300,0.02,0.33867335319519043
3875,20.53647246599589,0,0,300,0.02,0.3477846384048462
3876,17.09131834745797,0,0,300,0.02,0.4465731680393219
3877,188.84419255972298,1,0,289,0.02,0.34085461497306824
3878,185.32266143560798,1,0,297,0.02,0.3412373960018158
3879,35.85231699228682,0,0,300,0.02,0.4538235068321228
3880,19.360095369819703,0,0,300,0.02,0.38187891244888306
3881,186.92278774977117,1,0,294,0.02,0.3287058174610138
3882,181.1377486109773,1,0,279,0.02,0.3499656021595001
3883,23.648327306905006,0,0,300,0.02,0.3556172549724579
3884,-2.209806366762871,0,0,300,0.02,0.5076506733894348
3885,183.25365972280895,1,0,274,0.02,0.34848782420158386
3886,179.28495008707432,1,0,300,0.02,0.3281652331352234
3887,25.469882934097406,0,0,300,0.02,0.3494320213794708
3888,190.6103996110002,1,0,291,0.02,0.3243028521537781
3889,33.70035871267714,0,0,300,0.02,0.44681307673454285
3890,183.07849125624097,1,0,291,0.02,0.34227994084358215
3891,-5.687529494758482,0,0,300,0.02,0.5087851285934448
3892,-8.95491724729149,0,0,300,0.02,0.6056320667266846
3893,22.34388927698523,0,0,300,0.02,0.3684304356575012
3894,193.51794943094643,1,0,297,0.02,0.3374153971672058
3895,16.462562994160873,0,0,300,0.02,0.40205833315849304
3896,182.1124001097718,1,0,294,0.02,0.3363027274608612
3897,29.942948844436724,0,0,300,0.02,0.37116554379463196
3898,19.29520042181407,0,0,300,0.02,0.4206026494503021
3899,27.203775970939745,0,0,300,0.02,0.3534587621688843
3900,167.38547921419539,1,0,295,0.02,0.34803295135498047
3901,27.990824220184432,0,0,300,0.02,0.4141966998577118
3902,16.55213869810498,0,0,300,0.02,0.37136808037757874
3903,190.06770857096112,1,0,292,0.02,0.3224756121635437
3904,30.288833892349313,0,0,300,0.02,0.34969428181648254
3905,182.0438374543229,1,0,292,0.02,0.3459433913230896
3906,191.55704818964398,1,0,279,0.02,0.33264070749282837
3907,14.128289620880265,0,0,300,0.02,0.3598303496837616
3908,187.53222679535412,1,0,290,0.02,0.3321423828601837
3909,189.8487854743043,1,0,283,0.02,0.34470638632774353
3910,133.3828454041522,1,0,268,0.02,0.3486914038658142
3911,29.671965873245316,0,0,300,0.02,0.3164112865924835
3912,183.1410465359727,1,0,294,0.02,0.34914112091064453
3913,193.4520571351091,1,0,291,0.02,0.3338884711265564
3914,41.9978036443379,0,0,300,0.02,0.39324817061424255
3915,173.25628793001565,1,0,294,0.02,0.34783077239990234
3916,36.833444845680376,0,0,300,0.02,0.42604154348373413
3917,31.526177742485142,0,0,300,0.02,0.40035831928253174
3918,26.181272485260095,0,0,300,0.02,0.3615846335887909
3919,16.71440131903088,0,0,300,0.02,0.3783024251461029
3920,10.163648021225105,0,0,300,0.02,0.40599074959754944
3921,0.6702447215702384,0,0,300,0.02,2.4001379013061523
3922,188.02740988970191,1,0,286,0.02,0.3375502824783325
3923,190.11304105997482,1,0,299,0.02,0.32614248991012573
3924,27.47744186321756,0,0,300,0.02,0.3983386158943176
3925,34.07148587624097,0,0,300,0.02,0.3548276126384735
3926,30.196237394813593,0,0,300,0.02,0.35034340620040894
3927,25.32726080179602,0,0,300,0.02,0.44258755445480347
3928,26.01506323099528,0,0,300,0.02,0.3631369471549988
3929,31.690862735905892,0,0,300,0.02,0.37748339772224426
3930,25.78341183901226,0,0,300,0.02,0.33604979515075684
3931,186.85184604406746,1,0,295,0.02,0.34144124388694763
3932,186.54290474176798,1,0,300,0.02,0.3411765694618225
3933,9.256263058189472,0,0,300,0.02,0.6403369903564453
3934,31.523683227696683,0,0,300,0.02,0.3767782747745514
3935,33.15279011011517,0,0,300,0.02,0.3537052273750305
3936,189.24515849352275,1,0,278,0.02,0.3356131315231323
3937,11.172204887870839,0,0,300,0.02,0.4413515329360962
3938,187.72530013323222,1,0,297,0.02,0.34057772159576416
3939,187.1122669720689,1,0,296,0.02,0.3413360118865967
3940,177.11287139177716,1,0,291,0.02,0.3486849069595337
3941,36.92902310610215,0,0,300,0.02,0.3571469783782959
3942,28.91132064262887,0,0,300,0.02,0.41486892104148865
3943,-62.69309357722736,0,0,300,0.02,0.9109724760055542
3944,38.80267191648876,0,0,300,0.02,0.40123477578163147
3945,18.716288740638788,0,0,300,0.02,0.4353305697441101
3946,192.81200430632032,1,0,292,0.02,0.3289016783237457
3947,39.42658569097916,0,0,300,0.02,0.31025633215904236
3948,28.970519654754703,0,0,300,0.02,0.32427284121513367
3949,179.70297412157453,1,0,279,0.02,0.34115922451019287
3950,14.996549117569094,0,0,300,0.02,0.3477654755115509
3951,189.1097959637681,1,0,272,0.02,0.331953763961792
3952,18.944025763669263,0,0,300,0.02,0.3891926407814026
3953,185.57953873873146,1,0,292,0.02,0.33951807022094727
3954,192.7404465079347,1,0,271,0.02,0.33679112792015076
3955,28.355112121109084,0,0,300,0.02,0.33562472462654114
3956,31.707566759590204,0,0,300,0.02,0.3975110650062561
3957,26.031239855293368,0,0,300,0.02,0.40159279108047485
3958,33.0289242386857,0,0,300,0.02,0.31467169523239136
3959,187.55226734877021,1,0,246,0.02,0.34633591771125793
3960,182.66581191778576,1,0,289,0.02,0.3454497754573822
3961,182.05467252493298,1,0,281,0.02,0.348234623670578
3962,23.855954878334114,0,0,300,0.02,0.415414035320282
3963,31.19265858093762,0,0,300,0.02,0.3345344364643097
3964,-1.8212635874708938,0,0,300,0.02,0.6397186517715454
3965,190.24775984049236,1,0,276,0.02,0.3249627947807312
3966,45.0006633496324,0,0,300,0.02,0.33673691749572754
3967,189.09509356260693,1,0,291,0.02,0.34562936425209045
3968,181.8497278428117,1,0,299,0.02,0.3494707942008972
3969,189.83173305273445,1,0,282,0.02,0.3464694917201996
3970,26.854255575337678,0,0,300,0.02,0.3516351878643036
3971,37.13435316324629,0,0,300,0.02,0.34831446409225464
3972,185.4233914256135,1,0,298,0.02,0.3285548985004425
3973,179.61861049414077,1,0,286,0.02,0.3497501313686371
3974,17.16176936069992,0,0,300,0.02,0.3872567415237427
3975,-3.1401802420576566,0,0,300,0.02,0.5694478154182434
3976,187.7122392058412,1,0,293,0.02,0.3438429534435272
3977,20.98313895622749,0,0,300,0.02,0.44941434264183044
3978,189.77318746805585,1,0,290,0.02,0.33110588788986206
3979,13.282876603607239,0,0,300,0.02,0.3711836040019989
3980,34.32032112360394,0,0,300,0.02,0.37432247400283813
3981,189.46086020231638,1,0,283,0.02,0.3466877043247223
3982,26.188784582618784,0,0,300,0.02,0.329706609249115
3983,30.846484558586184,0,0,300,0.02,0.3302816152572632
3984,6.941389021077408,0,0,300,0.02,0.40235182642936707
3985,28.088158171180794,0,0,300,0.02,0.36986321210861206
3986,185.53224956751257,1,0,299,0.02,0.3413403630256653
3987,26.066074264053455,0,0,300,0.02,0.36788418889045715
3988,183.87798452616133,1,0,291,0.02,0.3499066233634949
3989,26.455810625557024,0,0,300,0.02,0.3504500985145569
3990,32.843563112416504,0,0,300,0.02,0.38930830359458923
3991,187.772292125229,1,0,291,0.02,0.3413297235965729
3992,177.58087666273508,1,0,289,0.02,0.349183589220047
3993,181.75231057405864,1,0,295,0.02,0.33382511138916016
3994,29.81506212950142,0,0,300,0.02,0.35563722252845764
3995,21.12555568933876,0,0,300,0.02,0.4580138325691223
3996,15.006091749672075,0,0,300,0.02,0.3578798174858093
3997,187.6999566054383,1,0,300,0.02,0.34941360354423523
3998,18.693921363357656,0,0,300,0.02,0.37342241406440735
3999,187.17153255224616,1,0,296,0.02,0.3490196168422699
4000,0.04030252218637015,0,0,300,0.02,0.4668271243572235
4001,36.37181600809491,0,0,300,0.02,0.37394875288009644
4002,34.81387241125497,0,0,300,0.02,0.35343465209007263
4003,33.73930402040875,0,0,300,0.02,0.37207674980163574
4004,34.07348411798872,0,0,300,0.02,0.34603172540664673
4005,27.00249943018353,0,0,300,0.02,0.4037778973579407
4006,35.37201477766429,0,0,300,0.02,0.3863990604877472
4007,189.84434845686354,1,0,297,0.02,0.3333156406879425
4008,20.052148468498356,0,0,300,0.02,0.40136563777923584
4009,183.85561972380077,1,0,293,0.02,0.33799782395362854
4010,168.52501972595715,1,0,283,0.02,0.2939441502094269
4011,25.71351423025523,0,0,300,0.02,0.3960241973400116
4012,24.832325071492388,0,0,300,0.02,0.4696178138256073
4013,184.38407606363688,1,0,296,0.02,0.3333837389945984
4014,12.70623238325507,0,0,300,0.02,0.3803446590900421
4015,187.9340522933045,1,0,300,0.02,0.3208896815776825
4016,32.284848134521546,0,0,300,0.02,0.38319072127342224
4017,189.3210473418275,1,0,296,0.02,0.3416409194469452
4018,177.72836466551217,1,0,291,0.02,0.3448115885257721
4019,27.869250023368966,0,0,300,0.02,0.3420902490615845
4020,189.39625878572855,1,0,271,0.02,0.3328380584716797
4021,30.0421829724351,0,0,300,0.02,0.32135701179504395
4022,30.31330389261634,0,0,300,0.02,0.35107678174972534
4023,190.88108846903242,1,0,293,0.02,0.34163063764572144
4024,36.8996639990846,0,0,300,0.02,0.33198675513267517
4025,-3.257878762087599,0,0,300,0.02,0.8796687722206116
4026,182.12464319944772,1,0,295,0.02,0.3482419550418854
4027,179.61879273653423,1,0,288,0.02,0.34220457077026367
4028,180.54456046820076,1,0,298,0.02,0.34826263785362244
4029,186.79220456838993,1,0,299,0.02,0.3263516128063202
4030,16.31204762697609,0,0,300,0.02,0.40389084815979004
4031,191.29563513040938,1,0,293,0.02,0.34549397230148315
4032,193.14009767294323,1,0,273,0.02,0.3293783366680145
4033,173.54066052675637,1,0,298,0.02,0.3467376232147217
4034,15.329419001736932,0,0,300,0.02,0.38034433126449585
4035,29.513215272430493,0,0,300,0.02,0.33859893679618835
4036,191.64360290289318,1,0,277,0.02,0.32850202918052673
4037,-19.675214148363708,0,0,300,0.02,0.6415026187896729
4038,188.33684242487348,1,0,298,0.02,0.3301921486854553
4039,18.332749111656273,0,0,300,0.02,0.3562154769897461
4040,186.650333058838,1,0,241,0.02,0.3468194901943207
4041,188.3470980922368,1,0,300,0.02,0.34342455863952637
4042,-0.42659708737934404,0,0,300,0.02,0.4960520267486572
4043,-21.02317288478351,0,0,300,0.02,1.0584923028945923
4044,26.87677585840622,0,0,300,0.02,0.3177087903022766
4045,191.12064340353407,1,0,290,0.02,0.32674190402030945
4046,-0.570522940154919,0,0,300,0.02,0.45203348994255066
4047,10.563357431892486,0,0,300,0.02,0.5110633969306946
4048,178.92772020101938,1,0,278,0.02,0.33997270464897156
4049,16.59645321607978,0,0,300,0.02,0.39528945088386536
4050,173.6624466109315,1,0,248,0.02,0.3387911021709442
4051,192.773330271248,1,0,299,0.02,0.3285701870918274
4052,185.74659060240185,1,0,277,0.02,0.34775510430336
4053,187.54838062048347,1,0,297,0.02,0.3398075997829437
4054,187.15972697019964,1,0,295,0.02,0.3394710123538971
4055,37.41356029749312,0,0,300,0.02,0.3785126805305481
4056,30.921498116650785,0,0,300,0.02,0.34482455253601074
4057,189.70503155470288,1,0,296,0.02,0.34064486622810364
4058,14.58593520561718,0,0,300,0.02,0.34371528029441833
4059,34.97307878256234,0,0,300,0.02,0.43363305926322937
4060,22.8020678544084,0,0,300,0.02,0.3313857913017273
4061,187.19969369173438,1,0,294,0.02,0.33447933197021484
4062,27.20597247839364,0,0,300,0.02,0.31040963530540466
4063,189.4407945609132,1,0,295,0.02,0.32670411467552185
4064,189.48531415224468,1,0,294,0.02,0.32807421684265137
4065,189.25105851889055,1,0,297,0.02,0.3341381251811981
4066,181.44614522695935,1,0,293,0.02,0.3453664481639862
4067,31.515079720024215,0,0,300,0.02,0.3106328248977661
4068,190.66172610044873,1,0,289,0.02,0.33647122979164124
4069,25.776145465377883,0,0,300,0.02,0.34536638855934143
4070,195.2003029465715,1,0,299,0.02,0.2968270182609558
4071,189.13062566996012,1,0,289,0.02,0.33424633741378784
4072,183.401892774109,1,0,296,0.02,0.34142956137657166
4073,25.767812764648507,0,0,300,0.02,0.35494956374168396
4074,3.864544744491538,0,0,300,0.02,0.5013638138771057
4075,190.73311517477424,1,0,298,0.02,0.34862396121025085
4076,186.3354063932087,1,0,291,0.02,0.34384748339653015
4077,186.55565691709904,1,0,285,0.02,0.3379885256290436
4078,190.0974320530931,1,0,290,0.02,0.3350447416305542
4079,30.877441709045474,0,0,300,0.02,0.3350423276424408
4080,190.12498517275253,1,0,291,0.02,0.33815646171569824
4081,194.99652068853774,1,0,299,0.02,0.3327725827693939
4082,191.34500530958567,1,0,273,0.02,0.3356514275074005
4083,191.13707920313277,1,0,282,0.02,0.337632954120636
4084,37.016587727073805,0,0,300,0.02,0.312755823135376
4085,23.35657302299997,0,0,300,0.02,0.3560558259487152
4086,36.92798925320175,0,0,300,0.02,0.3932017683982849
4087,187.266174237732,1,0,298,0.02,0.32535919547080994
4088,179.5586143803635,1,0,296,0.02,0.33724915981292725
4089,188.73620514154828,1,0,290,0.02,0.33285146951675415
4090,186.4790626359025,1,0,297,0.02,0.34463709592819214
4091,189.99492070913703,1,0,294,0.02,0.3456725776195526
4092,183.5824423003236,1,0,296,0.02,0.33379217982292175
4093,191.63477470159924,1,0,229,0.02,0.32070907950401306
4094,16.737846529487715,0,0,300,0.02,0.42494112253189087
4095,10.053316004280143,0,0,300,0.02,0.46357375383377075
4096,28.894609188237435,0,0,300,0.02,0.3615467846393585
4097,27.962558510307392,0,0,300,0.02,0.39126312732696533
4098,189.1883385586778,1,0,296,0.02,0.344818115234375
4099,189.6524844002763,1,0,285,0.02,0.3387816548347473
4100,36.52924679041304,0,0,300,0.02,0.3695910573005676
4101,40.37171667814652,0,0,300,0.02,0.30397358536720276
4102,-5.1048722624739415,0,0,300,0.02,0.5856208205223083
4103,27.32177894989513,0,0,300,0.02,0.4322543442249298
4104,193.26206616640485,1,0,300,0.02,0.3263862133026123
4105,179.38386677027142,1,0,286,0.02,0.343436062335968
4106,190.817235276703,1,0,292,0.02,0.3450939357280731
4107,24.754977204803524,0,0,300,0.02,0.40565845370292664
4108,36.12376377502943,0,0,300,0.02,0.3667581379413605
4109,33.301459252838264,0,0,300,0.02,0.32153794169425964
4110,45.12371687809499,0,0,300,0.02,0.2917698621749878
4111,37.644695967831865,0,0,300,0.02,0.3290250897407532
4112,188.46928520918286,1,0,288,0.02,0.3470814526081085
4113,37.248375014462674,0,0,300,0.02,0.39310532808303833
4114,13.362026328244397,0,0,300,0.02,0.43719249963760376
4115,12.687345602516222,0,0,300,0.02,0.6100663542747498
4116,29.056754858497676,0,0,300,0.02,0.3752140402793884
4117,187.21344317198188,1,0,300,0.02,0.33104196190834045
4118,36.05783085108194,0,0,300,0.02,0.3774450421333313
4119,35.3356486884739,0,0,300,0.02,0.3912869095802307
4120,189.19448665857703,1,0,282,0.02,0.343281090259552
4121,-14.03238765716555,0,0,192,0.02,3.215596914291382
4122,173.10081741571815,1,0,298,0.02,0.3491984009742737
4123,189.93305650473036,1,0,295,0.02,0.3436386287212372
4124,32.52376577616131,0,0,300,0.02,0.3684613108634949
4125,30.14881268263252,0,0,300,0.02,0.35219958424568176
4126,180.99332366228492,1,0,289,0.02,0.34607183933258057
4127,175.9398236775437,1,0,290,0.02,0.3469468355178833
4128,31.95662919760143,0,0,300,0.02,0.34024545550346375
4129,196.83954637766277,1,0,280,0.02,0.34201616048812866
4130,13.125531075004659,0,0,300,0.02,0.4430199861526489
4131,15.718183297314932,0,0,300,0.02,0.3856532573699951
4132,204.61494971037303,1,0,295,0.02,0.32316532731056213
4133,192.67390345812237,1,0,295,0.02,0.33592689037323
4134,38.43279103994766,0,0,300,0.02,0.3162049949169159
4135,32.07991410652658,0,0,300,0.02,0.3877205550670624
4136,13.186453650001575,0,0,300,0.02,0.35278934240341187
4137,184.8824405407945,1,0,291,0.02,0.3412926197052002
4138,-3.284033658500558,0,0,300,0.02,0.4829111695289612
4139,32.037256505493275,0,0,300,0.02,0.3475886285305023
4140,188.74134846449292,1,0,287,0.02,0.34156563878059387
4141,9.668930133977183,0,0,300,0.02,0.445466548204422
4142,30.60612284103898,0,0,300,0.02,0.4061683714389801
4143,188.64020676851663,1,0,281,0.02,0.3343510627746582
4144,184.8376548838655,1,0,283,0.02,0.3424890339374542
4145,21.193681089882013,0,0,300,0.02,0.3559824824333191
4146,29.444657609466617,0,0,300,0.02,0.37573835253715515
4147,189.38843819857033,1,0,296,0.02,0.33979320526123047
4148,184.3380478072206,1,0,288,0.02,0.3448908030986786
4149,190.98565668821726,1,0,299,0.02,0.34048858284950256
4150,10.87270334482588,0,0,300,0.02,0.4212269186973572
4151,178.60929533243572,1,0,282,0.02,0.34457892179489136
4152,23.237534259953687,0,0,300,0.02,0.33831551671028137
4153,175.86145565271767,1,0,285,0.02,0.34653884172439575
4154,14.631504051689232,0,0,300,0.02,0.34652674198150635
4155,9.6059904646913,0,0,300,0.02,0.4629051387310028
4156,179.71065156698617,1,0,297,0.02,0.34173986315727234
4157,187.24090999365245,1,0,297,0.02,0.3366752564907074
4158,35.34691570520791,0,0,300,0.02,0.35267382860183716
4159,188.57578321218884,1,0,300,0.02,0.32045695185661316
4160,23.709327924255437,0,0,300,0.02,0.41957077383995056
4161,185.3282094550172,1,0,287,0.02,0.3448503911495209
4162,187.78263244867713,1,0,289,0.02,0.3362446427345276
4163,32.06416129032631,0,0,300,0.02,0.41665875911712646
4164,36.532383792404275,0,0,300,0.02,0.30880680680274963
4165,30.493529204526144,0,0,300,0.02,0.3443167805671692
4166,193.3193636298219,1,0,269,0.02,0.342061847448349
4167,36.07067706823738,0,0,300,0.02,0.33923348784446716
4168,32.70075231790936,0,0,300,0.02,0.34671467542648315
4169,40.17606014013686,0,0,300,0.02,0.35288771986961365
4170,189.17917161226666,1,0,293,0.02,0.3496098518371582
4171,188.33160295725258,1,0,297,0.02,0.3365020155906677
4172,-20.472915738428945,0,0,300,0.02,0.8990252614021301
4173,181.6183444094697,1,0,283,0.02,0.3473166525363922
4174,30.47345194101722,0,0,300,0.02,0.4110397696495056
4175,35.32811723152663,0,0,300,0.02,0.3481697738170624
4176,33.378660290245186,0,0,300,0.02,0.4347376823425293
4177,175.4497619414369,1,0,287,0.02,0.31946226954460144
4178,32.85970580498246,0,0,300,0.02,0.34527263045310974
4179,181.73485573053756,1,0,298,0.02,0.3431888222694397
4180,179.2755435586015,1,0,280,0.02,0.3405168652534485
4181,10.824284970764229,0,0,300,0.02,0.4408315122127533
4182,187.31397664308935,1,0,299,0.02,0.3334085941314697
4183,33.29879770676162,0,0,300,0.02,0.35549965500831604
4184,36.627066824440085,0,0,300,0.02,0.3426360487937927
4185,179.95859630823526,1,0,299,0.02,0.3497536778450012
4186,10.997335766949837,0,0,300,0.02,0.4608651399612427
4187,189.1401415896455,1,0,294,0.02,0.3418673574924469
4188,9.672462333836775,0,0,300,0.02,0.4520834982395172
4189,180.50176249742896,1,0,293,0.02,0.3464621305465698
4190,188.36976929903426,1,0,299,0.02,0.34196043014526367
4191,190.3320767760316,1,0,237,0.02,0.3263835608959198
4192,183.59478684664165,1,0,290,0.02,0.3482060432434082
4193,29.56445705811044,0,0,300,0.02,0.4190848171710968
4194,185.18673875093847,1,0,295,0.02,0.34021806716918945
4195,19.813684933189457,0,0,300,0.02,0.3634815216064453
4196,188.08446945429236,1,0,290,0.02,0.333285391330719
4197,183.1614493441621,1,0,290,0.02,0.3490404188632965
4198,10.483882377151636,0,0,300,0.02,0.403432160615921
4199,-107.40905430873364,0,0,300,0.02,1.8424626588821411
4200,13.2851656746903,0,0,300,0.02,0.3431113362312317
4201,191.0170587086717,1,0,278,0.02,0.3401380777359009
4202,30.274937247433893,0,0,300,0.02,0.3914647698402405
4203,13.234808990959216,0,0,300,0.02,0.40320050716400146
4204,181.4072534680406,1,0,285,0.02,0.33258938789367676
4205,24.497060093083565,0,0,300,0.02,0.35093405842781067
4206,37.759388806823864,0,0,300,0.02,0.3170555531978607
4207,178.7976167559663,1,0,292,0.02,0.3474985659122467
4208,29.347722977795787,0,0,300,0.02,0.34076833724975586
4209,184.54461387396253,1,0,289,0.02,0.34824928641319275
4210,26.079895017150985,0,0,300,0.02,0.3919290006160736
4211,188.1274552702943,1,0,292,0.02,0.32753893733024597
4212,18.10106357494855,0,0,300,0.02,0.43243318796157837
4213,184.80820840120703,1,0,300,0.02,0.3498506546020508
4214,183.52952596426402,1,0,299,0.02,0.33452126383781433
4215,-0.986699283119086,0,0,300,0.02,0.5185775756835938
4216,24.883640425209116,0,0,300,0.02,0.320992648601532
4217,187.87876774549875,1,0,281,0.02,0.32221081852912903
4218,11.130855171684317,0,0,300,0.02,0.49668896198272705
4219,191.47423428297435,1,0,272,0.02,0.34084418416023254
4220,33.01704029798898,0,0,300,0.02,0.42014268040657043
4221,190.81813157320414,1,0,271,0.02,0.3348698616027832
4222,187.41339980841073,1,0,277,0.02,0.3385528028011322
4223,177.6149264121095,1,0,289,0.02,0.3406711518764496
4224,190.54033226728836,1,0,293,0.02,0.32681968808174133
4225,175.83342592478192,1,0,279,0.02,0.3410462737083435
4226,186.35297185659797,1,0,281,0.02,0.34115979075431824
4227,185.26265240431226,1,0,286,0.02,0.3487396538257599
4228,26.466585204605213,0,0,300,0.02,0.3702564537525177
4229,30.268544037345993,0,0,300,0.02,0.3972667455673218
4230,191.7752784085313,1,0,272,0.02,0.3330831527709961
4231,44.40922416925828,0,0,300,0.02,0.3145967125892639
4232,175.8302090811769,1,0,247,0.02,0.3468504846096039
4233,189.99940626860055,1,0,275,0.02,0.33205118775367737
4234,187.06333903074653,1,0,300,0.02,0.34356799721717834
4235,15.244435586133248,0,0,300,0.02,0.3840901851654053
4236,34.134610397819635,0,0,300,0.02,0.3432501554489136
4237,187.32716419935616,1,0,292,0.02,0.33761170506477356
4238,190.47569476048022,1,0,297,0.02,0.3437753915786743
4239,179.98799745321662,1,0,299,0.02,0.33240339159965515
4240,186.1669793438951,1,0,288,0.02,0.3476579189300537
4241,32.222912662033174,0,0,300,0.02,0.32367458939552307
4242,195.51763558149733,1,0,292,0.02,0.34499385952949524
4243,33.17695320049788,0,0,300,0.02,0.36096078157424927
4244,192.0061149827626,1,0,300,0.02,0.3461703360080719
4245,178.67418840647136,1,0,286,0.02,0.3458556532859802
4246,178.57828740835578,1,0,282,0.02,0.3423309028148651
4247,191.1499397683183,1,0,280,0.02,0.34191781282424927
4248,-12.78094567378498,0,0,300,0.02,0.7829355001449585
4249,188.3790693370488,1,0,299,0.02,0.34293174743652344
4250,34.162094800476225,0,0,300,0.02,0.3638790547847748
4251,177.96845837355048,1,0,298,0.02,0.3472881615161896
4252,-27.175375910601375,0,0,286,0.02,1.17404305934906
4253,37.12358581781782,0,0,300,0.02,0.31850630044937134
4254,26.73898231745157,0,0,300,0.02,0.4146571755409241
4255,36.788980573811806,0,0,300,0.02,0.3554539382457733
4256,187.7786128846791,1,0,299,0.02,0.3430458605289459
4257,25.4255103850404,0,0,300,0.02,0.42552515864372253
4258,190.83931791544353,1,0,240,0.02,0.32707327604293823
4259,2.145412428382997,0,0,300,0.02,0.46554964780807495
4260,3.218778584007378,0,0,300,0.02,0.44470810890197754
4261,190.7040714526216,1,0,279,0.02,0.34338489174842834
4262,187.57021180391703,1,0,280,0.02,0.34184980392456055
4263,187.96061681032572,1,0,294,0.02,0.3242485523223877
4264,183.16472142458352,1,0,297,0.02,0.32322239875793457
4265,27.116489152112216,0,0,300,0.02,0.3385767936706543
4266,187.1453936123887,1,0,298,0.02,0.3455543518066406
4267,180.4743129897157,1,0,275,0.02,0.3483245074748993
4268,34.61041216135415,0,0,300,0.02,0.4892997145652771
4269,183.68468430757918,1,0,286,0.02,0.3432316780090332
4270,181.24360940695198,1,0,288,0.02,0.34600040316581726
4271,35.65098740816506,0,0,300,0.02,0.34915590286254883
4272,18.128453514579913,0,0,300,0.02,0.3547893762588501
4273,182.14287770033272,1,0,299,0.02,0.34618332982063293
4274,189.95970280886092,1,0,288,0.02,0.34947705268859863
4275,189.83390254259504,1,0,293,0.02,0.3459271192550659
4276,184.70087986231243,1,0,289,0.02,0.3441827893257141
4277,172.20413594484728,1,0,295,0.02,0.3433687686920166
4278,31.8393880248109,0,0,300,0.02,0.3620557487010956
4279,16.93290705442818,0,0,300,0.02,0.4161759912967682
4280,186.79617263555915,1,0,294,0.02,0.3428595960140228
4281,185.2523240542451,1,0,269,0.02,0.33632174134254456
4282,186.88606316328443,1,0,293,0.02,0.3328869640827179
4283,189.24048787355818,1,0,292,0.02,0.3367807865142822
4284,187.15591795683298,1,0,289,0.02,0.3304232656955719
4285,187.05638195753488,1,0,287,0.02,0.3403072655200958
4286,184.86213706255353,1,0,230,0.02,0.3488684892654419
4287,36.99086717049151,0,0,300,0.02,0.35248228907585144
4288,180.8479072403947,1,0,296,0.02,0.33992594480514526
4289,189.43950215101637,1,0,295,0.02,0.3420272171497345
4290,38.37229442835251,0,0,300,0.02,0.28882914781570435
4291,187.2915019965211,1,0,282,0.02,0.3390272557735443
4292,190.08509629488387,1,0,290,0.02,0.34312868118286133
4293,-29.464420959945468,0,0,300,0.02,0.485507994890213
4294,25.375909574035795,0,0,300,0.02,0.3204253613948822
4295,179.30617754221353,1,0,227,0.02,0.34785836935043335
4296,182.53695623159797,1,0,286,0.02,0.32016369700431824
4297,175.20676945925155,1,0,282,0.02,0.3277103900909424
4298,177.1205895972291,1,0,293,0.02,0.34675535559654236
4299,184.4275426602403,1,0,286,0.02,0.33001708984375
4300,21.578375829854235,0,0,300,0.02,0.3881051242351532
4301,172.21545782804878,1,0,259,0.02,0.3355382978916168
4302,173.5266323161164,1,0,295,0.02,0.3452446758747101
4303,24.373029749397457,0,0,300,0.02,0.3611453175544739
4304,32.131901924614084,0,0,300,0.02,0.3339272737503052
4305,24.81243517160805,0,0,300,0.02,0.37129396200180054
4306,31.819180200103915,0,0,300,0.02,0.3196077048778534
4307,37.49836181879439,0,0,300,0.02,0.3173123002052307
4308,188.84987060785684,1,0,297,0.02,0.3369351029396057
4309,40.09924639940654,0,0,300,0.02,0.32959115505218506
4310,29.773545601371843,0,0,300,0.02,0.33851635456085205
4311,182.5718111157456,1,0,300,0.02,0.3414499759674072
4312,190.68207810640726,1,0,274,0.02,0.33138322830200195
4313,181.84787464857493,1,0,296,0.02,0.32743409276008606
4314,184.79634347200786,1,0,247,0.02,0.34531688690185547
4315,169.8111341548005,1,0,277,0.02,0.3491192162036896
4316,188.43319919506575,1,0,293,0.02,0.3343992829322815
4317,193.65870962858594,1,0,244,0.02,0.3372253477573395
4318,31.61862562418374,0,0,300,0.02,0.28474634885787964
4319,184.15913425207535,1,0,291,0.02,0.3371191918849945
4320,39.613717582229775,0,0,300,0.02,0.32847335934638977
4321,28.955785830024794,0,0,300,0.02,0.3504562973976135
4322,179.31033985376746,1,0,300,0.02,0.3468177914619446
4323,191.0312448334733,1,0,249,0.02,0.33159154653549194
4324,20.71574106932081,0,0,300,0.02,0.39796748757362366
4325,185.66154996157084,1,0,241,0.02,0.3190152645111084
4326,34.20966023207107,0,0,300,0.02,0.3444876968860626
4327,182.81637398958597,1,0,284,0.02,0.3453092575073242
4328,178.85878525972754,1,0,295,0.02,0.31970643997192383
4329,181.354915087227,1,0,274,0.02,0.3406739830970764
4330,183.89391160250102,1,0,239,0.02,0.34592485427856445
4331,38.213699181083825,0,0,300,0.02,0.28597795963287354
4332,4.3077073828326435,0,0,300,0.02,0.871369481086731
4333,186.488533527855,1,0,296,0.02,0.3297693729400635
4334,36.45230507135784,0,0,300,0.02,0.3288264870643616
4335,17.877608678344796,0,0,300,0.02,0.3550005853176117
4336,177.4251075816194,1,0,251,0.02,0.33312585949897766
4337,26.094212782386887,0,0,300,0.02,0.3608495593070984
4338,24.319686286453393,0,0,300,0.02,0.36198118329048157
4339,188.47777790785227,1,0,288,0.02,0.3424582779407501
4340,18.894118274846264,0,0,300,0.02,0.35916951298713684
4341,36.55759243250288,0,0,300,0.02,0.3150046467781067
4342,181.03369703531658,1,0,292,0.02,0.3484784960746765
4343,11.345660981335833,0,0,300,0.02,0.4262838363647461
4344,190.66573765039834,1,0,233,0.02,0.34546834230422974
4345,187.91904188076518,1,0,249,0.02,0.33293861150741577
4346,32.44590665737654,0,0,300,0.02,0.39122241735458374
4347,173.4967062354127,1,0,299,0.02,0.3477261960506439
4348,195.62663232565322,1,0,287,0.02,0.3477446734905243
4349,29.425440042022785,0,0,300,0.02,0.36054274439811707
4350,183.3214023470918,1,0,290,0.02,0.34155216813087463
4351,34.99036914268993,0,0,300,0.02,0.36010679602622986
4352,185.11357707262434,1,0,283,0.02,0.3385084867477417
4353,-3.7363565611799974,0,0,300,0.02,0.485991895198822
4354,169.25923294783024,1,0,292,0.02,0.3345945179462433
4355,11.817521660331789,0,0,300,0.02,0.4500223398208618
4356,162.3608406233827,1,0,287,0.02,0.33919259905815125
4357,189.65320124388134,1,0,282,0.02,0.34860244393348694
4358,34.27274791479508,0,0,300,0.02,0.32371577620506287
4359,173.65549350977332,1,0,300,0.02,0.34552937746047974
4360,39.834621846679845,0,0,300,0.02,0.31324729323387146
4361,31.290721046928475,0,0,300,0.02,0.3992224931716919
4362,27.40703150988017,0,0,300,0.02,0.33514487743377686
4363,33.56131079117325,0,0,300,0.02,0.33237138390541077
4364,32.52290808916482,0,0,300,0.02,0.34367573261260986
4365,37.04216974497234,0,0,300,0.02,0.3538603186607361
4366,191.62628220796978,1,0,292,0.02,0.34783220291137695
4367,185.86203498125465,1,0,285,0.02,0.3388940095901489
4368,180.38154230833447,1,0,292,0.02,0.3440171778202057
4369,31.889990899566783,0,0,300,0.02,0.40190503001213074
4370,193.1762266818669,1,0,295,0.02,0.34614241123199463
4371,184.7675249457399,1,0,282,0.02,0.3425215184688568
4372,-0.8088811182936562,0,0,300,0.02,0.5016230344772339
4373,36.90190298796095,0,0,300,0.02,0.3314270079135895
4374,189.60287673712168,1,0,293,0.02,0.3436835706233978
4375,-1.3005071743342944,0,0,300,0.02,1.1703258752822876
4376,183.0001033330003,1,0,293,0.02,0.34437692165374756
4377,26.112692425254917,0,0,300,0.02,0.3712296485900879
4378,183.03130963087472,1,0,300,0.02,0.3490753471851349
4379,190.95105860948956,1,0,279,0.02,0.3266381025314331
4380,188.11775415659343,1,0,297,0.02,0.33496421575546265
4381,189.760452401642,1,0,291,0.02,0.3192896544933319
4382,182.39568745375072,1,0,292,0.02,0.34298089146614075
4383,181.90188641786966,1,0,296,0.02,0.33143115043640137
4384,-211.91057276805427,0,0,300,0.02,3.850342273712158
4385,184.5094152092973,1,0,239,0.02,0.3320489525794983
4386,190.88337027311715,1,0,257,0.02,0.346060186624527
4387,35.72868820906073,0,0,300,0.02,0.4097307026386261
4388,187.9399782538453,1,0,293,0.02,0.3369081914424896
4389,182.69483785868084,1,0,289,0.02,0.34569329023361206
4390,189.5934240174333,1,0,287,0.02,0.3410467505455017
4391,182.83961613417065,1,0,262,0.02,0.3469987213611603
4392,192.6762266818669,1,0,297,0.02,0.34614241123199463
4393,32.26827667951981,0,0,300,0.02,0.34233358502388
4394,190.41930279493727,1,0,300,0.02,0.3320770561695099
4395,169.2870323920289,1,0,297,0.02,0.3476446568965912
4396,19.52999802351385,0,0,300,0.02,0.33190324902534485
4397,6.704119633832219,0,0,300,0.02,0.5591691732406616
4398,196.84016144037642,1,0,268,0.02,0.3268623948097229
4399,195.1562266818669,1,0,292,0.02,0.34614241123199463
4400,183.26760005712902,1,0,283,0.02,0.3450027406215668
4401,18.28183938265235,0,0,300,0.02,0.37644290924072266
4402,28.982589805130065,0,0,300,0.02,0.3137553036212921
4403,184.8561798691789,1,0,286,0.02,0.33285778760910034
4404,14.246563772359169,0,0,300,0.02,0.3685581386089325
4405,179.24211462259683,1,0,289,0.02,0.34137409925460815
4406,177.36397358179482,1,0,287,0.02,0.34340935945510864
4407,183.07866745710766,1,0,296,0.02,0.34473589062690735
4408,35.90714923620613,0,0,300,0.02,0.35261544585227966
4409,30.113348844055285,0,0,300,0.02,0.3535655438899994
4410,27.28505336523444,0,0,300,0.02,0.3081394135951996
4411,0.5673298478165746,0,0,300,0.02,0.4800702929496765
4412,32.15329095602428,0,0,300,0.02,0.36608001589775085
4413,27.81419842958839,0,0,300,0.02,0.34835314750671387
4414,185.60520326853188,1,0,297,0.02,0.3231019377708435
4415,32.59780837297832,0,0,300,0.02,0.4224506616592407
4416,22.496772358421396,0,0,300,0.02,0.3377096652984619
4417,34.736891035237534,0,0,300,0.02,0.408476322889328
4418,189.4388314700166,1,0,292,0.02,0.33969488739967346
4419,31.749020082954516,0,0,300,0.02,0.37714773416519165
4420,190.0073599314729,1,0,293,0.02,0.33506277203559875
4421,183.33136965513623,1,0,294,0.02,0.33406034111976624
4422,36.707304270271386,0,0,300,0.02,0.337576687335968
4423,184.52955950975812,1,0,288,0.02,0.34701287746429443
4424,31.261239240173424,0,0,300,0.02,0.3340929448604584
4425,182.6747602248231,1,0,268,0.02,0.3382126986980438
4426,29.88474502802287,0,0,300,0.02,0.3857164978981018
4427,186.86736675501257,1,0,294,0.02,0.3425610661506653
4428,189.07210266352092,1,0,280,0.02,0.3313770890235901
4429,184.02035569906627,1,0,288,0.02,0.3443138301372528
4430,190.52373098135388,1,0,275,0.02,0.3409700095653534
4431,31.504142158035403,0,0,300,0.02,0.31586721539497375
4432,188.94733509779368,1,0,295,0.02,0.32506898045539856
4433,27.415161659721463,0,0,300,0.02,0.3531123399734497
4434,195.68798653364576,1,0,286,0.02,0.34490612149238586
4435,190.23700663328566,1,0,295,0.02,0.3451510965824127
4436,42.459378273491055,0,0,300,0.02,0.4620581865310669
4437,195.1663430666963,1,0,290,0.02,0.3328169882297516
4438,177.67563766876717,1,0,239,0.02,0.34628966450691223
4439,27.89272418260965,0,0,300,0.02,0.3837217092514038
4440,183.073200123314,1,0,291,0.02,0.3361027240753174
4441,187.37490522146618,1,0,296,0.02,0.3481764495372772
4442,189.56069300413526,1,0,295,0.02,0.3292295038700104
4443,187.009315855507,1,0,298,0.02,0.3495737910270691
4444,28.855357377533092,0,0,300,0.02,0.3155634105205536
4445,7.02859049717448,0,0,300,0.02,0.7555514574050903
4446,189.37671036005415,1,0,285,0.02,0.3352251648902893
4447,24.941225697998114,0,0,300,0.02,0.3465963304042816
4448,184.23793063402567,1,0,285,0.02,0.3474200963973999
4449,38.97226995706948,0,0,300,0.02,0.3738352656364441
4450,177.43103876829537,1,0,287,0.02,0.3441430628299713
4451,185.7925182461778,1,0,278,0.02,0.336273193359375
4452,188.91791994810495,1,0,292,0.02,0.32742276787757874
4453,187.13547773600013,1,0,295,0.02,0.3355333209037781
4454,184.9178223252336,1,0,281,0.02,0.32994717359542847
4455,185.43450332880408,1,0,297,0.02,0.3382769227027893
4456,26.69862152496837,0,0,300,0.02,0.42054370045661926
4457,29.988094275001597,0,0,300,0.02,0.36987918615341187
4458,187.5875558114091,1,0,293,0.02,0.3400138020515442
4459,9.58096449137124,0,0,300,0.02,0.40416163206100464
4460,188.1733694481889,1,0,300,0.02,0.3485603928565979
4461,193.87531089067852,1,0,294,0.02,0.3480750322341919
4462,28.212767643132413,0,0,300,0.02,0.36200717091560364
4463,168.2334214043656,1,0,298,0.02,0.34354740381240845
4464,30.73619879484565,0,0,300,0.02,0.32535305619239807
4465,188.62437843084726,1,0,296,0.02,0.31580814719200134
4466,35.04832271814736,0,0,300,0.02,0.3798220753669739
4467,180.90312614202892,1,0,281,0.02,0.3486212193965912
4468,188.01835903406536,1,0,266,0.02,0.3373129963874817
4469,36.71227566957864,0,0,300,0.02,0.3713338375091553
4470,182.49040971041111,1,0,291,0.02,0.3468003273010254
4471,30.627714723744628,0,0,300,0.02,0.333270400762558
4472,188.73619935751356,1,0,294,0.02,0.3478529155254364
4473,196.16620995283523,1,0,294,0.02,0.3128502666950226
4474,164.43775037050634,1,0,286,0.02,0.3424651622772217
4475,185.8016206193009,1,0,296,0.02,0.34149760007858276
4476,182.31612353086862,1,0,296,0.02,0.34537187218666077
4477,12.74587766886147,0,0,300,0.02,0.36293333768844604
4478,188.3433123469392,1,0,292,0.02,0.3485746681690216
4479,185.35330769777687,1,0,289,0.02,0.3485758304595947
4480,28.751709058288647,0,0,300,0.02,0.3689754903316498
4481,180.11532265425114,1,0,294,0.02,0.3380720913410187
4482,0.4441510319748981,0,0,300,0.02,0.7358649969100952
4483,187.43372319460306,1,0,286,0.02,0.33097195625305176
4484,176.13678024530796,1,0,295,0.02,0.34270769357681274
4485,35.6548964206364,0,0,300,0.02,0.3139749765396118
4486,178.87588345289623,1,0,285,0.02,0.3479318916797638
4487,32.132315847877585,0,0,300,0.02,0.3413237929344177
4488,194.1062178254167,1,0,292,0.02,0.3453482985496521
4489,32.0337538313905,0,0,300,0.02,0.3309642970561981
4490,35.245768997673125,0,0,300,0.02,0.31296050548553467
4491,189.59553714037338,1,0,289,0.02,0.34551846981048584
4492,187.9452342200318,1,0,297,0.02,0.34309419989585876
4493,199.66489604711927,1,0,297,0.02,0.3181787431240082
4494,34.98379300991563,0,0,300,0.02,0.3117508292198181
4495,190.45679232836164,1,0,284,0.02,0.3227046728134155
4496,189.3573626351396,1,0,296,0.02,0.325062096118927
4497,12.557309949401917,0,0,300,0.02,0.35757526755332947
4498,174.22978241205604,1,0,300,0.02,0.341957151889801
4499,183.77806510210428,1,0,291,0.02,0.3473864793777466
4500,41.849204232696664,0,0,300,0.02,0.36960169672966003
4501,35.581941349510295,0,0,300,0.02,0.3564174175262451
4502,182.43753910303508,1,0,293,0.02,0.33501797914505005
4503,190.03929197550212,1,0,288,0.02,0.3395797610282898
4504,177.7860777163544,1,0,288,0.02,0.3353833258152008
4505,191.74091811895764,1,0,270,0.02,0.34167322516441345
4506,192.3693983292619,1,0,276,0.02,0.3445531725883484
4507,185.76279814958957,1,0,298,0.02,0.3362032175064087
4508,175.10378262758647,1,0,285,0.02,0.34845709800720215
4509,191.94937373400126,1,0,271,0.02,0.3345593214035034
4510,189.6732473921815,1,0,294,0.02,0.3210909068584442
4511,186.7080602955857,1,0,295,0.02,0.33738768100738525
4512,171.60040231943526,1,0,290,0.02,0.3468021750450134
4513,38.27178343693282,0,0,300,0.02,0.38975322246551514
4514,35.25219990015419,0,0,300,0.02,0.3838527798652649
4515,182.84420968771374,1,0,292,0.02,0.3308503329753876
4516,178.71311066866312,1,0,288,0.02,0.3236250877380371
4517,193.41685012579353,1,0,300,0.02,0.3176902234554291
4518,177.43002896547708,1,0,284,0.02,0.3493955135345459
4519,42.997776769795706,0,0,300,0.02,0.28575488924980164
4520,13.150283868316707,0,0,300,0.02,0.38933178782463074
4521,187.03837024927532,1,0,270,0.02,0.33981019258499146
4522,177.79850511312873,1,0,286,0.02,0.3497764766216278
4523,189.75812291860973,1,0,293,0.02,0.34737202525138855
4524,185.9631657004396,1,0,283,0.02,0.34361132979393005
4525,182.16018090963757,1,0,296,0.02,0.33685752749443054
4526,14.841149938110473,0,0,300,0.02,0.36161527037620544
4527,194.57023824930582,1,0,280,0.02,0.33684319257736206
4528,186.23159864664467,1,0,299,0.02,0.33150309324264526
4529,186.87490522146615,1,0,298,0.02,0.3481764495372772
4530,22.73966048479468,0,0,300,0.02,0.44198763370513916
4531,190.84567136049665,1,0,283,0.02,0.3429849147796631
4532,193.1315986466447,1,0,297,0.02,0.33150309324264526
4533,37.358436154523154,0,0,300,0.02,0.29559004306793213
4534,196.87117481947337,1,0,299,0.02,0.3216090500354767
4535,190.07738619566356,1,0,280,0.02,0.3450562059879303
4536,38.67648982286849,0,0,300,0.02,0.33528029918670654
4537,183.9236993813554,1,0,297,0.02,0.3384779095649719
4538,32.6224479842225,0,0,300,0.02,0.3237907588481903
4539,41.34351310968795,0,0,300,0.02,0.38352447748184204
4540,181.23704154253394,1,0,299,0.02,0.3401423692703247
4541,189.9335307192842,1,0,291,0.02,0.34352007508277893
4542,36.59157051325239,0,0,300,0.02,0.33151012659072876
4543,188.71170424700176,1,0,297,0.02,0.32647669315338135
4544,189.03599793672956,1,0,293,0.02,0.32790327072143555
4545,28.168303217091758,0,0,300,0.02,0.353123277425766
4546,189.40556955576338,1,0,293,0.02,0.3430103659629822
4547,36.26175821066297,0,0,300,0.02,0.3164632022380829
4548,43.809781057838606,0,0,300,0.02,0.29945749044418335
4549,31.80214674234785,0,0,300,0.02,0.323866069316864
4550,31.04633041143806,0,0,300,0.02,0.32782015204429626
4551,179.3368944191972,1,0,282,0.02,0.3351791501045227
4552,187.48162061930094,1,0,291,0.02,0.34149760007858276
4553,23.46816252470405,0,0,300,0.02,0.29236212372779846
4554,188.0132129597703,1,0,299,0.02,0.3260995149612427
4555,186.29230341196453,1,0,298,0.02,0.3313269019126892
4556,183.81590491056835,1,0,290,0.02,0.347926527261734
4557,191.14559617281355,1,0,288,0.02,0.32050371170043945
4558,189.35039858580024,1,0,273,0.02,0.3368031084537506
4559,188.2038202786485,1,0,263,0.02,0.3434476852416992
4560,192.3230776572267,1,0,271,0.02,0.3261333405971527
4561,185.9223628258744,1,0,298,0.02,0.3438120484352112
4562,194.3403362488786,1,0,291,0.02,0.3393186926841736
4563,183.28916754961406,1,0,287,0.02,0.3471108675003052
4564,188.13793964624796,1,0,299,0.02,0.3349178433418274
4565,183.3165147852937,1,0,291,0.02,0.34777405858039856
4566,188.35318446079756,1,0,292,0.02,0.3469029664993286
4567,12.457650730613807,0,0,300,0.02,0.4724900722503662
4568,183.17875398397834,1,0,300,0.02,0.33971425890922546
4569,26.273852822784544,0,0,300,0.02,0.3434395492076874
4570,188.2441108250657,1,0,283,0.02,0.32087504863739014
4571,180.2732253146211,1,0,284,0.02,0.3460964262485504
4572,28.7739984345475,0,0,300,0.02,0.35840314626693726
4573,193.84479369402322,1,0,285,0.02,0.33070433139801025
4574,27.979114069142586,0,0,300,0.02,0.3504205644130707
4575,190.93836213350687,1,0,275,0.02,0.3373122215270996
4576,37.495868562855975,0,0,300,0.02,0.31123194098472595
4577,189.53628140688338,1,0,290,0.02,0.3253324031829834
4578,186.78117211580667,1,0,297,0.02,0.33160972595214844
4579,189.55007895708476,1,0,290,0.02,0.3293830156326294
4580,189.99299975157177,1,0,294,0.02,0.3411528170108795
4581,29.07288014650734,0,0,300,0.02,0.33118271827697754
4582,177.0782190108338,1,0,283,0.02,0.3498480021953583
4583,191.1520259356538,1,0,295,0.02,0.3113962709903717
4584,180.35607942343154,1,0,295,0.02,0.3453828990459442
4585,179.12930128336347,1,0,300,0.02,0.34207743406295776
4586,36.23293087721262,0,0,300,0.02,0.41117003560066223
4587,17.002397191528395,0,0,300,0.02,0.38380345702171326
4588,26.59192686796582,0,0,300,0.02,0.3414210379123688
4589,-31.905028026100005,0,0,300,0.02,0.753159761428833
4590,186.4849686217347,1,0,267,0.02,0.34316059947013855
4591,190.93647568464675,1,0,277,0.02,0.3477838337421417
4592,34.10748279810347,0,0,300,0.02,0.3875320553779602
4593,36.429694454673836,0,0,300,0.02,0.34697914123535156
4594,20.933071053032002,0,0,300,0.02,0.376134991645813
4595,-5.8055422472914495,0,0,300,0.02,0.6407883167266846
4596,190.13098681211866,1,0,290,0.02,0.34915605187416077
4597,17.211471666493626,0,0,300,0.02,0.3798311650753021
4598,182.10557623148355,1,0,261,0.02,0.34300869703292847
4599,188.80584946871198,1,0,295,0.02,0.3454403877258301
4600,24.42642011562854,0,0,300,0.02,0.36609405279159546
4601,33.04861942211653,0,0,300,0.02,0.3380442261695862
4602,35.52755921602647,0,0,300,0.02,0.5450129508972168
4603,179.4898369717637,1,0,286,0.02,0.3319435119628906
4604,12.95092160145302,0,0,300,0.02,0.4024686813354492
4605,181.5753089737931,1,0,295,0.02,0.3455755114555359
4606,191.71022740126048,1,0,271,0.02,0.33684590458869934
4607,179.78020415544904,1,0,293,0.02,0.33685171604156494
4608,182.72996757269297,1,0,290,0.02,0.34941086173057556
4609,169.72980078936016,1,0,294,0.02,0.34695255756378174
4610,188.66805779219067,1,0,288,0.02,0.3373883068561554
4611,192.7506392312089,1,0,271,0.02,0.326742947101593
4612,185.19180539369978,1,0,280,0.02,0.34145140647888184
4613,171.23864493608872,1,0,296,0.02,0.34724152088165283
4614,181.7987779450456,1,0,274,0.02,0.33970826864242554
4615,24.941800598302123,0,0,300,0.02,0.3572489321231842
4616,20.2320426058808,0,0,300,0.02,0.368892103433609
4617,190.90290449381263,1,0,298,0.02,0.3386766314506531
4618,168.5273719000855,1,0,295,0.02,0.34755977988243103
4619,16.86520884275826,0,0,300,0.02,0.37810054421424866
4620,189.5465646497395,1,0,287,0.02,0.3485579192638397
4621,181.01386685133372,1,0,298,0.02,0.3334360420703888
4622,33.67892678499617,0,0,300,0.02,0.35717105865478516
4623,38.09104368607071,0,0,300,0.02,0.31243816018104553
4624,185.2072122597733,1,0,289,0.02,0.34259968996047974
4625,189.52162965059674,1,0,300,0.02,0.33399534225463867
4626,32.89482166052257,0,0,300,0.02,0.3181973397731781
4627,181.1848554921189,1,0,295,0.02,0.3431888818740845
4628,-11.296633129916,0,0,300,0.02,0.47685736417770386
4629,169.14608347654735,1,0,298,0.02,0.34538188576698303
4630,192.73335730473067,1,0,300,0.02,0.34435975551605225
4631,189.77223274946604,1,0,273,0.02,0.33884456753730774
4632,186.79655857801828,1,0,296,0.02,0.3277631103992462
4633,190.63834928751385,1,0,243,0.02,0.3448154330253601
4634,28.51971771160623,0,0,300,0.02,0.31026965379714966
4635,32.38331531286629,0,0,300,0.02,0.3135739266872406
4636,180.9013254761735,1,0,295,0.02,0.3465713858604431
4637,179.10675463438423,1,0,286,0.02,0.3477140963077545
4638,188.71159864664472,1,0,294,0.02,0.33150309324264526
4639,187.85189101457985,1,0,291,0.02,0.3489300012588501
4640,34.66093382597364,0,0,300,0.02,0.33416929841041565
4641,188.96006075621042,1,0,282,0.02,0.33938756585121155
4642,-3.5134843611677953,0,0,300,0.02,0.47777384519577026
4643,166.96156088591013,1,0,276,0.02,0.3390125334262848
4644,184.58054354429638,1,0,290,0.02,0.3367668688297272
4645,30.210161149505705,0,0,300,0.02,0.4068624675273895
4646,14.591420595649783,0,0,300,0.02,0.4065476059913635
4647,184.9045045399705,1,0,287,0.02,0.34327661991119385
4648,192.40771037817396,1,0,271,0.02,0.3274751603603363
4649,29.327373637356967,0,0,300,0.02,0.38835567235946655
4650,188.71159864664472,1,0,294,0.02,0.33150309324264526
4651,30.790661737922797,0,0,300,0.02,0.3517373204231262
4652,34.84939188242347,0,0,300,0.02,0.4045547842979431
4653,183.4288467574159,1,0,291,0.02,0.34719106554985046
4654,191.06444262266552,1,0,273,0.02,0.330792099237442
4655,30.94337990204359,0,0,300,0.02,0.29935410618782043
4656,36.04158069849407,0,0,300,0.02,0.31400758028030396
4657,31.156702425483804,0,0,300,0.02,0.31772714853286743
4658,5.529939048294195,0,0,300,0.02,0.4344179928302765
4659,189.02369148493204,1,0,297,0.02,0.3309798836708069
4660,190.2552497887651,1,0,297,0.02,0.33059030771255493
4661,12.358352134231618,0,0,300,0.02,0.4348147213459015
4662,32.24035462299848,0,0,300,0.02,0.3976104259490967
4663,35.35384924173746,0,0,300,0.02,0.3109404444694519
4664,190.83409003019725,1,0,273,0.02,0.33838024735450745
4665,19.602090432647795,0,0,300,0.02,0.40638014674186707
4666,186.83168989897166,1,0,295,0.02,0.34648028016090393
4667,20.41113143206032,0,0,300,0.02,0.3541198968887329
4668,29.725320193771445,0,0,300,0.02,0.38057270646095276
4669,180.25954747915662,1,0,284,0.02,0.3495158851146698
4670,11.493687279228256,0,0,300,0.02,0.6034809350967407
4671,30.540943729881363,0,0,300,0.02,0.3366668224334717
4672,36.596105636754295,0,0,300,0.02,0.3336726725101471
4673,190.19490506410992,1,0,285,0.02,0.3381764888763428
4674,190.0040857768098,1,0,272,0.02,0.34838131070137024
4675,32.99580543280042,0,0,300,0.02,0.3329513967037201
4676,189.715808084015,1,0,291,0.02,0.3404507339000702
4677,192.42308701277173,1,0,269,0.02,0.3411310017108917
4678,191.2279296231309,1,0,275,0.02,0.33242034912109375
4679,27.035773642067063,0,0,300,0.02,0.40545934438705444
4680,176.04490520239264,1,0,297,0.02,0.3431764543056488
4681,187.76973690748605,1,0,299,0.02,0.31946852803230286
4682,23.661068710484706,0,0,300,0.02,0.3724319040775299
4683,194.43610115448502,1,0,299,0.02,0.34617379307746887
4684,185.21833735704814,1,0,276,0.02,0.34231841564178467
4685,190.2021198010484,1,0,298,0.02,0.32387280464172363
4686,182.88827168226635,1,0,290,0.02,0.3448348343372345
4687,38.13605986357128,0,0,300,0.02,0.2803877890110016
4688,187.70202051878366,1,0,291,0.02,0.328897625207901
4689,181.19636183023843,1,0,287,0.02,0.34531229734420776
4690,180.17256629705824,1,0,283,0.02,0.33876118063926697
4691,1.552470951080279,0,0,300,0.02,0.6193822622299194
4692,27.42804063558967,0,0,300,0.02,0.40239259600639343
4693,188.71159864664472,1,0,294,0.02,0.33150309324264526
4694,16.52532287359624,0,0,300,0.02,0.4580720365047455
4695,179.74216567278296,1,0,299,0.02,0.34886133670806885
4696,190.86045891523753,1,0,270,0.02,0.33928802609443665
4697,182.32731146097575,1,0,293,0.02,0.3475748896598816
4698,29.614942696098392,0,0,300,0.02,0.3281670808792114
4699,32.15046439886486,0,0,300,0.02,0.4017866551876068
4700,12.338536007408198,0,0,300,0.02,0.3547687530517578
4701,189.26723855734267,1,0,299,0.02,0.330093115568161
4702,187.35885115862283,1,0,287,0.02,0.3446899652481079
4703,178.3547084069291,1,0,298,0.02,0.3482256531715393
4704,194.88447905302442,1,0,298,0.02,0.31828299164772034
4705,32.337499326863544,0,0,300,0.02,0.30582424998283386
4706,183.04982534647382,1,0,293,0.02,0.3469464182853699
4707,182.10879824877176,1,0,291,0.02,0.34970319271087646
4708,38.80921416679885,0,0,300,0.02,0.3403955399990082
4709,12.12779041529091,0,0,300,0.02,0.4024551510810852
4710,189.27576148271956,1,0,287,0.02,0.342962384223938
4711,36.91281393766797,0,0,300,0.02,0.31869927048683167
4712,192.9199773192445,1,0,267,0.02,0.34190842509269714
4713,27.519881179336622,0,0,300,0.02,0.32693246006965637
4714,187.78617922544868,1,0,300,0.02,0.32035794854164124
4715,17.386589396003792,0,0,300,0.02,0.43775540590286255
4716,35.34313182751199,0,0,300,0.02,0.29941612482070923
4717,187.8115986466447,1,0,296,0.02,0.33150309324264526
4718,190.55902078390517,1,0,290,0.02,0.342147558927536
4719,0.8716841403629978,0,0,300,0.02,0.7347780466079712
4720,-3.8757574804637627,0,0,300,0.02,0.4916384518146515
4721,190.18604994059,1,0,273,0.02,0.33539026975631714
4722,168.58438884020242,1,0,286,0.02,0.32580554485321045
4723,199.7321022868196,1,0,298,0.02,0.32637718319892883
4724,184.02293384790815,1,0,293,0.02,0.34616929292678833
4725,169.31561020613108,1,0,297,0.02,0.343000203371048
4726,11.609615573086913,0,0,300,0.02,0.34779518842697144
4727,174.34808670441174,1,0,285,0.02,0.3456774055957794
4728,189.4252212452928,1,0,291,0.02,0.34809744358062744
4729,24.543573668006967,0,0,300,0.02,0.4460093379020691
4730,23.576122934822198,0,0,300,0.02,0.4703720211982727
4731,23.326891505722124,0,0,300,0.02,0.41517987847328186
4732,189.42886974573528,1,0,296,0.02,0.3421853184700012
4733,191.12005449057017,1,0,276,0.02,0.32188913226127625
4734,188.74159864664472,1,0,294,0.02,0.33150309324264526
4735,27.277151850858004,0,0,300,0.02,0.3109111189842224
4736,170.75272712946324,1,0,290,0.02,0.3437209725379944
4737,30.75751209497841,0,0,300,0.02,0.3175247311592102
4738,181.33810039759072,1,0,288,0.02,0.34987765550613403
4739,186.84070534944928,1,0,297,0.02,0.3467264175415039
4740,34.05103634754684,0,0,300,0.02,0.2949399948120117
4741,31.612521035675172,0,0,300,0.02,0.28627249598503113
4742,189.59478943109903,1,0,272,0.02,0.33820539712905884
4743,31.978674328331127,0,0,300,0.02,0.3647341728210449
4744,186.97653107881933,1,0,286,0.02,0.3377699851989746
4745,6.614380652908459,0,0,300,0.02,0.39830759167671204
4746,22.170235526565627,0,0,300,0.02,0.3418438732624054
4747,184.9992913508454,1,0,289,0.02,0.3320799171924591
4748,24.469289920333924,0,0,300,0.02,0.39458027482032776
4749,38.80295902967846,0,0,300,0.02,0.29116299748420715
4750,26.525728628639282,0,0,300,0.02,0.35547059774398804
4751,188.71159864664472,1,0,294,0.02,0.33150309324264526
4752,37.76740974665083,0,0,300,0.02,0.3000503182411194
4753,22.16273098389168,0,0,300,0.02,0.3770163357257843
4754,31.58277929703257,0,0,300,0.02,0.354504257440567
4755,21.311946733001783,0,0,300,0.02,0.3614160716533661
4756,183.0237935757676,1,0,279,0.02,0.34345436096191406
4757,33.47583777348065,0,0,300,0.02,0.39623963832855225
4758,14.15168460131081,0,0,300,0.02,0.42648160457611084
4759,170.2585211968461,1,0,252,0.02,0.34727245569229126
4760,16.941832468513542,0,0,300,0.02,0.5014446377754211
4761,33.791540644172755,0,0,300,0.02,0.5015175938606262
4762,171.06344641924298,1,0,261,0.02,0.3385411500930786
4763,169.81235971689614,1,0,268,0.02,0.34131282567977905
4764,170.32582180262006,1,0,272,0.02,0.3429473042488098
4765,169.74853036642466,1,0,269,0.02,0.3447701632976532
4766,168.7345338749925,1,0,283,0.02,0.3457692861557007
4767,23.770389125351034,0,0,300,0.02,0.4193054735660553
4768,169.3197835946122,1,0,280,0.02,0.33945685625076294
4769,16.331217100624134,0,0,300,0.02,0.6240984797477722
4770,4.775659344200245,0,0,300,0.02,0.31798791885375977
4771,4.605200989250266,0,0,300,0.02,0.47560250759124756
4772,11.115730102066099,0,0,300,0.02,0.4604702293872833
4773,20.75883907556927,0,0,300,0.02,0.3646929860115051
4774,22.274164512161395,0,0,300,0.02,0.4258616268634796
4775,27.24628235102091,0,0,300,0.02,0.2603321671485901
4776,16.420290052894643,0,0,300,0.02,0.35433024168014526
4777,22.174273965362634,0,0,300,0.02,0.30583426356315613
4778,177.3309428381959,1,0,298,0.02,0.32166704535484314
4779,-45.73684997638203,0,0,300,0.02,0.88191157579422
4780,19.169546582702747,0,0,300,0.02,0.36451610922813416
4781,14.378433139328045,0,0,300,0.02,0.4197944700717926
4782,185.69243429422772,1,0,279,0.02,0.3287941813468933
4783,193.92767490148938,1,0,282,0.02,0.3399840295314789
4784,52.23420222044385,0,0,300,0.02,0.37335219979286194
4785,199.11013323545848,1,0,299,0.02,0.33936944603919983
4786,-6.428254361948729,0,0,300,0.02,0.4497626721858978
4787,201.1670873475114,1,0,278,0.02,0.34763091802597046
4788,171.6854883933107,1,0,287,0.02,0.3480306565761566
4789,52.85325966597001,0,0,300,0.02,0.3510878384113312
4790,52.85325966597001,0,0,300,0.02,0.3510878384113312
4791,196.62611624956523,1,0,275,0.02,0.3428736925125122
4792,38.178997430005325,0,0,300,0.02,0.3679497241973877
4793,11.221878742375598,0,0,300,0.02,0.3422293961048126
4794,36.39969673395553,0,0,300,0.02,0.3819785714149475
4795,43.921622593406745,0,0,300,0.02,0.358997106552124
4796,45.70758806467447,0,0,300,0.02,0.357505738735199
4797,33.52620977640542,0,0,300,0.02,0.3603503108024597
4798,41.27553318897748,0,0,300,0.02,0.3638157844543457
4799,15.0647442404376,0,0,300,0.02,0.41461026668548584
4800,200.47708304644024,1,0,276,0.02,0.3451319932937622
4801,20.050863158706832,0,0,300,0.02,0.4341869652271271
4802,209.02247144461072,1,0,296,0.02,0.3487848937511444
4803,33.834206430915984,0,0,300,0.02,0.3833511471748352
4804,46.35108853260542,0,0,300,0.02,0.3499269485473633
4805,216.06923777342234,1,0,295,0.02,0.34959331154823303
4806,29.806411612037778,0,0,300,0.02,0.39529985189437866
4807,207.21348148584758,1,0,295,0.02,0.34353238344192505
4808,33.95207922855875,0,0,300,0.02,0.367179274559021
4809,204.00068685293587,1,0,284,0.02,0.3417310416698456
4810,24.700936693349085,0,0,300,0.02,0.38996490836143494
4811,52.078612088361055,0,0,300,0.02,0.3530460596084595
4812,170.4500679278413,1,0,296,0.02,0.3443857729434967
4813,46.91999154964952,0,0,300,0.02,0.34520119428634644
4814,45.80341501156355,0,0,300,0.02,0.3468453288078308
4815,34.85557714224252,0,0,300,0.02,0.3630084693431854
4816,-221.17410624583732,0,0,300,0.02,2.133725643157959
4817,125.54639414549264,0,0,300,0.02,0.4103042185306549
4818,-11.815731087527045,0,0,300,0.02,0.44163185358047485
4819,30.081050021652295,0,0,300,0.02,0.4191402494907379
4820,-3.709947993751409,0,0,300,0.02,0.5768897533416748
4821,168.79770457506572,1,0,272,0.02,0.33747661113739014
4822,11.618326680664126,0,0,300,0.02,0.3873210847377777
4823,173.16780473947915,1,0,250,0.02,0.3449515700340271
4824,13.736497533325299,0,0,300,0.02,0.3877783715724945
4825,209.13256822348035,1,0,284,0.02,0.3437606990337372
4826,222.09910981417096,1,0,288,0.02,0.337125301361084
4827,48.900494611267234,0,0,300,0.02,0.3842791020870209
4828,1.1898650193253577,0,0,300,0.02,0.43443650007247925
4829,84.9672908330003,0,0,300,0.02,0.44008004665374756
4830,4.63165501833356,0,0,300,0.02,0.35898900032043457
4831,178.239385087494,1,0,296,0.02,0.3420564830303192
4832,10.699895699028076,0,0,300,0.02,0.35192883014678955
4833,10.2358262960102,0,0,300,0.02,0.35624250769615173
4834,16.414789855484173,0,0,300,0.02,0.29320529103279114
4835,14.477009413246195,0,0,300,0.02,0.35515040159225464
4836,181.22373035192874,0,0,300,0.02,0.4259701669216156
4837,186.23000858068846,0,0,300,0.02,0.4119006097316742
4838,-23.59433824300377,0,0,300,0.02,0.45048731565475464
4839,24.453317124847544,0,0,300,0.02,0.4135734736919403
4840,29.753011643890435,0,0,300,0.02,0.3961498439311981
4841,63.31257170439163,0,0,300,0.02,0.38125982880592346
4842,195.62106031656657,1,0,293,0.02,0.3366376757621765
4843,53.89570046663679,0,0,300,0.02,0.3479776382446289
4844,54.55955858469403,0,0,300,0.02,0.35451310873031616
4845,63.057305514816434,0,0,300,0.02,0.3825763761997223
4846,59.81007676840224,0,0,300,0.02,0.34938356280326843
4847,19.914325837292957,0,0,300,0.02,0.3641176223754883
4848,203.29728988409437,1,0,280,0.02,0.34758028388023376
4849,202.37904201269544,1,0,278,0.02,0.3446422517299652
4850,203.41923537016308,1,0,293,0.02,0.34459391236305237
4851,49.855547502044836,0,0,300,0.02,0.3430158793926239
4852,53.74902996302045,0,0,300,0.02,0.34214526414871216
4853,29.700943248275927,0,0,300,0.02,0.3666669428348541
4854,205.25376173735057,1,0,300,0.02,0.34096232056617737
4855,30.638669121269352,0,0,300,0.02,0.3747354745864868
4856,8.502457201484727,0,0,300,0.02,0.4587884545326233
4857,42.445882694725164,0,0,300,0.02,0.3679320812225342
4858,197.98318121672068,1,0,290,0.02,0.34860745072364807
4859,3.066931011680723,0,0,300,0.02,0.4276700019836426
4860,33.296872327331606,0,0,300,0.02,0.3876846730709076
4861,57.70084349394237,0,0,300,0.02,0.34169188141822815
4862,47.44307310343179,0,0,300,0.02,0.3511344790458679
4863,47.283402761616934,0,0,300,0.02,0.35434839129447937
4864,27.021034592786044,0,0,300,0.02,0.39744043350219727
4865,25.082399156097537,0,0,300,0.02,0.3988029658794403
4866,170.71637637377182,1,0,298,0.02,0.34530866146087646
4867,41.77065683762098,0,0,300,0.02,0.3400348722934723
4868,58.05105299234788,0,0,300,0.02,0.354139506816864
4869,55.569615046981944,0,0,300,0.02,0.37449899315834045
4870,57.40262870073715,0,0,300,0.02,0.35374557971954346
4871,89.82066966295638,0,0,300,0.02,0.3667353391647339
4872,191.8727330899278,1,0,292,0.02,0.343719482421875
4873,167.88541112661753,1,0,262,0.02,0.3430499732494354
4874,183.33349067449961,1,0,284,0.02,0.3460300862789154
4875,28.07092094183358,0,0,300,0.02,0.3941725194454193
4876,203.0675408101121,1,0,300,0.02,0.34501755237579346
4877,179.10037073851024,1,0,298,0.02,0.3493100702762604
4878,180.1092410826722,1,0,278,0.02,0.34209248423576355
4879,38.88492748499311,0,0,300,0.02,0.3406708836555481
4880,195.85508961916364,1,0,288,0.02,0.34313035011291504
4881,176.11232767820752,1,0,270,0.02,0.34882083535194397
4882,193.52354039431012,1,0,281,0.02,0.34851765632629395
4883,171.60234901667033,1,0,274,0.02,0.3488155007362366
4884,46.21382684469618,0,0,300,0.02,0.4084460437297821
4885,14.030737073425408,0,0,300,0.02,0.3817184865474701
4886,12.024034626487763,0,0,300,0.02,0.34589409828186035
4887,12.5329777646104,0,0,300,0.02,0.3586583137512207
4888,14.487094857696668,0,0,300,0.02,0.34762904047966003
4889,171.1750495743791,1,0,290,0.02,0.3456403613090515
4890,14.514404284957983,0,0,300,0.02,0.3433016836643219
4891,169.22811395883951,1,0,292,0.02,0.3423742651939392
4892,14.265757741132012,0,0,300,0.02,0.35375964641571045
4893,171.927635204796,1,0,292,0.02,0.339993953704834
4894,173.17001118421948,1,0,263,0.02,0.34439995884895325
4895,169.6500501847306,1,0,287,0.02,0.3493902087211609
4896,171.51024986029066,1,0,278,0.02,0.3493402898311615
4897,-4.316055343147164,0,0,300,0.02,0.5734165906906128
4898,13.914910790924138,0,0,300,0.02,0.37067505717277527
4899,170.94367712736522,1,0,270,0.02,0.34848347306251526
4900,176.09676285982528,1,0,292,0.02,0.34771203994750977
4901,171.31245666265883,1,0,286,0.02,0.3487885892391205
4902,12.399608542923021,0,0,300,0.02,0.2945006191730499
4903,7.910696594719023,0,0,300,0.02,0.36422860622406006
4904,-3.509160602088826,0,0,300,0.02,0.5491929054260254
4905,171.38290906191264,1,0,267,0.02,0.3486754894256592
4906,171.37074564218918,1,0,286,0.02,0.34671634435653687
4907,168.24864241362008,1,0,288,0.02,0.34224215149879456
4908,168.96392233133702,1,0,299,0.02,0.34592217206954956
4909,173.23395548105628,1,0,298,0.02,0.34841388463974
4910,170.19086700678264,1,0,295,0.02,0.3491860032081604
4911,169.14825188398748,1,0,297,0.02,0.34233978390693665
4912,12.683655712608388,0,0,300,0.02,0.328488826751709
4913,152.3502198195497,1,0,230,0.02,0.3493478000164032
4914,168.26351379156503,1,0,293,0.02,0.343524307012558
4915,11.281850985684585,0,0,300,0.02,0.3472363352775574
4916,169.94355040789043,1,0,291,0.02,0.3485151529312134
4917,7.463284728530957,0,0,300,0.02,0.3585815727710724
4918,170.14656127691663,1,0,295,0.02,0.34776243567466736
4919,15.833117053512668,0,0,300,0.02,0.34112349152565
4920,166.53449943304452,1,0,290,0.02,0.34827789664268494
4921,6.939767455258575,0,0,300,0.02,0.3502572178840637
4922,18.257596077122912,0,0,300,0.02,0.355800062417984
4923,13.179128568176335,0,0,300,0.02,0.34712061285972595
4924,11.53542460680396,0,0,300,0.02,0.3455466032028198
4925,169.9358920168916,1,0,295,0.02,0.34292975068092346
4926,171.11896177530684,1,0,279,0.02,0.3421623110771179
4927,172.5371611285249,1,0,267,0.02,0.34511247277259827
4928,170.88388836622636,1,0,287,0.02,0.34843066334724426
4929,172.07254045725264,1,0,288,0.02,0.3462676405906677
4930,170.7750495743791,1,0,290,0.02,0.3456403613090515
4931,15.738235571388417,0,0,300,0.02,0.4098438620567322
4932,15.039829876426818,0,0,300,0.02,0.34694528579711914
4933,167.0560973048249,1,0,285,0.02,0.34537842869758606
4934,169.37767253637705,1,0,294,0.02,0.34498462080955505
4935,10.592751500610415,0,0,300,0.02,0.38871487975120544
4936,174.6750495743791,1,0,292,0.02,0.3456403613090515
4937,171.57317894220748,1,0,285,0.02,0.34610801935195923
4938,15.203219106201315,0,0,300,0.02,0.34359797835350037
4939,14.377780530456645,0,0,300,0.02,0.3424576222896576
4940,167.56456285238653,1,0,287,0.02,0.3482620418071747
4941,10.225058205131608,0,0,300,0.02,0.35813820362091064
4942,171.09981534243025,1,0,285,0.02,0.34944891929626465
4943,15.942526752952727,0,0,300,0.02,0.3787710666656494
4944,170.95256060362257,1,0,283,0.02,0.3462626039981842
4945,170.9814353871385,1,0,295,0.02,0.34654390811920166
4946,165.49842357397466,1,0,298,0.02,0.349796861410141
4947,168.81956773519903,1,0,299,0.02,0.3470108211040497
4948,10.811793541112142,0,0,300,0.02,0.38225069642066956
4949,170.09038549185192,1,0,292,0.02,0.3418063819408417
4950,171.42676473856366,1,0,273,0.02,0.34021157026290894
4951,175.76884471178448,1,0,278,0.02,0.34219157695770264
4952,168.38849652052312,1,0,281,0.02,0.3472786247730255
4953,168.59608036756904,1,0,296,0.02,0.3428826630115509
4954,169.5781519866029,1,0,297,0.02,0.34236475825309753
4955,169.60985369921124,1,0,297,0.02,0.3419393301010132
4956,168.55816879511266,1,0,295,0.02,0.34236055612564087
4957,170.14499331713114,1,0,278,0.02,0.3481544256210327
4958,167.0535482525864,1,0,289,0.02,0.34601569175720215
4959,170.67184580564893,1,0,288,0.02,0.3414413034915924
4960,163.85660954714209,1,0,298,0.02,0.34525036811828613
4961,-5.1111212356898506,0,0,300,0.02,0.5104793906211853
4962,170.3158451771775,1,0,294,0.02,0.34544146060943604
4963,11.479533340934807,0,0,300,0.02,0.362019419670105
4964,168.57489888430027,1,0,287,0.02,0.34317803382873535
4965,171.04005650282303,1,0,296,0.02,0.34938862919807434
4966,170.98074088335434,1,0,284,0.02,0.3492175340652466
4967,173.9951672148744,1,0,300,0.02,0.34061095118522644
4968,171.4480971694032,1,0,268,0.02,0.3473784625530243
4969,19.79947927236954,0,0,300,0.02,0.40703293681144714
4970,169.14954219580088,1,0,299,0.02,0.339517205953598
4971,169.90172313928997,1,0,285,0.02,0.34147197008132935
4972,169.39266440630348,1,0,295,0.02,0.3387366533279419
4973,13.176553347114679,0,0,300,0.02,0.3627644181251526
4974,169.82168449640665,1,0,290,0.02,0.33648163080215454
4975,172.52688004255688,1,0,267,0.02,0.34768274426460266
4976,170.80156935930648,1,0,293,0.02,0.3415104150772095
4977,9.203535792831499,0,0,300,0.02,0.3610188066959381
4978,166.55094231844333,1,0,293,0.02,0.34166717529296875
4979,14.995165061154566,0,0,300,0.02,0.3614078164100647
4980,166.78972951174168,1,0,298,0.02,0.3494703769683838
4981,171.49334511042036,1,0,272,0.02,0.3435664772987366
4982,14.173547248044203,0,0,300,0.02,0.3868122696876526
4983,11.779047911171029,0,0,300,0.02,0.35964077711105347
4984,169.66320422411357,1,0,296,0.02,0.34860169887542725
4985,171.74457214117444,1,0,286,0.02,0.34575971961021423
4986,9.626384108070438,0,0,300,0.02,0.37280672788619995
4987,170.03005352259075,1,0,296,0.02,0.34938937425613403
4988,13.000120437149093,0,0,300,0.02,0.35937264561653137
4989,168.15311374426275,1,0,291,0.02,0.3486243188381195
4990,167.9488959908524,1,0,293,0.02,0.34717875719070435
4991,168.24637172460945,1,0,300,0.02,0.3453098237514496
4992,12.64867583036811,0,0,300,0.02,0.35223379731178284
4993,12.410024783615155,0,0,300,0.02,0.34689655900001526
4994,171.4793934512178,1,0,282,0.02,0.3470543920993805
4995,168.21745832682043,1,0,297,0.02,0.34753817319869995
4996,170.03059554815687,1,0,292,0.02,0.34425386786460876
4997,168.5378738713303,1,0,293,0.02,0.342434287071228
4998,170.9446343779603,1,0,270,0.02,0.34824416041374207
4999,12.952509453300545,0,0,300,0.02,0.4062753915786743
5000,164.66004277468116,1,0,295,0.02,0.3443920612335205
5001,12.839388479390351,0,0,300,0.02,0.34785196185112
5002,171.46300037622848,1,0,284,0.02,0.3486526608467102
5003,169.32527512789162,1,0,280,0.02,0.3480839729309082
5004,14.525240080360529,0,0,300,0.02,0.3480927348136902
5005,168.6256050896683,1,0,293,0.02,0.34550148248672485
5006,14.41550501108563,0,0,300,0.02,0.36052650213241577
5007,11.8991921162644,0,0,300,0.02,0.3496047258377075
5008,169.72053583383953,1,0,293,0.02,0.3467687964439392
5009,169.95947166204846,1,0,277,0.02,0.3495348393917084
5010,13.42046447992719,0,0,300,0.02,0.3917866349220276
5011,167.68379677534494,1,0,299,0.02,0.3384535610675812
5012,10.458640720848146,0,0,300,0.02,0.36724257469177246
5013,171.20025637865461,1,0,290,0.02,0.33933866024017334
5014,173.47742681742102,1,0,294,0.02,0.33754605054855347
5015,14.00520714998637,0,0,300,0.02,0.34060096740722656
5016,-5.447868754859819,0,0,300,0.02,0.5113699436187744
5017,166.4314781641999,1,0,292,0.02,0.34153321385383606
5018,169.44249525785835,1,0,270,0.02,0.34127894043922424
5019,174.59742911100784,1,0,295,0.02,0.3450454771518707
5020,169.15187988996897,1,0,299,0.02,0.3389327824115753
5021,9.094532587532132,0,0,300,0.02,0.38326960802078247
5022,171.45460563898482,1,0,268,0.02,0.3457513451576233
5023,167.40927484751137,1,0,297,0.02,0.34958404302597046
5024,170.47511884451305,1,0,282,0.02,0.34812304377555847
5025,172.27882291555798,1,0,272,0.02,0.347197026014328
5026,172.77355422258765,1,0,296,0.02,0.348514199256897
5027,167.04803589582832,1,0,297,0.02,0.34739378094673157
5028,169.7989344763795,1,0,296,0.02,0.3421691358089447
5029,172.00404572248854,1,0,275,0.02,0.3483913242816925
5030,171.03521394491594,1,0,292,0.02,0.34059926867485046
5031,167.82259240389263,1,0,297,0.02,0.33875465393066406
5032,169.32618241072092,1,0,298,0.02,0.34285715222358704
5033,168.26098462820443,1,0,299,0.02,0.3391565978527069
5034,169.4941471028367,1,0,298,0.02,0.3308659791946411
5035,172.35439953565992,1,0,276,0.02,0.3483028709888458
5036,171.49426053762832,1,0,284,0.02,0.3483376204967499
5037,176.56978923559586,1,0,296,0.02,0.34945544600486755
5038,166.87557110548403,1,0,299,0.02,0.34300997853279114
5039,173.01536024332438,1,0,259,0.02,0.3480626940727234
5040,11.246885349754393,0,0,300,0.02,0.39518141746520996
5041,17.591803276542787,0,0,300,0.02,0.34895193576812744
5042,171.51892062902843,1,0,268,0.02,0.33717259764671326
5043,7.66639467955026,0,0,300,0.02,0.3628040850162506
5044,11.246310193542536,0,0,300,0.02,0.4028252065181732
5045,15.51447695970932,0,0,300,0.02,0.36328351497650146
5046,18.284458086494535,0,0,300,0.02,0.3532882332801819
5047,13.705164568428136,0,0,300,0.02,0.36561161279678345
5048,10.565054773488242,0,0,300,0.02,0.3564353883266449
5049,167.2185030865708,1,0,293,0.02,0.3497769832611084
5050,169.9382525086442,1,0,299,0.02,0.34983962774276733
5051,170.21891052484906,1,0,288,0.02,0.34467512369155884
5052,168.89810918093113,1,0,275,0.02,0.3398754596710205
5053,167.96533850908665,1,0,297,0.02,0.3380681276321411
5054,171.08700336695114,1,0,290,0.02,0.33265191316604614
5055,166.9196850180665,1,0,300,0.02,0.3419815003871918
5056,17.56490915537273,0,0,300,0.02,0.4106754660606384
5057,162.50618612528237,1,0,296,0.02,0.34785622358322144
5058,14.014510977272163,0,0,300,0.02,0.3432750105857849
5059,170.11852963209543,1,0,291,0.02,0.3397703468799591
5060,170.61382888079083,1,0,296,0.02,0.3484455347061157
5061,165.25368272066504,1,0,298,0.02,0.34598207473754883
5062,7.059842035774311,0,0,300,0.02,0.3469422459602356
5063,167.64951490641025,1,0,299,0.02,0.342024028301239
5064,171.57893447637954,1,0,297,0.02,0.3421691358089447
5065,5.386341483596892,0,0,300,0.02,0.4178173840045929
5066,168.18545059442908,1,0,299,0.02,0.3455401062965393
5067,0.38974952936565066,0,0,300,0.02,0.40946537256240845
5068,172.46422751665511,1,0,280,0.02,0.34834587574005127
5069,166.16137315988928,1,0,289,0.02,0.34655946493148804
5070,166.92562783956913,1,0,297,0.02,0.3404957950115204
5071,169.26816225767527,1,0,294,0.02,0.3473621904850006
5072,170.369818432335,1,0,269,0.02,0.34694814682006836
5073,171.77893447637956,1,0,293,0.02,0.3421691358089447
5074,168.7496229291001,1,0,300,0.02,0.3469970226287842
5075,170.24899028540048,1,0,281,0.02,0.3471551835536957
5076,167.3313745904007,1,0,295,0.02,0.3465591073036194
5077,166.3095982432404,1,0,290,0.02,0.3445031940937042
5078,175.8993342137376,1,0,276,0.02,0.3495692014694214
5079,13.866635669865824,0,0,300,0.02,0.34104016423225403
5080,10.323804523948732,0,0,300,0.02,0.338451623916626
5081,169.86462638140117,1,0,299,0.02,0.34574615955352783
5082,-2.4890877985914517,0,0,300,0.02,0.4466747045516968
5083,172.52367712736523,1,0,267,0.02,0.34848347306251526
5084,168.3382016062775,1,0,282,0.02,0.3498523533344269
5085,16.011149938110517,0,0,300,0.02,0.36161527037620544
5086,9.991083977226317,0,0,300,0.02,0.351631760597229
5087,170.58748263597883,1,0,291,0.02,0.34503209590911865
5088,169.94223479509748,1,0,293,0.02,0.34384405612945557
5089,172.52823771715558,1,0,267,0.02,0.3473433256149292
5090,171.2308561301271,1,0,288,0.02,0.34168872237205505
5091,166.81536809206395,1,0,291,0.02,0.3430607318878174
5092,173.59768017530834,1,0,284,0.02,0.34748271107673645
5093,12.01388994137307,0,0,300,0.02,0.34672659635543823
5094,178.52633239508066,1,0,297,0.02,0.34781965613365173
5095,167.1103801274338,1,0,295,0.02,0.3418077230453491
5096,167.410037896637,1,0,296,0.02,0.3468932807445526
5097,168.10229307890327,1,0,285,0.02,0.3413294851779938
5098,170.1971314263383,1,0,294,0.02,0.3401198983192444
5099,11.841839773658789,0,0,300,0.02,0.3539428114891052
5100,11.661171157363954,0,0,300,0.02,0.36160996556282043
5101,168.55984761000067,1,0,291,0.02,0.33944085240364075
5102,170.62611042738354,1,0,294,0.02,0.3478751480579376
5103,9.647322051529017,0,0,300,0.02,0.40507224202156067
5104,15.93805459261337,0,0,300,0.02,0.3423891067504883
5105,18.389084441665744,0,0,300,0.02,0.342131644487381
5106,13.60770344972997,0,0,300,0.02,0.3549768924713135
5107,168.40273642778783,1,0,293,0.02,0.34371864795684814
5108,168.85424335241706,1,0,296,0.02,0.3433419167995453
5109,12.016477234367418,0,0,300,0.02,0.4102834463119507
5110,8.185306198600852,0,0,300,0.02,0.3680762052536011
5111,10.886054456237902,0,0,300,0.02,0.3628891408443451
5112,169.51288975000773,1,0,295,0.02,0.348680317401886
5113,13.487666881088316,0,0,300,0.02,0.3624860346317291
5114,171.77893447637956,1,0,293,0.02,0.3421691358089447
5115,13.356734294095213,0,0,300,0.02,0.47601550817489624
5116,169.91047632933055,1,0,299,0.02,0.34178367257118225
5117,170.08575970411692,1,0,290,0.02,0.345462828874588
5118,166.64867745161447,1,0,297,0.02,0.33973339200019836
5119,164.99704443216714,1,0,300,0.02,0.34764164686203003
5120,11.994628188613973,0,0,300,0.02,0.35074570775032043
5121,9.29705811739355,0,0,300,0.02,0.3726382255554199
5122,171.19029129743961,1,0,293,0.02,0.33682993054389954
5123,13.082288459935388,0,0,300,0.02,0.372126966714859
5124,176.28031291246808,1,0,274,0.02,0.3468245267868042
5125,169.52886174917612,1,0,284,0.02,0.339687317609787
5126,171.80903247595228,1,0,286,0.02,0.3446446359157562
5127,12.726019489769037,0,0,300,0.02,0.35289788246154785
5128,10.587084016003839,0,0,300,0.02,0.3409280776977539
5129,172.09109122038285,1,0,286,0.02,0.3441299498081207
5130,169.3234241366425,1,0,296,0.02,0.3410467207431793
5131,9.440113203529418,0,0,300,0.02,0.36937445402145386
5132,168.3148384451905,1,0,300,0.02,0.3431931436061859
5133,177.83617323160564,1,0,268,0.02,0.3428594470024109
5134,15.116574823860264,0,0,300,0.02,0.3677590489387512
5135,12.667515458264567,0,0,300,0.02,0.37832021713256836
5136,172.008045284752,1,0,270,0.02,0.3398914337158203
5137,170.92115200758371,1,0,267,0.02,0.3416147530078888
5138,170.21618993997967,1,0,293,0.02,0.34785526990890503
5139,167.34558852911385,1,0,295,0.02,0.34800562262535095
5140,169.77618646383678,1,0,297,0.02,0.34285613894462585
5141,12.865066926483255,0,0,300,0.02,0.36313602328300476
5142,167.0229714989701,1,0,293,0.02,0.3411598801612854
5143,167.9833110070267,1,0,295,0.02,0.34107500314712524
5144,167.2997496581116,1,0,290,0.02,0.34946534037590027
5145,168.80378548860938,1,0,295,0.02,0.34845638275146484
5146,171.73563236952225,1,0,286,0.02,0.34049466252326965
5147,169.54127445459756,1,0,298,0.02,0.34658414125442505
5148,170.05001907110608,1,0,299,0.02,0.3493979871273041
5149,166.4939266133347,1,0,294,0.02,0.3434211015701294
5150,169.9138701081315,1,0,284,0.02,0.34343522787094116
5151,12.467723433975275,0,0,300,0.02,0.3749718964099884
5152,10.647101973691187,0,0,300,0.02,0.3609235882759094
5153,176.95864160776532,1,0,265,0.02,0.3497423529624939
5154,179.25023433447274,1,0,281,0.02,0.3418441712856293
5155,170.64921164751448,1,0,300,0.02,0.3445998430252075
5156,171.21454722643296,1,0,288,0.02,0.34576594829559326
5157,-4.561831853385808,0,0,300,0.02,0.48486071825027466
5158,172.10276696443955,1,0,286,0.02,0.3487110137939453
5159,169.23965401411448,1,0,290,0.02,0.33948925137519836
5160,170.94970315695204,1,0,270,0.02,0.34697696566581726
5161,7.515933806900114,0,0,300,0.02,0.36041930317878723
5162,171.13027128935255,1,0,278,0.02,0.3418349325656891
5163,13.239046175483763,0,0,300,0.02,0.34214121103286743
5164,170.33375721693434,1,0,299,0.02,0.3434634506702423
5165,167.94054144621288,1,0,299,0.02,0.3492673933506012
5166,171.20351115942395,1,0,274,0.02,0.3410249650478363
5167,19.535669848922854,0,0,300,0.02,0.35298529267311096
5168,-2.903229439254665,0,0,300,0.02,0.4602101147174835
5169,167.79891996145633,1,0,300,0.02,0.34967276453971863
5170,3.2325922624256664,0,0,300,0.02,0.4495510160923004
5171,172.52367712736523,1,0,267,0.02,0.34848347306251526
5172,11.384068691734386,0,0,300,0.02,0.40088558197021484
5173,11.669660247960257,0,0,300,0.02,0.3402840197086334
5174,166.05140988588724,1,0,299,0.02,0.34905028343200684
5175,170.56526460886397,1,0,294,0.02,0.3405866026878357
5176,-82.43374178966013,0,0,300,0.02,2.1736345291137695
5177,167.87176262617498,1,0,296,0.02,0.34896209836006165
5178,170.71893447637953,1,0,297,0.02,0.3421691358089447
5179,170.75265871286788,1,0,291,0.02,0.34623807668685913
5180,10.521416676048341,0,0,300,0.02,0.37904858589172363
5181,170.69893447637955,1,0,294,0.02,0.3421691358089447
5182,12.033251488212692,0,0,300,0.02,0.363589882850647
5183,169.84108121633923,1,0,296,0.02,0.3466324508190155
5184,166.3040509676972,1,0,296,0.02,0.34839001297950745
5185,170.70666236639417,1,0,289,0.02,0.3477371633052826
5186,171.15105079889693,1,0,279,0.02,0.34164005517959595
5187,-3.104977595802203,0,0,300,0.02,0.4731471538543701
5188,9.488405215744079,0,0,300,0.02,0.3498014509677887
5189,168.32084470510873,1,0,296,0.02,0.3466915786266327
5190,170.9394347071687,1,0,270,0.02,0.34954407811164856
5191,19.984321812787336,0,0,300,0.02,0.3716186285018921
5192,166.27271175146493,1,0,299,0.02,0.3437248170375824
5193,13.309702827934357,0,0,300,0.02,0.604477047920227
5194,166.67967894792946,1,0,299,0.02,0.34448301792144775
5195,174.6481668973008,1,0,278,0.02,0.3448610305786133
5196,13.38014556169897,0,0,300,0.02,0.35186636447906494
5197,167.58351379156503,1,0,294,0.02,0.343524307012558
5198,168.8676904273072,1,0,296,0.02,0.3474801480770111
5199,12.683985785641887,0,0,300,0.02,0.3467026352882385
5200,170.32461085558333,1,0,287,0.02,0.3382500410079956
5201,15.132008144859464,0,0,300,0.02,0.36640071868896484
5202,169.70336678743755,1,0,290,0.02,0.3385610580444336
5203,13.710733897689916,0,0,300,0.02,0.3617192804813385
5204,167.61310873747257,1,0,299,0.02,0.3486255705356598
5205,170.64835023165145,1,0,299,0.02,0.3423151969909668
5206,170.07460229158795,1,0,295,0.02,0.34325218200683594
5207,169.61893447637948,1,0,295,0.02,0.3421691358089447
5208,171.10040231943526,1,0,292,0.02,0.3468021750450134
5209,172.90833565950783,1,0,295,0.02,0.33481884002685547
5210,171.17804875135818,1,0,285,0.02,0.3423905670642853
5211,13.48115156889349,0,0,300,0.02,0.3516148626804352
5212,11.592859280113295,0,0,300,0.02,0.3611879348754883
5213,170.79097735643776,1,0,271,0.02,0.33915841579437256
5214,11.25313137451667,0,0,300,0.02,0.4619162380695343
5215,3.2614671683350647,0,0,300,0.02,0.4590359628200531
5216,171.00027294874587,1,0,286,0.02,0.33933451771736145
5217,173.63172004938514,1,0,289,0.02,0.34397274255752563
5218,171.6742935586015,1,0,289,0.02,0.3483293652534485
5219,168.7361899399796,1,0,294,0.02,0.34785526990890503
5220,172.02137185812393,1,0,285,0.02,0.3490597903728485
5221,13.279715089001899,0,0,300,0.02,0.3727703094482422
5222,167.2754567837754,1,0,295,0.02,0.34303855895996094
5223,169.34944742441567,1,0,295,0.02,0.33954089879989624
5224,170.5390142178575,1,0,290,0.02,0.3396492004394531
5225,169.3231346058884,1,0,290,0.02,0.34861910343170166
5226,172.2694057107011,1,0,272,0.02,0.34205132722854614
5227,171.5926315236131,1,0,270,0.02,0.3437448740005493
5228,170.1529771018067,1,0,299,0.02,0.3411584794521332
5229,10.5150851527836,0,0,300,0.02,0.3514277935028076
5230,174.32559484720622,1,0,297,0.02,0.3480040431022644
5231,19.116593946614515,0,0,300,0.02,0.3410505950450897
5232,175.3911840462724,1,0,280,0.02,0.3341067433357239
5233,9.21384288231392,0,0,300,0.02,0.354238361120224
5234,175.14350431681075,1,0,299,0.02,0.32852667570114136
5235,169.36994657278453,1,0,297,0.02,0.3444161117076874
5236,10.932077286247315,0,0,300,0.02,0.36638343334198
5237,165.63289952516942,1,0,300,0.02,0.3486778736114502
5238,12.488083231453043,0,0,300,0.02,0.34988194704055786
5239,166.88639401674664,1,0,298,0.02,0.3453042507171631
5240,167.88496967554477,1,0,300,0.02,0.33816033601760864
5241,175.0264314580003,1,0,299,0.02,0.34779489040374756
5242,171.39531753778851,1,0,277,0.02,0.34057337045669556
5243,12.619587158360714,0,0,300,0.02,0.36780229210853577
5244,9.695248730186535,0,0,300,0.02,0.36559057235717773
5245,170.63823709249888,1,0,273,0.02,0.3398434817790985
5246,15.653705060485983,0,0,300,0.02,0.3584764897823334
5247,14.370442311767682,0,0,300,0.02,0.3617921769618988
5248,13.55366456747443,0,0,300,0.02,0.368486613035202
5249,12.287716381553736,0,0,300,0.02,0.43247365951538086
5250,12.354570910934559,0,0,300,0.02,0.3982600271701813
5251,169.5315345597306,1,0,299,0.02,0.3440191149711609
5252,12.627941510681213,0,0,300,0.02,0.35491737723350525
5253,11.256468109288404,0,0,300,0.02,0.3535820543766022
5254,165.95594971418768,1,0,300,0.02,0.3429153263568878
5255,170.59235449076093,1,0,289,0.02,0.34631413221359253
5256,171.34137542486587,1,0,294,0.02,0.34655889868736267
5257,170.4939150309602,1,0,291,0.02,0.3384239971637726
5258,9.913849327568116,0,0,300,0.02,0.3959404230117798
5259,166.26993107557686,1,0,299,0.02,0.3444199860095978
5260,13.750686056617802,0,0,300,0.02,0.35173124074935913
5261,168.4260305285493,1,0,292,0.02,0.34039512276649475
5262,171.27893447637953,1,0,295,0.02,0.3421691358089447
5263,169.46197088480383,1,0,289,0.02,0.34891003370285034
5264,164.1632744383851,1,0,300,0.02,0.3485841453075409
5265,169.16054965258036,1,0,299,0.02,0.344265341758728
5266,10.435431174435841,0,0,300,0.02,0.3713412880897522
5267,171.65049090147411,1,0,270,0.02,0.3492800295352936
5268,168.91208377600105,1,0,257,0.02,0.3488818109035492
5269,18.036996710304365,0,0,300,0.02,0.33765357732772827
5270,9.589790308479385,0,0,300,0.02,0.34945517778396606
5271,168.9256896901169,1,0,280,0.02,0.33548033237457275
5272,173.25036394358074,1,0,261,0.02,0.3493117690086365
5273,11.287951986793592,0,0,300,0.02,0.4449147582054138
5274,170.12065097093975,1,0,300,0.02,0.3417400121688843
5275,12.870184075836235,0,0,300,0.02,0.3543567359447479
5276,168.46668999433908,1,0,296,0.02,0.340230256319046
5277,168.44614387751017,1,0,300,0.02,0.33536678552627563
5278,168.9297474837342,1,0,297,0.02,0.3419658839702606
5279,170.45311955690778,1,0,290,0.02,0.3411228656768799
5280,168.66083013296517,1,0,294,0.02,0.33919522166252136
5281,169.18348484278113,1,0,293,0.02,0.3485315442085266
5282,9.442795995869828,0,0,300,0.02,0.35700008273124695
5283,172.67786923170485,1,0,279,0.02,0.34493544697761536
5284,13.998964533009772,0,0,300,0.02,0.4004579484462738
5285,170.60481282473006,1,0,299,0.02,0.3456995487213135
5286,168.5546793198624,1,0,293,0.02,0.3482329249382019
5287,9.206441578068915,0,0,300,0.02,0.3360886871814728
5288,170.2729386162797,1,0,292,0.02,0.3461681008338928
5289,169.20654768705754,1,0,284,0.02,0.34776583313941956
5290,168.21968669653324,1,0,300,0.02,0.34448108077049255
5291,14.016956961158858,0,0,300,0.02,0.2926635146141052
5292,169.05820407152564,1,0,299,0.02,0.3398517370223999
5293,171.1929078507463,1,0,291,0.02,0.34367579221725464
5294,172.54682554483807,1,0,267,0.02,0.3426963686943054
5295,168.1753814435044,1,0,291,0.02,0.34305739402770996
5296,173.64415134191907,1,0,255,0.02,0.348364919424057
5297,167.5745371937791,1,0,295,0.02,0.3407684564590454
5298,171.40056967974104,1,0,293,0.02,0.3442603349685669
5299,169.5124154162446,1,0,281,0.02,0.3487989008426666
5300,165.5485962891618,1,0,296,0.02,0.3447536826133728
5301,169.7143843960801,1,0,291,0.02,0.34830665588378906
5302,8.995740497116158,0,0,300,0.02,0.3729676306247711
5303,13.56673676252754,0,0,300,0.02,0.3502185642719269
5304,12.460559944310399,0,0,300,0.02,0.377559095621109
5305,173.60093969583903,1,0,297,0.02,0.3416678309440613
5306,13.93964247942359,0,0,300,0.02,0.4094921350479126
5307,170.21280034304058,1,0,293,0.02,0.34870266914367676
5308,169.18320815802008,1,0,294,0.02,0.34860071539878845
5309,169.56019428015145,1,0,294,0.02,0.34185418486595154
5310,168.0473868012467,1,0,289,0.02,0.34755605459213257
5311,11.743174855712954,0,0,300,0.02,0.3686090409755707
5312,172.1502088427583,1,0,266,0.02,0.34685054421424866
5313,173.0478713679353,1,0,265,0.02,0.34243491291999817
5314,11.709947402481134,0,0,300,0.02,0.37441590428352356
5315,168.5151253819504,1,0,296,0.02,0.34312140941619873
5316,169.9979073882142,1,0,285,0.02,0.3474259078502655
5317,170.8654355645219,1,0,272,0.02,0.34304386377334595
5318,171.36853752851883,1,0,288,0.02,0.34726837277412415
5319,9.931568949226433,0,0,300,0.02,0.3590105175971985
5320,15.072612585225366,0,0,300,0.02,0.33954593539237976
5321,166.3770313000718,1,0,297,0.02,0.34264492988586426
5322,166.70926360369117,1,0,290,0.02,0.33958685398101807
5323,169.93239977121746,1,0,290,0.02,0.3413028120994568
5324,167.3606378865281,1,0,294,0.02,0.34924328327178955
5325,11.32627101183325,0,0,300,0.02,0.3503350019454956
5326,169.1669316124955,1,0,292,0.02,0.33516985177993774
5327,165.47820636511236,1,0,294,0.02,0.34735116362571716
5328,176.77748560667436,1,0,293,0.02,0.34253135323524475
5329,172.4619473910371,1,0,269,0.02,0.3464159071445465
5330,10.84638116121684,0,0,300,0.02,0.3503074645996094
5331,170.00868033171088,1,0,299,0.02,0.3447326719760895
5332,170.80652966738143,1,0,285,0.02,0.3427703380584717
5333,169.3420075726548,1,0,295,0.02,0.3414008617401123
5334,9.65910782575995,0,0,300,0.02,0.3471257984638214
5335,169.26768862963112,1,0,284,0.02,0.3449805974960327
5336,171.07845598936476,1,0,293,0.02,0.34728875756263733
5337,166.10624227285777,1,0,298,0.02,0.34784218668937683
5338,170.83036692381302,1,0,283,0.02,0.3493110239505768
5339,14.238555621304766,0,0,300,0.02,0.3630601763725281
5340,169.92128638506324,1,0,272,0.02,0.3490811586380005
5341,171.34528260946666,1,0,270,0.02,0.34058210253715515
5342,171.64428840399182,1,0,272,0.02,0.34083065390586853
5343,169.6317333006898,1,0,300,0.02,0.348969429731369
5344,13.460062720779467,0,0,300,0.02,0.3543870747089386
5345,170.7009825110475,1,0,284,0.02,0.3466571271419525
5346,170.3130021643678,1,0,289,0.02,0.3486522138118744
5347,8.02559715032965,0,0,300,0.02,0.3580034673213959
5348,167.73223289728554,1,0,294,0.02,0.346344530582428
5349,172.52563953161635,1,0,281,0.02,0.3429928719997406
5350,10.90088919878393,0,0,300,0.02,0.3541804552078247
5351,171.77893447637956,1,0,293,0.02,0.3421691358089447
5352,13.2642204896595,0,0,300,0.02,0.34164395928382874
5353,10.9857871858265,0,0,300,0.02,0.3537522852420807
5354,16.57589790583049,0,0,300,0.02,0.3554282784461975
5355,167.884989850525,1,0,293,0.02,0.34565529227256775
5356,12.582093190350728,0,0,300,0.02,0.33967578411102295
5357,10.370874154571643,0,0,300,0.02,0.37918421626091003
5358,172.4297258162538,1,0,275,0.02,0.3494713008403778
5359,168.4903534436265,1,0,297,0.02,0.3468143939971924
5360,170.14406668425,1,0,297,0.02,0.34338608384132385
5361,168.73399085760505,1,0,298,0.02,0.3409050405025482
5362,171.28717852354447,1,0,293,0.02,0.34260812401771545
5363,167.09905717134862,1,0,293,0.02,0.3496384620666504
5364,12.99478086233525,0,0,300,0.02,0.37320753931999207
5365,167.23267707109838,1,0,297,0.02,0.3462334871292114
5366,172.12914952040114,1,0,275,0.02,0.3396153748035431
5367,-12.690728130340663,0,0,300,0.02,0.37518203258514404
5368,171.08282832861343,1,0,288,0.02,0.341195672750473
5369,13.471440695920181,0,0,300,0.02,0.35483890771865845
5370,171.0280532813112,1,0,300,0.02,0.34238943457603455
5371,171.9326035285035,1,0,297,0.02,0.34875187277793884
5372,169.7074564099351,1,0,297,0.02,0.34503865242004395
5373,15.568934476379535,0,0,300,0.02,0.3421691358089447
5374,169.30171717882547,1,0,298,0.02,0.34147346019744873
5375,170.80868926287093,1,0,297,0.02,0.3422304391860962
5376,169.90239740610514,1,0,287,0.02,0.34630340337753296
5377,172.49443158388533,1,0,284,0.02,0.3432948589324951
5378,169.31929913759626,1,0,297,0.02,0.34207797050476074
5379,172.92303685427106,1,0,267,0.02,0.34864354133605957
5380,167.37784121752173,1,0,295,0.02,0.34494245052337646
5381,167.85288531065373,1,0,296,0.02,0.3411814272403717
5382,169.6506839013139,1,0,299,0.02,0.3492317795753479
5383,168.43303613901526,1,0,292,0.02,0.3486437201499939
5384,164.9161347460786,1,0,295,0.02,0.34786906838417053
5385,171.65134025812546,1,0,289,0.02,0.34656769037246704
5386,167.86851413488776,1,0,292,0.02,0.3397742211818695
5387,171.52623356104294,1,0,283,0.02,0.3453443646430969
5388,10.82949028730782,0,0,300,0.02,0.3570301830768585
5389,170.8368162465135,1,0,289,0.02,0.34269869327545166
5390,16.344434707168663,0,0,300,0.02,0.38079407811164856
5391,172.0339945721666,1,0,282,0.02,0.3459041118621826
5392,18.045882833007905,0,0,300,0.02,0.3729320466518402
5393,11.175013992790273,0,0,300,0.02,0.3931492567062378
5394,11.349044930938778,0,0,300,0.02,0.42214152216911316
5395,169.621439321045,1,0,289,0.02,0.34654292464256287
5396,170.73061412573256,1,0,284,0.02,0.33924922347068787
5397,168.14299258947761,1,0,294,0.02,0.33865460753440857
5398,9.268185366788126,0,0,300,0.02,0.36565274000167847
5399,13.893413204350693,0,0,300,0.02,0.3418457806110382
5400,173.58749727964792,1,0,290,0.02,0.34002843499183655
5401,12.116711418632564,0,0,300,0.02,0.3627249002456665
5402,169.0065612769166,1,0,296,0.02,0.34776243567466736
5403,11.67828732729348,0,0,300,0.02,0.35233092308044434
5404,7.72084957838447,0,0,300,0.02,0.3741903603076935
5405,170.1801361346284,1,0,293,0.02,0.34936872124671936
5406,167.32015423536689,1,0,297,0.02,0.344364196062088
5407,7.4264485351230975,0,0,300,0.02,0.37858694791793823
5408,12.872948539260925,0,0,300,0.02,0.35366562008857727
5409,168.02852799177555,1,0,299,0.02,0.34727075695991516
5410,170.4664470648805,1,0,295,0.02,0.34529098868370056
5411,171.42796149015822,1,0,290,0.02,0.34241238236427307
5412,168.70111661196145,1,0,291,0.02,0.34412360191345215
5413,-4.179340031143058,0,0,300,0.02,0.41923776268959045
5414,13.675794713501089,0,0,300,0.02,0.3354540765285492
5415,10.954071047309927,0,0,300,0.02,0.39338499307632446
5416,172.20484333277142,1,0,288,0.02,0.343191921710968
5417,12.325338547233647,0,0,300,0.02,0.28556811809539795
5418,169.70045795202645,1,0,298,0.02,0.33678826689720154
5419,170.4412104392091,1,0,291,0.02,0.34660014510154724
5420,170.0150100064317,1,0,298,0.02,0.34815025329589844
5421,-2.5501450546595996,0,0,300,0.02,0.47273534536361694
5422,11.934830454983878,0,0,300,0.02,0.39649146795272827
5423,13.870956099037242,0,0,300,0.02,0.39166373014450073
5424,13.632557528022868,0,0,300,0.02,0.3837633728981018
5425,16.02972041050462,0,0,300,0.02,0.3302689790725708
5426,170.22653202295695,1,0,287,0.02,0.3352697491645813
5427,169.07585398912818,1,0,294,0.02,0.34293925762176514
5428,19.941984007362503,0,0,300,0.02,0.3514067530632019
5429,-1.4355661082228515,0,0,300,0.02,0.4482942819595337
5430,170.6992129683534,1,0,292,0.02,0.34709951281547546
5431,10.972741186622688,0,0,300,0.02,0.3412174582481384
5432,-2.47507562240099,0,0,300,0.02,0.42396798729896545
5433,10.923988022008178,0,0,300,0.02,0.33920207619667053
5434,15.080485928062544,0,0,300,0.02,0.3892812728881836
5435,13.665480721000721,0,0,300,0.02,0.3680325746536255
5436,171.62953316450515,1,0,277,0.02,0.3470194637775421
5437,165.67970530271916,1,0,298,0.02,0.3469764292240143
5438,167.11424778223423,1,0,299,0.02,0.34834080934524536
5439,170.888278825287,1,0,267,0.02,0.342333048582077
5440,167.5178678011933,1,0,298,0.02,0.344935804605484
5441,13.303126966957139,0,0,300,0.02,0.34612101316452026
5442,13.6915134835282,0,0,300,0.02,0.38152438402175903
5443,170.38025615930948,1,0,293,0.02,0.34433871507644653
5444,13.828839881424052,0,0,300,0.02,0.3571927845478058
5445,170.8122126412431,1,0,268,0.02,0.3488495945930481
5446,167.59060161829385,1,0,298,0.02,0.3417523503303528
5447,14.090858385566822,0,0,300,0.02,0.3391881585121155
5448,11.39743392706303,0,0,300,0.02,0.35754427313804626
5449,167.80164027929698,1,0,294,0.02,0.3389926850795746
5450,168.43482221365363,1,0,298,0.02,0.3381972014904022
5451,170.11707494020857,1,0,299,0.02,0.34513401985168457
5452,172.65036394358074,1,0,265,0.02,0.3493117690086365
5453,174.81500511885082,1,0,280,0.02,0.34815147519111633
5454,169.4806357216874,1,0,292,0.02,0.3442438244819641
5455,-4.558368299003493,0,0,300,0.02,0.3714948296546936
5456,168.93993406534582,1,0,294,0.02,0.3469192385673523
5457,167.31778041124733,1,0,294,0.02,0.34245765209198
5458,10.942923476699878,0,0,300,0.02,0.34617188572883606
5459,-1.5070804365489463,0,0,300,0.02,0.43696919083595276
5460,4.599805147651812,0,0,300,0.02,0.42695146799087524
5461,167.62690171957408,1,0,296,0.02,0.3426773250102997
5462,175.41399563551343,1,0,290,0.02,0.3434038460254669
5463,171.88705479383864,1,0,293,0.02,0.3451390564441681
5464,12.853648965362627,0,0,300,0.02,0.34099051356315613
5465,-4.900415322776674,0,0,300,0.02,0.5070065855979919
5466,170.29469383478553,1,0,271,0.02,0.340729296207428
5467,163.95579617262277,1,0,281,0.02,0.34295371174812317
5468,164.13311493635564,1,0,298,0.02,0.34862402081489563
5469,12.632166928448912,0,0,300,0.02,0.3571573495864868
5470,168.34264823198708,1,0,276,0.02,0.34874069690704346
5471,165.6477356235172,1,0,295,0.02,0.343265175819397
5472,170.02277014494334,1,0,294,0.02,0.338710218667984
5473,15.194433181289762,0,0,300,0.02,0.3557944595813751
5474,168.56902665377052,1,0,295,0.02,0.34964609146118164
5475,168.38219654798894,1,0,297,0.02,0.34885361790657043
5476,171.80937641382613,1,0,288,0.02,0.34955865144729614
5477,12.54676171064765,0,0,300,0.02,0.3902123272418976
5478,169.54581776857768,1,0,295,0.02,0.3479483127593994
5479,167.9008208441773,1,0,292,0.02,0.3416975438594818
5480,11.585461022857722,0,0,300,0.02,0.36053749918937683
5481,168.87732002497106,1,0,299,0.02,0.34257274866104126
5482,9.218118050102314,0,0,300,0.02,0.35237324237823486
5483,170.50436908960737,1,0,291,0.02,0.33581048250198364
5484,171.90211405516067,1,0,285,0.02,0.3488742411136627
5485,11.219589917663678,0,0,300,0.02,0.3495052754878998
5486,168.21283583879858,1,0,293,0.02,0.3411937952041626
5487,171.23633358717362,1,0,288,0.02,0.34781935811042786
5488,167.25353165388498,1,0,297,0.02,0.3385198414325714
5489,166.38888241053013,1,0,297,0.02,0.34968215227127075
5490,169.44741085291298,1,0,289,0.02,0.3400500416755676
5491,10.841529834274347,0,0,300,0.02,0.38652029633522034
5492,171.3644989466707,1,0,293,0.02,0.3457780182361603
5493,170.00418656746413,1,0,299,0.02,0.3241524398326874
5494,170.77680016279615,1,0,288,0.02,0.3452027142047882
5495,8.703315408233701,0,0,300,0.02,0.4010739028453827
5496,171.3606229567567,1,0,281,0.02,0.3417470157146454
5497,170.86318022489942,1,0,282,0.02,0.33860769867897034
5498,170.87459313154616,1,0,290,0.02,0.3482544720172882
5499,168.32819481134806,1,0,290,0.02,0.349854052066803
5500,12.707726391949883,0,0,300,0.02,0.3607674837112427
5501,170.0562171196977,1,0,295,0.02,0.34784847497940063
5502,171.6624671530763,1,0,288,0.02,0.34878596663475037
5503,9.691838223938046,0,0,300,0.02,0.35394319891929626
5504,165.70276180982975,1,0,296,0.02,0.34121230244636536
5505,9.174768836502135,0,0,300,0.02,0.34571054577827454
5506,167.08928009272012,1,0,300,0.02,0.3495827317237854
5507,171.4506103110353,1,0,287,0.02,0.3392501771450043
5508,8.103649623397917,0,0,300,0.02,0.38849034905433655
5509,172.0806496596376,1,0,287,0.02,0.34174033999443054
5510,14.973429893651263,0,0,300,0.02,0.34184160828590393
5511,170.9751054835359,1,0,294,0.02,0.3456263840198517
5512,170.24916166067516,1,0,293,0.02,0.33461233973503113
5513,171.63376137972273,1,0,288,0.02,0.34096240997314453
5514,13.71917968193552,0,0,300,0.02,0.3629041612148285
5515,167.9682178092042,1,0,298,0.02,0.34734830260276794
5516,169.62340747595223,1,0,291,0.02,0.3485508859157562
5517,14.836656363014322,0,0,300,0.02,0.36773866415023804
5518,9.082758061889715,0,0,300,0.02,0.4212132394313812
5519,166.78756679773716,1,0,274,0.02,0.34501105546951294
5520,12.066607496742304,0,0,300,0.02,0.3702508807182312
5521,169.44057086229714,1,0,293,0.02,0.3417600393295288
5522,11.713395675816741,0,0,300,0.02,0.3718501627445221
5523,5.8452276015321,0,0,300,0.02,0.42059585452079773
5524,-48.60386416514846,0,0,300,0.02,1.5936651229858398
5525,170.899790546898,1,0,284,0.02,0.3494551181793213
5526,171.4123747658769,1,0,268,0.02,0.34880906343460083
5527,14.04471205950173,0,0,300,0.02,0.36822474002838135
5528,164.35481401682287,1,0,299,0.02,0.3456992506980896
5529,-5.212625389895178,0,0,300,0.02,0.45585542917251587
5530,169.39483880281838,1,0,296,0.02,0.34319305419921875
5531,171.6280971694032,1,0,269,0.02,0.3473784625530243
5532,170.469864308838,1,0,281,0.02,0.3419366776943207
5533,10.79953209638983,0,0,300,0.02,0.3795197308063507
5534,-0.14449413537588263,0,0,300,0.02,0.4905262887477875
5535,172.06938105345168,1,0,288,0.02,0.3470574915409088
5536,12.497753965858614,0,0,300,0.02,0.34746426343917847
5537,15.53210905790723,0,0,300,0.02,0.2888754904270172
5538,171.7381509327928,1,0,289,0.02,0.34736502170562744
5539,11.121786401275699,0,0,300,0.02,0.45645615458488464
5540,14.862064422765025,0,0,300,0.02,0.32968297600746155
5541,19.779721381668196,0,0,300,0.02,0.31197240948677063
5542,169.69777320146952,1,0,292,0.02,0.327459454536438
5543,171.1620288920442,1,0,285,0.02,0.3363955318927765
5544,16.00146019220747,0,0,300,0.02,0.28653770685195923
5545,172.7184898400346,1,0,267,0.02,0.3147802948951721
5546,169.20549792051702,1,0,283,0.02,0.3455282747745514
5547,169.14758921862034,1,0,291,0.02,0.34750545024871826
5548,169.50704545736698,1,0,288,0.02,0.3351413905620575
5549,12.968050668243457,0,0,300,0.02,0.3448900878429413
5550,170.04448798895274,1,0,288,0.02,0.34828075766563416
5551,14.94222853422559,0,0,300,0.02,0.35884562134742737
5552,168.7032833790818,1,0,283,0.02,0.3485819101333618
5553,170.63579986811075,1,0,272,0.02,0.34295278787612915
5554,13.045198605064432,0,0,300,0.02,0.3506031036376953
5555,169.80279908419044,1,0,281,0.02,0.33120298385620117
5556,18.46488930941022,0,0,300,0.02,0.33318042755126953
5557,11.581486734547793,0,0,300,0.02,0.3298273980617523
5558,169.6205718255082,1,0,283,0.02,0.3442597985267639
5559,172.31103734732068,1,0,280,0.02,0.3466434180736542
5560,-12.08258250792956,0,0,300,0.02,0.47834470868110657
5561,-61.76343199809525,0,0,287,0.02,1.5710570812225342
5562,169.0428605246583,1,0,282,0.02,0.34368762373924255
5563,171.00980634451307,1,0,288,0.02,0.33445116877555847
5564,11.422946012023985,0,0,300,0.02,0.3161662518978119
5565,171.94269847155013,1,0,280,0.02,0.3312281370162964
5566,172.74068306684887,1,0,265,0.02,0.3492319881916046
5567,172.2060200095216,1,0,274,0.02,0.33289775252342224
5568,15.9225373450902,0,0,300,0.02,0.334564745426178
5569,168.56025708437355,1,0,286,0.02,0.3368384838104248
5570,170.68492152452862,1,0,265,0.02,0.3406723737716675
5571,166.1933404707947,1,0,292,0.02,0.3460676372051239
5572,167.95191697359473,1,0,288,0.02,0.34142351150512695
5573,14.302956402305703,0,0,300,0.02,0.3211636543273926
5574,170.92766607046522,1,0,290,0.02,0.33748623728752136
5575,171.97359745741286,1,0,264,0.02,0.3385033905506134
5576,172.8020913767854,1,0,270,0.02,0.34137991070747375
5577,22.558405954841746,0,0,300,0.02,0.5123012661933899
5578,170.16336252451336,1,0,296,0.02,0.3460621237754822
5579,172.98627956629193,1,0,294,0.02,0.34283286333084106
5580,169.23546926260383,1,0,294,0.02,0.3330354392528534
5581,170.5210530829469,1,0,288,0.02,0.346639484167099
5582,172.08418280363477,1,0,274,0.02,0.34585705399513245
5583,14.649457124867686,0,0,300,0.02,0.34283480048179626
5584,170.39653121710217,1,0,287,0.02,0.34276995062828064
5585,23.24919481993111,0,0,300,0.02,0.46460404992103577
5586,169.90193127870944,1,0,268,0.02,0.34141993522644043
5587,168.1927911162415,1,0,286,0.02,0.33620497584342957
5588,169.57025927782448,1,0,283,0.02,0.34933793544769287
5589,169.7165429091492,1,0,283,0.02,0.34526702761650085
5590,13.487208122410957,0,0,300,0.02,0.3433970510959625
5591,14.203872702125608,0,0,300,0.02,0.335934579372406
5592,13.464368366398997,0,0,300,0.02,0.35660699009895325
5593,171.10646434069076,1,0,282,0.02,0.34278666973114014
5594,169.03988006353765,1,0,289,0.02,0.3469327390193939
5595,170.22119762659463,1,0,284,0.02,0.33160334825515747
5596,9.839470016960211,0,0,300,0.02,0.3870352506637573
5597,12.7930729794541,0,0,300,0.02,0.3811345100402832
5598,174.75569604635635,1,0,291,0.02,0.34547874331474304
5599,166.42870633840946,1,0,293,0.02,0.3497261703014374
5600,169.09462216139227,1,0,281,0.02,0.33324721455574036
5601,168.64215230226904,1,0,282,0.02,0.34386467933654785
5602,174.0675407910386,1,0,289,0.02,0.34001755714416504
5603,169.55351614714056,1,0,281,0.02,0.3360237181186676
5604,170.5488313126603,1,0,292,0.02,0.329694926738739
5605,171.15885294676218,1,0,273,0.02,0.3446895182132721
5606,170.52379620790876,1,0,300,0.02,0.34595370292663574
5607,171.0524595046083,1,0,279,0.02,0.34378787875175476
5608,170.33760650396738,1,0,289,0.02,0.34750112891197205
5609,171.11395689249434,1,0,287,0.02,0.3434135317802429
5610,9.866547343734803,0,0,300,0.02,0.44526591897010803
5611,170.72290010214246,1,0,281,0.02,0.34367772936820984
5612,13.852664541402074,0,0,300,0.02,0.3345329463481903
5613,12.921675832275444,0,0,300,0.02,0.4089837968349457
5614,10.334016067985578,0,0,300,0.02,0.41839873790740967
5615,14.916685264114495,0,0,300,0.02,0.35023143887519836
5616,-7.854509160514703,0,0,300,0.02,0.4580300450325012
5617,171.06566097975173,1,0,283,0.02,0.3404875099658966
5618,167.7916720986405,1,0,291,0.02,0.33648473024368286
5619,168.26770564794927,1,0,281,0.02,0.33747634291648865
5620,14.53020677010083,0,0,300,0.02,0.4201473891735077
5621,171.32090535402693,1,0,286,0.02,0.3391764163970947
5622,168.25467129469308,1,0,292,0.02,0.33823493123054504
5623,173.48092156649028,1,0,259,0.02,0.33917236328125
5624,171.47945699930585,1,0,274,0.02,0.34953850507736206
5625,173.66833893537915,1,0,287,0.02,0.34981802105903625
5626,14.549888193611265,0,0,300,0.02,0.3844307065010071
5627,171.6557619595567,1,0,281,0.02,0.34296226501464844
5628,169.46287682772072,1,0,284,0.02,0.3361835479736328
5629,175.50736544371046,1,0,298,0.02,0.34256139397621155
5630,171.38099956751265,1,0,278,0.02,0.3491528630256653
5631,170.21526007891092,1,0,277,0.02,0.3405877351760864
5632,164.40139981508642,1,0,297,0.02,0.33405280113220215
5633,169.95288399935157,1,0,271,0.02,0.34118175506591797
5634,172.30591605902111,1,0,280,0.02,0.3329237401485443
5635,14.064614975456303,0,0,300,0.02,0.4182490110397339
5636,28.690548342862392,0,0,300,0.02,0.24256199598312378
5637,171.02431307077802,1,0,284,0.02,0.33832448720932007
5638,169.1577657485047,1,0,285,0.02,0.34246131777763367
5639,168.63317809820563,1,0,285,0.02,0.34360823035240173
5640,165.6225865912476,1,0,294,0.02,0.3462561070919037
5641,169.1054501891175,1,0,300,0.02,0.3330402076244354
5642,170.92488873243727,1,0,286,0.02,0.3381805717945099
5643,167.949250242714,1,0,277,0.02,0.3370901942253113
5644,-2.3284798741301205,0,0,300,0.02,0.4040227234363556
5645,168.7338226819077,1,0,293,0.02,0.3484470844268799
5646,-4.482196700569038,0,0,300,0.02,0.5299519300460815
5647,171.05861129999556,1,0,279,0.02,0.34224992990493774
5648,170.1373232436219,1,0,282,0.02,0.3425719439983368
5649,168.7293766427079,1,0,282,0.02,0.34705859422683716
5650,170.69237736940778,1,0,289,0.02,0.3438084125518799
5651,176.45200280428327,1,0,283,0.02,0.3414020538330078
5652,170.855796906952,1,0,278,0.02,0.34795352816581726
5653,171.9046210265199,1,0,272,0.02,0.3482474982738495
5654,14.703365623954848,0,0,300,0.02,0.3460613489151001
5655,168.6335310864487,1,0,292,0.02,0.346019983291626
5656,176.25121032953658,1,0,282,0.02,0.34910017251968384
5657,170.93087115049752,1,0,268,0.02,0.3416849672794342
5658,1.1973920846024517,0,0,300,0.02,0.42005473375320435
5659,169.99378653288278,1,0,285,0.02,0.3409561216831207
5660,169.5706809115449,1,0,294,0.02,0.3467325270175934
5661,169.5269461751023,1,0,286,0.02,0.34016621112823486
5662,-1.8251890063246246,0,0,300,0.02,0.42820000648498535
5663,167.27159867525486,1,0,291,0.02,0.3390030860900879
5664,13.74810017347727,0,0,300,0.02,0.3848777115345001
5665,170.25775532961285,1,0,280,0.02,0.32996392250061035
5666,167.9888393664399,1,0,278,0.02,0.3471929132938385
5667,171.94912008524335,1,0,279,0.02,0.34212273359298706
5668,168.55342140436562,1,0,295,0.02,0.34354740381240845
5669,171.1670348763505,1,0,263,0.02,0.3426440358161926
5670,169.51732826948555,1,0,290,0.02,0.3475706875324249
5671,169.6827029013673,1,0,287,0.02,0.33622702956199646
5672,171.84543510675826,1,0,288,0.02,0.3480439782142639
5673,168.45927569786565,1,0,289,0.02,0.34538015723228455
5674,172.74010649443068,1,0,279,0.02,0.32937613129615784
5675,171.59402292490398,1,0,264,0.02,0.3408970236778259
5676,9.222373435501204,0,0,300,0.02,0.4688093960285187
5677,169.8090022158662,1,0,292,0.02,0.3496522009372711
5678,165.81826722383886,1,0,288,0.02,0.3323359489440918
5679,168.64766760111243,1,0,290,0.02,0.3324858546257019
5680,169.8265204978028,1,0,280,0.02,0.34527263045310974
5681,167.72161226511386,1,0,298,0.02,0.3389996886253357
5682,178.26370597601328,1,0,262,0.02,0.34847626090049744
5683,171.6817646336595,1,0,275,0.02,0.34396159648895264
5684,172.66399004221356,1,0,273,0.02,0.34590524435043335
5685,169.52044244528201,1,0,287,0.02,0.33429214358329773
5686,172.74010649443068,1,0,279,0.02,0.32937613129615784
5687,168.7543368029633,1,0,288,0.02,0.3408185541629791
5688,171.34643287897507,1,0,292,0.02,0.3452945351600647
5689,171.4681171870271,1,0,286,0.02,0.34487345814704895
5690,169.2748187947312,1,0,278,0.02,0.3481980562210083
5691,173.13517235994735,1,0,271,0.02,0.3456096649169922
5692,170.60975907564554,1,0,284,0.02,0.34946298599243164
5693,169.49965844393168,1,0,282,0.02,0.34448814392089844
5694,169.97266360998543,1,0,270,0.02,0.34873685240745544
5695,171.6164975714723,1,0,285,0.02,0.33527836203575134
5696,172.2537058091203,1,0,282,0.02,0.3359763026237488
5697,168.77030298948674,1,0,289,0.02,0.33932700753211975
5698,172.97551276445782,1,0,268,0.02,0.3305245637893677
5699,11.780881979469378,0,0,300,0.02,0.3366822600364685
5700,169.3797544980088,1,0,289,0.02,0.33696413040161133
5701,169.7943166661301,1,0,299,0.02,0.34332358837127686
5702,14.292391707901107,0,0,300,0.02,0.3838048279285431
5703,13.204720451835676,0,0,300,0.02,0.31822264194488525
5704,174.94020725489054,1,0,283,0.02,0.33685094118118286
5705,172.24010649443068,1,0,281,0.02,0.32937613129615784
5706,171.4557456151631,1,0,284,0.02,0.3312626779079437
5707,13.199525860944,0,0,300,0.02,0.3303176164627075
5708,170.1183959698716,1,0,299,0.02,0.3323037624359131
5709,170.66823387384804,1,0,270,0.02,0.339844286441803
5710,168.60976741075908,1,0,287,0.02,0.3469609022140503
5711,171.16010649443066,1,0,282,0.02,0.32937613129615784
5712,13.314325873855656,0,0,300,0.02,0.35082128643989563
5713,167.8162755322495,1,0,291,0.02,0.34783387184143066
5714,176.4434574246446,1,0,281,0.02,0.3485383987426758
5715,12.734268567565966,0,0,300,0.02,0.32833561301231384
5716,171.51491293192305,1,0,276,0.02,0.3381745219230652
5717,172.22317761183177,1,0,273,0.02,0.3411083519458771
5718,177.86443169355786,1,0,270,0.02,0.3407948315143585
5719,169.14377126455693,1,0,287,0.02,0.33845993876457214
5720,12.186028441586677,0,0,300,0.02,0.37869197130203247
5721,170.45157627026106,1,0,284,0.02,0.33230501413345337
5722,171.27851974726119,1,0,282,0.02,0.3422728180885315
5723,171.66574301481643,1,0,287,0.02,0.3454670011997223
5724,169.58122336626442,1,0,293,0.02,0.3290969133377075
5725,171.78295614958205,1,0,280,0.02,0.34866371750831604
5726,170.32571166277324,1,0,278,0.02,0.34547483921051025
5727,169.30809805632026,1,0,287,0.02,0.3298782408237457
5728,172.20915418863692,1,0,281,0.02,0.3446142077445984
5729,166.9167909932175,1,0,293,0.02,0.34770500659942627
5730,169.52455436945348,1,0,277,0.02,0.3432641625404358
5731,171.61591179609692,1,0,276,0.02,0.3404248058795929
5732,170.9009720015565,1,0,274,0.02,0.3416597545146942
5733,12.505920471348936,0,0,300,0.02,0.35621896386146545
5734,171.77269798517625,1,0,276,0.02,0.32872825860977173
5735,169.94766581297313,1,0,286,0.02,0.3324863016605377
5736,171.78935395479596,1,0,282,0.02,0.337064266204834
5737,169.8465732884446,1,0,284,0.02,0.3402594327926636
5738,169.87508581400306,1,0,279,0.02,0.34563130140304565
5739,168.84096928835302,1,0,284,0.02,0.34916043281555176
5740,168.09353287458808,1,0,286,0.02,0.34601953625679016
5741,14.242965676788435,0,0,300,0.02,0.3461613357067108
5742,167.11168571710974,1,0,294,0.02,0.3439813256263733
5743,23.63565374613206,0,0,300,0.02,0.3504893183708191
5744,171.16294220209517,1,0,268,0.02,0.3486672043800354
5745,-59.65495589335892,0,0,278,0.02,1.5914380550384521
5746,168.07681730986027,1,0,287,0.02,0.34019842743873596
5747,1.3746998778965402,0,0,300,0.02,0.7290241122245789
5748,165.9733820366898,1,0,288,0.02,0.33605724573135376
5749,7.764329416755736,0,0,300,0.02,0.37332040071487427
5750,175.86659439802563,1,0,292,0.02,0.34275415539741516
5751,170.38622578382882,1,0,274,0.02,0.3378463089466095
5752,166.4373028206864,1,0,293,0.02,0.33257704973220825
5753,167.07001745462802,1,0,293,0.02,0.33189839124679565
5754,13.149180448059145,0,0,300,0.02,0.3221076428890228
5755,12.678153223195313,0,0,300,0.02,0.3456607758998871
5756,173.3790869450608,1,0,278,0.02,0.34213101863861084
5757,171.5790691542665,1,0,283,0.02,0.334635466337204
5758,172.9543270468751,1,0,261,0.02,0.34582099318504333
5759,170.90633632898724,1,0,270,0.02,0.34781867265701294
5760,12.88879259825141,0,0,300,0.02,0.33720460534095764
5761,-0.07529166936482579,0,0,300,0.02,0.39072567224502563
5762,171.38364263773357,1,0,282,0.02,0.33849209547042847
5763,-5.771272966857799,0,0,300,0.02,0.3997209966182709
5764,12.948595774177596,0,0,300,0.02,0.3347538113594055
5765,9.716842544082716,0,0,300,0.02,0.39269211888313293
5766,15.354936908879564,0,0,300,0.02,0.33396485447883606
5767,19.31996415377058,0,0,300,0.02,0.35941171646118164
5768,168.38610336542519,1,0,282,0.02,0.34037691354751587
5769,172.7106933999101,1,0,272,0.02,0.33922940492630005
5770,167.98605402231604,1,0,281,0.02,0.3428892493247986
5771,168.6169360709229,1,0,288,0.02,0.34766873717308044
5772,12.758195235733066,0,0,300,0.02,0.3048539459705353
5773,172.8023861813585,1,0,270,0.02,0.341306209564209
5774,169.17136680364996,1,0,284,0.02,0.33656105399131775
5775,169.93000116110238,1,0,292,0.02,0.3419024646282196
5776,171.44385698557295,1,0,263,0.02,0.3409385085105896
5777,175.48305170774853,1,0,299,0.02,0.33613982796669006
5778,168.4804049515763,1,0,290,0.02,0.3493015170097351
5779,12.169267337326112,0,0,300,0.02,0.3495859205722809
5780,170.29567800760663,1,0,284,0.02,0.33548325300216675
5781,166.68616834402474,1,0,295,0.02,0.3428606688976288
5782,21.885264546875124,0,0,300,0.02,0.29308661818504333
5783,170.27481400728618,1,0,282,0.02,0.3431992530822754
5784,168.70757156292456,1,0,290,0.02,0.3358061909675598
5785,169.39835188150795,1,0,296,0.02,0.33731478452682495
5786,171.3047798943559,1,0,280,0.02,0.33820778131484985
5787,171.7986704564134,1,0,274,0.02,0.3497351408004761
5788,172.35954390287793,1,0,260,0.02,0.34951677918434143
5789,-3.1637371166560584,0,0,300,0.02,0.7111333608627319
5790,169.16584373394508,1,0,289,0.02,0.33373814821243286
5791,166.38582871675877,1,0,290,0.02,0.34294557571411133
5792,170.58557432413494,1,0,281,0.02,0.34300917387008667
5793,-5.579162410105606,0,0,300,0.02,0.8730869293212891
5794,168.2739727091828,1,0,283,0.02,0.3334095776081085
5795,171.19100802183547,1,0,282,0.02,0.34665074944496155
5796,169.3571694445649,1,0,282,0.02,0.3376103937625885
5797,167.56063822508244,1,0,297,0.02,0.34424319863319397
5798,172.3396857619325,1,0,265,0.02,0.3494813144207001
5799,13.102475313344188,0,0,300,0.02,0.35458025336265564
5800,169.46315642118842,1,0,270,0.02,0.3486136496067047
5801,169.80608991384892,1,0,293,0.02,0.3453802764415741
5802,19.287662394050653,0,0,300,0.02,0.5924871563911438
5803,172.8012837529222,1,0,277,0.02,0.3465818166732788
5804,166.69156365633395,1,0,288,0.02,0.3465118408203125
5805,13.499801280502385,0,0,300,0.02,0.3194524347782135
5806,171.15449752569594,1,0,292,0.02,0.34827837347984314
5807,171.67485845327772,1,0,279,0.02,0.33818814158439636
5808,175.38833583593762,1,0,285,0.02,0.34981879591941833
5809,18.887966682914865,0,0,300,0.02,0.6099110841751099
5810,14.300240568318593,0,0,300,0.02,0.34263893961906433
5811,12.777239954475458,0,0,300,0.02,0.3525927662849426
5812,169.18763638735203,1,0,294,0.02,0.3374936580657959
5813,14.521769821647776,0,0,300,0.02,0.3914602994918823
5814,25.35638637781541,0,0,300,0.02,0.3428061604499817
5815,10.819154679779126,0,0,300,0.02,0.31711408495903015
5816,170.13845617056285,1,0,295,0.02,0.3322887122631073
5817,13.506615350250302,0,0,300,0.02,0.3352489173412323
5818,10.613699382939531,0,0,300,0.02,0.3617742359638214
5819,12.299373349347313,0,0,300,0.02,0.35035574436187744
5820,169.63815641642012,1,0,298,0.02,0.3473636507987976
5821,13.44619535684974,0,0,300,0.02,0.39285391569137573
5822,14.441740736165327,0,0,300,0.02,0.3522638976573944
5823,10.107655980590886,0,0,300,0.02,0.37998875975608826
5824,10.699386661056566,0,0,300,0.02,0.3795560896396637
5825,13.424233005050706,0,0,300,0.02,0.31834450364112854
5826,11.254697649482784,0,0,300,0.02,0.4657283425331116
5827,12.750067752995667,0,0,300,0.02,0.2901821434497833
5828,14.82088134686016,0,0,300,0.02,0.3499787449836731
5829,170.07787327528388,1,0,290,0.02,0.34243443608283997
5830,174.81565385580453,1,0,284,0.02,0.3479892909526825
5831,15.454204890731889,0,0,300,0.02,0.44835153222084045
5832,18.194651478925024,0,0,300,0.02,0.35403621196746826
5833,12.208263061050463,0,0,300,0.02,0.3348369896411896
5834,12.592670080665695,0,0,300,0.02,0.38873523473739624
5835,171.01566027403274,1,0,284,0.02,0.34298768639564514
5836,171.26329098940292,1,0,291,0.02,0.3435800075531006
5837,170.21206753492748,1,0,298,0.02,0.3413858711719513
5838,10.893862383369491,0,0,300,0.02,0.3809371590614319
5839,169.76216899156958,1,0,297,0.02,0.3438605070114136
5840,170.78066946745315,1,0,290,0.02,0.3467353880405426
5841,12.434968764785818,0,0,300,0.02,0.4431605637073517
5842,167.19119495153814,1,0,294,0.02,0.34910401701927185
5843,10.66466704607396,0,0,300,0.02,0.38073599338531494
5844,13.730814120773404,0,0,300,0.02,0.3291992247104645
5845,12.861781675819467,0,0,300,0.02,0.4989573359489441
5846,11.33199359814189,0,0,300,0.02,0.3572006821632385
5847,18.55468034506232,0,0,300,0.02,0.39823266863822937
5848,21.241043846611117,0,0,300,0.02,0.3316417932510376
5849,180.9383552479784,1,0,295,0.02,0.3448139429092407
5850,18.734456279281744,0,0,300,0.02,0.3482886850833893
5851,165.9557657933274,1,0,289,0.02,0.34796130657196045
5852,11.540568449501084,0,0,300,0.02,0.33426064252853394
5853,17.85897838354505,0,0,300,0.02,0.35215815901756287
5854,174.97706978559881,1,0,292,0.02,0.3376353085041046
5855,-63.920412073931445,0,0,281,0.02,1.5378021001815796
5856,171.45681875944535,1,0,275,0.02,0.3451980650424957
5857,21.78977455377972,0,0,300,0.02,0.3444591164588928
5858,53.08769947290812,0,0,300,0.02,0.37497788667678833
5859,32.832677953247135,0,0,300,0.02,0.42123326659202576
5860,10.414185726646533,0,0,300,0.02,0.5183563232421875
5861,36.65300892115028,0,0,300,0.02,0.40115052461624146
5862,10.52441617409246,0,0,300,0.02,0.4515950381755829
5863,10.620138900283862,0,0,300,0.02,0.44936802983283997
5864,11.179865469136445,0,0,300,0.02,0.38773271441459656
5865,16.529916660789613,0,0,300,0.02,0.5969235897064209
5866,171.48451294660964,1,0,286,0.02,0.32827451825141907
5867,14.053079841140818,0,0,300,0.02,0.39863279461860657
5868,178.0610558056871,1,0,296,0.02,0.34163880348205566
5869,21.05490346193703,0,0,300,0.02,0.41817688941955566
5870,168.92161811590583,1,0,297,0.02,0.3414982259273529
5871,180.52251862287915,1,0,288,0.02,0.34127309918403625
5872,196.14537737131516,1,0,291,0.02,0.3380584120750427
5873,12.396319301132342,0,0,300,0.02,0.4153229296207428
5874,14.222587665715483,0,0,300,0.02,0.4320521652698517
5875,184.5669056534807,1,0,297,0.02,0.3426763415336609
5876,15.048779532913287,0,0,300,0.02,0.41220787167549133
5877,12.191879713539194,0,0,300,0.02,0.5114328265190125
5878,10.962356226448117,0,0,300,0.02,0.36381369829177856
5879,24.62968347311417,0,0,300,0.02,0.3744818866252899
5880,7.25336440006752,0,0,300,0.02,0.45435798168182373
5881,22.302867271904027,0,0,300,0.02,0.5186859369277954
5882,11.254791495803874,0,0,300,0.02,0.4732048809528351
5883,10.665963871482907,0,0,300,0.02,0.46041178703308105
5884,19.95609018087775,0,0,300,0.02,0.41538020968437195
5885,167.88150051832585,1,0,292,0.02,0.3265276253223419
5886,12.427947881225691,0,0,300,0.02,0.33741578459739685
5887,21.068997821011738,0,0,300,0.02,0.47044962644577026
5888,4.914515926841908,0,0,300,0.02,0.3907737731933594
5889,11.307994329933216,0,0,300,0.02,0.4199041724205017
5890,8.466548187736567,0,0,300,0.02,0.6352657079696655
5891,13.699299576286426,0,0,300,0.02,0.33207786083221436
5892,30.005164554123002,0,0,300,0.02,0.39311161637306213
5893,24.79702403784196,0,0,300,0.02,0.3451467454433441
5894,13.004012830261289,0,0,300,0.02,0.3508995473384857
5895,14.380809495452942,0,0,300,0.02,0.4292003810405731
5896,16.80998679876716,0,0,300,0.02,0.3894060552120209
5897,4.754581927457044,0,0,300,0.02,0.43405359983444214
5898,22.56983393907936,0,0,300,0.02,0.41194427013397217
5899,33.11298629999553,0,0,300,0.02,0.40865617990493774
5900,28.60258279720812,0,0,300,0.02,0.437053382396698
5901,19.503759486679233,0,0,300,0.02,0.43846288323402405
5902,10.726407875218559,0,0,300,0.02,0.4385971128940582
5903,14.083937825360552,0,0,300,0.02,0.33671462535858154
5904,171.97301666975417,1,0,287,0.02,0.33864858746528625
5905,10.419444735054071,0,0,300,0.02,0.4470415711402893
5906,171.41175794840254,1,0,279,0.02,0.34146326780319214
5907,170.91187264681258,1,0,291,0.02,0.3464345932006836
5908,13.783661348823623,0,0,300,0.02,0.4934874176979065
5909,169.4176787447968,1,0,298,0.02,0.3474830687046051
5910,166.75681609869397,1,0,287,0.02,0.3351987302303314
5911,170.8500028395692,1,0,290,0.02,0.3444020450115204
5912,11.85169197479743,0,0,300,0.02,0.38227608799934387
5913,176.69306613207263,1,0,288,0.02,0.33613622188568115
5914,169.6776270985643,1,0,291,0.02,0.33999598026275635
5915,167.86620305300147,1,0,296,0.02,0.3478519916534424
5916,167.74691076199073,1,0,299,0.02,0.2984713912010193
5917,170.26848985433975,1,0,295,0.02,0.34978029131889343
5918,15.242034666542203,0,0,300,0.02,0.31889408826828003
5919,174.21023674726877,1,0,291,0.02,0.34934356808662415
5920,12.584745547775313,0,0,300,0.02,0.3657163679599762
5921,7.381977016929704,0,0,300,0.02,0.3314085006713867
5922,13.37774634123243,0,0,300,0.02,0.4424661695957184
5923,-4.955863168235683,0,0,300,0.02,0.45086854696273804
5924,11.181377576985543,0,0,300,0.02,0.3398546874523163
5925,166.9566530680695,1,0,291,0.02,0.34773948788642883
5926,13.334541628364653,0,0,300,0.02,0.5032673478126526
5927,171.2223295855562,1,0,280,0.02,0.34882035851478577
5928,2.8291981069233625,0,0,300,0.02,0.44289955496788025
5929,168.57130141178632,1,0,296,0.02,0.34237372875213623
5930,12.528298308853207,0,0,300,0.02,0.387328177690506
5931,10.08762925386816,0,0,300,0.02,0.5299954414367676
5932,8.67120789289863,0,0,300,0.02,0.42910078167915344
5933,6.457143442634653,0,0,300,0.02,0.4901168942451477
5934,10.023539793495305,0,0,300,0.02,0.3785178065299988
5935,20.533534767631664,0,0,300,0.02,0.43601906299591064
5936,9.88629666090399,0,0,300,0.02,0.41782858967781067
5937,13.6425609707871,0,0,300,0.02,0.41126251220703125
5938,167.16098881960312,1,0,277,0.02,0.34415555000305176
5939,17.999509947303828,0,0,300,0.02,0.41702526807785034
5940,30.672002441887074,0,0,300,0.02,0.37140214443206787
5941,13.766688983444343,0,0,300,0.02,0.38773050904273987
5942,8.51531033436323,0,0,300,0.02,0.5063714981079102
5943,18.93417958498397,0,0,300,0.02,0.4083578586578369
5944,38.08812847376257,0,0,300,0.02,0.3973706364631653
5945,46.65586416006488,0,0,300,0.02,0.352936714887619
5946,168.22195228815465,1,0,292,0.02,0.3489146828651428
5947,4.300375907425091,0,0,300,0.02,0.39180877804756165
5948,14.707043278221283,0,0,300,0.02,0.42014193534851074
5949,24.198840882782047,0,0,300,0.02,0.36969253420829773
5950,20.234329397682316,0,0,300,0.02,0.5558204054832458
5951,16.043985135559144,0,0,300,0.02,0.4034064710140228
5952,11.659556558136062,0,0,300,0.02,0.35451361536979675
5953,16.210545475486796,0,0,300,0.02,0.4992663860321045
5954,174.45593290567786,1,0,297,0.02,0.3429195284843445
5955,5.069352853302071,0,0,300,0.02,0.39206454157829285
5956,13.922196981910783,0,0,300,0.02,0.43135350942611694
5957,10.290441553596587,0,0,300,0.02,0.3817923665046692
5958,25.71480229298144,0,0,300,0.02,0.5139985084533691
5959,14.723658182624897,0,0,300,0.02,0.6009882092475891
5960,15.089051859382721,0,0,300,0.02,0.644639790058136
5961,24.066064356961473,0,0,300,0.02,0.2311829924583435
5962,22.436668948331167,0,0,300,0.02,0.5960318446159363
5963,13.709705040458774,0,0,300,0.02,0.43447649478912354
5964,169.84329145670327,1,0,266,0.02,0.3410798907279968
5965,13.19392764488726,0,0,300,0.02,0.44921717047691345
5966,13.248961904052887,0,0,300,0.02,0.40716227889060974
5967,8.472676961425845,0,0,300,0.02,0.348733514547348
5968,-3.4704389834364733,0,0,300,0.02,0.49201250076293945
5969,4.2593082737961785,0,0,300,0.02,0.36207568645477295
5970,19.13901295423897,0,0,300,0.02,0.47714951634407043
5971,169.13341115236673,1,0,284,0.02,0.3435499668121338
5972,168.03036106348435,1,0,286,0.02,0.34431248903274536
5973,12.396502096656889,0,0,300,0.02,0.4277772307395935
5974,165.00448344946292,1,0,296,0.02,0.3457818925380707
5975,3.66400528192917,0,0,300,0.02,0.5284014344215393
5976,168.33509355307018,1,0,288,0.02,0.34312936663627625
5977,26.643364751342915,0,0,300,0.02,0.2735615670681
5978,15.643183726468282,0,0,300,0.02,0.4669031500816345
5979,16.738034017089944,0,0,300,0.02,0.4798942506313324
5980,6.520667550567703,0,0,300,0.02,0.4067358672618866
5981,10.037549989227365,0,0,300,0.02,0.3450152575969696
5982,50.247672860626366,0,0,300,0.02,0.36748453974723816
5983,42.92707624674241,0,0,300,0.02,0.3751336932182312
5984,9.514389994148297,0,0,300,0.02,0.44080525636672974
5985,18.604923746589776,0,0,300,0.02,0.3606718182563782
5986,170.1259220671693,1,0,280,0.02,0.34542223811149597
5987,168.1635093617478,1,0,278,0.02,0.3385254144668579
5988,8.840925104621947,0,0,300,0.02,0.5166714787483215
5989,-5.650612189765847,0,0,300,0.02,0.6495558023452759
5990,167.27867891073612,1,0,296,0.02,0.34723302721977234
5991,33.96650233984387,0,0,300,0.02,0.39777716994285583
5992,11.00486381769571,0,0,300,0.02,0.4631868004798889
5993,14.554984858039994,0,0,300,0.02,0.38065654039382935
5994,13.410059492591902,0,0,300,0.02,0.35188788175582886
5995,12.998001930717521,0,0,300,0.02,0.34990227222442627
5996,14.369654939178615,0,0,300,0.02,0.33198902010917664
5997,13.102723615173424,0,0,300,0.02,0.3912218511104584
5998,189.30429578543107,1,0,298,0.02,0.3383288085460663
5999,11.795787727836688,0,0,300,0.02,0.4729558229446411
6000,-56.747360163531056,0,0,287,0.02,1.639539122581482
6001,31.381431286338916,0,0,300,0.02,0.3965449333190918
6002,169.3398195147553,1,0,281,0.02,0.3494478762149811
6003,19.223075330261366,0,0,300,0.02,0.4036339223384857
6004,10.423440816406313,0,0,300,0.02,0.40104255080223083
6005,15.41502712011735,0,0,300,0.02,0.36564597487449646
6006,28.23224817037969,0,0,300,0.02,0.44384071230888367
6007,14.796900670532294,0,0,300,0.02,0.4426775872707367
6008,3.74310969829948,0,0,300,0.02,0.24112533032894135
6009,12.665453207496729,0,0,300,0.02,0.5305394530296326
6010,11.96203716040053,0,0,300,0.02,0.3163934648036957
6011,14.498483884338524,0,0,300,0.02,0.4097817838191986
6012,170.13657283068093,1,0,294,0.02,0.34525954723358154
6013,29.003040703931163,0,0,300,0.02,0.5994389057159424
6014,24.352177174095264,0,0,300,0.02,0.5513584613800049
6015,23.492571876052946,0,0,300,0.02,0.4262597858905792
6016,17.027559435371476,0,0,300,0.02,0.6025128960609436
6017,10.357099551358466,0,0,300,0.02,0.28842419385910034
6018,21.00117806673435,0,0,300,0.02,0.45410823822021484
6019,15.881704785827703,0,0,300,0.02,0.31147655844688416
6020,1.4802083563844184,0,0,300,0.02,0.469350665807724
6021,11.994646589759874,0,0,300,0.02,0.5182411074638367
6022,7.695714581016599,0,0,300,0.02,0.3604741096496582
6023,23.87404958486949,0,0,300,0.02,0.36089035868644714
6024,162.82292693376937,1,0,290,0.02,0.3461710214614868
6025,13.093675083317985,0,0,300,0.02,0.3667803108692169
6026,2.510570399765086,0,0,300,0.02,0.4392601549625397
6027,-3.970429778895137,0,0,300,0.02,0.4903065264225006
6028,12.841482408050599,0,0,300,0.02,0.39153215289115906
6029,169.27129516840375,1,0,277,0.02,0.33907896280288696
6030,-4.641541550155536,0,0,300,0.02,0.49228814244270325
6031,9.043568818573105,0,0,300,0.02,0.3935105502605438
6032,10.543598778251704,0,0,300,0.02,0.46600306034088135
6033,12.189805433754039,0,0,300,0.02,0.3769513964653015
6034,165.80228990316778,1,0,286,0.02,0.3213302791118622
6035,8.959076159004296,0,0,300,0.02,0.4521337151527405
6036,5.986989897885571,0,0,300,0.02,0.41845160722732544
6037,3.95612411737838,0,0,300,0.02,0.3428717255592346
6038,12.800005934242384,0,0,300,0.02,0.3744012713432312
6039,13.069803731445415,0,0,300,0.02,0.3369518220424652
6040,11.908916396298604,0,0,300,0.02,0.500469982624054
6041,168.5802036881486,1,0,290,0.02,0.3393518328666687
6042,173.85667724371348,1,0,300,0.02,0.3102334439754486
6043,169.16678205728923,1,0,292,0.02,0.31770724058151245
6044,-1.595658938880815,0,0,300,0.02,0.5508174896240234
6045,170.84336505175034,1,0,285,0.02,0.32106149196624756
6046,10.881188509468112,0,0,300,0.02,0.5041056275367737
6047,14.338827784065373,0,0,300,0.02,0.5921958088874817
6048,5.337090494636586,0,0,300,0.02,0.5476301312446594
6049,164.98990847031135,1,0,294,0.02,0.34772196412086487
6050,10.408051154617363,0,0,300,0.02,0.34738996624946594
6051,11.988645040992825,0,0,300,0.02,0.43724149465560913
6052,13.99164027611283,0,0,300,0.02,0.45478901267051697
6053,13.699170040288232,0,0,300,0.02,0.4604065716266632
6054,13.2718852782289,0,0,300,0.02,0.4389314353466034
6055,11.8782101416627,0,0,300,0.02,0.4623502194881439
6056,188.66943208456436,1,0,288,0.02,0.3495447337627411
6057,8.641270434860372,0,0,300,0.02,0.44908514618873596
6058,152.4956336140672,0,0,300,0.02,0.4479943513870239
6059,-9.86354880570976,0,0,300,0.02,0.49028995633125305
6060,38.1403960633317,0,0,300,0.02,0.39430373907089233
6061,24.51020404100815,0,0,300,0.02,0.30685174465179443
6062,-79.6146004398678,0,0,278,0.02,1.7088491916656494
6063,0.4941677753116916,0,0,300,0.02,0.4291571378707886
6064,39.82209945440682,0,0,300,0.02,0.39637789130210876
6065,16.995197877087797,0,0,300,0.02,0.3388996124267578
6066,36.94490276575476,0,0,300,0.02,0.3606770634651184
6067,4.460566265586971,0,0,300,0.02,0.5117611885070801
6068,204.76823868036666,1,0,295,0.02,0.3498430848121643
6069,51.81764444590013,0,0,300,0.02,0.3874916434288025
6070,37.75672380209359,0,0,300,0.02,0.39022180438041687
6071,168.44834776321912,1,0,273,0.02,0.34311214089393616
6072,166.99782278458144,1,0,285,0.02,0.34824338555336
6073,15.237584752240348,0,0,300,0.02,0.35580289363861084
6074,171.56608186006935,1,0,279,0.02,0.3278822898864746
6075,13.406536700729507,0,0,300,0.02,0.4677685797214508
6076,20.923169219497858,0,0,300,0.02,0.26611045002937317
6077,179.8995534729997,1,0,299,0.02,0.32701438665390015
6078,41.49429590464032,0,0,300,0.02,0.4008287787437439
6079,26.608739020828335,0,0,300,0.02,0.35471799969673157
6080,-56.22391032298537,0,0,300,0.02,1.6811766624450684
6081,23.123469431404157,0,0,300,0.02,0.4335353970527649
6082,10.31699922323616,0,0,300,0.02,0.40265294909477234
6083,9.868225783505691,0,0,300,0.02,0.46064263582229614
6084,18.293322579864547,0,0,300,0.02,0.40607210993766785
6085,16.06141096353917,0,0,300,0.02,0.31905001401901245
6086,14.388770220283552,0,0,300,0.02,0.43971019983291626
6087,24.400468785766762,0,0,300,0.02,0.48928555846214294
6088,37.60894693136611,0,0,300,0.02,0.35716602206230164
6089,9.118984831967534,0,0,300,0.02,0.4404528737068176
6090,16.205450856689534,0,0,300,0.02,0.44554004073143005
6091,16.777085382942353,0,0,300,0.02,0.3951314091682434
6092,4.519193956855861,0,0,300,0.02,0.45710426568984985
6093,3.0844828152695634,0,0,300,0.02,0.4607820510864258
6094,167.5958581423798,1,0,289,0.02,0.33793821930885315
6095,11.627777613797413,0,0,300,0.02,0.28825467824935913
6096,166.1331488172199,1,0,296,0.02,0.34691187739372253
6097,168.4197341004994,1,0,293,0.02,0.3252655565738678
6098,0.930356415906247,0,0,300,0.02,0.43010997772216797
6099,8.457433884147711,0,0,300,0.02,0.4400442838668823
6100,-1.6012259650191218,0,0,300,0.02,0.5647092461585999
6101,10.640399960675424,0,0,300,0.02,0.3450990915298462
6102,9.811955551305001,0,0,300,0.02,0.4147101938724518
6103,9.808058602813782,0,0,300,0.02,0.42488810420036316
6104,15.627098677162357,0,0,300,0.02,0.5051280856132507
6105,10.0141423487702,0,0,300,0.02,0.36586716771125793
6106,17.98725141922504,0,0,300,0.02,0.3808862268924713
6107,19.777350113395798,0,0,300,0.02,0.4800652265548706
6108,167.49540681600956,1,0,293,0.02,0.33805105090141296
6109,8.054506018165743,0,0,300,0.02,0.41827625036239624
6110,29.814216096405108,0,0,300,0.02,0.448348730802536
6111,13.665065009597841,0,0,300,0.02,0.36063650250434875
6112,6.455895909466938,0,0,300,0.02,0.5112251043319702
6113,5.344141725697789,0,0,300,0.02,0.38166365027427673
6114,24.1266371909764,0,0,300,0.02,0.45853978395462036
6115,5.622535831932119,0,0,300,0.02,0.5712687969207764
6116,20.78051468134322,0,0,300,0.02,0.4267740845680237
6117,34.27624059915939,0,0,300,0.02,0.44034260511398315
6118,3.3269486133243573,0,0,300,0.02,0.47096192836761475
6119,7.902095317044453,0,0,300,0.02,0.45967525243759155
6120,26.57520717064403,0,0,300,0.02,0.43139728903770447
6121,6.150143911842419,0,0,300,0.02,0.4193667769432068
6122,169.0588361430207,1,0,280,0.02,0.31469371914863586
6123,44.289336893562485,0,0,300,0.02,0.3645685315132141
6124,15.98903584719091,0,0,300,0.02,0.3221437931060791
6125,12.061148493293857,0,0,300,0.02,0.3891156315803528
6126,11.866858499054008,0,0,300,0.02,0.32518813014030457
6127,26.95066408872994,0,0,300,0.02,0.49923673272132874
6128,10.04093136072547,0,0,300,0.02,0.5941699147224426
6129,13.65411285639205,0,0,300,0.02,0.5408745408058167
6130,10.964592015747133,0,0,300,0.02,0.43075475096702576
6131,11.665387906232061,0,0,300,0.02,0.591352105140686
6132,13.415190041069145,0,0,300,0.02,0.41810524463653564
6133,11.536479837898366,0,0,300,0.02,0.5927827954292297
6134,9.136911429562767,0,0,300,0.02,0.5359712243080139
6135,166.5088234543839,1,0,300,0.02,0.3321968913078308
6136,11.93782524347691,0,0,300,0.02,0.5324464440345764
6137,12.196129836240042,0,0,300,0.02,0.5836666226387024
6138,14.402150180343773,0,0,300,0.02,0.31886520981788635
6139,9.757006552223256,0,0,300,0.02,0.6051511168479919
6140,13.875917284492628,0,0,300,0.02,0.49792343378067017
6141,10.6672682706501,0,0,300,0.02,0.3608820140361786
6142,20.41418690920274,0,0,300,0.02,0.3283560276031494
6143,2.147473561767651,0,0,300,0.02,0.3725343644618988
6144,176.55494512796793,1,0,299,0.02,0.3406664729118347
6145,45.65150364637773,0,0,300,0.02,0.39652684330940247
6146,191.34225803137224,1,0,281,0.02,0.34133824706077576
6147,1.2255329410222067,0,0,300,0.02,0.36131584644317627
6148,11.389652136960219,0,0,300,0.02,0.3702860474586487
6149,181.88274866819776,1,0,270,0.02,0.3337155878543854
6150,16.606371352676543,0,0,300,0.02,0.43530991673469543
6151,-1.9524438834151143,0,0,300,0.02,0.4825137257575989
6152,37.547916090492365,0,0,300,0.02,0.4099237322807312
6153,169.80358347177895,1,0,296,0.02,0.3285068869590759
6154,11.288619806770384,0,0,300,0.02,0.5097478032112122
6155,35.521735589508225,0,0,300,0.02,0.4489688575267792
6156,10.697436536946478,0,0,300,0.02,0.4708399474620819
6157,40.86925939321912,0,0,300,0.02,0.4545879065990448
6158,29.971192669072423,0,0,300,0.02,0.4299009144306183
6159,20.383173229698365,0,0,300,0.02,0.41110944747924805
6160,174.5033558487931,1,0,294,0.02,0.3460637927055359
6161,17.333042953018303,0,0,300,0.02,0.4161420166492462
6162,166.18898499250798,1,0,296,0.02,0.3346565067768097
6163,8.613913993039375,0,0,300,0.02,0.4017205834388733
6164,6.609335143570004,0,0,300,0.02,0.43706896901130676
6165,23.648756020073012,0,0,300,0.02,0.4047137498855591
6166,29.28165934006234,0,0,300,0.02,0.3897842466831207
6167,49.06711433649459,0,0,300,0.02,0.3601241707801819
6168,27.01994435072332,0,0,300,0.02,0.3869166672229767
6169,17.127224466804623,0,0,300,0.02,0.35509663820266724
6170,9.788944308761723,0,0,300,0.02,0.35716667771339417
6171,10.890207459930469,0,0,300,0.02,0.35935088992118835
6172,6.247914835606662,0,0,300,0.02,0.753817617893219
6173,8.112357911267532,0,0,300,0.02,0.42210960388183594
6174,167.480222442154,1,0,297,0.02,0.34934714436531067
6175,2.6811460757295285,0,0,300,0.02,0.3491162359714508
6176,13.693190734390317,0,0,300,0.02,0.40610507130622864
6177,22.53952142477422,0,0,300,0.02,0.39452239871025085
6178,23.524493534568894,0,0,300,0.02,0.3957793712615967
6179,10.63029064098858,0,0,300,0.02,0.4376264214515686
6180,5.974170102277004,0,0,300,0.02,0.41415655612945557
6181,170.42379555464177,1,0,296,0.02,0.3309538662433624
6182,175.80139875173955,1,0,296,0.02,0.33655306696891785
6183,17.196293351654102,0,0,300,0.02,0.42532941699028015
6184,17.533270205655377,0,0,300,0.02,0.3243815302848816
6185,17.39632138491069,0,0,300,0.02,0.36782240867614746
6186,175.81539033651745,1,0,285,0.02,0.33055517077445984
6187,7.052147125401678,0,0,300,0.02,0.44716230034828186
6188,10.535339219574027,0,0,300,0.02,0.4930679500102997
6189,7.264683827557749,0,0,300,0.02,0.45902812480926514
6190,20.314607689384545,0,0,300,0.02,0.4457508325576782
6191,4.697244667210786,0,0,300,0.02,0.36088791489601135
6192,11.483054072860797,0,0,300,0.02,0.3936392366886139
6193,11.872687585357719,0,0,300,0.02,0.44623085856437683
6194,11.038196787038089,0,0,300,0.02,0.4531498849391937
6195,12.077001650337301,0,0,300,0.02,0.3826523423194885
6196,10.321819155220108,0,0,300,0.02,0.4489479660987854
6197,19.095679600242725,0,0,300,0.02,0.37798285484313965
6198,7.064326865676958,0,0,300,0.02,0.48582103848457336
6199,7.713142678741514,0,0,300,0.02,0.43361708521842957
6200,12.880728476051429,0,0,300,0.02,0.5342206358909607
6201,7.618071793713765,0,0,300,0.02,0.34318113327026367
6202,39.872895123962465,0,0,300,0.02,0.41367897391319275
6203,7.275478250984347,0,0,300,0.02,0.47053319215774536
6204,33.321402757171796,0,0,300,0.02,0.3865520656108856
6205,7.58462434689071,0,0,300,0.02,0.4290429949760437
6206,129.23568650642898,0,0,300,0.02,0.39877745509147644
6207,7.581690714363139,0,0,300,0.02,0.4664800763130188
6208,35.606388313774254,0,0,300,0.02,0.4128056764602661
6209,39.37274969021341,0,0,300,0.02,0.4370116591453552
6210,12.956664578918605,0,0,300,0.02,0.4902366101741791
6211,10.722000243667713,0,0,300,0.02,0.4514026939868927
6212,6.4992624926606295,0,0,300,0.02,0.4545871317386627
6213,18.84609086752327,0,0,300,0.02,0.470380038022995
6214,8.845033600334212,0,0,300,0.02,0.5331443548202515
6215,14.69224163452651,0,0,300,0.02,0.3471386730670929
6216,10.88654829740916,0,0,300,0.02,0.32026568055152893
6217,6.683765914444023,0,0,300,0.02,0.4984612762928009
6218,-1.7907715582808472,0,0,300,0.02,0.49709564447402954
6219,167.48092581987774,1,0,294,0.02,0.3291712999343872
6220,42.81571501652269,0,0,300,0.02,0.4662703275680542
6221,6.189508492950522,0,0,300,0.02,0.31702563166618347
6222,18.00943905115514,0,0,300,0.02,0.5195429921150208
6223,18.701808423199893,0,0,300,0.02,0.3772469758987427
6224,14.14261854568984,0,0,300,0.02,0.4020444452762604
6225,17.59443045854961,0,0,300,0.02,0.42329514026641846
6226,169.46464508772291,1,0,287,0.02,0.34324148297309875
6227,19.2262887883226,0,0,300,0.02,0.5103305578231812
6228,170.14802489042677,1,0,281,0.02,0.3373965322971344
6229,16.96613228559885,0,0,300,0.02,0.4528696835041046
6230,169.93134979486857,1,0,293,0.02,0.346565306186676
6231,13.766284573082103,0,0,300,0.02,0.4053316116333008
6232,10.766587984565792,0,0,300,0.02,0.4427557587623596
6233,9.336888601783894,0,0,300,0.02,0.4351806044578552
6234,13.180063130859493,0,0,300,0.02,0.3993869721889496
6235,13.423371741775627,0,0,300,0.02,0.41855981945991516
6236,10.016473960080397,0,0,300,0.02,0.4810805916786194
6237,12.89719439268501,0,0,300,0.02,0.4401041567325592
6238,9.129058573249875,0,0,300,0.02,0.4671381115913391
6239,11.178152720932054,0,0,300,0.02,0.3473645746707916
6240,9.336909217038347,0,0,300,0.02,0.5184717774391174
6241,175.34482225815324,1,0,284,0.02,0.34149351716041565
6242,11.28736399412547,0,0,300,0.02,0.4625617563724518
6243,27.77109945059219,0,0,300,0.02,0.4391278922557831
6244,34.04906634251143,0,0,300,0.02,0.4329324960708618
6245,6.383552405838082,0,0,300,0.02,0.34101465344429016
6246,4.755001649060441,0,0,300,0.02,0.39894866943359375
6247,-5.481032068725454,0,0,300,0.02,0.4871607720851898
6248,14.736196688809619,0,0,300,0.02,0.4211499094963074
6249,13.530290358070511,0,0,300,0.02,0.6218301653862
6250,-3.5699399447401774,0,0,300,0.02,0.5618877410888672
6251,1.6471957612077004,0,0,300,0.02,0.6426038146018982
6252,11.732981235984898,0,0,300,0.02,0.6436574459075928
6253,-2.1280934166869123,0,0,300,0.02,0.46142610907554626
6254,23.026576475300995,0,0,300,0.02,0.44855496287345886
6255,-13.004480054374616,0,0,300,0.02,0.588022768497467
6256,18.04072305441289,0,0,300,0.02,0.4567219913005829
6257,17.31341132879647,0,0,300,0.02,0.35854992270469666
6258,16.566815056004803,0,0,300,0.02,0.428495317697525
6259,-3.474131279787784,0,0,300,0.02,0.6962319016456604
6260,12.347766678337225,0,0,300,0.02,0.36746108531951904
6261,11.317075693611203,0,0,300,0.02,0.5426338315010071
6262,8.40752612511176,0,0,300,0.02,0.4558175504207611
6263,11.297022694745243,0,0,300,0.02,0.45344340801239014
6264,3.560537178520266,0,0,300,0.02,0.4492684602737427
6265,17.000859502949986,0,0,300,0.02,0.4674842059612274
6266,12.923360674385211,0,0,300,0.02,0.48606258630752563
6267,14.432962820533895,0,0,300,0.02,0.5036620497703552
6268,17.856871588234014,0,0,300,0.02,0.3501848578453064
6269,10.6524245015766,0,0,300,0.02,0.47209295630455017
6270,11.751349804405262,0,0,300,0.02,0.5365653038024902
6271,8.550417544845667,0,0,300,0.02,0.49429836869239807
6272,8.406136763099795,0,0,300,0.02,0.5953685641288757
6273,11.688190540471252,0,0,300,0.02,0.44065144658088684
6274,4.971020095352255,0,0,300,0.02,0.4491477310657501
6275,9.942573775449048,0,0,300,0.02,0.5095556378364563
6276,11.961568429473948,0,0,300,0.02,0.4415106475353241
6277,13.558288967613334,0,0,300,0.02,0.5323305130004883
6278,12.761654589180129,0,0,300,0.02,0.5589891076087952
6279,10.418021690849345,0,0,300,0.02,0.5298973321914673
6280,10.873266232017661,0,0,300,0.02,0.5410861968994141
6281,5.601843459610059,0,0,300,0.02,0.413941890001297
6282,33.70167299509436,0,0,300,0.02,0.4464845061302185
6283,9.780676014427302,0,0,300,0.02,0.7192337512969971
6284,11.45057598034406,0,0,300,0.02,0.5500550866127014
6285,11.892907478813301,0,0,300,0.02,0.4336758852005005
6286,1.226555904546086,0,0,300,0.02,0.4310601055622101
6287,13.382563485303198,0,0,300,0.02,0.4370582103729248
6288,19.54143940687567,0,0,300,0.02,0.43154290318489075
6289,12.356938664917113,0,0,300,0.02,0.4026680886745453
6290,11.374698714413915,0,0,300,0.02,0.5490244030952454
6291,8.113211371902585,0,0,300,0.02,0.4410999119281769
6292,13.121450746063307,0,0,300,0.02,0.46654006838798523
6293,170.6020235753099,1,0,294,0.02,0.348896861076355
6294,7.760271747116156,0,0,300,0.02,0.4618348181247711
6295,181.11879392862718,1,0,292,0.02,0.3422042727470398
6296,19.982163307670668,0,0,300,0.02,0.416361927986145
6297,33.99362280607615,0,0,300,0.02,0.3584970533847809
6298,8.336193993095456,0,0,300,0.02,0.5353542566299438
6299,201.73714691400926,1,0,299,0.02,0.3376160264015198
6300,60.371467397216925,0,0,300,0.02,0.3940359055995941
6301,53.16409246683516,0,0,300,0.02,0.38337963819503784
6302,222.23608706236286,1,0,297,0.02,0.3478809893131256
6303,12.665966598991458,0,0,300,0.02,0.5504111051559448
6304,36.06536502123269,0,0,300,0.02,0.4130614995956421
6305,41.5942185139695,0,0,300,0.02,0.425848126411438
6306,204.72667463541427,1,0,295,0.02,0.34523409605026245
6307,33.12958503008284,0,0,300,0.02,0.4120064973831177
6308,28.57561194658673,0,0,300,0.02,0.3929997682571411
6309,27.48047806501777,0,0,300,0.02,0.4217832386493683
6310,22.50411226988233,0,0,300,0.02,0.4183746874332428
6311,212.11783252478043,1,0,283,0.02,0.347444623708725
6312,10.368275902275219,0,0,300,0.02,0.482333779335022
6313,26.308516066078248,0,0,300,0.02,0.3772737383842468
6314,12.641763622764644,0,0,300,0.02,0.5164618492126465
6315,179.70030441999833,1,0,287,0.02,0.3393266499042511
6316,24.62300677696733,0,0,300,0.02,0.3619473874568939
6317,19.15088045359046,0,0,300,0.02,0.43668264150619507
6318,40.707554700378516,0,0,300,0.02,0.39251407980918884
6319,12.713304385342784,0,0,300,0.02,0.5343729853630066
6320,12.233299531140581,0,0,300,0.02,0.4493741989135742
6321,30.086343619827396,0,0,300,0.02,0.4153168499469757
6322,34.75891997576156,0,0,300,0.02,0.44717276096343994
6323,36.75086302042404,0,0,300,0.02,0.42918699979782104
6324,184.75126156092088,1,0,286,0.02,0.3415873646736145
6325,13.368823230270472,0,0,300,0.02,0.4921969473361969
6326,175.11524382830055,1,0,299,0.02,0.3305917978286743
6327,13.416378548149233,0,0,300,0.02,0.3528081178665161
6328,9.58201971928144,0,0,300,0.02,0.5171941518783569
6329,15.578844646611469,0,0,300,0.02,0.41048792004585266
6330,2.9059337798740916,0,0,300,0.02,0.6262156367301941
6331,2.975800874237149,0,0,300,0.02,0.4504525363445282
6332,5.47895230055251,0,0,300,0.02,0.4521646797657013
6333,11.98370843172467,0,0,300,0.02,0.5859756469726562
6334,176.16879919290938,1,0,281,0.02,0.34720295667648315
6335,20.425714328292905,0,0,300,0.02,0.38797417283058167
6336,8.982524499097073,0,0,300,0.02,0.5295679569244385
6337,-11.948543406328913,0,0,300,0.02,0.5848349332809448
6338,20.77401811996963,0,0,300,0.02,0.3541945517063141
6339,175.12236224890148,1,0,263,0.02,0.34881219267845154
6340,-77.41329775889845,0,0,279,0.02,1.6985235214233398
6341,30.585388424400513,0,0,300,0.02,0.36055564880371094
6342,39.470041310791075,0,0,300,0.02,0.36689242720603943
6343,4.96274587393204,0,0,300,0.02,0.41371628642082214
6344,3.8342933344879935,0,0,300,0.02,0.3208294212818146
6345,13.911884114746243,0,0,300,0.02,0.3839317262172699
6346,169.49566202402508,1,0,279,0.02,0.3329872488975525
6347,47.52377899885577,0,0,300,0.02,0.36595800518989563
6348,77.22953629255692,0,0,300,0.02,0.35451868176460266
6349,36.088825933937166,0,0,300,0.02,0.35719627141952515
6350,11.079923412803703,0,0,300,0.02,0.49192190170288086
6351,42.442403662208676,0,0,300,0.02,0.36130183935165405
6352,11.180861365799014,0,0,300,0.02,0.4016874134540558
6353,12.186739017967332,0,0,300,0.02,0.5352180004119873
6354,174.90474437952437,1,0,297,0.02,0.3407166600227356
6355,177.60883985281376,1,0,300,0.02,0.34969279170036316
6356,182.061241185669,1,0,298,0.02,0.344092458486557
6357,181.71348698854842,1,0,282,0.02,0.34853100776672363
6358,29.62646104097766,0,0,300,0.02,0.35278749465942383
6359,13.342395255569572,0,0,300,0.02,0.43880394101142883
6360,34.44846661806501,0,0,300,0.02,0.35228610038757324
6361,23.623916122917237,0,0,300,0.02,0.3434237241744995
6362,16.909035875801216,0,0,300,0.02,0.39214378595352173
6363,45.77265910864274,0,0,300,0.02,0.3562379777431488
6364,27.984384443763854,0,0,300,0.02,0.3608066439628601
6365,180.3166332507173,1,0,284,0.02,0.34024444222450256
6366,182.50242673159033,1,0,297,0.02,0.3462960720062256
6367,12.153461611274858,0,0,300,0.02,0.3835373520851135
6368,185.85471397161882,1,0,291,0.02,0.33822426199913025
6369,10.975440949597592,0,0,300,0.02,0.4338388442993164
6370,13.680968468193148,0,0,300,0.02,0.5091606378555298
6371,8.674338562492437,0,0,300,0.02,0.3958181142807007
6372,23.313938383260044,0,0,300,0.02,0.38921448588371277
6373,23.762566525940006,0,0,300,0.02,0.398761123418808
6374,33.31043425957229,0,0,300,0.02,0.3675905168056488
6375,188.26077877283493,1,0,298,0.02,0.3442080616950989
6376,189.45080263376627,1,0,295,0.02,0.34920209646224976
6377,14.687416245941218,0,0,300,0.02,0.4100486934185028
6378,32.44922078371446,0,0,300,0.02,0.3645975589752197
6379,179.44849164247907,1,0,289,0.02,0.3497798442840576
6380,46.90392127752694,0,0,300,0.02,0.35092243552207947
6381,178.9749854111711,1,0,296,0.02,0.33815640211105347
6382,21.908980777267615,0,0,300,0.02,0.4171575605869293
6383,7.2051169657746,0,0,300,0.02,0.3556235134601593
6384,169.063445265297,1,0,289,0.02,0.3485414385795593
6385,169.50919647932446,1,0,291,0.02,0.33710363507270813
6386,2.557453761100745,0,0,300,0.02,0.42563655972480774
6387,171.1746077752153,1,0,286,0.02,0.3432508111000061
6388,11.834655239585937,0,0,300,0.02,0.4732389450073242
6389,170.7742722010652,1,0,284,0.02,0.34333470463752747
6390,8.189867217544608,0,0,300,0.02,0.3544359505176544
6391,169.96670492411047,1,0,276,0.02,0.3477265238761902
6392,168.0550163054505,1,0,295,0.02,0.34314867854118347
6393,169.39168967644238,1,0,296,0.02,0.3422766625881195
6394,167.83260925054935,1,0,282,0.02,0.34875044226646423
6395,165.40340350389866,1,0,290,0.02,0.3385518789291382
6396,15.073769285682841,0,0,300,0.02,0.3509604334831238
6397,170.0940607953111,1,0,298,0.02,0.3308875560760498
6398,12.896369173530632,0,0,300,0.02,0.3953104615211487
6399,17.664851443771422,0,0,300,0.02,0.37568989396095276
6400,163.6816859746018,1,0,300,0.02,0.34898126125335693
6401,12.26630378485117,0,0,300,0.02,0.4103268086910248
6402,171.07322685480514,1,0,286,0.02,0.34359604120254517
6403,13.133722207550107,0,0,300,0.02,0.35347220301628113
6404,6.525863664154125,0,0,300,0.02,0.34793683886528015
6405,7.07959757566847,0,0,300,0.02,0.3570033609867096
6406,174.31014921904,1,0,286,0.02,0.3418654501438141
6407,160.22972768545546,1,0,295,0.02,0.33947083353996277
6408,169.68975453615576,1,0,296,0.02,0.34696412086486816
6409,8.321410334114127,0,0,300,0.02,0.34155017137527466
6410,168.8812138867417,1,0,299,0.02,0.3440992832183838
6411,168.3700876879731,1,0,299,0.02,0.3368808329105377
6412,167.50615989923872,1,0,287,0.02,0.34786278009414673
6413,168.21081715822612,1,0,258,0.02,0.34419846534729004
6414,13.387620108131491,0,0,300,0.02,0.38249772787094116
6415,174.09149976969155,1,0,300,0.02,0.3490278124809265
6416,12.401915838722296,0,0,300,0.02,0.3564237952232361
6417,8.796300284866382,0,0,300,0.02,0.3678276836872101
6418,169.5737180066148,1,0,294,0.02,0.34597325325012207
6419,11.65929722071081,0,0,300,0.02,0.33957844972610474
6420,167.42312780142217,1,0,294,0.02,0.34612080454826355
6421,13.13398917913824,0,0,300,0.02,0.40090546011924744
6422,11.423659694198673,0,0,300,0.02,0.40348783135414124
6423,12.169426500801135,0,0,300,0.02,0.35454612970352173
6424,13.04354289770514,0,0,300,0.02,0.4110170304775238
6425,169.6525848031083,1,0,299,0.02,0.3462565541267395
6426,11.958814470771838,0,0,300,0.02,0.41469913721084595
6427,12.992326991561944,0,0,300,0.02,0.3563210070133209
6428,168.54959681272894,1,0,287,0.02,0.3445035517215729
6429,13.648965966705504,0,0,300,0.02,0.34716126322746277
6430,9.95997830152908,0,0,300,0.02,0.34940817952156067
6431,27.630199984708028,0,0,300,0.02,0.360149085521698
6432,181.18869354486853,1,0,280,0.02,0.339729368686676
6433,179.57843525648514,1,0,290,0.02,0.349793940782547
6434,15.713989965919541,0,0,300,0.02,0.3884052634239197
6435,28.230197722915733,0,0,300,0.02,0.369353324174881
6436,16.166038750806045,0,0,300,0.02,0.3936893939971924
6437,33.516973998550576,0,0,300,0.02,0.3526592552661896
6438,31.866086628440925,0,0,300,0.02,0.3903810977935791
6439,20.03706269661445,0,0,300,0.02,0.4084334075450897
6440,194.06566002607735,1,0,299,0.02,0.3404877483844757
6441,25.880596387390206,0,0,300,0.02,0.37675365805625916
6442,18.319195415977553,0,0,300,0.02,0.40210390090942383
6443,40.503622429374765,0,0,300,0.02,0.35349714756011963
6444,32.02107771635445,0,0,300,0.02,0.3666333258152008
6445,26.55638179064186,0,0,300,0.02,0.32780730724334717
6446,176.6777742219011,1,0,282,0.02,0.34495919942855835
6447,31.070284459594838,0,0,300,0.02,0.3568316400051117
6448,33.40104287863176,0,0,300,0.02,0.3591420352458954
6449,10.443157937530588,0,0,300,0.02,0.43361327052116394
6450,192.4029762768785,1,0,297,0.02,0.3436586856842041
6451,182.55502358675392,1,0,300,0.02,0.34564685821533203
6452,29.065916616920635,0,0,300,0.02,0.38542360067367554
6453,54.023122437004254,0,0,300,0.02,0.346122145652771
6454,25.75656636476908,0,0,300,0.02,0.40026116371154785
6455,43.45782203913123,0,0,300,0.02,0.3799472451210022
6456,26.25178057432563,0,0,300,0.02,0.36645761132240295
6457,12.653956286911102,0,0,300,0.02,0.46591368317604065
6458,13.149448721412755,0,0,300,0.02,0.49204057455062866
6459,184.04965842485825,1,0,300,0.02,0.33948814868927
6460,27.894820182327436,0,0,300,0.02,0.3681977093219757
6461,21.997086288932863,0,0,300,0.02,0.38263118267059326
6462,186.81024638414772,1,0,297,0.02,0.3443411588668823
6463,46.13185047388473,0,0,300,0.02,0.3464401364326477
6464,38.29277649164595,0,0,300,0.02,0.3462086319923401
6465,50.407934844497824,0,0,300,0.02,0.35741904377937317
6466,39.00954033613594,0,0,300,0.02,0.35201767086982727
6467,55.51196050405895,0,0,300,0.02,0.34641262888908386
6468,181.15625085592657,1,0,296,0.02,0.3478400409221649
6469,183.89166094065106,1,0,299,0.02,0.34898751974105835
6470,39.58284339666764,0,0,300,0.02,0.3536919057369232
6471,25.84447795629893,0,0,300,0.02,0.4057832658290863
6472,176.52233313322455,1,0,287,0.02,0.3413194715976715
6473,187.014854300026,1,0,289,0.02,0.34318917989730835
6474,45.217349011902,0,0,300,0.02,0.34756550192832947
6475,185.26501488447585,1,0,281,0.02,0.34564903378486633
6476,190.3316425824205,1,0,291,0.02,0.34899210929870605
6477,196.58201318502822,1,0,287,0.02,0.3438994586467743
6478,191.90111875772865,1,0,292,0.02,0.34412306547164917
6479,26.669979522232154,0,0,300,0.02,0.3569078743457794
6480,191.29539171457685,1,0,287,0.02,0.34805482625961304
6481,191.7728824591676,1,0,297,0.02,0.3436821401119232
6482,193.5240655016938,1,0,289,0.02,0.34588637948036194
6483,50.95862122297683,0,0,300,0.02,0.3497474491596222
6484,186.50339948892986,1,0,292,0.02,0.3485528826713562
6485,195.29246583223738,1,0,283,0.02,0.3462862968444824
6486,193.89129706621563,1,0,296,0.02,0.33657848834991455
6487,181.93161048651132,1,0,298,0.02,0.3415001332759857
6488,26.736367728714058,0,0,300,0.02,0.360310822725296
6489,197.47850390196243,1,0,295,0.02,0.34477677941322327
6490,193.06924430132307,1,0,294,0.02,0.3420916795730591
6491,71.26133919477863,0,0,300,0.02,0.34906795620918274
6492,290.54449393988045,1,0,294,0.02,0.34577926993370056
6493,193.05457927465835,1,0,296,0.02,0.34075793623924255
6494,43.37531579256452,0,0,300,0.02,0.3830738067626953
6495,39.56194552183544,0,0,300,0.02,0.35641637444496155
6496,18.395302288536193,0,0,300,0.02,0.4055771827697754
6497,195.20687466860213,1,0,289,0.02,0.3451840877532959
6498,32.02976028204353,0,0,300,0.02,0.3844626843929291
6499,24.831422584060768,0,0,300,0.02,0.3965471088886261
6500,22.929365775589073,0,0,300,0.02,0.342061311006546
6501,12.015549840130987,0,0,300,0.02,0.6038116216659546
6502,24.302877228263945,0,0,300,0.02,0.3786834478378296
6503,28.127615301612956,0,0,300,0.02,0.37249892950057983
6504,4.965880882743935,0,0,300,0.02,0.3929325342178345
6505,19.035755178932245,0,0,300,0.02,0.37796396017074585
6506,30.126646502021895,0,0,300,0.02,0.34524112939834595
6507,18.973002216819896,0,0,300,0.02,0.39365220069885254
6508,30.51461950540933,0,0,300,0.02,0.35574787855148315
6509,-1.5886372923811898,0,0,300,0.02,0.669062077999115
6510,25.603008908429345,0,0,300,0.02,0.38944685459136963
6511,12.529707354703167,0,0,300,0.02,0.4077722430229187
6512,172.4932319617311,1,0,271,0.02,0.3385947644710541
6513,18.74120395422371,0,0,300,0.02,0.39660176634788513
6514,22.903201391700875,0,0,300,0.02,0.3561024069786072
6515,33.90650862932595,0,0,300,0.02,0.39027559757232666
6516,21.876673672203143,0,0,300,0.02,0.40523433685302734
6517,190.2901357770006,1,0,293,0.02,0.3493688106536865
6518,24.7067056441346,0,0,300,0.02,0.38022634387016296
6519,33.494859627881326,0,0,300,0.02,0.35648417472839355
6520,192.80720357656872,1,0,297,0.02,0.34760186076164246
6521,66.16768449545303,0,0,300,0.02,0.3549816310405731
6522,18.05770210504919,0,0,300,0.02,0.37747722864151
6523,13.566665362515629,0,0,300,0.02,0.5310327410697937
6524,10.469227602485708,0,0,300,0.02,0.5895958542823792
6525,14.48904426813513,0,0,300,0.02,0.5921416878700256
6526,13.258459757962408,0,0,300,0.02,0.5455841422080994
6527,186.74610100031288,1,0,296,0.02,0.34537750482559204
6528,22.245403759483402,0,0,300,0.02,0.380551815032959
6529,10.088472597602882,0,0,300,0.02,0.4822846055030823
6530,182.15297664404306,1,0,300,0.02,0.34615859389305115
6531,4.391810927391023,0,0,300,0.02,0.37954726815223694
6532,13.199338548187363,0,0,300,0.02,0.45456811785697937
6533,169.03293907404336,1,0,284,0.02,0.34116798639297485
6534,22.47198714018255,0,0,300,0.02,0.39140596985816956
6535,123.57939322233592,0,0,300,0.02,0.3495544493198395
6536,7.58878745953102,0,0,300,0.02,0.6380022168159485
6537,26.645365922454907,0,0,300,0.02,0.36806127429008484
6538,37.327189215817675,0,0,300,0.02,0.3559017777442932
6539,-8.495800578590297,0,0,300,0.02,0.6083528995513916
6540,-26.296403777595376,0,0,300,0.02,0.5460036993026733
6541,-6.144557152590502,0,0,300,0.02,0.743838369846344
6542,12.800216810707203,0,0,300,0.02,0.40434855222702026
6543,13.03331180811315,0,0,300,0.02,0.4260748028755188
6544,15.554148792424385,0,0,300,0.02,0.4216618835926056
6545,16.249620149139457,0,0,300,0.02,0.39949771761894226
6546,14.938873260025082,0,0,300,0.02,0.41968443989753723
6547,20.15191939115912,0,0,300,0.02,0.38142290711402893
6548,32.6675583783772,0,0,300,0.02,0.3483094871044159
6549,178.70406762838755,1,0,290,0.02,0.34088584780693054
6550,6.445955250267115,0,0,300,0.02,0.45041394233703613
6551,8.089283635620179,0,0,300,0.02,0.43458184599876404
6552,26.76863741159832,0,0,300,0.02,0.37474340200424194
6553,182.04482080221564,1,0,300,0.02,0.3431975543498993
6554,179.1734763503114,1,0,293,0.02,0.3410336673259735
6555,45.00866332292946,0,0,300,0.02,0.35473692417144775
6556,22.85900353193673,0,0,300,0.02,0.31965187191963196
6557,21.174796249870354,0,0,300,0.02,0.37570369243621826
6558,190.06083267450725,1,0,297,0.02,0.34919458627700806
6559,14.80007096052559,0,0,300,0.02,0.38938501477241516
6560,189.2871893525163,1,0,289,0.02,0.33760541677474976
6561,-0.358582370277269,0,0,300,0.02,0.44154834747314453
6562,13.688069136146602,0,0,300,0.02,0.404885470867157
6563,20.45099181095621,0,0,300,0.02,0.36995112895965576
6564,17.84979291677862,0,0,300,0.02,0.3769545257091522
6565,34.11165450334943,0,0,300,0.02,0.3489891290664673
6566,15.1618738865891,0,0,300,0.02,0.42143428325653076
6567,20.765417115692195,0,0,300,0.02,0.35054847598075867
6568,20.340238255658342,0,0,300,0.02,0.39263951778411865
6569,182.30532589197549,1,0,298,0.02,0.3430712819099426
6570,22.539140880111812,0,0,300,0.02,0.38711753487586975
6571,38.72090765715043,0,0,300,0.02,0.3491758406162262
6572,20.17797934770972,0,0,300,0.02,0.3674079179763794
6573,60.57694933176437,0,0,300,0.02,0.35516542196273804
6574,33.69719557524124,0,0,300,0.02,0.3751038610935211
6575,37.22723469973006,0,0,300,0.02,0.3500940799713135
6576,28.675811107162595,0,0,300,0.02,0.38294997811317444
6577,163.79200593233497,1,0,281,0.02,0.34890127182006836
6578,171.23692852259074,1,0,212,0.02,0.33767062425613403
6579,164.9149848246613,1,0,295,0.02,0.3406565487384796
6580,167.30103997946173,1,0,284,0.02,0.34914276003837585
6581,169.56990197897346,1,0,298,0.02,0.34192726016044617
6582,171.97777649641432,1,0,279,0.02,0.3474586308002472
6583,167.93856266260534,1,0,290,0.02,0.3422620892524719
6584,8.668276436332775,0,0,300,0.02,0.3723336458206177
6585,12.842383827367028,0,0,300,0.02,0.37210312485694885
6586,6.679377582077104,0,0,300,0.02,0.31205835938453674
6587,1.5054147760060332,0,0,300,0.02,0.35384538769721985
6588,12.41962579012305,0,0,300,0.02,0.4094963073730469
6589,167.58117667436986,1,0,294,0.02,0.33910858631134033
6590,160.01197037935648,1,0,256,0.02,0.34141016006469727
6591,165.5819598794023,1,0,285,0.02,0.3389127850532532
6592,169.6928702998201,1,0,286,0.02,0.34368517994880676
6593,3.353339951042341,0,0,300,0.02,0.3660677671432495
6594,1.6370699334183594,0,0,300,0.02,0.40763527154922485
6595,169.35910554171005,1,0,293,0.02,0.34212636947631836
6596,154.76253862142957,1,0,299,0.02,0.3337680995464325
6597,161.52434130430615,1,0,299,0.02,0.33331742882728577
6598,167.04450464010634,1,0,289,0.02,0.33827659487724304
6599,8.061767141822951,0,0,300,0.02,0.3764609694480896
6600,6.002975262799491,0,0,300,0.02,0.38195526599884033
6601,0.9548966113713211,0,0,300,0.02,0.363974928855896
6602,5.7969684958496845,0,0,300,0.02,0.410160630941391
6603,9.242621268429943,0,0,300,0.02,0.39704376459121704
6604,177.729137122635,1,0,297,0.02,0.3396184742450714
6605,175.98433537245185,1,0,299,0.02,0.3408189117908478
6606,-11.402003413042786,0,0,300,0.02,0.6281999349594116
6607,182.44783964872752,1,0,300,0.02,0.3399428427219391
6608,171.21047081709298,1,0,221,0.02,0.33428505063056946
6609,21.09938465992475,0,0,300,0.02,0.2528529167175293
6610,185.04015448332225,1,0,297,0.02,0.34686413407325745
6611,173.57969469309248,1,0,296,0.02,0.3469790816307068
6612,19.893998536267482,0,0,300,0.02,0.37669944763183594
6613,22.738365767006016,0,0,300,0.02,0.35231131315231323
6614,28.957083108429092,0,0,300,0.02,0.39263197779655457
6615,193.79362562895216,1,0,293,0.02,0.34849634766578674
6616,178.34850510359203,1,0,284,0.02,0.3472764790058136
6617,185.47991903543868,1,0,290,0.02,0.34442299604415894
6618,172.344032371048,1,0,300,0.02,0.3483946621417999
6619,24.555585191253726,0,0,300,0.02,0.3480064570903778
6620,20.624776556495725,0,0,300,0.02,0.4007086157798767
6621,33.94049123526016,0,0,300,0.02,0.3742799460887909
6622,26.80726480245981,0,0,300,0.02,0.39758655428886414
6623,16.688792955879308,0,0,300,0.02,0.3997045159339905
6624,177.28968515634924,1,0,287,0.02,0.3469814658164978
6625,33.815816495422496,0,0,300,0.02,0.3579486310482025
6626,12.455514361862319,0,0,300,0.02,0.4055241644382477
6627,183.7084046196977,1,0,294,0.02,0.34980159997940063
6628,17.619241378311237,0,0,300,0.02,0.35709241032600403
6629,32.95736578226483,0,0,300,0.02,0.33756130933761597
6630,20.165569403175414,0,0,300,0.02,0.36551040410995483
6631,14.009557659629877,0,0,300,0.02,0.4245133399963379
6632,23.498606631759728,0,0,300,0.02,0.39975109696388245
6633,172.84415596247106,1,0,293,0.02,0.34086376428604126
6634,16.23182378530896,0,0,300,0.02,0.44394680857658386
6635,14.348471877578787,0,0,300,0.02,0.3872847855091095
6636,16.04808555046577,0,0,300,0.02,0.41817769408226013
6637,183.44282179117596,1,0,294,0.02,0.34619730710983276
6638,24.358591768745583,0,0,300,0.02,0.34725481271743774
6639,184.04514851808943,1,0,294,0.02,0.3456156253814697
6640,175.43285061121375,1,0,298,0.02,0.3386901021003723
6641,173.91957583189398,1,0,289,0.02,0.3445087969303131
6642,8.23877544641888,0,0,300,0.02,0.4347088932991028
6643,5.547951967720133,0,0,300,0.02,0.4399147629737854
6644,13.53098635435495,0,0,300,0.02,0.41665616631507874
6645,6.666115740933607,0,0,300,0.02,0.4511701464653015
6646,188.05367377996834,1,0,290,0.02,0.3459843099117279
6647,180.266511209015,1,0,291,0.02,0.3477749526500702
6648,25.899417183403084,0,0,300,0.02,0.34954845905303955
6649,174.32803160429393,1,0,293,0.02,0.3473948538303375
6650,173.98950539827737,1,0,298,0.02,0.34952640533447266
6651,14.84191423178109,0,0,300,0.02,0.40392419695854187
6652,6.163244469169708,0,0,300,0.02,0.5235916376113892
6653,8.217445967201291,0,0,300,0.02,0.4200412631034851
6654,18.86693656683359,0,0,300,0.02,0.3526686131954193
6655,7.079020254615882,0,0,300,0.02,0.4221476912498474
6656,3.393393280510054,0,0,300,0.02,0.5335544347763062
6657,-13.118756806846548,0,0,298,0.02,0.651591956615448
6658,10.473550131324874,0,0,300,0.02,0.5260152220726013
6659,11.33471749544533,0,0,300,0.02,0.5432233810424805
6660,9.49957885662579,0,0,300,0.02,0.5978043675422668
6661,18.101549810567104,0,0,300,0.02,0.23981162905693054
6662,7.781020783581934,0,0,300,0.02,0.5899438858032227
6663,2.7503985238114175,0,0,300,0.02,0.6018031239509583
6664,6.0460260478641885,0,0,300,0.02,0.563692569732666
6665,18.573401701454276,0,0,300,0.02,0.4285523295402527
6666,204.93435279608167,1,0,296,0.02,0.3458145558834076
6667,194.95944697618881,1,0,291,0.02,0.3470410108566284
6668,36.7535670065919,0,0,300,0.02,0.3560110032558441
6669,28.125149619583237,0,0,300,0.02,0.41561535000801086
6670,38.32139147520454,0,0,300,0.02,0.3665548861026764
6671,183.99433931589522,1,0,299,0.02,0.3433179259300232
6672,11.546583146252859,0,0,300,0.02,0.35355329513549805
6673,174.35554274320992,1,0,282,0.02,0.3455170691013336
6674,17.447971432212917,0,0,300,0.02,0.41740989685058594
6675,38.401770946983476,0,0,300,0.02,0.373960018157959
6676,33.77609389543924,0,0,300,0.02,0.35787928104400635
6677,9.784268955388264,0,0,300,0.02,0.3591318428516388
6678,146.70552809000404,1,0,268,0.02,0.3480207324028015
6679,12.113070285324136,0,0,300,0.02,0.39363518357276917
6680,169.41844145536814,1,0,283,0.02,0.34979239106178284
6681,12.312796533111616,0,0,300,0.02,0.38120362162590027
6682,13.55339466333776,0,0,300,0.02,0.39605408906936646
6683,166.47140308142093,1,0,300,0.02,0.3465519845485687
6684,168.68857575655372,1,0,298,0.02,0.33725881576538086
6685,167.15690517664345,1,0,290,0.02,0.34267646074295044
6686,167.61865531683355,1,0,294,0.02,0.3497389256954193
6687,158.29306748152172,1,0,285,0.02,0.3461358845233917
6688,11.655727660659833,0,0,300,0.02,0.4454708397388458
6689,168.91244485140234,1,0,290,0.02,0.34629154205322266
6690,-7.369289980730767,0,0,300,0.02,0.8125215768814087
6691,9.550325006642517,0,0,300,0.02,0.3526178300380707
6692,169.441895892624,1,0,281,0.02,0.346428781747818
6693,164.73522410631566,1,0,287,0.02,0.34809672832489014
6694,12.081617319587757,0,0,300,0.02,0.35149842500686646
6695,8.84078722715764,0,0,300,0.02,0.34170594811439514
6696,11.561158125404418,0,0,300,0.02,0.35161322355270386
6697,168.29134432077794,1,0,288,0.02,0.34906667470932007
6698,10.213323538307248,0,0,300,0.02,0.37607187032699585
6699,172.39185879946143,1,0,278,0.02,0.34143805503845215
6700,175.86590167284407,1,0,290,0.02,0.34292733669281006
6701,170.30539849043285,1,0,285,0.02,0.3430531322956085
6702,171.86719008684548,1,0,298,0.02,0.34260523319244385
6703,174.64440689802564,1,0,291,0.02,0.34080103039741516
6704,170.54179350138102,1,0,299,0.02,0.34895437955856323
6705,170.90868601560987,1,0,287,0.02,0.33473125100135803
6706,169.3590860199967,1,0,284,0.02,0.34963124990463257
6707,166.8115380263367,1,0,291,0.02,0.34651824831962585
6708,3.978932306770451,0,0,300,0.02,0.36716967821121216
6709,169.88521898031627,1,0,281,0.02,0.3480980098247528
6710,173.1178941464463,1,0,290,0.02,0.34492921829223633
6711,174.5499102139512,1,0,281,0.02,0.3444252014160156
6712,171.34562882185378,1,0,286,0.02,0.3479955494403839
6713,10.085063912872362,0,0,300,0.02,0.3856367766857147
6714,169.53232970476543,1,0,295,0.02,0.3488203287124634
6715,167.21058233499912,1,0,294,0.02,0.3492571711540222
6716,169.82813935995495,1,0,287,0.02,0.34486791491508484
6717,171.85896000624098,1,0,278,0.02,0.34716275334358215
6718,169.11789079904943,1,0,284,0.02,0.342430055141449
6719,168.94842449903877,1,0,297,0.02,0.34229663014411926
6720,170.60357004881297,1,0,278,0.02,0.3410102427005768
6721,169.5864029479066,1,0,289,0.02,0.3428020179271698
6722,165.92007341146856,1,0,293,0.02,0.34438440203666687
6723,169.8757566142121,1,0,276,0.02,0.3479636013507843
6724,171.4615426754991,1,0,265,0.02,0.34651708602905273
6725,169.3176637148896,1,0,289,0.02,0.34498682618141174
6726,165.90217854738623,1,0,294,0.02,0.348858118057251
6727,168.4997554993668,1,0,287,0.02,0.34946388006210327
6728,167.4129990649262,1,0,285,0.02,0.34865298867225647
6729,170.9088797783891,1,0,272,0.02,0.3471828103065491
6730,169.80390993357096,1,0,288,0.02,0.3459252715110779
6731,167.91295566320807,1,0,280,0.02,0.3461638391017914
6732,165.76964652300268,1,0,290,0.02,0.3444911241531372
6733,168.6195564007798,1,0,284,0.02,0.3445136547088623
6734,-21.0961184986446,0,0,287,0.02,0.6342287063598633
6735,9.590185792450008,0,0,300,0.02,0.42935630679130554
6736,2.4430816102067237,0,0,300,0.02,0.45613235235214233
6737,164.29278699160008,1,0,300,0.02,0.3487060070037842
6738,166.20042948961645,1,0,295,0.02,0.3442953824996948
6739,169.87108384848034,1,0,283,0.02,0.3491317927837372
6740,170.51718187094127,1,0,275,0.02,0.3451072871685028
6741,12.467748420242419,0,0,300,0.02,0.36246564984321594
6742,170.83825428724683,1,0,265,0.02,0.3473391830921173
6743,6.389694855217061,0,0,300,0.02,0.5144790410995483
6744,165.17660049677283,1,0,300,0.02,0.3477526307106018
6745,14.907836306099,0,0,300,0.02,0.36994367837905884
6746,168.8291988825837,1,0,293,0.02,0.3421030342578888
6747,167.07299688101205,1,0,283,0.02,0.3386535346508026
6748,168.4555649256745,1,0,274,0.02,0.3480115234851837
6749,167.4296641755143,1,0,293,0.02,0.34698671102523804
6750,166.52824225664526,1,0,287,0.02,0.3498421907424927
6751,10.048052346710264,0,0,300,0.02,0.34738966822624207
6752,3.887024614814858,0,0,300,0.02,0.5901466012001038
6753,169.8718902707139,1,0,288,0.02,0.3414301872253418
6754,166.12217658281713,1,0,290,0.02,0.3338586091995239
6755,166.69904726744085,1,0,286,0.02,0.34714093804359436
6756,6.913493220810035,0,0,300,0.02,0.3885294497013092
6757,169.26796865225228,1,0,274,0.02,0.344910591840744
6758,166.53029085874942,1,0,296,0.02,0.3468300402164459
6759,9.123279106620855,0,0,300,0.02,0.3535829782485962
6760,167.90222024202734,1,0,288,0.02,0.34134769439697266
6761,167.260410773758,1,0,284,0.02,0.3443000614643097
6762,169.62224457025917,1,0,281,0.02,0.3438416123390198
6763,168.56654899835974,1,0,281,0.02,0.3477655053138733
6764,7.941402723793093,0,0,300,0.02,0.4090520739555359
6765,169.2593358731309,1,0,281,0.02,0.34706878662109375
6766,161.1351387524644,1,0,300,0.02,0.3481180667877197
6767,-17.993949306007263,0,0,300,0.02,0.5328900814056396
6768,16.052967283729615,0,0,300,0.02,0.36116093397140503
6769,11.176530737080775,0,0,300,0.02,0.3960663974285126
6770,170.15998974562086,1,0,276,0.02,0.34940531849861145
6771,9.948917653564518,0,0,300,0.02,0.36967334151268005
6772,10.39951018095403,0,0,300,0.02,0.38452520966529846
6773,169.76372074842845,1,0,279,0.02,0.34597256779670715
6774,9.298093070187763,0,0,300,0.02,0.3581758141517639
6775,7.221347377304159,0,0,300,0.02,0.36906591057777405
6776,167.88157307386786,1,0,289,0.02,0.34650948643684387
6777,170.4371337533036,1,0,260,0.02,0.3251193165779114
6778,172.99930655718242,1,0,248,0.02,0.34957611560821533
6779,12.105177652839743,0,0,300,0.02,0.3581083416938782
6780,167.38126373529823,1,0,283,0.02,0.34908682107925415
6781,170.66818864584363,1,0,275,0.02,0.32735559344291687
6782,168.72064728498847,1,0,286,0.02,0.3442409336566925
6783,11.631005637649595,0,0,300,0.02,0.3466513454914093
6784,9.550564525131287,0,0,300,0.02,0.39926162362098694
6785,9.786905324462953,0,0,300,0.02,0.3501764237880707
6786,6.0814666581193055,0,0,300,0.02,0.4190360903739929
6787,169.47573181867986,1,0,284,0.02,0.34796980023384094
6788,167.64597296953588,1,0,287,0.02,0.3454095125198364
6789,167.0462907528916,1,0,278,0.02,0.3378300666809082
6790,167.63678060293586,1,0,287,0.02,0.3427076041698456
6791,12.510926253799521,0,0,300,0.02,0.3491711914539337
6792,167.55031852484137,1,0,284,0.02,0.3493231236934662
6793,174.95001000166332,1,0,280,0.02,0.34690025448799133
6794,169.88908100366984,1,0,285,0.02,0.34713250398635864
6795,11.74471636057286,0,0,300,0.02,0.3707236647605896
6796,12.73994495630654,0,0,300,0.02,0.45191651582717896
6797,11.552535331253148,0,0,300,0.02,0.3462689220905304
6798,6.0403135895768125,0,0,300,0.02,0.39932435750961304
6799,166.63118740320593,1,0,298,0.02,0.33910590410232544
6800,8.996301496032773,0,0,300,0.02,0.3728273808956146
6801,8.869715301994374,0,0,300,0.02,0.4369739294052124
6802,12.581398567357303,0,0,300,0.02,0.40484943985939026
6803,9.017277619842606,0,0,300,0.02,0.445083349943161
6804,9.233077361587583,0,0,300,0.02,0.43613341450691223
6805,166.04235603094486,1,0,298,0.02,0.3438137471675873
6806,174.23849734545146,1,0,300,0.02,0.3447784185409546
6807,13.869383718971404,0,0,300,0.02,0.3895568251609802
6808,169.68718009233868,1,0,292,0.02,0.34760773181915283
6809,11.4560698739674,0,0,300,0.02,0.3961816132068634
6810,170.29841581583418,1,0,277,0.02,0.347298800945282
6811,13.141854822639528,0,0,300,0.02,0.361439049243927
6812,1.8126794219056725,0,0,300,0.02,0.36873289942741394
6813,168.0663686251679,1,0,298,0.02,0.34531059861183167
6814,170.10196894884507,1,0,299,0.02,0.3414105176925659
6815,164.90265918970496,1,0,295,0.02,0.3462379574775696
6816,10.134410669807506,0,0,300,0.02,0.4233000874519348
6817,11.06790303469093,0,0,300,0.02,0.3624269962310791
6818,14.55011623621375,0,0,300,0.02,0.3518736958503723
6819,10.569299800399847,0,0,300,0.02,0.42207780480384827
6820,165.53800037146002,1,0,278,0.02,0.3474026620388031
6821,170.06918257952125,1,0,291,0.02,0.34960711002349854
6822,170.8930329203645,1,0,282,0.02,0.34864452481269836
6823,-33.42208996852353,0,0,300,0.02,0.6882215738296509
6824,171.34088327169815,1,0,282,0.02,0.3316819369792938
6825,166.80107523680118,1,0,299,0.02,0.34163394570350647
6826,10.3516381907502,0,0,300,0.02,0.4164932072162628
6827,7.820706956390455,0,0,300,0.02,0.3617260158061981
6828,170.08567685366066,1,0,266,0.02,0.34548354148864746
6829,169.20307166338353,1,0,291,0.02,0.34863483905792236
6830,168.49907753706367,1,0,296,0.02,0.3446333706378937
6831,12.232801544670181,0,0,300,0.02,0.4137023687362671
6832,10.685915687088107,0,0,300,0.02,0.36042383313179016
6833,12.90243695021068,0,0,300,0.02,0.4312935173511505
6834,163.65342797995,1,0,291,0.02,0.34854575991630554
6835,172.79507128000645,1,0,295,0.02,0.34813493490219116
6836,169.25288699865732,1,0,292,0.02,0.3461810052394867
6837,13.690120675567734,0,0,300,0.02,0.3593725860118866
6838,12.038659293655492,0,0,300,0.02,0.45473793148994446
6839,169.2843318057099,1,0,296,0.02,0.3433198034763336
6840,12.76694666147625,0,0,300,0.02,0.4051660895347595
6841,9.741155393127498,0,0,300,0.02,0.416613906621933
6842,14.76827159166731,0,0,300,0.02,0.3523348569869995
6843,13.27608977079784,0,0,300,0.02,0.37038031220436096
6844,10.004602658752486,0,0,300,0.02,0.408252090215683
6845,168.75845084429176,1,0,296,0.02,0.3422900438308716
6846,10.42520327488441,0,0,300,0.02,0.6913982629776001
6847,168.39547038317113,1,0,295,0.02,0.34553515911102295
6848,9.112028111615366,0,0,300,0.02,0.6546920537948608
6849,167.25859831571964,1,0,296,0.02,0.3447531759738922
6850,167.97898457289128,1,0,293,0.02,0.3496566116809845
6851,10.288273589614919,0,0,300,0.02,0.4073343575000763
6852,11.225951050915889,0,0,300,0.02,0.34121131896972656
6853,-33.90774748881794,0,0,300,0.02,1.1671359539031982
6854,167.48975143671422,1,0,299,0.02,0.34696489572525024
6855,8.364640702405163,0,0,300,0.02,0.5290389060974121
6856,10.094005560078827,0,0,300,0.02,0.37419769167900085
6857,167.9558488822022,1,0,271,0.02,0.3479405343532562
6858,8.456163108352728,0,0,300,0.02,0.47036197781562805
6859,170.01174139738472,1,0,289,0.02,0.34646740555763245
6860,12.049306123260596,0,0,300,0.02,0.3920762240886688
6861,10.55435823679358,0,0,300,0.02,0.3658131957054138
6862,166.2643357491532,1,0,281,0.02,0.34581881761550903
6863,10.55869395971684,0,0,300,0.02,0.4172292649745941
6864,9.962762712636177,0,0,300,0.02,0.3820084035396576
6865,169.70597214460767,1,0,298,0.02,0.34790971875190735
6866,168.864630563263,1,0,294,0.02,0.34824511408805847
6867,165.54796698332217,1,0,299,0.02,0.34491100907325745
6868,10.649039537910506,0,0,300,0.02,0.352142870426178
6869,7.696668814816666,0,0,300,0.02,0.6860318779945374
6870,9.490970575813341,0,0,300,0.02,0.43666011095046997
6871,12.20381092310337,0,0,300,0.02,0.3909500241279602
6872,13.297215893272432,0,0,300,0.02,0.42009878158569336
6873,166.6626369786301,1,0,294,0.02,0.33624351024627686
6874,169.56266240835578,1,0,297,0.02,0.3462371528148651
6875,18.268199036125317,0,0,300,0.02,0.6448529958724976
6876,11.100359871391337,0,0,300,0.02,0.6568127870559692
6877,168.49024830103306,1,0,289,0.02,0.34684067964553833
6878,169.07214466333775,1,0,278,0.02,0.34136658906936646
6879,9.44576757669844,0,0,300,0.02,0.37796086072921753
6880,171.4944262194673,1,0,284,0.02,0.34329620003700256
6881,171.34640237093367,1,0,277,0.02,0.34780216217041016
6882,171.5932381892244,1,0,278,0.02,0.34609320759773254
6883,171.67948858023084,1,0,283,0.02,0.3470306098461151
6884,171.7544262194673,1,0,280,0.02,0.34329620003700256
6885,170.4674661755601,1,0,296,0.02,0.34253621101379395
6886,170.1166450715104,1,0,288,0.02,0.3452414870262146
6887,11.306178400520368,0,0,300,0.02,0.44785815477371216
6888,-2.044429829920669,0,0,300,0.02,0.6144037842750549
6889,11.180207498077491,0,0,300,0.02,0.3693508803844452
6890,10.472619747319408,0,0,300,0.02,0.3420441448688507
6891,168.6822513747254,1,0,297,0.02,0.3463399112224579
6892,170.53181089640054,1,0,282,0.02,0.3464500308036804
6893,168.64734733343514,1,0,298,0.02,0.3450659215450287
6894,13.24435405970005,0,0,300,0.02,0.5833142399787903
6895,11.04055111170202,0,0,300,0.02,0.351764976978302
6896,13.226178081039471,0,0,300,0.02,0.39535823464393616
6897,13.521235721115186,0,0,300,0.02,0.41159382462501526
6898,12.680348384384203,0,0,300,0.02,0.3643156588077545
6899,171.6166809535066,1,0,277,0.02,0.3452325165271759
6900,171.54859284162916,1,0,277,0.02,0.34725454449653625
6901,171.33936960935986,1,0,275,0.02,0.34706035256385803
6902,164.8522647357026,1,0,267,0.02,0.3488365709781647
6903,12.172810801663628,0,0,300,0.02,0.3944963812828064
6904,170.98569877863324,1,0,277,0.02,0.3429780602455139
6905,161.66537833452614,1,0,288,0.02,0.34055817127227783
6906,-56.41477927287554,0,0,271,0.02,1.6413938999176025
6907,9.385960743431141,0,0,300,0.02,0.3904125690460205
6908,175.49691674948133,1,0,277,0.02,0.34517356753349304
6909,170.04449763536846,1,0,273,0.02,0.34577834606170654
6910,12.43360325575263,0,0,300,0.02,0.35850194096565247
6911,170.29534256220256,1,0,285,0.02,0.33806711435317993
6912,3.1290487313309985,0,0,300,0.02,0.38714057207107544
6913,170.98723063707746,1,0,275,0.02,0.34759509563446045
6914,167.96861416101842,1,0,297,0.02,0.34224921464920044
6915,12.514741828445523,0,0,300,0.02,0.3907172977924347
6916,6.974666826728899,0,0,300,0.02,0.5107360482215881
6917,168.68898648023995,1,0,294,0.02,0.3496561348438263
6918,7.9810539078751255,0,0,300,0.02,0.5316392779350281
6919,5.571430823806872,0,0,300,0.02,0.36904504895210266
6920,12.351176168922539,0,0,300,0.02,0.39410871267318726
6921,165.94371669531253,1,0,293,0.02,0.34597358107566833
6922,12.844478571418861,0,0,300,0.02,0.4107831120491028
6923,8.501324732307484,0,0,300,0.02,0.4015715718269348
6924,171.83257547617353,1,0,272,0.02,0.3387588858604431
6925,-9.36210448026263,0,0,300,0.02,0.7049288749694824
6926,14.915541327003538,0,0,300,0.02,0.3805174231529236
6927,167.17641595125585,1,0,291,0.02,0.34529876708984375
6928,154.33796293974314,1,0,272,0.02,0.34741201996803284
6929,-64.98946976741288,0,0,288,0.02,1.620066523551941
6930,-56.77542294581866,0,0,272,0.02,1.5940548181533813
6931,154.4442845797578,1,0,277,0.02,0.3383316099643707
6932,-93.27407593806726,0,0,299,0.02,1.5787180662155151
6933,-37.503091288409,0,0,300,0.02,1.0734719038009644
6934,-37.193732195696576,0,0,300,0.02,0.8136321306228638
6935,-43.429458437762015,0,0,300,0.02,0.7150636911392212
6936,-16.008824826082947,0,0,300,0.02,0.7499052882194519
6937,-47.675330115160705,0,0,297,0.02,1.1790316104888916
6938,-28.83895237048596,0,0,300,0.02,0.814937174320221
6939,8.29589965740699,0,0,300,0.02,0.6812241673469543
6940,8.804589564804132,0,0,300,0.02,0.41325536370277405
6941,-22.4069280536983,0,0,300,0.02,0.851931095123291
6942,-15.715410385927926,0,0,300,0.02,0.8865516781806946
6943,12.940041849617055,0,0,300,0.02,0.35189229249954224
6944,10.494405717053594,0,0,300,0.02,0.5540976524353027
6945,168.7595095706025,1,0,297,0.02,0.3495253622531891
6946,167.899478805069,1,0,300,0.02,0.3470330536365509
6947,168.96815533399973,1,0,290,0.02,0.3448639214038849
6948,167.80447819471746,1,0,271,0.02,0.34328320622444153
6949,169.72040886640937,1,0,274,0.02,0.3443005383014679
6950,172.2151574683229,1,0,268,0.02,0.34811338782310486
6951,167.41682687521367,1,0,293,0.02,0.3476960361003876
6952,9.433032529357957,0,0,300,0.02,0.4336446225643158
6953,171.79139497518935,1,0,274,0.02,0.3465540111064911
6954,169.9754341340104,1,0,286,0.02,0.3430442214012146
6955,168.51846718550115,1,0,299,0.02,0.3447859585285187
6956,9.905291197303823,0,0,300,0.02,0.37307995557785034
6957,167.7309181475678,1,0,283,0.02,0.3491732180118561
6958,168.3259593796769,1,0,285,0.02,0.3454129099845886
6959,165.36541197061925,1,0,300,0.02,0.3455497622489929
6960,13.792129449048279,0,0,300,0.02,0.3446667194366455
6961,178.65113151312266,1,0,290,0.02,0.3441198766231537
6962,165.25528011560826,1,0,289,0.02,0.3430827260017395
6963,164.6400793910065,1,0,299,0.02,0.3493829071521759
6964,0.009293153289904668,0,0,300,0.02,0.3670794665813446
6965,11.51830348253638,0,0,300,0.02,0.33732688426971436
6966,152.21635323763286,1,0,299,0.02,0.34281444549560547
6967,167.16733363390355,1,0,274,0.02,0.3475693464279175
6968,170.3815073800126,1,0,247,0.02,0.3440259099006653
6969,13.260662724975651,0,0,300,0.02,0.39173707365989685
6970,167.39385713339237,1,0,288,0.02,0.34843847155570984
6971,171.8294609236757,1,0,271,0.02,0.34703752398490906
6972,-32.76250884135703,0,0,300,0.02,1.1958262920379639
6973,159.881704442505,1,0,263,0.02,0.34647664427757263
6974,156.01214922190104,1,0,273,0.02,0.34886544942855835
6975,165.53543413401036,1,0,299,0.02,0.3430442214012146
6976,167.97514220953374,1,0,285,0.02,0.3481172025203705
6977,-3.7814515709837595,0,0,300,0.02,0.392265647649765
6978,162.41457440615088,1,0,289,0.02,0.34575915336608887
6979,-18.03883447726702,0,0,300,0.02,0.6574077010154724
6980,168.62984466791542,1,0,297,0.02,0.3494415879249573
6981,156.62937481642163,1,0,261,0.02,0.33705905079841614
6982,4.586677320007438,0,0,300,0.02,0.3927334249019623
6983,167.80295733213813,1,0,280,0.02,0.34616342186927795
6984,9.635542549290848,0,0,300,0.02,0.3488134443759918
6985,-9.215008161064075,0,0,300,0.02,0.5856547951698303
6986,166.6280610394517,1,0,292,0.02,0.34488749504089355
6987,168.31433873892217,1,0,282,0.02,0.34831807017326355
6988,0.13985580683146784,0,0,300,0.02,0.5194388031959534
6989,-9.730550461611477,0,0,300,0.02,0.635336697101593
6990,6.484651525024507,0,0,300,0.02,0.4057398736476898
6991,169.2115516877213,1,0,273,0.02,0.3340148329734802
6992,163.6498721575776,1,0,276,0.02,0.3369347155094147
6993,168.14693464041144,1,0,276,0.02,0.3476690948009491
6994,7.500759627822957,0,0,300,0.02,0.41921284794807434
6995,12.368151323799195,0,0,300,0.02,0.38736492395401
6996,176.23213801622785,1,0,272,0.02,0.3488682508468628
6997,172.37210046530166,1,0,260,0.02,0.3488776385784149
6998,9.400832165875633,0,0,300,0.02,0.6449910402297974
6999,-21.75042539676165,0,0,300,0.02,0.8578054308891296
