episode,reward,success,collision,steps,epsilon,final_distance
0,-51.380220870971655,0,0,129,0.995,7.66255521774292
1,-62.09196843067667,0,0,300,0.990025,5.427793025970459
2,-77.175479888916,0,0,80,0.985074875,8.231369972229004
3,-56.073469696044896,0,0,146,0.9801495006250001,6.8158674240112305
4,-65.34917121887204,0,0,179,0.9752487531218751,7.197292804718018
5,-40.72817817687988,0,0,99,0.9703725093562657,7.392044544219971
6,-46.012129851183595,0,0,80,0.9655206468094844,7.733231544494629
7,-45.33075492858885,0,0,86,0.960693043575437,7.787688732147217
8,-55.86130035400389,0,0,138,0.9558895783575597,7.245325088500977
9,-70.5030503845214,0,0,199,0.9511101304657719,7.485762596130371
10,-43.88600074768067,0,0,84,0.946354579813443,7.441500186920166
11,-49.803051605224596,0,0,126,0.9416228069143757,7.540762901306152
12,-56.24944442749023,0,0,80,0.9369146928798039,7.952361106872559
13,-90.25504776000965,0,0,240,0.9322301194154049,6.761261940002441
14,-49.63454963684081,0,0,137,0.9275689688183278,7.528637409210205
15,-45.521138458251954,0,0,95,0.9229311239742362,7.685284614562988
16,-45.93720878601074,0,0,123,0.918316468354365,7.6993021965026855
17,-42.37560317993163,0,0,90,0.9137248860125932,7.41140079498291
18,-61.346882400512634,0,0,211,0.9091562615825302,6.446720600128174
19,-55.583268051147364,0,0,300,0.9046104802746175,5.800817012786865
20,-71.31572085460152,0,0,233,0.9000874278732445,7.124129295349121
21,-66.88869425853221,0,0,214,0.8955869907338783,6.727372646331787
22,-96.22398452758769,0,0,280,0.8911090557802088,6.480996131896973
23,-62.29275752147167,0,0,192,0.8866535105013078,6.69338846206665
24,-42.72081726074218,0,0,148,0.8822202429488013,6.572704315185547
25,-67.0895518787714,0,0,300,0.8778091417340573,6.032587051391602
26,-59.1409438323973,0,0,300,0.8734200960253871,6.642735958099365
27,-64.27211146434276,0,0,160,0.8690529955452602,7.740726947784424
28,-55.60176147460935,0,0,195,0.8647077305675338,6.302940368652344
29,-70.15476550181825,0,0,300,0.8603841919146962,6.68889045715332
30,-41.366458006701194,0,0,99,0.8560822709551227,7.071813583374023
31,-42.149919815063456,0,0,135,0.851801859600347,6.707479953765869
32,-67.72104034423816,0,0,300,0.8475428503023453,6.46776008605957
33,-96.97028945922833,0,0,295,0.8433051360508336,6.995072364807129
34,-59.179956541857344,0,0,300,0.8390886103705794,5.827688217163086
35,-52.22262347300979,0,0,145,0.8348931673187264,7.145854949951172
36,-60.97890307506052,0,0,219,0.8307187014821328,6.674924850463867
37,-52.03271636962888,0,0,175,0.8265651079747222,6.983179092407227
38,-40.04415725708008,0,0,83,0.8224322824348486,7.5135393142700195
39,-81.42587745666489,0,0,300,0.8183201210226743,5.13646936416626
40,-50.482068892321294,0,0,142,0.8142285204175609,7.275716304779053
41,-48.01481707652539,0,0,147,0.810157377815473,7.168903350830078
42,-49.00567878723141,0,0,187,0.8061065909263957,6.841419696807861
43,-45.81891410827636,0,0,118,0.8020760579717637,7.034728527069092
44,-61.49154734691109,0,0,300,0.798065677681905,6.308085918426514
45,-58.96539932250968,0,0,300,0.7940753492934954,6.038849830627441
46,-57.18035914500684,0,0,179,0.7901049725470279,6.6002888679504395
47,-77.01056353648626,0,0,279,0.7861544476842928,6.8328399658203125
48,-56.57264793395989,0,0,300,0.7822236754458713,6.86066198348999
49,-70.1412282562255,0,0,264,0.778312557068642,6.2078070640563965
50,-63.31932144165027,0,0,300,0.7744209942832988,5.567330360412598
51,-194.93894668579097,0,1,241,0.7705488893118823,4.494736671447754
52,-65.79547126770015,0,0,190,0.7666961448653229,6.428867816925049
53,-62.27869377136218,0,0,300,0.7628626641409962,5.794673442840576
54,-57.511704283556575,0,0,300,0.7590483508202912,5.668125152587891
55,-41.563429747423854,0,0,88,0.7552531090661897,7.4735565185546875
56,-38.121979827880864,0,0,87,0.7514768435208588,7.500494956970215
57,-52.413963317871016,0,0,300,0.7477194593032545,5.790990829467773
58,-60.28371559143055,0,0,300,0.7439808620067382,6.668428897857666
59,-58.652161055407184,0,0,300,0.7402609576967045,6.553239345550537
60,-65.49067729075875,0,0,228,0.736559652908221,7.012868404388428
61,-50.169465408325095,0,0,300,0.7328768546436799,6.264866352081299
62,-59.1588945301386,0,0,300,0.7292124703704616,6.352422714233398
63,-37.763711166381846,0,0,106,0.7255664080186093,7.015927791595459
64,-84.2157398223875,0,0,300,0.7219385759785162,4.591434955596924
65,-49.52688746531934,0,0,143,0.7183288830986236,6.9919209480285645
66,-64.59931030273428,0,0,293,0.7147372386831305,5.862327575683594
67,-56.23003692626951,0,0,300,0.7111635524897149,4.257509231567383
68,-59.60657618602242,0,0,300,0.7076077347272662,5.591843128204346
69,-47.67130592346185,0,0,300,0.7040696960536299,5.7853264808654785
70,-35.80073908885452,0,0,99,0.7005493475733617,7.3753838539123535
71,-62.1178584583613,0,0,187,0.697046600835495,7.0146636962890625
72,-35.29981524547073,0,0,87,0.6935613678313175,7.367652893066406
73,-74.17879778941594,0,0,292,0.6900935609921609,7.149898529052734
74,-36.07635691722366,0,0,87,0.6866430931872001,7.571788311004639
75,-47.65307044982905,0,0,300,0.6832098777212641,4.413267612457275
76,-170.57864105224607,0,1,183,0.6797938283326578,4.489660263061523
77,-38.2989421844482,0,0,300,0.6763948591909945,5.3622355461120605
78,-48.93222598155468,0,0,175,0.6730128848950395,7.033255577087402
79,-35.843098173937534,0,0,100,0.6696478204705644,7.5184736251831055
80,-56.07446162303411,0,0,300,0.6662995813682115,6.098814487457275
81,-47.98431991577146,0,0,183,0.6629680834613705,7.061079978942871
82,-53.586939620971584,0,0,300,0.6596532430440636,6.13423490524292
83,-57.74897392272943,0,0,212,0.6563549768288433,6.667243480682373
84,-49.35471366882325,0,0,194,0.653073201944699,6.0286784172058105
85,-47.60711517333979,0,0,300,0.6498078359349755,5.989278793334961
86,-55.474656859240135,0,0,300,0.6465587967553006,6.293863296508789
87,-58.101883010864114,0,0,300,0.6433260027715241,6.3804707527160645
88,-61.104068098864225,0,0,208,0.6401093727576664,6.633716106414795
89,-51.592782516479396,0,0,300,0.6369088258938781,6.080695629119873
90,-53.12144297679384,0,0,300,0.6337242817644086,5.605559825897217
91,-53.32449714660638,0,0,300,0.6305556603555866,5.101124286651611
92,-64.3065713032099,0,0,300,0.6274028820538087,4.871841907501221
93,-244.98776145935057,0,1,194,0.6242658676435396,4.1319403648376465
94,-42.241640167236284,0,0,300,0.6211445383053219,5.227910041809082
95,-38.49006106456252,0,0,300,0.6180388156137953,4.8652143478393555
96,-44.529773330688435,0,0,300,0.6149486215357263,5.232443332672119
97,-66.67946681102241,0,0,300,0.6118738784280476,5.145065784454346
98,-42.01605743408195,0,0,300,0.6088145090359074,6.144014358520508
99,-48.75095397949209,0,0,300,0.6057704364907278,6.170238494873047
100,-50.68207652171584,0,0,194,0.6027415843082742,6.5257182121276855
101,-37.03067812999218,0,0,300,0.5997278763867329,5.855368614196777
102,-44.057501555285114,0,0,300,0.5967292370047992,5.5745744705200195
103,-52.233497191271425,0,0,300,0.5937455908197752,5.106073379516602
104,-56.8945551300048,0,0,300,0.5907768628656763,6.088638782501221
105,-61.5355552204463,0,0,271,0.5878229785513479,5.606587886810303
106,-52.79983367919913,0,0,300,0.5848838636585911,4.912458419799805
107,-44.940943175158175,0,0,300,0.5819594443402982,5.250434875488281
108,-126.66700350841009,0,0,300,0.5790496471185967,4.6969499588012695
109,-38.718835326037066,0,0,300,0.5761543988830038,5.622407913208008
110,-57.43835375865425,0,0,300,0.5732736268885887,4.862287521362305
111,-46.77280258178699,0,0,300,0.5704072587541458,5.570700645446777
112,-38.31281227111808,0,0,300,0.567555222460375,5.655703067779541
113,-46.3854354095458,0,0,300,0.5647174463480732,5.578858852386475
114,-56.4678132629394,0,0,270,0.5618938591163328,5.239453315734863
115,-46.55751815795885,0,0,300,0.5590843898207511,6.036879539489746
116,-44.24913902282708,0,0,300,0.5562889678716474,5.324784755706787
117,-91.8824424743651,0,0,300,0.5535075230322891,4.595610618591309
118,-227.83027018626694,0,0,298,0.5507399854171277,4.732766628265381
119,-38.676031951904264,0,0,300,0.547986285490042,5.199007987976074
120,-63.285512114367165,0,0,293,0.5452463540625918,5.344077110290527
121,-52.96303459167479,0,0,300,0.5425201222922789,4.563258647918701
122,-120.60330039978015,0,0,300,0.5398075216808175,4.570825099945068
123,-36.52860110362499,0,0,300,0.5371084840724134,5.4598493576049805
124,-45.48442283630359,0,0,300,0.5344229416520513,2.8936057090759277
125,-71.43417841990916,0,0,226,0.531750826943791,5.901243686676025
126,-45.95786265452832,0,0,300,0.5290920728090721,5.4771647453308105
127,-149.62958872874728,0,0,300,0.5264466124450268,4.997596263885498
128,-92.42092425425975,0,0,300,0.5238143793828016,4.897930145263672
129,-42.64338706970205,0,0,300,0.5211953074858876,5.413346767425537
130,-96.40429565429676,0,0,300,0.5185893309484582,4.733573913574219
131,-40.61412936290234,0,0,300,0.5159963842937159,5.073731422424316
132,-63.162002745470694,0,0,300,0.5134164023722473,4.178199768066406
133,-107.22612209320059,0,0,300,0.510849320360386,3.756530523300171
134,-181.32590754588654,0,0,300,0.5082950737585841,4.746675968170166
135,-38.33172973632805,0,0,300,0.5057535983897912,4.310432434082031
136,-98.34840190013375,0,0,300,0.5032248303978422,4.867299556732178
137,-52.870701781115194,0,0,300,0.500708706245853,4.780374526977539
138,-122.25914202769717,0,0,293,0.4982051627146237,4.784984588623047
139,-279.45923903544934,0,0,252,0.49571413690105054,3.917508840560913
140,-178.6845866394043,0,1,166,0.4932355662165453,5.453646659851074
141,-75.93245143016308,0,0,270,0.4907693883854626,5.183311939239502
142,-42.37360503276312,0,0,300,0.4883155414435353,3.3986003398895264
143,-71.9567573841426,0,0,260,0.4858739637363176,4.966888427734375
144,-172.66747371673583,0,1,229,0.483444593917636,2.24936842918396
145,-192.60892723083492,0,1,192,0.4810273709480478,4.84473180770874
146,-65.52824854930365,0,0,300,0.47862223409330756,4.817261219024658
147,-48.82837946971386,0,0,300,0.47622912292284103,4.809793949127197
148,-69.61482569774114,0,0,300,0.4738479773082268,5.033905506134033
149,-83.70955093383776,0,0,300,0.47147873742168567,4.594887733459473
150,-61.239659652709925,0,0,248,0.46912134373457726,4.78241491317749
151,-92.28601260264833,0,0,300,0.46677573701590436,4.89420223236084
152,-73.23310272216793,0,0,300,0.46444185833082485,4.765775680541992
153,-53.674046278795885,0,0,257,0.46211964903917074,5.416210651397705
154,-47.50215446472158,0,0,300,0.4598090507939749,4.40803861618042
155,-47.57637751658888,0,0,259,0.457510005540005,5.109293460845947
156,-43.61280352672067,0,0,300,0.45522245551230495,4.445899963378906
157,-57.292253523668954,0,0,225,0.4529463432347434,4.938262462615967
158,-32.284859771728534,0,0,300,0.4506816115185697,3.353714942932129
159,-82.55613510131835,0,0,291,0.4484282034609769,4.90903377532959
160,-160.32095817565917,0,1,139,0.446186062443672,4.507739543914795
161,-66.8376539611816,0,0,279,0.4439551321314536,4.99941349029541
162,-61.10131716807814,0,0,286,0.4417353564707963,4.960528373718262
163,-72.75380976756537,0,0,300,0.43952667968844233,5.291151523590088
164,-36.99809115489454,0,0,300,0.43732904629000013,4.514721870422363
165,-171.89452723582727,0,0,300,0.4351424010585501,4.773830890655518
166,-39.29419677734371,0,0,300,0.43296668905325736,4.8410491943359375
167,-48.45095843394728,0,0,261,0.43080185560799106,5.187938690185547
168,-80.78048785289256,0,0,300,0.4286478463299511,4.985321044921875
169,-35.55559058268991,0,0,300,0.42650460709830135,3.961596727371216
170,-77.7453586872431,0,0,300,0.42437208406280985,4.6265387535095215
171,-48.81857185363766,0,0,300,0.4222502236424958,4.567142963409424
172,-75.5924650104853,0,0,300,0.42013897252428334,4.998315334320068
173,-113.1895394428583,0,0,300,0.4180382776616619,4.73008394241333
174,-90.3328404235839,0,0,300,0.4159480862733536,4.775710105895996
175,-153.51676829417676,0,0,295,0.41386834584198684,4.66939115524292
176,-41.10317950328321,0,0,300,0.4117990041127769,4.510993957519531
177,-46.23123240550487,0,0,300,0.40974000909221303,4.805507183074951
178,-92.62622782786818,0,0,277,0.40769130904675194,4.6617560386657715
179,-155.1856125934932,0,0,297,0.40565285250151817,4.7541022300720215
180,-100.91506854136905,0,0,300,0.4036245882390106,4.373966217041016
181,-135.0538774402948,0,0,300,0.4016064652978155,4.363668441772461
182,-39.52933581431834,0,0,300,0.3995984329713264,4.98503303527832
183,-36.58618121226759,0,0,300,0.3976004408064698,5.006744384765625
184,-44.843554335436544,0,0,300,0.39561243860243744,4.313587665557861
185,-47.91849189758296,0,0,300,0.3936343764094253,4.339622974395752
186,-116.51749903758486,0,0,300,0.39166620452737816,4.609573841094971
187,-51.07799891551464,0,0,237,0.3897078735047413,4.944698810577393
188,-36.254159698486255,0,0,300,0.3877593341372176,3.998539924621582
189,-233.73076708873236,0,1,271,0.3858205374665315,4.410390853881836
190,-33.342720413207985,0,0,300,0.38389143477919885,4.610680103302002
191,-32.64711730957029,0,0,300,0.3819719776053028,4.554279327392578
192,-92.40435969432322,0,0,232,0.3800621177172763,5.131289005279541
193,-42.656671371459964,0,0,300,0.37816180712868996,4.14166784286499
194,-27.061333342394562,0,0,300,0.37627099809304654,3.5955324172973633
195,-34.0803923797607,0,0,300,0.3743896431025813,4.8275980949401855
196,-41.89467402537794,0,0,300,0.37251769488706843,4.293867588043213
197,-42.078994979858386,0,0,300,0.3706551064126331,4.1472487449646
198,-31.439872999987344,0,0,300,0.36880183088056995,2.7901673316955566
199,-121.68985598643748,0,0,300,0.3669578217261671,3.5001630783081055
200,-89.08452693065128,0,0,300,0.36512303261753626,5.166330814361572
201,-164.98914146423357,0,0,300,0.3632974174544486,4.37228536605835
202,-142.47134135325888,0,0,300,0.3614809303671764,4.558034420013428
203,-41.06861511230466,0,0,300,0.3596735257153405,4.602153778076172
204,-33.69032679637405,0,0,300,0.3578751580867638,4.017780780792236
205,-99.6370854949951,0,0,300,0.35608578229633,4.456771373748779
206,-93.14355769237008,0,0,270,0.3543053533848483,4.24608850479126
207,-46.67902609904733,0,0,300,0.35253382661792404,3.2374556064605713
208,-67.64016120036571,0,0,300,0.3507711574848344,3.490239381790161
209,-87.58625541687009,0,0,253,0.34901730169741024,4.494063854217529
210,-12.609788045883207,0,0,300,0.3472722151889232,0.18744701147079468
211,-111.54677752574406,0,0,300,0.3455358541129786,4.749393463134766
212,-143.24956988414274,0,0,300,0.3438081748424137,4.187591552734375
213,-73.18593788146971,0,0,240,0.3420891339682016,4.171484470367432
214,-224.74257090648138,0,1,233,0.3403786882983606,4.425841808319092
215,-124.23697253306824,0,0,298,0.3386767948568688,4.25444221496582
216,-106.84456897735586,0,0,300,0.33698341088258443,3.8336422443389893
217,-77.18774333079783,0,0,300,0.3352984938281715,3.8196349143981934
218,-71.57331519206481,0,0,300,0.33362200135903064,2.753527879714966
219,-87.09728285869086,0,0,300,0.33195389135223546,3.96701979637146
220,-100.26022040446719,0,0,300,0.3302941218954743,3.9077541828155518
221,-31.084677000841815,0,0,300,0.32864265128599696,3.0763683319091797
222,-28.40954112132522,0,0,300,0.326999438029567,3.2275843620300293
223,-115.79635043223817,0,0,300,0.3253644408394192,4.396786689758301
224,-86.0185887908935,0,0,300,0.3237376186352221,3.9396471977233887
225,-82.3201334293696,0,0,300,0.322118930542046,3.6452324390411377
226,-90.36978065490707,0,0,300,0.32050833588933575,3.1874451637268066
227,-41.38150390624992,0,0,300,0.31890579420988907,2.7603759765625
228,-47.69488491058341,0,0,300,0.3173112652388396,2.638721227645874
229,-101.14131072998038,0,0,274,0.3157247089126454,4.400327682495117
230,-79.81182800292964,0,0,226,0.3141460853680822,3.862957000732422
231,-77.34092860301448,0,0,300,0.3125753549412418,2.5704312324523926
232,-76.4598171528193,0,0,300,0.31101247816653554,4.0551533699035645
233,-107.94276969909656,0,0,300,0.30945741577570285,3.69069242477417
234,-36.736435317993156,0,0,300,0.3079101286968243,2.771608829498291
235,-125.00584094127143,0,0,292,0.3063705780533402,4.206659317016602
236,-121.1510050495477,0,0,300,0.30483872516307353,4.217950344085693
237,-37.339541655382796,0,0,300,0.3033145315372582,2.8375844955444336
238,-29.670906325182624,0,0,300,0.3017979588795719,3.1604256629943848
239,-112.71252875407656,0,0,300,0.30028896908517405,3.5383312702178955
240,-27.4466350086543,0,0,300,0.2987875242397482,4.046857833862305
241,-201.7202732086181,0,1,284,0.29729358661854943,2.505068302154541
242,-134.8827632904052,0,0,300,0.29580711868545667,3.0581908226013184
243,-23.02139427185055,0,0,300,0.2943280830920294,4.1253485679626465
244,-37.607911453247,0,0,300,0.29285644267656924,3.7494778633117676
245,-100.60631515502918,0,0,300,0.2913921604631864,4.146578788757324
246,-31.37418830871578,0,0,300,0.28993519966087045,2.811047077178955
247,-42.600025062560974,0,0,300,0.2884855236625661,2.742506265640259
248,-64.42432749827833,0,0,300,0.28704309604425327,3.4462809562683105
249,-231.84781200408923,0,1,251,0.285607880564032,3.631953001022339
250,-108.95520378112782,0,0,300,0.28417984116121187,4.048800945281982
251,-247.22135336955563,0,0,300,0.2827589419554058,3.7830374240875244
252,-247.23956477244815,0,1,273,0.28134514724562876,3.715090274810791
253,-85.8907442768427,0,0,300,0.2799384215094006,4.140385150909424
254,-182.49911280711638,0,0,300,0.27853872940185365,3.569977283477783
255,-192.46475215037822,0,0,300,0.27714603575484437,4.063887119293213
256,-88.97093803405757,0,0,300,0.2757603055760701,2.7877345085144043
257,-195.75736949046575,0,1,285,0.2743815040481898,3.8820414543151855
258,-31.97292601664992,0,0,300,0.2730095965279488,3.148430585861206
259,-75.4288445576044,0,0,300,0.27164454854530906,2.9524102210998535
260,-80.32541136821233,0,0,300,0.2702863258025825,2.879051923751831
261,-53.896840430101975,0,0,300,0.2689348941735696,2.196909189224243
262,-140.93544313430786,0,0,300,0.26759021970270175,0.8038607835769653
263,-55.9247302246093,0,0,300,0.2662522686041882,2.7511825561523438
264,-23.00209937175247,0,0,300,0.2649210072611673,1.7232239246368408
265,-14.902853175005657,0,0,300,0.26359640222486147,1.8684123754501343
266,-22.30471228679153,0,0,300,0.26227842021373715,1.6388771533966064
267,-157.1153177936885,0,0,261,0.2609670281126685,4.40902853012085
268,-38.02112834930413,0,0,300,0.25966219297210513,2.71028208732605
269,-83.66681754191833,0,0,300,0.2583638820072446,3.3844034671783447
270,-34.70042140086619,0,0,300,0.2570720625972084,2.780304431915283
271,-207.47290977478025,0,1,203,0.25578670228422234,2.5957274436950684
272,-76.5240885543822,0,0,300,0.25450776877280124,3.023522138595581
273,-40.92570690155027,0,0,300,0.2532352299289372,3.4089267253875732
274,-69.46097667694083,0,0,300,0.2519690537792925,3.5327441692352295
275,-36.01252964019769,0,0,300,0.2507092085103961,3.2456324100494385
276,-125.63027446746811,0,0,300,0.2494556624678441,3.4875686168670654
277,-73.893666191101,0,0,300,0.24820838415550486,3.4309165477752686
278,-43.665453643798735,0,0,300,0.24696734223472733,2.798863410949707
279,-57.35691162109373,0,0,253,0.2457325055235537,3.4742279052734375
280,-103.40456840515125,0,0,300,0.24450384299593592,3.171142101287842
281,-6.323427963256829,0,0,300,0.24328132378095624,2.505856990814209
282,-154.12885208129882,0,1,173,0.24206491716205145,2.169713020324707
283,-66.5583874615045,0,0,300,0.2408545925762412,1.6522959470748901
284,-34.6520476826045,0,0,300,0.23965031961336,1.3357110023498535
285,-29.77487292369337,0,0,300,0.2384520680152932,3.2789173126220703
286,-16.08270590861772,0,0,300,0.23725980767521673,2.4733755588531494
287,-90.90899139404293,0,0,250,0.23607350863684065,3.712247848510742
288,-191.04554507335152,0,1,284,0.23489314109365644,3.891585350036621
289,-35.08930262645217,0,0,300,0.23371867538818816,1.1225247383117676
290,-214.1693100357055,0,1,245,0.23255008201124722,3.1823275089263916
291,-51.083582640490214,0,0,300,0.231387331601191,1.643594741821289
292,-206.193303527832,0,1,206,0.23023039494318503,3.688325881958008
293,-119.14498783111549,0,0,300,0.2290792429684691,3.1587469577789307
294,-62.40947272380319,0,0,300,0.22793384675362674,1.2825672626495361
295,-218.47834342956537,0,1,253,0.22679417751985861,3.4470858573913574
296,-92.85147636413569,0,0,270,0.22566020663225933,3.6053690910339355
297,-6.745278387865754,0,0,300,0.22453190559909803,1.6140186786651611
298,-23.95288265228269,0,0,300,0.22340924607110255,2.7057206630706787
299,-7.725468865236953,0,0,300,0.22229219984074702,0.9940662980079651
300,-90.41895587047063,0,0,300,0.2211807388415433,3.2099380493164062
301,-10.848452110290527,0,0,300,0.22007483514733558,2.644613027572632
302,-87.33929675181821,0,0,300,0.2189744609715989,3.1625232696533203
303,-21.219619627794945,0,0,300,0.2178795886667409,3.147603988647461
304,-274.7471422195434,0,1,233,0.2167901907234072,1.5242855548858643
305,-26.03049100001784,0,0,300,0.21570623976979014,1.160321831703186
306,-211.21672077178962,0,0,300,0.21462770857094118,3.5666801929473877
307,-200.80837861855557,0,1,214,0.21355457002808648,3.851696491241455
308,-20.28193655093645,0,0,300,0.21248679717794605,0.7806832194328308
309,-196.3028119277954,0,1,223,0.21142436319205632,2.3082029819488525
310,-62.39664633830515,0,0,300,0.21036724137609603,3.1393606662750244
311,-103.00866763194526,0,0,225,0.20931540516921554,4.019865989685059
312,-131.52519107818594,0,0,297,0.20826882814336947,3.941297769546509
313,-30.68850277980299,0,0,300,0.20722748400265262,1.672324776649475
314,-60.288727751574214,0,0,249,0.20619134658263935,3.822381019592285
315,-17.42710348844132,0,0,300,0.20516038984972615,1.1211786270141602
316,-48.1792008503291,0,0,300,0.2041345879004775,3.114999294281006
317,-249.80707835277047,0,1,242,0.2031139149609751,3.7019686698913574
318,-40.944385042986575,0,0,300,0.20209834538617025,0.9237953424453735
319,-48.50151652415719,0,0,300,0.2010878536592394,3.325578212738037
320,-4.707218037447629,0,0,300,0.2000824143909432,0.6470035910606384
321,-148.34068809509316,0,0,300,0.19908200231898848,3.4326720237731934
322,-24.898389006457048,0,0,300,0.19808659230739353,1.8097963333129883
323,-6.370423316955559,0,0,300,0.19709615934585656,2.1551058292388916
324,-10.957843657335967,0,0,300,0.19611067854912728,2.582159996032715
325,-102.57036643981921,0,0,300,0.19513012515638165,4.252591609954834
326,-9.848641128540054,0,0,300,0.19415447453059972,2.4071602821350098
327,-12.044520445666038,0,0,300,0.19318370215794672,2.3663291931152344
328,-5.837767439684573,0,0,300,0.192217783647157,0.562140941619873
329,-21.847418776354512,0,0,300,0.1912566947289212,4.1495537757873535
330,-20.20310557445022,0,0,300,0.1903004112552766,2.0159754753112793
331,-21.673595771789554,0,0,300,0.18934890919900021,2.2658989429473877
332,-14.830357971191411,0,0,300,0.18840216465300522,2.4100894927978516
333,-13.369193335375515,0,0,300,0.18746015382974018,2.0224974155426025
334,-34.56763864596812,0,0,300,0.1865228530605915,0.6996087431907654
335,-23.555326758227057,0,0,300,0.18559023879528855,3.246530771255493
336,-12.652842826843267,0,0,300,0.1846622876013121,1.9582107067108154
337,-10.715735130310055,0,0,300,0.18373897616330553,2.1339337825775146
338,-236.752926826477,0,1,207,0.182820281282489,3.2507317066192627
339,-23.9976241596553,0,0,281,0.18190617987607657,0.8721051216125488
340,-15.202477798461917,0,0,300,0.18099664897669618,2.3356194496154785
341,-17.331437644958502,0,0,300,0.1800916657318127,2.317859411239624
342,-77.28959327697746,0,0,300,0.17919120740315364,3.5573983192443848
343,-38.99071176528921,0,0,300,0.17829525136613786,1.9776779413223267
344,-29.97852600097657,0,0,300,0.17740377510930716,1.8996315002441406
345,-15.006998015246118,0,0,300,0.17651675623376062,1.949448585510254
346,-24.108859549364734,0,0,300,0.1756341724525918,2.897413969039917
347,-56.976126614412834,0,0,300,0.17475600159032884,0.7567307353019714
348,-41.44783793529001,0,0,300,0.17388222158237718,4.01965856552124
349,-179.06424494822997,0,0,300,0.1730128104744653,2.5237603187561035
350,-30.89657038768263,0,0,286,0.17214774642209296,0.7368416786193848
351,-178.9711140823364,0,1,193,0.1712870076899825,2.4502785205841064
352,-170.08787803649903,0,1,288,0.17043057265153258,1.5719695091247559
353,-29.43982571363053,0,0,292,0.16957841978827493,0.6943591833114624
354,-16.134583244323746,0,0,300,0.16873052768933355,2.4686458110809326
355,-9.048987751803109,0,0,300,0.1678868750508869,0.6649460196495056
356,-58.65640902598823,0,0,300,0.16704744067563246,2.599301338195801
357,-7.665779324373922,0,0,300,0.1662122034722543,0.6091439127922058
358,-0.9649689364393654,0,0,300,0.16538114245489302,0.6181449890136719
359,-3.1027378535230987,0,0,300,0.16455423674261854,0.9200872182846069
360,-17.74803820371235,0,0,300,0.16373146555890544,0.6539123058319092
361,-16.314069996676178,0,0,300,0.16291280823111093,0.6362165808677673
362,-16.355293443199045,0,0,300,0.16209824418995536,0.5507261157035828
363,-67.37932975769041,0,0,221,0.16128775296900558,2.9498324394226074
364,-20.261504914756657,0,0,281,0.16048131420416054,0.6272789835929871
365,-166.99093574523926,0,1,195,0.15967890763313974,2.6377339363098145
366,-73.62117560466258,0,0,300,0.15888051309497406,2.07049298286438
367,-5.444816672798001,0,0,300,0.1580861105294992,0.5956069231033325
368,-52.54687713623039,0,0,300,0.1572956799768517,2.201719284057617
369,-50.007063170275416,0,0,211,0.15650920157696743,4.056964874267578
370,-43.73912757873533,0,0,229,0.1557266555690826,3.137281894683838
371,-6.896447505950921,0,0,300,0.1549480222912372,1.889111876487732
372,-11.977019631858681,0,0,300,0.15417328217978102,0.6036576628684998
373,-129.32453086853,0,0,300,0.1534024157688821,1.0736327171325684
374,-199.77867721557612,0,1,197,0.1526354036900377,2.259669303894043
375,-5.29803969144425,0,0,300,0.1518722266715875,0.6389126777648926
376,-12.30417930603026,0,0,300,0.15111286553822956,2.0460448265075684
377,-11.75915790557861,0,0,300,0.15035730121053842,2.0622894763946533
378,-2.4464478023859937,0,0,300,0.14960551470448571,1.934311032295227
379,-81.63459742625676,0,0,300,0.14885748713096328,1.4988484382629395
380,-21.430855100150914,0,0,297,0.14811319969530845,0.5971165299415588
381,-6.093986054262817,0,0,300,0.1473726336968319,0.5786955952644348
382,-21.03580221176148,0,0,300,0.14663577052834775,1.9239505529403687
383,-5.748567381701245,0,0,300,0.14590259167570602,1.5498409271240234
384,-46.752794723510654,0,0,300,0.1451730787173275,2.0681986808776855
385,-0.3835442360255186,0,0,300,0.14444721332374086,0.5235851407051086
386,-10.084025564989775,0,0,300,0.14372497725712216,2.033705472946167
387,-2.4180109095533813,0,0,300,0.14300635237083656,0.6839054822921753
388,-177.5051650238037,0,1,197,0.14229132060898236,2.3962912559509277
389,-9.91066458781693,0,0,300,0.14157986400593744,1.530365228652954
390,-17.902831993899106,0,0,278,0.14087196468590776,0.6084070801734924
391,-89.63758380889891,0,0,271,0.14016760486247823,2.8268959522247314
392,-23.46967462300857,0,0,280,0.13946676683816583,0.6143214106559753
393,-6.362221679687509,0,0,300,0.138769433003975,2.288055419921875
394,-27.409276171526624,0,0,293,0.13807558583895513,0.8075181245803833
395,-22.92703580935925,0,0,288,0.13738520790976036,0.6669580340385437
396,-14.642332046028056,0,0,265,0.13669828187021155,0.7374857664108276
397,-14.545772035118,0,0,274,0.13601479046086049,0.7158457636833191
398,-121.33810876846299,0,0,300,0.1353347165085562,0.5870271921157837
399,-13.843834114870818,0,0,267,0.1346580429260134,0.7836576104164124
400,0.20756742397808925,0,0,300,0.13398475271138335,0.6883072257041931
401,-9.355556488037108,0,0,300,0.13331482894782642,1.5888891220092773
402,-0.13173652410115505,0,0,300,0.13264825480308728,0.5373368859291077
403,-4.905340643725121,0,0,300,0.13198501352907185,2.044034242630005
404,-26.11537647962175,0,0,270,0.1313250884614265,0.5957468748092651
405,1.4230228447953395,0,0,300,0.13066846301911936,0.6136470437049866
406,-19.97059714396927,0,0,300,0.13001512070402377,1.39784836769104
407,-25.48380214691161,0,0,300,0.12936504510050365,1.8534505367279053
408,-158.1865660858154,0,1,162,0.12871821987500112,2.3041415214538574
409,-15.593608379364007,0,0,300,0.12807462877562611,1.5859020948410034
410,5.37284745455176,0,0,300,0.12743425563174798,0.6361908912658691
411,0.4759261441269847,0,0,300,0.12679708435358925,0.5704212188720703
412,-4.6790393257140925,0,0,300,0.1261630989318213,1.2097598314285278
413,-22.305096976753106,0,0,289,0.1255322834371622,0.678176999092102
414,-40.58590680201974,0,0,300,0.12490462201997637,1.3791757822036743
415,-30.488855152130146,0,0,300,0.1242800989098765,1.8022137880325317
416,0.7944378399888441,0,0,300,0.12365869841532712,0.7332932949066162
417,0.5058044838944493,0,0,300,0.12304040492325048,0.6779516339302063
418,-231.54925967296123,0,0,292,0.12242520289863423,4.257513999938965
419,1.3590677634861381,0,0,300,0.12181307688414106,0.617932140827179
420,-32.77727658351399,0,0,276,0.12120401149972035,0.7995182275772095
421,-9.3386828804016,0,0,300,0.12059799144222175,1.2746707201004028
422,3.083309381012057,0,0,300,0.11999500148501063,0.4460754096508026
423,4.218254403271876,0,0,300,0.11939502647758558,0.5881354808807373
424,5.347342989448615,0,0,300,0.11879805134519765,0.5500670075416565
425,-17.469183913073266,0,0,286,0.11820406108847166,0.617495059967041
426,-17.97091329654195,0,0,271,0.1176130407830293,0.645427405834198
427,-9.03608211517336,0,0,300,0.11702497557911415,1.299020528793335
428,6.9635950938846625,0,0,300,0.11643985070121858,0.5543003082275391
429,-10.050578134056032,0,0,274,0.11585765144771248,0.8270472884178162
430,3.3591945815125577,0,0,300,0.11527836319047392,0.46460410952568054
431,-9.98772112607566,0,0,269,0.11470197137452155,0.5863330364227295
432,1.5271114468613631,0,0,300,0.11412846151764894,0.5401248931884766
433,-23.635754557451925,0,0,300,0.1135578192100607,1.3516377210617065
434,-33.63126317977906,0,0,300,0.11299003011401039,1.9278157949447632
435,-0.3778802561720904,0,0,300,0.11242507996344034,0.4963728189468384
436,-56.1263767917963,0,0,300,0.11186295456362313,1.1742932796478271
437,-187.84666004180906,0,1,222,0.11130363979080501,1.9241650104522705
438,-13.229767024513182,0,0,281,0.11074712159185099,0.5168445110321045
439,2.5204323077240938,0,0,300,0.11019338598389174,0.4892946779727936
440,-127.28047985076888,0,0,271,0.10964241905397228,2.8976199626922607
441,2.5176524726536007,0,0,300,0.10909420695870241,0.5457859635353088
442,-21.760174045562756,0,0,300,0.1085487359239089,1.937543511390686
443,-25.048818369707767,0,0,291,0.10800599224428936,0.7549036741256714
444,-66.74102456172429,0,0,300,0.10746596228306791,1.7279552221298218
445,3.1509168171921385,0,0,300,0.10692863247165257,0.5316735506057739
446,-29.720327510833723,0,0,300,0.1063939893092943,1.582581877708435
447,4.267472190060837,0,0,300,0.10586201936274783,0.5358310341835022
448,-15.981391611895297,0,0,280,0.10533270926593409,0.6955469846725464
449,-14.783171184059047,0,0,293,0.10480604571960442,0.5751955509185791
450,-15.364390431246552,0,0,283,0.1042820154910064,0.6362966895103455
451,7.094572575096188,0,0,300,0.10376060541355137,0.5532596111297607
452,-32.02683036804197,0,0,300,0.1032418023864836,1.399207592010498
453,-17.504083948931463,0,0,286,0.10272559337455119,0.7287200689315796
454,-15.622202107902442,0,0,282,0.10221196540767843,0.737453281879425
455,-14.613781967959191,0,0,269,0.10170090558064004,0.5161445736885071
456,-14.057851693626322,0,0,279,0.10119240105273684,0.6088656783103943
457,-192.09453285217285,0,1,223,0.10068643904747315,2.616133213043213
458,0.6939608025590387,0,0,300,0.10018300685223579,0.4934125542640686
459,-16.91787465175129,0,0,300,0.0996820918179746,1.7071677446365356
460,-35.58878978729244,0,0,300,0.09918368135888474,2.12469744682312
461,-12.05456216891746,0,0,265,0.09868776295209031,0.5538396239280701
462,-154.97303764343263,0,1,163,0.09819432413732986,2.1382594108581543
463,-309.7549170303346,0,1,280,0.09770335251664321,2.031229257583618
464,6.117210705284182,0,0,300,0.09721483575406,0.5601000785827637
465,-145.63959423065185,0,1,174,0.09672876157528969,2.494898557662964
466,-13.274166429038926,0,0,274,0.09624511776741324,0.4904443621635437
467,6.575226067700564,0,0,300,0.09576389217857617,0.47889256477355957
468,-129.21521432002524,0,0,300,0.09528507271768329,1.721502661705017
469,-138.4317726135253,0,0,247,0.09480864735409487,2.4454431533813477
470,-8.166849308013937,0,0,300,0.0943346041173244,1.621712327003479
471,-18.383880860801593,0,0,269,0.09386293109673778,0.5378729701042175
472,-16.319751260276643,0,0,281,0.09339361644125409,0.5243405699729919
473,2.8211083785679483,0,0,300,0.09292664835904782,0.4274219870567322
474,-16.628220462799117,0,0,300,0.09246201511725258,1.307055115699768
475,-1.3766455721815944,0,0,300,0.09199970504166631,0.6610641479492188
476,-4.758285560607913,0,0,300,0.09153970651645797,2.2420713901519775
477,-19.031757400031957,0,0,272,0.09108200798387568,0.8148421049118042
478,5.153655504384233,0,0,300,0.0906265979439563,0.4842852056026459
479,-54.139603672027484,0,0,300,0.09017346495423652,1.582400918006897
480,-207.82440193176265,0,1,229,0.08972259762946533,2.498600482940674
481,49.54508861303722,0,0,300,0.089273984641318,0.423130601644516
482,-306.7649906158449,0,1,292,0.0888276147181114,2.2412476539611816
483,-6.999544579978791,0,0,300,0.08838347664452084,0.516788899898529
484,26.17949195782208,0,0,300,0.08794155926129824,0.3803260922431946
485,21.228315284256063,0,0,300,0.08750185146499175,0.337323933839798
486,-23.121143226623527,0,0,300,0.08706434220766679,1.4352858066558838
487,31.976532467999693,0,0,300,0.08662902049662846,0.3810659646987915
488,-17.17832675218191,0,0,275,0.08619587539414532,0.48148444294929504
489,3.251516582969761,0,0,300,0.08576489601717459,0.506523609161377
490,27.94035883188643,0,0,300,0.08533607153708872,0.38431304693222046
491,-186.29043436050415,0,1,284,0.08490939117940327,1.6976085901260376
492,-2.2197933204982614,0,0,300,0.08448484422350626,0.3026474118232727
493,-29.188571243286134,0,0,300,0.08406242000238873,1.6021428108215332
494,2.0529830193558753,0,0,300,0.08364210790237678,0.9861570000648499
495,-15.668671531677262,0,0,300,0.0832238973628649,1.1871678829193115
496,4.927221462730494,0,0,300,0.08280777787605056,0.4425973892211914
497,-6.34088869094849,0,0,300,0.08239373898667031,1.5977221727371216
498,5.960659658912743,0,0,300,0.08198177029173696,0.49423784017562866
499,-4.022505607605005,0,0,300,0.08157186144027828,1.1706264019012451
500,-16.317736899848818,0,0,285,0.0811640021330769,0.6388369798660278
501,-66.18840507507318,0,0,300,0.08075818212241151,1.5371012687683105
502,-132.73794226726034,0,1,255,0.08035439121179945,1.294684648513794
503,-10.145566499229346,0,0,268,0.07995261925574046,0.5957943797111511
504,-0.5203280425032473,0,0,300,0.07955285615946175,0.6994847655296326
505,6.178016116622979,0,0,300,0.07915509187866444,0.47489872574806213
506,50.08174329042824,0,0,300,0.07875931641927113,0.37396693229675293
507,-139.134757860499,0,1,242,0.07836551983717477,1.323291301727295
508,-20.625672054290774,0,0,300,0.07797369223798889,1.1064180135726929
509,-69.31858389934034,0,0,259,0.07758382377679894,2.9073450565338135
510,-9.850433022972004,0,0,262,0.07719590465791494,0.6795110106468201
511,-13.929769278368711,0,0,300,0.07680992513462537,1.4801414012908936
512,-17.61235074996949,0,0,300,0.07642587550895225,1.5155876874923706
513,-156.96318843841556,0,1,158,0.07604374613140748,2.545797109603882
514,-163.73649402618432,0,0,300,0.07566352740075044,2.6316235065460205
515,-5.17267137527467,0,0,300,0.07528520976374668,1.5906678438186646
516,-3.9354937656734075,0,0,300,0.07490878371492794,1.0290725231170654
517,-14.424742505546504,0,0,276,0.0745342397963533,0.6630883812904358
518,-24.66068984111284,0,0,300,0.07416156859737154,1.1603715419769287
519,-14.589663484092625,0,0,269,0.07379076075438468,0.6593186259269714
520,-22.157473142143147,0,0,264,0.07342180695061275,0.9062710404396057
521,-17.90555541118122,0,0,268,0.07305469791585968,0.6190879344940186
522,-10.213346701464427,0,0,264,0.07268942442628039,0.6810357570648193
523,-30.691672554016073,0,0,300,0.07232597730414898,1.3004181385040283
524,-176.36369617462157,0,1,194,0.07196434741762824,2.6334240436553955
525,51.672051276364584,0,0,300,0.0716045256805401,0.28968626260757446
526,-201.2723533630371,0,1,211,0.0712465030521374,2.1430883407592773
527,-71.57449612617484,0,0,300,0.0708902705368767,0.9936240315437317
528,8.153865454200831,0,0,300,0.07053581918419231,0.4984363913536072
529,-56.393107261657704,0,0,225,0.07018314008827135,3.0132768154144287
530,199.26785731077584,1,0,297,0.06983222438783,0.3449384272098541
531,2.758879737853966,0,0,300,0.06948306326589085,1.705280065536499
532,-14.292415991625582,0,0,266,0.0691356479495614,0.7233030796051025
533,6.245709383491582,0,0,300,0.06878996970981359,0.5604754090309143
534,-35.14217551310986,0,0,300,0.06844601986126451,1.5132429599761963
535,-24.070948636527866,0,0,282,0.06810378976195819,0.7021399140357971
536,-13.011373740038644,0,0,262,0.0677632708131484,0.693042516708374
537,-12.4696971678695,0,0,274,0.06742445445908266,0.7043270468711853
538,-14.193382092318334,0,0,263,0.06708733218678724,0.6535446047782898
539,-7.722191865440262,0,0,261,0.0667518955258533,0.6724507212638855
540,216.4839659237901,1,0,274,0.06641813604822402,0.33591127395629883
541,-14.329200856681755,0,0,277,0.0660860453679829,0.5592029690742493
542,-16.327334214052918,0,0,279,0.06575561514114299,0.6920326352119446
543,60.8597923064271,0,0,300,0.06542683706543727,0.34195467829704285
544,-44.47905394633733,0,0,300,0.06509970288011008,1.187462568283081
545,226.7971399998704,1,0,268,0.06477420436570952,0.33761775493621826
546,258.5149795985261,1,0,292,0.06445033334388098,0.3456578552722931
547,192.5277014040986,1,0,258,0.06412808167716157,0.34997740387916565
548,2.667063748840409,0,0,300,0.06380744126877576,0.4426368176937103
549,-8.514489591117734,0,0,275,0.06348840406243188,0.7130251526832581
550,228.64645443678293,1,0,277,0.06317096204211972,0.3402891457080841
551,255.43788307905592,1,0,272,0.06285510723190912,0.3499319851398468
552,244.22103838205726,1,0,274,0.06254083169574957,0.33664315938949585
553,-12.268654986223911,0,0,300,0.062228127537270826,1.5848628282546997
554,230.72440917253883,1,0,288,0.06191698689958447,0.343300461769104
555,219.72153433084878,1,0,263,0.061607401965086545,0.3465191721916199
556,2.8644150280991854,0,0,300,0.06129936495526111,0.8782989978790283
557,56.28826337099465,0,0,300,0.0609928681304848,0.44733691215515137
558,194.74136943102275,1,0,272,0.060687903789832374,0.3065603971481323
559,-50.51059699138138,0,0,300,0.06038446427088321,1.5628483295440674
560,-58.27421109279117,0,0,300,0.06008254194952879,1.2737518548965454
561,203.23554016352097,1,0,254,0.05978212923978115,0.3255177140235901
562,256.3549755072633,1,0,296,0.05948321859358224,0.33565887808799744
563,-51.93271060069525,0,0,300,0.05918580250061433,1.1183767318725586
564,241.8010860562364,1,0,282,0.058889873488111255,0.33413124084472656
565,172.48743737936414,1,0,235,0.058595424120670696,0.3250434100627899
566,-86.70879165649413,0,0,241,0.05830244700006734,2.822197914123535
567,-127.14419123729199,0,0,300,0.058010934765067,1.4162468910217285
568,203.29224599123393,1,0,260,0.05772088009124167,0.3413412570953369
569,261.56401438633463,1,0,276,0.05743227569078546,0.34419548511505127
570,169.8835091106083,1,0,204,0.05714511431233153,0.32682180404663086
571,-12.977785739898685,0,0,300,0.05685938874076987,1.1419464349746704
572,-32.55969883283506,0,0,300,0.056575091797066025,1.003221035003662
573,260.41622816801464,1,0,292,0.056292216338080694,0.33784571290016174
574,-2.306228713989253,0,0,300,0.05601075525639029,1.2440571784973145
575,224.03216949383278,1,0,280,0.05573070148010834,0.34215670824050903
576,-21.36409868001543,0,0,281,0.0554520479727078,0.5004274249076843
577,-47.93240962982171,0,0,300,0.05517478773284426,1.5806024074554443
578,-9.8876431918105,0,0,265,0.05489891379418004,0.7038135528564453
579,-10.09362417935939,0,0,274,0.05462441922520914,0.5753087997436523
580,210.21183367491162,1,0,270,0.0543512971290831,0.3489443361759186
581,232.93676679373178,1,0,265,0.05407954064343768,0.34771105647087097
582,-176.56229098399638,0,0,291,0.05380914294022049,2.993271827697754
583,7.760173720517362,0,0,300,0.05354009722551939,0.6001556515693665
584,232.432975552086,1,0,265,0.05327239673939179,0.3411588668823242
585,170.74155138731396,1,0,216,0.053006034755694834,0.34901490807533264
586,256.6035151473668,1,0,254,0.052741004581916356,0.34682029485702515
587,225.213283946518,1,0,290,0.052477299559006776,0.34108176827430725
588,235.19227736870317,1,0,286,0.052214913061211746,0.33962973952293396
589,-0.06915073474386252,0,0,300,0.05195383849590569,0.6899867653846741
590,-12.699534550509252,0,0,264,0.05169406930342616,0.6375827193260193
591,185.76888887325785,1,0,265,0.05143559895690903,0.3479768633842468
592,244.1813910508195,1,0,279,0.051178420962124486,0.3490549921989441
593,-24.102269487381015,0,0,300,0.05092252885731386,0.8180673718452454
594,-177.92094287872314,0,1,185,0.05066791621302729,2.517735719680786
595,-25.62515693664554,0,0,300,0.05041457663196215,1.516289234161377
596,-38.31374853134147,0,0,300,0.050162503748802344,1.4084371328353882
597,-25.36012152751421,0,0,300,0.049911691230058335,1.3277294635772705
598,-4.315631094774982,0,0,300,0.04966213277390804,1.279106855392456
599,246.61415238619242,1,0,285,0.0494138221100385,0.3408646583557129
600,-0.3823342617366316,0,0,300,0.04916675299948831,1.2732826471328735
601,-4.205284214019773,0,0,300,0.04892091923449087,1.5263210535049438
602,-0.7633209228515978,0,0,300,0.04867631463831842,1.1908302307128906
603,1.2583085719731129,0,0,300,0.048432933065126825,1.2256219387054443
604,-111.80245258331293,0,0,300,0.048190768399801194,1.320613145828247
605,-4.959451808929471,0,0,300,0.04794981455780219,1.0173629522323608
606,-2.105266269053363,0,0,300,0.04771006548501318,0.8471128940582275
607,-13.916892204284695,0,0,300,0.047471515157588115,1.126723051071167
608,-29.93506712993117,0,0,300,0.047234157581800176,1.3064658641815186
609,-54.68049269755815,0,0,300,0.046997986793891174,1.0903222560882568
610,-7.4593060302734715,0,0,300,0.04676299685992172,1.1073265075683594
611,1.0274262324955699,0,0,300,0.04652918187562211,1.488342523574829
612,-3.402494564056416,0,0,300,0.046296535966244,1.5031236410140991
613,-38.388995437622114,0,0,292,0.046065053286412784,1.5897488594055176
614,-9.989106712341345,0,0,300,0.04583472801998072,1.2947766780853271
615,-18.44261532863116,0,0,300,0.045605554379880814,1.7183529138565063
616,-10.088680140968206,0,0,261,0.04537752660798141,0.749072790145874
617,-57.4132373150203,0,0,300,0.0451506389749415,0.9185084104537964
618,-25.277232466540077,0,0,300,0.044924885780066794,1.8645071983337402
619,202.95605252663162,1,0,226,0.04470026135116646,0.34868595004081726
620,-26.757938109240303,0,0,300,0.04447676004441063,1.072183609008789
621,-11.896122866472936,0,0,300,0.04425437624418858,1.1142297983169556
622,-10.574737873077426,0,0,300,0.04403310436296763,0.5586844682693481
623,7.644918222427345,0,0,300,0.043812938841152796,0.593770444393158
624,-12.291780367693663,0,0,300,0.04359387414694703,1.3481441736221313
625,-36.125724478563995,0,0,300,0.043375904776212296,1.2366302013397217
626,-12.290085469088329,0,0,264,0.043159025252331236,0.7177204489707947
627,-4.874157572588697,0,0,300,0.04294323012606958,1.6787384748458862
628,225.14286650419626,1,0,273,0.04272851397543923,0.3486861288547516
629,-45.399119902453165,0,0,300,0.04251487140556204,0.7099790573120117
630,-6.192793474197411,0,0,300,0.04230229704853423,0.9581983685493469
631,-45.475767002105705,0,0,300,0.04209078556329156,1.2164417505264282
632,-44.7464670189235,0,0,300,0.0418803316354751,0.896815836429596
633,-12.486559859118216,0,0,300,0.041670929977297724,1.5593390464782715
634,98.09596211195387,0,0,300,0.04146257532741124,0.4054122269153595
635,4.505162190594886,0,0,300,0.04125526245077418,1.1714085340499878
636,-39.85193835338079,0,0,300,0.04104898613852031,2.2456836700439453
637,1.8858105087279842,0,0,300,0.04084374120782771,1.3135473728179932
638,-25.46847551345827,0,0,269,0.04063952250178857,1.947118878364563
639,-19.701075134277346,0,0,300,0.04043632488927963,1.910268783569336
640,4.397091579437191,0,0,300,0.04023414326483323,1.138227105140686
641,-7.846582098803285,0,0,300,0.040032972548509065,1.2293446063995361
642,264.8919660035756,1,0,264,0.03983280768576652,0.34220758080482483
643,-5.0076307018611335,0,0,300,0.03963364364733769,1.3446067571640015
644,-2.144747982025194,0,0,300,0.039435475429100995,1.2836869955062866
645,-16.165676708221493,0,0,300,0.03923829805195549,1.2614191770553589
646,-0.9616837986323701,0,0,300,0.03904210656169572,1.1006200313568115
647,0.4308298110961435,0,0,300,0.03884689602888724,1.2172925472259521
648,-2.869431563219794,0,0,300,0.0386526615487428,1.385056972503662
649,-31.04587657054395,0,0,300,0.03845939824099909,1.4916682243347168
650,5.4038274955749035,0,0,300,0.03826710124979409,1.2915431261062622
651,2.750553235211584,0,0,300,0.038075765743545126,1.337560772895813
652,203.54829124212657,1,0,257,0.0378853869148274,0.3473299443721771
653,-5.547572205866697,0,0,300,0.03769595998025326,0.7976893782615662
654,-4.254468212127717,0,0,300,0.03750748018035199,1.4986170530319214
655,-1.512785425982237,0,0,300,0.037319942779450235,1.440895438194275
656,-173.12313697814946,0,0,248,0.037133343065552986,2.4107842445373535
657,-83.0256156921386,0,0,300,0.03694767635022522,3.693903923034668
658,-274.2446110153205,0,0,290,0.036762937968474095,3.001152753829956
659,-19.306230021319156,0,0,254,0.03657912327863173,1.5867565870285034
660,0.08680217742915139,0,0,300,0.036396227662238566,1.3357994556427002
661,-8.143268071017,0,0,300,0.03621424652392737,0.9810160994529724
662,5.190841865539521,0,0,300,0.036033175291307735,1.1897895336151123
663,-5.751844435534239,0,0,300,0.03585300941485119,0.9906601905822754
664,-0.554906988939989,0,0,300,0.035673744367776934,1.1614258289337158
665,2.421376942792179,0,0,300,0.03549537564593805,1.2048548460006714
666,-5.022080173492477,0,0,300,0.035317898767708356,1.320520043373108
667,3.2988100624084007,0,0,300,0.03514130927386981,0.8777974843978882
668,-5.36980876287353,0,0,300,0.03496560272750046,0.8732485175132751
669,1.1430020332335826,0,0,300,0.03479077471386296,1.2142494916915894
670,-7.768600120544464,0,0,300,0.03461682084029365,1.0946500301361084
671,-24.180557250976577,0,0,210,0.034443736736092176,3.2951393127441406
672,-49.52179297526809,0,0,300,0.034271518052411715,2.293147325515747
673,-0.39914695739749795,0,0,300,0.034100160462149656,0.9947867393493652
674,-10.804004929865735,0,0,300,0.03392965965983891,0.874297559261322
675,5.593848246731961,0,0,300,0.033760011361539714,0.8542370200157166
676,4.136673932083361,0,0,300,0.03359121130473201,0.6671370267868042
677,-1.0702993392944498,0,0,300,0.033423255248208356,1.0300748348236084
678,-175.08224697113056,0,0,300,0.03325613897196732,2.5330617427825928
679,262.51419969320693,1,0,269,0.03308985827710748,0.33585283160209656
680,6.518504914441299,0,0,300,0.032924408985721944,0.5705728530883789
681,43.83649555841544,0,0,300,0.03275978694079333,0.3866724371910095
682,-2.1848305797577168,0,0,300,0.032595988006089364,0.5687076449394226
683,-40.49814524968993,0,0,300,0.032433008066058915,0.6403326392173767
684,6.244545283317505,0,0,300,0.03227084302572862,0.4863636791706085
685,97.4582172226945,0,0,300,0.032109488810599975,0.3498484492301941
686,261.94482850313585,1,0,271,0.031948941366546975,0.33069562911987305
687,1.5597956911669544,0,0,300,0.03178919665971424,0.9333474040031433
688,8.213456303273272,0,0,300,0.03163025067641567,0.7899322509765625
689,-4.061795380915523,0,0,300,0.03147209942303359,0.7812451720237732
690,-133.80691234588625,0,0,286,0.03131473892591842,1.2842280864715576
691,1.8061608020450943,0,0,300,0.031158165231288826,0.826158881187439
692,-6.175231352648486,0,0,300,0.03100237440513238,2.88150691986084
693,4.508441143035844,0,0,300,0.030847362533106718,1.3553897142410278
694,-17.60502292633057,0,0,300,0.030693125720441184,3.2087557315826416
695,2.696120319366427,0,0,300,0.030539660091838977,1.4034699201583862
696,0.3740287780761442,0,0,300,0.03038696179137978,1.056492805480957
697,-11.846886130175323,0,0,300,0.030235026982422884,1.2169206142425537
698,-3.428902416229272,0,0,300,0.030083851847510768,1.162225604057312
699,-7.278982649645553,0,0,300,0.029933432588273214,1.3774447441101074
700,1.475746726989706,0,0,300,0.029783765425331846,1.0310633182525635
701,-5.179852457842576,0,0,300,0.029634846598205186,1.1751621961593628
702,-0.10570953369141473,0,0,300,0.02948667236521416,0.7814273834228516
703,-0.06363043864700568,0,0,300,0.029339239003388088,1.2386066913604736
704,2.5679978966751946,0,0,300,0.029192542808371146,0.7299032807350159
705,-1.6413420685145867,0,0,300,0.02904658009432929,0.9955345988273621
706,-4.653496657213949,0,0,300,0.028901347193857643,1.0585732460021973
707,0.2719430820133853,0,0,300,0.028756840457888354,1.1772133111953735
708,-1.990752490366864,0,0,300,0.02861305625559891,0.8559844493865967
709,-17.05454388698078,0,0,300,0.028469990974320916,1.0338350534439087
710,-11.256133359278596,0,0,300,0.02832764101944931,0.7948296666145325
711,-13.637920169830345,0,0,300,0.028186002814352063,1.0269800424575806
712,4.302746593956096,0,0,300,0.0280450728002803,0.8837161064147949
713,1.6485835075378004,0,0,300,0.0279048474362789,1.3628541231155396
714,6.304684209027508,0,0,300,0.027765323199097504,0.8715280294418335
715,-0.00010775645709938664,0,0,300,0.027626496583102015,1.0627260208129883
716,231.41794709444437,1,0,260,0.027488364100186506,0.3499159812927246
717,-38.411557872291446,0,0,300,0.027350922279685573,0.8072922229766846
718,0.010174328480801909,0,0,300,0.027214167668287145,0.8157527446746826
719,5.022859684620952,0,0,300,0.02707809682994571,0.6400814056396484
720,-0.7098437213898088,0,0,300,0.02694270634579598,0.7799609303474426
721,-39.07959009885394,0,0,300,0.026807992814067,0.7093002796173096
722,173.0494174289703,1,0,285,0.026673952849996664,0.34514564275741577
723,0.21514192581173852,0,0,300,0.02654058308574668,0.7362145185470581
724,-21.41732221603397,0,0,264,0.026407880170317945,1.5268305540084839
725,225.35281750917827,1,0,270,0.026275840769466357,0.34869837760925293
726,80.56315830469524,0,0,300,0.026144461565619025,0.373613178730011
727,-23.02232195933792,0,0,300,0.02601373925779093,1.3107795715332031
728,229.914203671613,1,0,250,0.025883670561501974,0.3391481637954712
729,250.78104075670637,1,0,267,0.025754252208694463,0.3341425657272339
730,-10.741917906603554,0,0,300,0.02562548094765099,1.1056785583496094
731,-11.762168761095792,0,0,264,0.025497353542912736,0.5957412719726562
732,5.567853402295309,0,0,300,0.02536986677519817,0.6557357311248779
733,1.6284638595580736,0,0,300,0.02524301744132218,1.2478840351104736
734,62.56098390818036,0,0,300,0.025116802354115567,0.36915677785873413
735,-11.598157567977914,0,0,300,0.024991218342344988,0.7945393919944763
736,215.61361978769696,1,0,247,0.024866262250633264,0.34849780797958374
737,6.3584216396000155,0,0,300,0.024741930939380097,1.053093671798706
738,4.973338532447757,0,0,300,0.024618221284683196,0.45666536688804626
739,3.9429361724853007,0,0,300,0.02449513017825978,1.011765956878662
740,2.0725277900695303,0,0,300,0.02437265452736848,1.206868052482605
741,-3.579689137931741,0,0,300,0.024250791254731636,0.8093250393867493
742,7.482465639114292,0,0,300,0.024129537298457977,0.789383590221405
743,-2.9295678520203134,0,0,300,0.024008889611965685,0.7223919630050659
744,15.685269236564592,0,0,300,0.023888845163905856,0.45368269085884094
745,268.3864267611543,1,0,275,0.023769400938086327,0.33529606461524963
746,4.568932418823177,0,0,300,0.023650553933395897,0.6402668952941895
747,2.190275545120201,0,0,300,0.023532301163728918,0.8574311137199402
748,3.135379571118591,0,0,300,0.023414639657910272,1.2813541889190674
749,-2.156951075396328,0,0,300,0.023297566459620722,1.0669368505477905
750,-14.819339046478316,0,0,264,0.023181078627322618,1.4523347616195679
751,-14.734241457781566,0,0,274,0.023065173234186005,1.251259446144104
752,4.449719149266311,0,0,300,0.022949847368015076,0.930866539478302
753,0.5949054996159169,0,0,300,0.022835098131175,1.3189727067947388
754,6.659123062283464,0,0,300,0.022720922640519125,0.9766128063201904
755,-11.582898112139464,0,0,300,0.02260731802731653,1.9634236097335815
756,2.88578938404581,0,0,300,0.022494281437179946,1.2112517356872559
757,251.09651070356762,1,0,262,0.022381810029994047,0.3402750790119171
758,2.8691898624088563,0,0,300,0.022269900979844076,1.1879016160964966
759,-12.162229071459565,0,0,300,0.022158551474944856,0.9107563495635986
760,7.8726525115966295,0,0,300,0.022047758717570132,1.08933687210083
761,5.84375730673729,0,0,300,0.021937519923982282,0.8961625099182129
762,-1.2526159580562295,0,0,300,0.021827832324362372,1.5533530712127686
763,4.948730503712735,0,0,300,0.02171869316274056,0.8261137008666992
764,237.78544462442792,1,0,250,0.021610099696926857,0.3430415987968445
765,50.299539399146994,0,0,300,0.021502049198442223,0.4126151502132416
766,5.000524454116763,0,0,300,0.021394538952450012,0.5448688864707947
767,0.014095458984339726,0,0,300,0.02128756625768776,1.2239761352539062
768,5.4244696036960836,0,0,300,0.021181128426399323,0.8640816807746887
769,-2.5242557835539925,0,0,300,0.021075222784267326,0.4104667007923126
770,3.169197235107376,0,0,300,0.020969846670345987,1.0602006912231445
771,5.672956322827558,0,0,300,0.020864997436994256,0.6669600009918213
772,6.255965225700477,0,0,300,0.020760672449809284,0.9404114484786987
773,253.64896071196,1,0,264,0.020656869087560238,0.3446625769138336
774,6.540567302703797,0,0,300,0.020553584742122436,0.7148581743240356
775,4.9307828521728245,0,0,300,0.020450816818411825,0.5323042869567871
776,235.26824316263588,1,0,280,0.020348562734319765,0.33734196424484253
777,-161.52062349319462,0,1,291,0.020246819920648168,1.305155873298645
778,6.9361385726928315,0,0,300,0.020145585821044927,1.0009653568267822
779,8.017544517517006,0,0,300,0.020044857891939702,0.8731138706207275
780,18.769013426307737,0,0,300,0.02,0.4446493983268738
781,-8.469241638979712,0,0,274,0.02,0.797509491443634
782,-141.03820956309775,0,1,244,0.02,1.5372514724731445
783,8.827547235488808,0,0,300,0.02,0.9606131911277771
784,6.474198004399376,0,0,300,0.02,0.7847468256950378
785,96.8988924431841,0,0,300,0.02,0.4171796441078186
786,246.9044219994584,1,0,268,0.02,0.3307972550392151
787,240.53096249977617,1,0,282,0.02,0.34245845675468445
788,63.64937015295423,0,0,300,0.02,0.42706021666526794
789,209.7971566144612,1,0,250,0.02,0.3409099280834198
790,164.83438249588002,1,0,270,0.02,0.34390437602996826
791,3.3151604366302125,0,0,300,0.02,0.5887098908424377
792,95.40711607695025,0,0,300,0.02,0.347623735666275
793,10.408758179341369,0,0,300,0.02,0.7686067819595337
794,7.809028856758192,0,0,300,0.02,0.7396455407142639
795,194.27616511583716,1,0,279,0.02,0.34036147594451904
796,18.626635224823147,0,0,299,0.02,0.4202439486980438
797,75.14139063597126,0,0,300,0.02,0.396555095911026
798,27.21618246317304,0,0,300,0.02,0.3878571391105652
799,75.05032454252634,0,0,300,0.02,0.36432161927223206
800,53.94486632109084,0,0,300,0.02,0.4006861746311188
801,6.685343618392891,0,0,300,0.02,0.9211640954017639
802,2.985790518918262,0,0,300,0.02,0.9462514519691467
803,237.36777340332537,1,0,241,0.02,0.34075573086738586
804,8.176569893364007,0,0,300,0.02,0.8877602815628052
805,44.710484030250676,0,0,300,0.02,0.391781747341156
806,168.83948834181226,1,0,262,0.02,0.3470306694507599
807,1.1821759653091097,0,0,300,0.02,0.38445600867271423
808,7.677026996612485,0,0,300,0.02,0.7082432508468628
809,9.860562972226333,0,0,300,0.02,0.8275583386421204
810,82.94701059103409,0,0,300,0.02,0.38265010714530945
811,50.787893068794396,0,0,300,0.02,0.4374294877052307
812,242.87722398678324,1,0,297,0.02,0.34589308500289917
813,9.960002428685243,0,0,300,0.02,0.8157957196235657
814,222.39998769998945,1,0,268,0.02,0.3444058299064636
815,12.546283376220769,0,0,300,0.02,0.49783191084861755
816,72.60348661661544,0,0,300,0.02,0.4385311007499695
817,210.80306131760148,1,0,269,0.02,0.3469337522983551
818,53.179602253440926,0,0,300,0.02,0.4270021915435791
819,251.63376435041823,1,0,290,0.02,0.33846166729927063
820,3.849071947728242,0,0,300,0.02,0.7710283398628235
821,227.07696088234448,1,0,287,0.02,0.3434588611125946
822,107.3068909573595,0,0,300,0.02,0.36518001556396484
823,10.94719664812476,0,0,300,0.02,0.5001035928726196
824,-126.46968605041495,0,0,300,0.02,2.1749215126037598
825,33.71909289598853,0,0,300,0.02,0.46462953090667725
826,195.47794303179182,1,0,280,0.02,0.3474169969558716
827,50.9183502745668,0,0,300,0.02,0.38481518626213074
828,213.40097295523086,1,0,267,0.02,0.3416595160961151
829,8.962712907791069,0,0,300,0.02,0.7343217730522156
830,45.052857253555466,0,0,300,0.02,0.42368844151496887
831,208.7392580199281,1,0,286,0.02,0.3445882499217987
832,9.41799338579565,0,0,300,0.02,0.672404408454895
833,202.40815344333643,1,0,273,0.02,0.3429616391658783
834,10.692462902069028,0,0,300,0.02,0.821884274482727
835,185.978540380005,1,0,260,0.02,0.34476765990257263
836,1.7409739963199966,0,0,300,0.02,1.0749555826187134
837,14.848477323059186,0,0,280,0.02,0.4397834241390228
838,228.89088353872694,1,0,286,0.02,0.3391818702220917
839,23.17774708033002,0,0,300,0.02,0.4174659848213196
840,228.36650824467205,1,0,234,0.02,0.3435720205307007
841,261.9300648442891,1,0,286,0.02,0.3401828706264496
842,235.29881883383194,1,0,268,0.02,0.33969804644584656
843,4.400825738110753,0,0,300,0.02,1.0849926471710205
844,62.37517425299082,0,0,300,0.02,0.37310919165611267
845,229.4328523087541,1,0,253,0.02,0.3461896777153015
846,4.190579688552919,0,0,300,0.02,0.4992578327655792
847,60.16176216364304,0,0,300,0.02,0.4464622139930725
848,65.32733606100477,0,0,300,0.02,0.39006873965263367
849,-141.5723188400269,0,1,218,0.02,1.3805797100067139
850,233.40272398233805,1,0,292,0.02,0.3312217593193054
851,248.79126652956404,1,0,289,0.02,0.3315861225128174
852,90.83767719507617,0,0,300,0.02,0.40998345613479614
853,253.0421751618425,1,0,291,0.02,0.3363589644432068
854,79.93727553606426,0,0,300,0.02,0.36758387088775635
855,175.42161448399085,1,0,263,0.02,0.34979546070098877
856,6.489645292762862,0,0,284,0.02,0.45949143171310425
857,78.80883873859912,0,0,300,0.02,0.3304893970489502
858,238.3443271915105,1,0,284,0.02,0.34411728382110596
859,260.71925836801927,1,0,294,0.02,0.34208816289901733
860,213.91334209204115,1,0,295,0.02,0.33356723189353943
861,52.089148538116575,0,0,300,0.02,0.39461562037467957
862,7.994820307889174,0,0,300,0.02,0.6739940047264099
863,77.04495069742602,0,0,300,0.02,0.36316508054733276
864,232.3893401900914,1,0,283,0.02,0.3453640341758728
865,240.5646645537999,1,0,228,0.02,0.3440329432487488
866,171.14573575893903,1,0,257,0.02,0.34126514196395874
867,242.99922005415357,1,0,289,0.02,0.32959774136543274
868,235.0913731853154,1,0,269,0.02,0.34485578536987305
869,91.12299341599017,0,0,300,0.02,0.35945072770118713
870,9.508641347089027,0,0,300,0.02,0.5230387449264526
871,245.7518833820012,1,0,284,0.02,0.3397282361984253
872,92.1039390683214,0,0,300,0.02,0.35841798782348633
873,237.51359904209642,1,0,295,0.02,0.3392993211746216
874,258.1490234319356,1,0,257,0.02,0.3404432237148285
875,203.35881627480055,1,0,230,0.02,0.34799501299858093
876,253.34154298544323,1,0,298,0.02,0.3340170085430145
877,258.923777949814,1,0,297,0.02,0.34095826745033264
878,4.518668145337357,0,0,300,0.02,0.6730320453643799
879,35.047459900383096,0,0,300,0.02,0.38503777980804443
880,63.23885967016616,0,0,300,0.02,0.35718783736228943
881,226.35950978994765,1,0,296,0.02,0.3445253074169159
882,264.33830477476516,1,0,266,0.02,0.3323265612125397
883,216.39669978857432,1,0,282,0.02,0.34522780776023865
884,256.39276899099747,1,0,300,0.02,0.3487105071544647
885,67.28484448671738,0,0,300,0.02,0.3956916332244873
886,171.89185682693977,1,0,267,0.02,0.3472348749637604
887,249.25290126562516,1,0,283,0.02,0.33617743849754333
888,236.4687449049989,1,0,286,0.02,0.3347165286540985
889,44.7801383137742,0,0,300,0.02,0.3893681764602661
890,11.146552870277478,0,0,300,0.02,0.6127645373344421
891,8.773780020871344,0,0,300,0.02,0.6567540764808655
892,245.75146459976702,1,0,284,0.02,0.33983293175697327
893,222.53213774919902,1,0,234,0.02,0.34136831760406494
894,254.44483486891187,1,0,300,0.02,0.34319403767585754
895,252.66901756525436,1,0,281,0.02,0.3421483635902405
896,246.25146459976702,1,0,282,0.02,0.33983293175697327
897,195.4594702839891,1,0,277,0.02,0.3320351839065552
898,249.80839411655933,1,0,287,0.02,0.3381005525588989
899,235.9276363158266,1,0,271,0.02,0.34999367594718933
900,37.8206674552003,0,0,300,0.02,0.3817358911037445
901,264.2828784060518,1,0,261,0.02,0.3436831533908844
902,47.30135082960524,0,0,300,0.02,0.3990650475025177
903,234.4702728104631,1,0,277,0.02,0.3343345522880554
904,255.4497695279161,1,0,289,0.02,0.3394603729248047
905,243.33423237562573,1,0,281,0.02,0.34084466099739075
906,205.55501159111526,1,0,254,0.02,0.3489461839199066
907,74.70023163080614,0,0,300,0.02,0.414344847202301
908,232.58326294660964,1,0,265,0.02,0.33608701825141907
909,50.97399799585738,0,0,300,0.02,0.36840325593948364
910,193.9776297402421,1,0,264,0.02,0.34499531984329224
911,238.29247302929429,1,0,298,0.02,0.3495808243751526
912,-107.54891167561077,0,0,266,0.02,2.4245288372039795
913,239.23467063347368,1,0,280,0.02,0.344031423330307
914,83.95516960859696,0,0,300,0.02,0.4056103527545929
915,103.85454774141706,0,0,300,0.02,0.35576581954956055
916,198.52685545683295,1,0,271,0.02,0.3401888906955719
917,206.2710671496431,1,0,271,0.02,0.34663596749305725
918,52.74964895964062,0,0,300,0.02,0.3894905149936676
919,232.25023531357317,1,0,297,0.02,0.3401402533054352
920,243.05231934944658,1,0,288,0.02,0.3446192443370819
921,237.8932781052629,1,0,283,0.02,0.34108322858810425
922,169.18326314688125,1,0,276,0.02,0.32608696818351746
923,208.40030838886764,1,0,265,0.02,0.3401219844818115
924,7.431898901466431,0,0,300,0.02,0.8539280295372009
925,216.01047265291606,1,0,291,0.02,0.3467845916748047
926,29.807919332984998,0,0,300,0.02,0.44742292165756226
927,58.54356480360424,0,0,300,0.02,0.40351155400276184
928,217.9169960236589,1,0,291,0.02,0.3451537489891052
929,109.52380180120869,0,0,300,0.02,0.3434523046016693
930,56.709477159980935,0,0,300,0.02,0.38453346490859985
931,185.6625329915669,1,0,250,0.02,0.3495658338069916
932,235.8091455864946,1,0,298,0.02,0.3396163582801819
933,66.92283469915785,0,0,300,0.02,0.3861940801143646
934,8.958932607177813,0,0,300,0.02,0.47716960310935974
935,269.92855283976,1,0,297,0.02,0.32976454496383667
936,9.196971050892891,0,0,300,0.02,0.7840535640716553
937,52.941200749878064,0,0,300,0.02,0.3691025674343109
938,206.52366437832382,1,0,275,0.02,0.34178298711776733
939,173.27866831064617,1,0,261,0.02,0.34973567724227905
940,170.19867616892253,1,0,298,0.02,0.34723371267318726
941,227.32083481073775,1,0,296,0.02,0.34669405221939087
942,200.59232387939957,1,0,283,0.02,0.3446181118488312
943,84.02846158266465,0,0,300,0.02,0.4072873592376709
944,80.90374152899186,0,0,300,0.02,0.35596737265586853
945,227.15440895319384,1,0,243,0.02,0.3483005166053772
946,102.59055037737294,0,0,300,0.02,0.3467651605606079
947,54.01412153959663,0,0,300,0.02,0.41087237000465393
948,232.10112400293747,1,0,283,0.02,0.3441217541694641
949,236.30711968819168,1,0,278,0.02,0.3484191596508026
950,235.64610837221542,1,0,282,0.02,0.3403756618499756
951,212.13860943714644,1,0,268,0.02,0.3455467224121094
952,171.48875236908458,1,0,193,0.02,0.34551098942756653
953,243.853110396866,1,0,257,0.02,0.34612515568733215
954,77.04819664240276,0,0,300,0.02,0.3923535943031311
955,-13.122948103747106,0,0,280,0.02,0.42093610763549805
956,191.47627959967053,1,0,261,0.02,0.3203328549861908
957,107.38591395140092,0,0,300,0.02,0.3429242670536041
958,233.3517050099412,1,0,272,0.02,0.33897650241851807
959,243.6633339492467,1,0,275,0.02,0.34686559438705444
960,9.669582283500782,0,0,300,0.02,0.4420071840286255
961,97.45099903345508,0,0,300,0.02,0.3966529965400696
962,254.70471198956042,1,0,278,0.02,0.34152108430862427
963,232.14258533239757,1,0,279,0.02,0.3287564218044281
964,230.41230898777513,1,0,271,0.02,0.34712183475494385
965,9.13936873674783,0,0,300,0.02,0.5245605707168579
966,250.0952494041112,1,0,284,0.02,0.34638673067092896
967,252.75393472910324,1,0,283,0.02,0.34591907262802124
968,69.23716559648909,0,0,300,0.02,0.3601113557815552
969,261.45413596392075,1,0,276,0.02,0.348368763923645
970,196.00298746347823,1,0,266,0.02,0.33865588903427124
971,248.1348595452348,1,0,272,0.02,0.3431878685951233
972,73.25817141294876,0,0,300,0.02,0.43485990166664124
973,240.37521790743273,1,0,288,0.02,0.3480982780456543
974,232.6128363505986,1,0,288,0.02,0.34198999404907227
975,106.0434749484102,0,0,300,0.02,0.3485340178012848
976,232.79823667923478,1,0,279,0.02,0.3481399118900299
977,99.05623899221818,0,0,300,0.02,0.36284300684928894
978,188.88279392162823,1,0,258,0.02,0.3445006012916565
979,238.6005352727559,1,0,270,0.02,0.34756526350975037
980,53.71231225729384,0,0,300,0.02,0.36882469058036804
981,67.84153328657547,0,0,300,0.02,0.416519433259964
982,10.367885798611825,0,0,300,0.02,0.7107276320457458
983,-15.101177969774966,0,0,215,0.02,2.887993574142456
984,11.93048190037269,0,0,300,0.02,0.7000786066055298
985,95.28648802996081,0,0,300,0.02,0.36528074741363525
986,246.25146459976702,1,0,282,0.02,0.33983293175697327
987,30.425454504493835,0,0,300,0.02,0.433039128780365
988,242.011464599767,1,0,289,0.02,0.33983293175697327
989,39.87802963972483,0,0,300,0.02,0.3948953449726105
990,-14.515413501258735,0,0,278,0.02,0.5157561302185059
991,250.1334145442632,1,0,300,0.02,0.34934544563293457
992,91.85335128546157,0,0,300,0.02,0.3685649335384369
993,255.9924262166063,1,0,293,0.02,0.3362962007522583
994,251.37099669695297,1,0,290,0.02,0.3466535806655884
995,246.25146459976702,1,0,282,0.02,0.33983293175697327
996,227.79574850479628,1,0,285,0.02,0.33876195549964905
997,107.1149375319521,0,0,300,0.02,0.38066837191581726
998,257.2386284470598,1,0,286,0.02,0.3372456431388855
999,223.37233818451432,1,0,267,0.02,0.34461453557014465
1000,92.09132318258685,0,0,300,0.02,0.40157195925712585
1001,-261.2075423812865,0,1,271,0.02,1.2493855953216553
1002,107.74255113840503,0,0,300,0.02,0.3337649703025818
1003,248.32827488184373,1,0,289,0.02,0.3398340344429016
1004,240.26281428099077,1,0,263,0.02,0.3461991846561432
1005,197.61534180084726,1,0,280,0.02,0.3488636314868927
1006,243.51476002136735,1,0,290,0.02,0.3390090763568878
1007,227.82759503126536,1,0,273,0.02,0.34000399708747864
1008,236.77221010923785,1,0,247,0.02,0.3413502275943756
1009,253.8450528089192,1,0,290,0.02,0.34143587946891785
1010,247.984851090912,1,0,294,0.02,0.345689982175827
1011,60.170943987373484,0,0,300,0.02,0.4041667580604553
1012,87.6398933307317,0,0,300,0.02,0.3477257490158081
1013,246.06079679251116,1,0,260,0.02,0.34920355677604675
1014,6.864992077354509,0,0,300,0.02,0.8356547355651855
1015,251.20739362160234,1,0,259,0.02,0.3458506762981415
1016,5.933298634686707,0,0,300,0.02,0.9018744230270386
1017,-12.658653295036238,0,0,285,0.02,0.4740660786628723
1018,235.50429617166913,1,0,281,0.02,0.34582871198654175
1019,95.73840996027393,0,0,300,0.02,0.37480026483535767
1020,256.20637279749315,1,0,292,0.02,0.3453095555305481
1021,245.7884238743822,1,0,285,0.02,0.3347967863082886
1022,240.8287710563328,1,0,271,0.02,0.33800631761550903
1023,220.37837745428476,1,0,253,0.02,0.32230839133262634
1024,53.843859846595876,0,0,300,0.02,0.4034377932548523
1025,-127.91047576904289,0,0,225,0.02,2.405118942260742
1026,217.87651418924725,1,0,276,0.02,0.3477742075920105
1027,262.14299298525253,1,0,285,0.02,0.34865450859069824
1028,241.74511502981582,1,0,279,0.02,0.3481239974498749
1029,199.89284035921492,1,0,220,0.02,0.33869266510009766
1030,230.467382773557,1,0,290,0.02,0.34585338830947876
1031,82.96620636225143,0,0,300,0.02,0.4028511643409729
1032,99.10848065615096,0,0,300,0.02,0.34478259086608887
1033,26.87643760919966,0,0,300,0.02,0.46029335260391235
1034,100.233234128156,0,0,300,0.02,0.366890549659729
1035,81.15797286749279,0,0,300,0.02,0.3874095380306244
1036,239.27340223074356,1,0,294,0.02,0.3485521972179413
1037,253.04894021749894,1,0,287,0.02,0.3471677005290985
1038,183.4785816168824,1,0,298,0.02,0.3422573506832123
1039,26.22259553194437,0,0,300,0.02,0.4087538719177246
1040,234.31677349487808,1,0,268,0.02,0.34600570797920227
1041,245.7513632718709,1,0,284,0.02,0.3398582637310028
1042,67.81219483614365,0,0,300,0.02,0.4313540458679199
1043,256.9875871825258,1,0,294,0.02,0.34500595927238464
1044,240.04325070619979,1,0,276,0.02,0.34609007835388184
1045,5.9464202086077425,0,0,300,0.02,0.9466912746429443
1046,206.90197778940595,1,0,275,0.02,0.34640830755233765
1047,235.15261667648815,1,0,288,0.02,0.3495449125766754
1048,38.44092842340861,0,0,300,0.02,0.38667064905166626
1049,-3.1235907753322216,0,0,300,0.02,0.5735967755317688
1050,257.52047811746996,1,0,290,0.02,0.34178322553634644
1051,218.11475522756973,1,0,282,0.02,0.3407139480113983
1052,245.351464599767,1,0,284,0.02,0.33983293175697327
1053,251.58238946358233,1,0,269,0.02,0.34960171580314636
1054,227.61611676136522,1,0,289,0.02,0.3436698913574219
1055,87.9905412840883,0,0,300,0.02,0.36926743388175964
1056,253.4772780537645,1,0,299,0.02,0.3400832414627075
1057,105.01849715153247,0,0,300,0.02,0.3480747938156128
1058,85.55269012213154,0,0,300,0.02,0.4237302243709564
1059,92.0264250779192,0,0,300,0.02,0.42529648542404175
1060,92.04759798765582,0,0,300,0.02,0.3650032579898834
1061,-1.1676490092238032,0,0,300,0.02,0.42881500720977783
1062,91.39639962912005,0,0,300,0.02,0.3478028476238251
1063,63.625480372909706,0,0,300,0.02,0.37053266167640686
1064,171.91363098383343,1,0,255,0.02,0.3459950089454651
1065,1.9964031306888983,0,0,300,0.02,1.1635982990264893
1066,216.96549873590862,1,0,239,0.02,0.34052807092666626
1067,176.7790509629289,1,0,272,0.02,0.34714001417160034
1068,81.09654510260025,0,0,300,0.02,0.3577664792537689
1069,247.93203074375657,1,0,294,0.02,0.3446913957595825
1070,63.90458300352495,0,0,300,0.02,0.38075700402259827
1071,43.404072883133054,0,0,300,0.02,0.4058845341205597
1072,76.14125026464859,0,0,300,0.02,0.34909018874168396
1073,1.7766061902085484,0,0,300,0.02,0.46525120735168457
1074,62.70901533365644,0,0,300,0.02,0.3821489214897156
1075,6.979222910408151,0,0,280,0.02,0.42209702730178833
1076,224.67031479120652,1,0,283,0.02,0.33932405710220337
1077,246.25146459976702,1,0,282,0.02,0.33983293175697327
1078,54.092171571258675,0,0,300,0.02,0.4263598620891571
1079,241.5179424357454,1,0,291,0.02,0.3474171459674835
1080,226.16928891420758,1,0,232,0.02,0.3495805263519287
1081,240.66194668531813,1,0,281,0.02,0.34891608357429504
1082,76.98633271932997,0,0,300,0.02,0.37031957507133484
1083,258.8415997767488,1,0,284,0.02,0.34650281071662903
1084,44.62919775406381,0,0,300,0.02,0.3503996431827545
1085,57.56690575361645,0,0,300,0.02,0.4001763164997101
1086,235.7844815675404,1,0,283,0.02,0.3440786898136139
1087,257.4548242306749,1,0,284,0.02,0.3356966972351074
1088,188.26707005262767,1,0,278,0.02,0.34513524174690247
1089,257.6288275170366,1,0,289,0.02,0.33469587564468384
1090,230.19928663969432,1,0,290,0.02,0.34708109498023987
1091,237.16351892710128,1,0,283,0.02,0.3460230231285095
1092,54.914101612571805,0,0,300,0.02,0.40587735176086426
1093,64.76116403818526,0,0,300,0.02,0.4016117453575134
1094,255.11510441065235,1,0,296,0.02,0.3456266522407532
1095,251.5030811810533,1,0,260,0.02,0.34363245964050293
1096,250.99691392342118,1,0,281,0.02,0.34597060084342957
1097,56.86824060678877,0,0,300,0.02,0.4173426032066345
1098,193.24265009165202,1,0,282,0.02,0.3362402319908142
1099,16.403791582588344,0,0,300,0.02,0.3834548592567444
1100,44.88174724817674,0,0,300,0.02,0.41146594285964966
1101,-36.4170204456661,0,0,300,0.02,2.3819541931152344
1102,90.01445575476092,0,0,300,0.02,0.3982888162136078
1103,201.54131156364946,1,0,273,0.02,0.3473711907863617
1104,6.013956604003864,0,0,300,0.02,1.0740108489990234
1105,263.5498375964205,1,0,288,0.02,0.3394433557987213
1106,189.49605531454478,1,0,257,0.02,0.3378889262676239
1107,-16.19013423680866,0,0,300,0.02,0.6294363141059875
1108,45.18448616743483,0,0,300,0.02,0.37078121304512024
1109,55.59364435911573,0,0,300,0.02,0.3834916651248932
1110,63.35999147653971,0,0,300,0.02,0.3969048857688904
1111,246.45924933672347,1,0,281,0.02,0.3495904207229614
1112,206.1530158734361,1,0,247,0.02,0.3486487865447998
1113,243.59941207329302,1,0,286,0.02,0.345346063375473
1114,8.69128062168619,0,0,300,0.02,0.7048789262771606
1115,220.4860731053392,1,0,241,0.02,0.34538447856903076
1116,258.5574753546755,1,0,296,0.02,0.3425339162349701
1117,244.29040684938826,1,0,291,0.02,0.3468010425567627
1118,213.75362643480696,1,0,264,0.02,0.3409961462020874
1119,201.84115027189648,1,0,271,0.02,0.32411518692970276
1120,32.893001496795705,0,0,300,0.02,0.42365238070487976
1121,29.584047844413856,0,0,300,0.02,0.435890793800354
1122,227.58581296205915,1,0,242,0.02,0.3379495143890381
1123,178.10822868267562,1,0,254,0.02,0.3456419110298157
1124,241.67679242372907,1,0,299,0.02,0.3477046489715576
1125,-37.13457472880817,0,0,300,0.02,2.198842763900757
1126,235.55733938137558,1,0,271,0.02,0.3458642363548279
1127,84.01619265318314,0,0,300,0.02,0.4028545916080475
1128,215.96650046110548,1,0,287,0.02,0.34277763962745667
1129,240.28758038759628,1,0,253,0.02,0.34500765800476074
1130,232.6167877713826,1,0,296,0.02,0.3385021388530731
1131,65.74470819712081,0,0,300,0.02,0.4182257056236267
1132,73.75925548315443,0,0,300,0.02,0.3670888841152191
1133,63.87129146973163,0,0,300,0.02,0.32987621426582336
1134,235.38163688580065,1,0,285,0.02,0.3472898602485657
1135,250.46393592754868,1,0,284,0.02,0.33921509981155396
1136,255.16535746336376,1,0,286,0.02,0.33806338906288147
1137,244.28167462110912,1,0,292,0.02,0.34148409962654114
1138,206.5441769146959,1,0,280,0.02,0.3333585262298584
1139,214.7037679266969,1,0,298,0.02,0.338460773229599
1140,235.79174859444169,1,0,283,0.02,0.3497619330883026
1141,257.3924262166063,1,0,289,0.02,0.3362962007522583
1142,-26.917107573351576,0,0,300,0.02,1.979475975036621
1143,51.37069818735517,0,0,300,0.02,0.34422820806503296
1144,243.48901665607957,1,0,286,0.02,0.345444917678833
1145,177.94013850609332,1,0,266,0.02,0.3376644551753998
1146,44.725459101204045,0,0,300,0.02,0.3880379796028137
1147,262.9870922255556,1,0,297,0.02,0.34512969851493835
1148,256.14008594751755,1,0,288,0.02,0.3493812680244446
1149,29.408692090515224,0,0,300,0.02,0.42722973227500916
1150,-6.114299822649712,0,0,300,0.02,1.763774037361145
1151,211.32960896253982,1,0,293,0.02,0.3420005142688751
1152,122.97668569803638,0,0,300,0.02,0.3702313303947449
1153,238.87485073328412,1,0,260,0.02,0.3456900715827942
1154,240.60129374742905,1,0,279,0.02,0.3415793180465698
1155,250.138143080869,1,0,291,0.02,0.34316331148147583
1156,213.01073969126145,1,0,293,0.02,0.34921783208847046
1157,68.63497874021927,0,0,300,0.02,0.3706580698490143
1158,199.36544046163954,1,0,222,0.02,0.34554263949394226
1159,238.4992948651353,1,0,299,0.02,0.3470790386199951
1160,203.30090963602458,1,0,296,0.02,0.33667534589767456
1161,206.4438707137147,1,0,254,0.02,0.34593507647514343
1162,257.034116127495,1,0,285,0.02,0.33587372303009033
1163,86.0092644015935,0,0,300,0.02,0.352882981300354
1164,48.78642664671338,0,0,300,0.02,0.3677960932254791
1165,118.7990386859563,0,0,300,0.02,0.37043941020965576
1166,221.1864630436937,1,0,272,0.02,0.3152869939804077
1167,242.5886516276982,1,0,266,0.02,0.3430361747741699
1168,85.08706496954362,0,0,300,0.02,0.3876365125179291
1169,249.33120287180344,1,0,297,0.02,0.3316020369529724
1170,205.3836768698732,1,0,273,0.02,0.3434835374355316
1171,237.38795830011762,1,0,275,0.02,0.34991317987442017
1172,0.992969191078285,0,0,300,0.02,0.5486604571342468
1173,252.58760285139476,1,0,296,0.02,0.32750204205513
1174,237.663381717209,1,0,262,0.02,0.34605732560157776
1175,102.90596964598099,0,0,300,0.02,0.3804103434085846
1176,80.71940992594159,0,0,300,0.02,0.3845502734184265
1177,246.64315284490982,1,0,285,0.02,0.34861454367637634
1178,253.2711783146898,1,0,283,0.02,0.3316081762313843
1179,238.61982784033216,1,0,291,0.02,0.3444457948207855
1180,60.000402600769206,0,0,300,0.02,0.3893021047115326
1181,166.95856279770396,1,0,294,0.02,0.33805838227272034
1182,205.08082408190168,1,0,284,0.02,0.34669673442840576
1183,95.22432044268052,0,0,300,0.02,0.3958226442337036
1184,75.77603494882979,0,0,300,0.02,0.3428940176963806
1185,263.02467765093246,1,0,288,0.02,0.34823334217071533
1186,227.4466964411775,1,0,296,0.02,0.3427286446094513
1187,245.36977072954573,1,0,292,0.02,0.341960072517395
1188,36.467756102088984,0,0,300,0.02,0.4074637293815613
1189,238.14627008358508,1,0,284,0.02,0.3486315608024597
1190,3.6006910538712926,0,0,300,0.02,0.47422999143600464
1191,94.3323502850572,0,0,300,0.02,0.36881518363952637
1192,225.51588856935894,1,0,268,0.02,0.3454306125640869
1193,63.772377750877524,0,0,300,0.02,0.38130831718444824
1194,234.75638115168013,1,0,289,0.02,0.34780746698379517
1195,174.34709290266431,1,0,269,0.02,0.3351295292377472
1196,236.17760218382278,1,0,271,0.02,0.3400022089481354
1197,88.49443843603531,0,0,300,0.02,0.3582931458950043
1198,84.65604681730663,0,0,300,0.02,0.3603910505771637
1199,219.83895880461134,1,0,269,0.02,0.3446630537509918
1200,251.16748312235273,1,0,294,0.02,0.2850319743156433
1201,234.82239312410746,1,0,273,0.02,0.3488044738769531
1202,1.6251482796708083,0,0,300,0.02,0.8456156849861145
1203,256.4665981030504,1,0,260,0.02,0.34525322914123535
1204,56.28812405348218,0,0,300,0.02,0.3948717415332794
1205,253.5466405510942,1,0,283,0.02,0.34774261713027954
1206,70.25538106203476,0,0,300,0.02,0.3680574893951416
1207,80.21262051344316,0,0,300,0.02,0.36374762654304504
1208,243.9398401093523,1,0,297,0.02,0.3419427275657654
1209,240.67912460565964,1,0,278,0.02,0.3396216034889221
1210,79.48387246847545,0,0,300,0.02,0.3684346377849579
1211,2.3465097212830432,0,0,300,0.02,0.4577753245830536
1212,229.60048277616897,1,0,269,0.02,0.3442820608615875
1213,238.91208984613812,1,0,298,0.02,0.3463802933692932
1214,243.48224971533222,1,0,300,0.02,0.3488403260707855
1215,70.83510181665818,0,0,300,0.02,0.35312730073928833
1216,-0.15491299629213584,0,0,300,0.02,0.5262282490730286
1217,9.007524318694989,0,0,300,0.02,0.7031189203262329
1218,256.8955869603197,1,0,291,0.02,0.3430060148239136
1219,263.73084482431807,1,0,282,0.02,0.3466915488243103
1220,99.89208231687944,0,0,300,0.02,0.3413821756839752
1221,236.93340222120682,1,0,278,0.02,0.3460521996021271
1222,61.26233251333631,0,0,300,0.02,0.3663196265697479
1223,15.812863013748283,0,0,280,0.02,0.4336870014667511
1224,228.9023590302507,1,0,291,0.02,0.348812997341156
1225,236.99374375582138,1,0,273,0.02,0.34596681594848633
1226,245.16945690552262,1,0,262,0.02,0.34783485531806946
1227,78.38474750280778,0,0,300,0.02,0.37821587920188904
1228,106.50272843122883,0,0,300,0.02,0.3412206470966339
1229,57.96611630678572,0,0,300,0.02,0.35787367820739746
1230,242.52500348329937,1,0,300,0.02,0.3256518840789795
1231,7.6829605094577795,0,0,300,0.02,0.764458954334259
1232,197.92337778965495,1,0,233,0.02,0.33935463428497314
1233,192.09880168676767,1,0,287,0.02,0.3447023332118988
1234,220.3273606101658,1,0,294,0.02,0.3483589291572571
1235,1.5451863670348929,0,0,300,0.02,0.761203408241272
1236,257.03562557459276,1,0,293,0.02,0.34049636125564575
1237,60.601150872711344,0,0,300,0.02,0.3566150367259979
1238,261.2479564738313,1,0,296,0.02,0.33991363644599915
1239,243.81303245941666,1,0,288,0.02,0.3444409668445587
1240,101.2824355101625,0,0,300,0.02,0.36629387736320496
1241,255.56157470465104,1,0,293,0.02,0.3365090787410736
1242,278.3167248225252,1,0,288,0.02,0.34522154927253723
1243,248.92004923740893,1,0,293,0.02,0.3426867723464966
1244,265.82238722563187,1,0,292,0.02,0.33380594849586487
1245,246.76014640251663,1,0,296,0.02,0.3451624810695648
1246,14.151020100120608,0,0,300,0.02,0.4191477298736572
1247,46.579207894806,0,0,300,0.02,0.4546007812023163
1248,64.78699206114212,0,0,300,0.02,0.4001547396183014
1249,98.5338440012972,0,0,300,0.02,0.34344175457954407
1250,245.64823317766587,1,0,281,0.02,0.3448444604873657
1251,220.20206416845716,1,0,279,0.02,0.3338867127895355
1252,258.9303598713915,1,0,292,0.02,0.34431278705596924
1253,4.406121203903329,0,0,300,0.02,0.4853724539279938
1254,267.0262954449694,1,0,296,0.02,0.317828893661499
1255,251.0417779755632,1,0,285,0.02,0.341458261013031
1256,49.35324749231732,0,0,300,0.02,0.3785908818244934
1257,258.5778788399736,1,0,283,0.02,0.3324330449104309
1258,48.09868286848464,0,0,300,0.02,0.38473203778266907
1259,231.46577796856434,1,0,282,0.02,0.3437545895576477
1260,244.87753652811443,1,0,294,0.02,0.3475186228752136
1261,250.08840505838788,1,0,297,0.02,0.33980149030685425
1262,71.13890025854506,0,0,300,0.02,0.43467769026756287
1263,7.857052525677894,0,0,300,0.02,0.8984359502792358
1264,245.0160437766698,1,0,296,0.02,0.3361881375312805
1265,45.26487312078865,0,0,300,0.02,0.3706844747066498
1266,236.62113522449997,1,0,294,0.02,0.33991527557373047
1267,174.34562000036635,1,0,241,0.02,0.3479977548122406
1268,83.30667595306899,0,0,300,0.02,0.3385300934314728
1269,253.36473639250198,1,0,298,0.02,0.34071865677833557
1270,-15.167010663355775,0,0,300,0.02,0.4400489926338196
1271,70.54605558157361,0,0,300,0.02,0.34538885951042175
1272,225.22784544229904,1,0,296,0.02,0.32744139432907104
1273,102.86683180094163,0,0,300,0.02,0.3576948046684265
1274,246.25146459976702,1,0,282,0.02,0.33983293175697327
1275,222.606752102379,1,0,287,0.02,0.34021472930908203
1276,-25.01274697064957,0,0,277,0.02,0.5300894975662231
1277,234.11460818687942,1,0,288,0.02,0.3490470349788666
1278,11.998014738563608,0,0,300,0.02,0.45739907026290894
1279,259.247609694008,1,0,295,0.02,0.34000033140182495
1280,76.41149109283951,0,0,300,0.02,0.3473263084888458
1281,231.55529327312973,1,0,293,0.02,0.3463757634162903
1282,236.55577715317276,1,0,273,0.02,0.34875479340553284
1283,15.822940900329668,0,0,300,0.02,0.4761675298213959
1284,263.2335483717958,1,0,284,0.02,0.34601566195487976
1285,238.39312207937638,1,0,294,0.02,0.34612223505973816
1286,84.95271620512408,0,0,300,0.02,0.386223703622818
1287,248.36268566370404,1,0,300,0.02,0.3487313389778137
1288,244.78347005129257,1,0,263,0.02,0.3460352420806885
1289,88.92893859625259,0,0,300,0.02,0.359668105840683
1290,18.668287465576228,0,0,300,0.02,0.41983088850975037
1291,63.935210430626064,0,0,300,0.02,0.38810014724731445
1292,12.523570687774761,0,0,300,0.02,0.4460100829601288
1293,250.7882956051866,1,0,295,0.02,0.33482885360717773
1294,60.48811290979781,0,0,300,0.02,0.3798745274543762
1295,234.1226829568532,1,0,291,0.02,0.34952834248542786
1296,256.78730926752485,1,0,299,0.02,0.3350754380226135
1297,91.54442347765367,0,0,300,0.02,0.4057968854904175
1298,258.44334178209704,1,0,284,0.02,0.34606730937957764
1299,231.3333888316194,1,0,250,0.02,0.33605554699897766
1300,230.47900664249923,1,0,298,0.02,0.3454474210739136
1301,215.81362300157937,1,0,288,0.02,0.31599700450897217
1302,53.35603181124126,0,0,300,0.02,0.39539480209350586
1303,235.25287580252092,1,0,274,0.02,0.34868380427360535
1304,84.78115120808154,0,0,300,0.02,0.3424112796783447
1305,262.7444595694582,1,0,286,0.02,0.3357878625392914
1306,212.2152026820222,1,0,276,0.02,0.32560208439826965
1307,-135.3557954406737,0,0,290,0.02,2.386448860168457
1308,247.2248283219377,1,0,300,0.02,0.3456956744194031
1309,250.1197528386155,1,0,286,0.02,0.33946454524993896
1310,245.4223802558568,1,0,274,0.02,0.3421040177345276
1311,47.6952003884355,0,0,300,0.02,0.3806026577949524
1312,247.24454341173566,1,0,294,0.02,0.34576690196990967
1313,-1.3045128258082563,0,0,292,0.02,0.42632728815078735
1314,7.771434991363638,0,0,278,0.02,0.461544007062912
1315,88.99037977457446,0,0,300,0.02,0.3743078112602234
1316,20.265557281974935,0,0,300,0.02,0.4380134344100952
1317,95.56907849550646,0,0,300,0.02,0.3771331310272217
1318,248.85059486786395,1,0,289,0.02,0.3450503647327423
1319,240.92583080530562,1,0,286,0.02,0.3279450535774231
1320,97.00165292978686,0,0,300,0.02,0.3739895224571228
1321,63.797415241399015,0,0,300,0.02,0.38834527134895325
1322,-14.859230222702099,0,0,300,0.02,0.9173075556755066
1323,40.10548906565105,0,0,282,0.02,0.36803048849105835
1324,36.20732578197977,0,0,300,0.02,0.34336763620376587
1325,233.99483522653975,1,0,295,0.02,0.3431939482688904
1326,176.02748696247605,1,0,267,0.02,0.3458273410797119
1327,95.54627008835344,0,0,300,0.02,0.3811315596103668
1328,255.04843343019883,1,0,299,0.02,0.339794397354126
1329,234.7113326096574,1,0,296,0.02,0.34156960248947144
1330,63.39244423628252,0,0,300,0.02,0.4037916958332062
1331,257.54360053778095,1,0,260,0.02,0.3335026204586029
1332,233.89713910023235,1,0,264,0.02,0.343414306640625
1333,254.61702423811352,1,0,300,0.02,0.3351466953754425
1334,73.89302663088239,0,0,300,0.02,0.41864609718322754
1335,7.089297418594295,0,0,300,0.02,0.8851756453514099
1336,243.67748753309647,1,0,278,0.02,0.34753087162971497
1337,41.72766980410016,0,0,300,0.02,0.4099853038787842
1338,264.30299298525256,1,0,283,0.02,0.34865450859069824
1339,250.25744560638935,1,0,292,0.02,0.34833768010139465
1340,251.62883792639178,1,0,289,0.02,0.34469327330589294
1341,5.004226023350785,0,0,300,0.02,0.8172398209571838
1342,48.51374180078904,0,0,300,0.02,0.3959673047065735
1343,240.52544476906326,1,0,267,0.02,0.3413378894329071
1344,197.76697052876017,1,0,281,0.02,0.340956449508667
1345,246.04264250040453,1,0,257,0.02,0.34624212980270386
1346,167.09732826948556,1,0,273,0.02,0.3475706875324249
1347,246.1065845195439,1,0,300,0.02,0.33855295181274414
1348,153.178593801656,1,0,288,0.02,0.34055063128471375
1349,248.50391042629747,1,0,299,0.02,0.34172147512435913
1350,85.41738467136888,0,0,300,0.02,0.40585291385650635
1351,67.9695217442552,0,0,300,0.02,0.32202231884002686
1352,236.32429617166918,1,0,284,0.02,0.34582871198654175
1353,259.5822565722505,1,0,286,0.02,0.3338386118412018
1354,248.81275535345472,1,0,298,0.02,0.3362139165401459
1355,2.5727918211565965,0,0,300,0.02,0.6625983715057373
1356,74.9932696032564,0,0,300,0.02,0.39358535408973694
1357,48.840974438194415,0,0,300,0.02,0.3866591453552246
1358,219.47762128115096,1,0,271,0.02,0.31499743461608887
1359,237.15756348530317,1,0,273,0.02,0.3433082103729248
1360,69.74150534868636,0,0,300,0.02,0.37402641773223877
1361,200.1683797303822,1,0,299,0.02,0.3481041491031647
1362,40.442726533416845,0,0,300,0.02,0.3437211215496063
1363,243.8774007010499,1,0,296,0.02,0.33505257964134216
1364,257.1076211094896,1,0,292,0.02,0.3324974775314331
1365,78.92123661756915,0,0,300,0.02,0.3965936005115509
1366,231.57281170288587,1,0,276,0.02,0.34949615597724915
1367,214.67719125032818,1,0,291,0.02,0.33510494232177734
1368,79.88847460031909,0,0,300,0.02,0.38228410482406616
1369,196.98114856640365,1,0,259,0.02,0.33741194009780884
1370,71.9717342686693,0,0,300,0.02,0.38396918773651123
1371,81.67922735611468,0,0,300,0.02,0.3603922426700592
1372,29.48614034891516,0,0,300,0.02,0.4103676676750183
1373,241.1383396029512,1,0,295,0.02,0.3373178541660309
1374,207.88498457670607,1,0,276,0.02,0.3381566107273102
1375,8.650373401641767,0,0,300,0.02,0.5724066495895386
1376,102.06694495439928,0,0,300,0.02,0.3951665163040161
1377,29.128272368911876,0,0,300,0.02,0.46233466267585754
1378,235.2174829188969,1,0,299,0.02,0.3483283519744873
1379,233.3335347247163,1,0,294,0.02,0.3310190737247467
1380,250.25786269426743,1,0,291,0.02,0.3499370813369751
1381,106.13762675047319,0,0,300,0.02,0.3424960672855377
1382,-5.2217780947645895,0,0,300,0.02,0.4523472785949707
1383,41.367049958709835,0,0,300,0.02,0.39014026522636414
1384,208.35023170233168,1,0,292,0.02,0.3393448293209076
1385,21.694792492393564,0,0,300,0.02,0.3907046318054199
1386,102.34020017385883,0,0,300,0.02,0.3868527114391327
1387,236.5209873271028,1,0,288,0.02,0.29665592312812805
1388,231.20177121559647,1,0,276,0.02,0.3422562777996063
1389,233.70207439342997,1,0,292,0.02,0.34968048334121704
1390,249.99804933786788,1,0,289,0.02,0.33989042043685913
1391,6.000153086189363,0,0,300,0.02,0.9493644833564758
1392,239.54503065506486,1,0,290,0.02,0.3464414179325104
1393,0.23867930093868878,0,0,300,0.02,0.8411265015602112
1394,256.88442289114397,1,0,283,0.02,0.34579703211784363
1395,85.4130220198671,0,0,300,0.02,0.3661472499370575
1396,236.53500893990065,1,0,299,0.02,0.3414468467235565
1397,238.72104655186206,1,0,291,0.02,0.34493744373321533
1398,229.41886281729137,1,0,285,0.02,0.3071870505809784
1399,206.27276529550946,1,0,271,0.02,0.34871143102645874
1400,97.86016184568805,0,0,300,0.02,0.3393622934818268
1401,255.6295539975206,1,0,300,0.02,0.33951425552368164
1402,244.6889256548921,1,0,291,0.02,0.3421713411808014
1403,235.31684213400283,1,0,282,0.02,0.34769222140312195
1404,36.07843748331464,0,0,300,0.02,0.4022933840751648
1405,86.6015048956911,0,0,300,0.02,0.41152653098106384
1406,52.40674203157823,0,0,300,0.02,0.38771724700927734
1407,240.32760819832353,1,0,280,0.02,0.34579703211784363
1408,101.71481513739032,0,0,300,0.02,0.35819897055625916
1409,76.98642376343278,0,0,300,0.02,0.3535931408405304
1410,242.30362280289202,1,0,296,0.02,0.34929338097572327
1411,199.43591466665663,1,0,233,0.02,0.3429240882396698
1412,220.691389491562,1,0,274,0.02,0.3465553820133209
1413,217.4070093560258,1,0,288,0.02,0.3401504158973694
1414,53.30270092726146,0,0,300,0.02,0.4437275230884552
1415,12.147627084259152,0,0,300,0.02,0.42999598383903503
1416,199.85473226467633,1,0,257,0.02,0.34401601552963257
1417,97.92564429998797,0,0,300,0.02,0.3429916799068451
1418,255.51967452764907,1,0,298,0.02,0.3419841229915619
1419,229.23408279657758,1,0,289,0.02,0.34838205575942993
1420,8.657946020756766,0,0,300,0.02,0.8038098216056824
1421,253.4718155074159,1,0,297,0.02,0.33644887804985046
1422,33.88041550875101,0,0,300,0.02,0.42929887771606445
1423,231.13217986504105,1,0,282,0.02,0.3421541154384613
1424,81.60877102613847,0,0,300,0.02,0.3697099983692169
1425,87.29716656923694,0,0,300,0.02,0.3651111125946045
1426,241.3808250514653,1,0,260,0.02,0.34249281883239746
1427,201.29823440472148,1,0,266,0.02,0.34564048051834106
1428,232.22770295381943,1,0,255,0.02,0.3499770164489746
1429,50.19821469545754,0,0,300,0.02,0.4373490810394287
1430,257.56930984735885,1,0,263,0.02,0.33707529306411743
1431,240.10634014368452,1,0,250,0.02,0.34781771898269653
1432,8.41452697039037,0,0,300,0.02,0.7232710123062134
1433,246.25146459976702,1,0,282,0.02,0.33983293175697327
1434,243.15322950283556,1,0,273,0.02,0.34189170598983765
1435,67.49612361351514,0,0,300,0.02,0.35866817831993103
1436,256.34875924826065,1,0,286,0.02,0.3447129428386688
1437,115.6429162144701,0,0,300,0.02,0.3486737012863159
1438,17.186141331199757,0,0,300,0.02,0.41786742210388184
1439,31.541245965161522,0,0,300,0.02,0.4323875904083252
1440,247.9733749477055,1,0,273,0.02,0.34435534477233887
1441,45.85035264254007,0,0,300,0.02,0.38681459426879883
1442,258.4963772988359,1,0,291,0.02,0.33780843019485474
1443,230.19242970228592,1,0,280,0.02,0.3437953293323517
1444,101.39982775450152,0,0,300,0.02,0.32194581627845764
1445,199.77072489023604,1,0,222,0.02,0.3442215323448181
1446,101.8291377043764,0,0,300,0.02,0.36711832880973816
1447,262.07612231016554,1,0,297,0.02,0.337872177362442
1448,173.5174934093144,1,0,215,0.02,0.3483257293701172
1449,88.000063149933,0,0,300,0.02,0.404386967420578
1450,67.82555209159847,0,0,300,0.02,0.4461119771003723
1451,73.13018222570817,0,0,300,0.02,0.3693571984767914
1452,225.00610918760694,1,0,272,0.02,0.33537545800209045
1453,238.88850847641498,1,0,276,0.02,0.34807196259498596
1454,33.79054589191931,0,0,300,0.02,0.41256260871887207
1455,246.25146459976702,1,0,282,0.02,0.33983293175697327
1456,234.45232004881302,1,0,279,0.02,0.3488227427005768
1457,237.41771616697707,1,0,296,0.02,0.34497371315956116
1458,237.1541360894826,1,0,297,0.02,0.3416650593280792
1459,-75.74105444987751,0,0,300,0.02,1.7679626941680908
1460,244.6769880366365,1,0,299,0.02,0.3451557457447052
1461,80.02557657957475,0,0,300,0.02,0.4030086100101471
1462,67.37015669107836,0,0,300,0.02,0.3318635821342468
1463,12.461672041420066,0,0,300,0.02,0.4464847445487976
1464,64.99668903589645,0,0,300,0.02,0.370230495929718
1465,56.613126003746196,0,0,300,0.02,0.40612125396728516
1466,61.85429926315809,0,0,300,0.02,0.36662426590919495
1467,92.37117727995317,0,0,300,0.02,0.4041084349155426
1468,256.2025416302721,1,0,297,0.02,0.34126734733581543
1469,89.86790159464284,0,0,300,0.02,0.35992735624313354
1470,235.8799203817036,1,0,297,0.02,0.3452189862728119
1471,243.11483047405744,1,0,299,0.02,0.3389914631843567
1472,227.59171203852094,1,0,286,0.02,0.3064747452735901
1473,241.06890065590406,1,0,282,0.02,0.342973917722702
1474,205.44288333813213,1,0,284,0.02,0.34697824716567993
1475,198.22675809145366,1,0,279,0.02,0.3477132320404053
1476,230.39160323381816,1,0,300,0.02,0.3465019464492798
1477,234.28415564934278,1,0,290,0.02,0.34416016936302185
1478,259.93140246630117,1,0,292,0.02,0.34155213832855225
1479,242.05031661749283,1,0,274,0.02,0.3493236005306244
1480,246.03786269426743,1,0,284,0.02,0.3499370813369751
1481,216.6338628172914,1,0,237,0.02,0.3384370505809784
1482,233.08841942707568,1,0,279,0.02,0.34809422492980957
1483,-85.49533757289377,0,0,300,0.02,1.7865334749221802
1484,80.68631926775376,0,0,300,0.02,0.37532293796539307
1485,2.128575982251406,0,0,300,0.02,1.2630550861358643
1486,234.5628688041356,1,0,279,0.02,0.34948188066482544
1487,240.8065256587651,1,0,259,0.02,0.3460676670074463
1488,263.3829584765474,1,0,299,0.02,0.33366313576698303
1489,16.86332080603035,0,0,300,0.02,0.441072553396225
1490,13.871073863510237,0,0,300,0.02,0.4191342890262604
1491,235.48399502039354,1,0,282,0.02,0.33840399980545044
1492,65.22351281404889,0,0,300,0.02,0.36852455139160156
1493,249.04653978109752,1,0,290,0.02,0.3377678096294403
1494,236.90973270178233,1,0,271,0.02,0.3419695794582367
1495,248.3063332915346,1,0,294,0.02,0.3328194320201874
1496,-37.03853536367027,0,0,291,0.02,0.7015365958213806
1497,201.9660892796556,1,0,280,0.02,0.3353804349899292
1498,256.3124262166063,1,0,290,0.02,0.3362962007522583
1499,224.39765628576674,1,0,275,0.02,0.33498868346214294
1500,229.025847890381,1,0,293,0.02,0.3379407823085785
1501,94.27571029901905,0,0,300,0.02,0.36297518014907837
1502,100.15295262098711,0,0,300,0.02,0.3611645996570587
1503,74.24909535646837,0,0,300,0.02,0.42212891578674316
1504,235.25739649216206,1,0,295,0.02,0.3483499586582184
1505,261.0849964165727,1,0,258,0.02,0.34815365076065063
1506,240.03159497976702,1,0,291,0.02,0.3390040099620819
1507,223.3789429688493,1,0,286,0.02,0.3496670126914978
1508,232.50002932945756,1,0,296,0.02,0.3426917493343353
1509,8.414450092315613,0,0,300,0.02,0.9388874769210815
1510,91.22100501299303,0,0,300,0.02,0.4016515016555786
1511,84.43142261267108,0,0,300,0.02,0.3415471017360687
1512,64.62354809046188,0,0,300,0.02,0.4285157322883606
1513,229.70237148046886,1,0,274,0.02,0.33130988478660583
1514,234.58656065225998,1,0,292,0.02,0.34026259183883667
1515,243.23970541239183,1,0,287,0.02,0.3444764018058777
1516,235.26499140978254,1,0,271,0.02,0.3481549024581909
1517,241.17810562372605,1,0,287,0.02,0.34487634897232056
1518,225.41399646521006,1,0,290,0.02,0.3109036386013031
1519,-15.24721301158406,0,0,300,0.02,1.6520023345947266
1520,28.484658210281417,0,0,300,0.02,0.4082382023334503
1521,29.976967327598647,0,0,300,0.02,0.3851609230041504
1522,68.25257697821063,0,0,300,0.02,0.38875851035118103
1523,244.16143981377152,1,0,273,0.02,0.3423391282558441
1524,81.31276378870409,0,0,300,0.02,0.3912118077278137
1525,207.71688122511304,1,0,286,0.02,0.3451824486255646
1526,73.97513733625809,0,0,300,0.02,0.3831184208393097
1527,-16.571263067718363,0,0,278,0.02,0.4947185218334198
1528,253.07401970625318,1,0,258,0.02,0.3408978283405304
1529,243.40786269426744,1,0,279,0.02,0.3499370813369751
1530,183.50075278520976,1,0,291,0.02,0.3442145586013794
1531,270.30953780413074,1,0,266,0.02,0.3445183038711548
1532,236.58760819832355,1,0,293,0.02,0.34579703211784363
1533,216.59883744955457,1,0,268,0.02,0.3446933925151825
1534,8.820784403477735,0,0,300,0.02,0.9931002259254456
1535,62.513865897659436,0,0,300,0.02,0.3959362804889679
1536,76.32245097399152,0,0,300,0.02,0.3887900114059448
1537,56.272471888069276,0,0,300,0.02,0.3712847828865051
1538,196.48344238520062,1,0,226,0.02,0.3435421586036682
1539,174.5175595068971,1,0,283,0.02,0.34001287817955017
1540,239.07802683592234,1,0,250,0.02,0.34739604592323303
1541,45.74518873930368,0,0,300,0.02,0.4206055700778961
1542,2.3279641238834925,0,0,300,0.02,1.3057080507278442
1543,103.18656192541523,0,0,300,0.02,0.39276227355003357
1544,64.20621593237318,0,0,300,0.02,0.3803487718105316
1545,76.54543171803023,0,0,300,0.02,0.3888411521911621
1546,242.35783812761701,1,0,248,0.02,0.34744322299957275
1547,53.47295838753251,0,0,300,0.02,0.36445948481559753
1548,160.33984001556897,1,0,246,0.02,0.3402390778064728
1549,246.25146459976702,1,0,282,0.02,0.33983293175697327
1550,227.15234339476024,1,0,274,0.02,0.3438169062137604
1551,70.28467295885484,0,0,300,0.02,0.3682345151901245
1552,-49.685035457611065,0,0,300,0.02,1.048758864402771
1553,231.8165092921297,1,0,289,0.02,0.3452754318714142
1554,232.06996449867748,1,0,297,0.02,0.34770795702934265
1555,129.1019741177599,0,0,300,0.02,0.3839092254638672
1556,251.49559221506513,1,0,283,0.02,0.3455047011375427
1557,77.79357157150771,0,0,300,0.02,0.3568061888217926
1558,96.44230234861772,0,0,300,0.02,0.3963271677494049
1559,172.79608789682783,1,0,292,0.02,0.3478807806968689
1560,238.84329830566912,1,0,294,0.02,0.34687450528144836
1561,222.67635613361864,1,0,275,0.02,0.3436100482940674
1562,93.63154655695355,0,0,300,0.02,0.3640161156654358
1563,261.83895143270894,1,0,299,0.02,0.3496648967266083
1564,79.48642997026842,0,0,300,0.02,0.39529526233673096
1565,171.14962640205883,1,0,242,0.02,0.34279248118400574
1566,69.38891421080032,0,0,300,0.02,0.4046742022037506
1567,29.462353060249388,0,0,300,0.02,0.4088144898414612
1568,205.83954642216233,1,0,247,0.02,0.3453124761581421
1569,234.9791465592424,1,0,286,0.02,0.3446161150932312
1570,58.584032256607216,0,0,300,0.02,0.3808946907520294
1571,66.70459153891005,0,0,300,0.02,0.4307548701763153
1572,238.99344942808548,1,0,290,0.02,0.34604039788246155
1573,67.42505143404404,0,0,300,0.02,0.45813989639282227
1574,236.1020430684129,1,0,282,0.02,0.33389198780059814
1575,235.23496232906845,1,0,267,0.02,0.3414584994316101
1576,47.68249559641275,0,0,300,0.02,0.33627885580062866
1577,248.8416144108812,1,0,297,0.02,0.3389991521835327
1578,43.05296797514357,0,0,300,0.02,0.3861607611179352
1579,248.86353907347123,1,0,280,0.02,0.346017986536026
1580,10.199252560142579,0,0,300,0.02,0.5070896148681641
1581,29.375996968750105,0,0,300,0.02,0.41790351271629333
1582,-15.302949717040917,0,0,300,0.02,0.47514018416404724
1583,258.1626171803514,1,0,287,0.02,0.333748459815979
1584,242.88540089369218,1,0,282,0.02,0.3480525314807892
1585,205.35348924398815,1,0,271,0.02,0.34603044390678406
1586,238.07936222792068,1,0,296,0.02,0.3495621979236603
1587,70.92014008760844,0,0,300,0.02,0.416867733001709
1588,40.39600774526991,0,0,300,0.02,0.3679008185863495
1589,48.44127073049941,0,0,300,0.02,0.40158507227897644
1590,245.27892712990314,1,0,281,0.02,0.34546729922294617
1591,13.030675480369675,0,0,300,0.02,0.45423388481140137
1592,239.62066080013778,1,0,289,0.02,0.3475338816642761
1593,246.06079679251116,1,0,260,0.02,0.34920355677604675
1594,110.29210901976033,0,0,300,0.02,0.3413754999637604
1595,28.39517269850169,0,0,287,0.02,0.4031095802783966
1596,-23.3818885970076,0,0,282,0.02,0.5473749041557312
1597,-5.741674339767348,0,0,300,0.02,0.49482133984565735
1598,69.77390254259504,0,0,300,0.02,0.4084271192550659
1599,68.26588680029312,0,0,300,0.02,0.35043105483055115
1600,243.8485021392491,1,0,282,0.02,0.3430735468864441
1601,179.8562885069886,1,0,291,0.02,0.342830628156662
1602,65.19628436804213,0,0,300,0.02,0.3828316628932953
1603,252.26941477060714,1,0,285,0.02,0.3420490622520447
1604,277.5061195874254,1,0,297,0.02,0.34287285804748535
1605,265.82238722563187,1,0,292,0.02,0.33380594849586487
1606,236.26563047171038,1,0,283,0.02,0.34299513697624207
1607,193.48901027441417,1,0,261,0.02,0.3371501863002777
1608,199.7928403592149,1,0,222,0.02,0.33869266510009766
1609,229.39598293543256,1,0,278,0.02,0.3329070210456848
1610,235.7985140776674,1,0,261,0.02,0.32477423548698425
1611,228.2482842087785,1,0,282,0.02,0.347331702709198
1612,44.21898284197246,0,0,300,0.02,0.42715704441070557
1613,47.51798254251872,0,0,300,0.02,0.3924071192741394
1614,201.04390755892194,1,0,231,0.02,0.34842586517333984
1615,97.48931079149644,0,0,300,0.02,0.3345750570297241
1616,239.89981517553724,1,0,281,0.02,0.336948961019516
1617,204.00321650267043,1,0,229,0.02,0.3485986292362213
1618,246.25146459976702,1,0,282,0.02,0.33983293175697327
1619,9.833750276565468,0,0,300,0.02,0.7365624308586121
1620,226.68689836264053,1,0,276,0.02,0.3376781642436981
1621,61.80950767755902,0,0,300,0.02,0.3845258355140686
1622,211.5517023682634,1,0,296,0.02,0.3339771628379822
1623,243.01544986963665,1,0,300,0.02,0.3430402874946594
1624,6.037636057530505,0,0,300,0.02,0.736387312412262
1625,247.7649554244664,1,0,292,0.02,0.3439602255821228
1626,94.65457240343493,0,0,300,0.02,0.383259654045105
1627,252.08586650610368,1,0,289,0.02,0.34293612837791443
1628,90.34435802221697,0,0,300,0.02,0.4033132493495941
1629,102.89268986145527,0,0,300,0.02,0.34702661633491516
1630,255.1254200863878,1,0,298,0.02,0.34804773330688477
1631,21.704412721791563,0,0,300,0.02,0.35909590125083923
1632,175.98240245739487,1,0,263,0.02,0.3495984673500061
1633,262.40562474012773,1,0,288,0.02,0.34049656987190247
1634,229.2044300246278,1,0,283,0.02,0.34079524874687195
1635,41.27881582022106,0,0,300,0.02,0.3621987998485565
1636,252.88409861326613,1,0,297,0.02,0.33837810158729553
1637,202.48316536188523,1,0,248,0.02,0.34861141443252563
1638,232.96349821011094,1,0,298,0.02,0.34432452917099
1639,214.98199428478745,1,0,290,0.02,0.3497005105018616
1640,249.28002061129013,1,0,283,0.02,0.34689760208129883
1641,68.93167325735484,0,0,300,0.02,0.35898444056510925
1642,-12.159416620727464,0,0,300,0.02,0.4667569100856781
1643,244.85146459976698,1,0,286,0.02,0.33983293175697327
1644,249.961464599767,1,0,286,0.02,0.33983293175697327
1645,62.48850421667493,0,0,300,0.02,0.42727670073509216
1646,201.23048148075605,1,0,232,0.02,0.3400787115097046
1647,252.21487918615736,1,0,267,0.02,0.3356829583644867
1648,245.92850281954208,1,0,277,0.02,0.34227705001831055
1649,25.583015720848156,0,0,300,0.02,0.43364882469177246
1650,91.05523710489675,0,0,300,0.02,0.380593478679657
1651,245.3481779837648,1,0,287,0.02,0.3448582589626312
1652,257.8847565102617,1,0,297,0.02,0.3332136273384094
1653,10.967584561505507,0,0,300,0.02,0.7433029413223267
1654,236.52354539156357,1,0,263,0.02,0.34601640701293945
1655,240.35859778166207,1,0,269,0.02,0.3297533094882965
1656,81.91829067469041,0,0,300,0.02,0.3548300862312317
1657,-63.07725642283895,0,0,300,0.02,1.2720131874084473
1658,71.10911583662433,0,0,300,0.02,0.38462379574775696
1659,245.72860640287797,1,0,280,0.02,0.33975115418434143
1660,49.99896704435738,0,0,300,0.02,0.4421609938144684
1661,240.237871760526,1,0,282,0.02,0.3432311415672302
1662,246.57442289114397,1,0,283,0.02,0.34579703211784363
1663,82.60169174433153,0,0,300,0.02,0.42397981882095337
1664,242.86802768627672,1,0,253,0.02,0.3431921601295471
1665,75.23413152933516,0,0,300,0.02,0.37336987257003784
1666,68.4855472064058,0,0,300,0.02,0.3905159533023834
1667,248.70634942293566,1,0,293,0.02,0.3428153991699219
1668,212.2611740962651,1,0,257,0.02,0.3424055576324463
1669,131.2257924342195,0,0,300,0.02,0.36295464634895325
1670,223.32320325136578,1,0,266,0.02,0.34360194206237793
1671,257.52228244066634,1,0,288,0.02,0.33383214473724365
1672,245.8381517577211,1,0,280,0.02,0.3448648154735565
1673,23.939989011291615,0,0,300,0.02,0.40690550208091736
1674,6.8409524917602225,0,0,300,0.02,0.8772618770599365
1675,250.34490207434095,1,0,294,0.02,0.33567723631858826
1676,234.38006365538035,1,0,279,0.02,0.3493868410587311
1677,244.451464599767,1,0,286,0.02,0.33983293175697327
1678,250.30053584019214,1,0,298,0.02,0.3400651216506958
1679,244.32016796350877,1,0,285,0.02,0.34936076402664185
1680,231.3942380038884,1,0,290,0.02,0.33913958072662354
1681,243.8688486711171,1,0,280,0.02,0.34048691391944885
1682,257.38442289114397,1,0,281,0.02,0.34579703211784363
1683,238.24760819832352,1,0,285,0.02,0.34579703211784363
1684,202.4698787236253,1,0,240,0.02,0.33943307399749756
1685,76.42261756182116,0,0,300,0.02,0.37124836444854736
1686,215.6106458894398,1,0,287,0.02,0.3450376093387604
1687,-9.27740439653004,0,0,300,0.02,0.4587538540363312
1688,264.49437933206957,1,0,298,0.02,0.3333079218864441
1689,255.7249401021043,1,0,287,0.02,0.3356677293777466
1690,211.22283097029128,1,0,295,0.02,0.3461950123310089
1691,84.74432825327314,0,0,300,0.02,0.38082069158554077
1692,242.119412073293,1,0,287,0.02,0.345346063375473
1693,9.416297962669436,0,0,300,0.02,0.7903282642364502
1694,233.64378127813734,1,0,289,0.02,0.3384574353694916
1695,253.11374623060624,1,0,277,0.02,0.33846619725227356
1696,263.0460366988222,1,0,295,0.02,0.33289358019828796
1697,254.33579007387561,1,0,291,0.02,0.3379552364349365
1698,254.1542961716692,1,0,289,0.02,0.34582871198654175
1699,264.1397392582933,1,0,264,0.02,0.34196794033050537
1700,97.29259239912432,0,0,300,0.02,0.36875465512275696
1701,46.05544690370954,0,0,300,0.02,0.37804102897644043
1702,231.06472078562177,1,0,266,0.02,0.34322255849838257
1703,103.63400741815967,0,0,300,0.02,0.4009009003639221
1704,258.304978992943,1,0,284,0.02,0.3431580066680908
1705,250.66013483921557,1,0,257,0.02,0.3451653718948364
1706,59.85974638224044,0,0,300,0.02,0.3969661593437195
1707,62.05634960413376,0,0,300,0.02,0.39031535387039185
1708,254.9964620375673,1,0,298,0.02,0.33278724551200867
1709,263.1378626942674,1,0,286,0.02,0.3499370813369751
1710,78.05531446218889,0,0,300,0.02,0.37807413935661316
1711,221.8701639819185,1,0,276,0.02,0.3368617594242096
1712,180.0044400572816,1,0,287,0.02,0.3457927405834198
1713,231.1577098298112,1,0,281,0.02,0.3399752974510193
1714,7.231232938766413,0,0,300,0.02,0.7696917653083801
1715,249.01152244488267,1,0,289,0.02,0.34731847047805786
1716,248.5374719405214,1,0,289,0.02,0.3225347697734833
1717,77.29938266992963,0,0,300,0.02,0.36455708742141724
1718,258.73729781389636,1,0,295,0.02,0.33257830142974854
1719,54.46912007570661,0,0,300,0.02,0.40212273597717285
1720,194.20298366785443,1,0,226,0.02,0.34365683794021606
1721,237.00500481367501,1,0,275,0.02,0.33065155148506165
1722,38.243815205101086,0,0,300,0.02,0.38844895362854004
1723,230.77127266645823,1,0,296,0.02,0.34658458828926086
1724,3.185614411834819,0,0,300,0.02,0.44549915194511414
1725,212.00983536005418,1,0,267,0.02,0.3469439148902893
1726,248.40738174677293,1,0,285,0.02,0.3350573182106018
1727,71.92539127111836,0,0,300,0.02,0.4505549371242523
1728,42.66489724398049,0,0,300,0.02,0.4131784439086914
1729,254.55429617166914,1,0,296,0.02,0.34582871198654175
1730,256.3124262166063,1,0,290,0.02,0.3362962007522583
1731,245.5695348493245,1,0,278,0.02,0.3428153693675995
1732,229.69186910549666,1,0,282,0.02,0.34723180532455444
1733,223.86118262529763,1,0,271,0.02,0.33660709857940674
1734,194.92005922556314,1,0,284,0.02,0.344387948513031
1735,68.62751324574019,0,0,300,0.02,0.3608207702636719
1736,211.30612102747358,1,0,272,0.02,0.3453724980354309
1737,236.2083445636418,1,0,284,0.02,0.34811294078826904
1738,27.892504127029515,0,0,300,0.02,0.4162767231464386
1739,167.85465302387732,1,0,259,0.02,0.3215358257293701
1740,229.1601491999665,1,0,255,0.02,0.33686545491218567
1741,96.29843969583912,0,0,300,0.02,0.3572928309440613
1742,231.80451505581408,1,0,280,0.02,0.34157031774520874
1743,228.557097248235,1,0,282,0.02,0.34092476963996887
1744,65.84518003225722,0,0,300,0.02,0.3881077468395233
1745,216.0677043461839,1,0,274,0.02,0.3399766683578491
1746,248.85760819832353,1,0,287,0.02,0.34579703211784363
1747,226.0072239867833,1,0,266,0.02,0.34589308500289917
1748,170.70146770874524,1,0,284,0.02,0.3423321545124054
1749,230.60931754032634,1,0,287,0.02,0.34536969661712646
1750,98.24275019884503,0,0,300,0.02,0.3912152051925659
1751,38.55347757259867,0,0,300,0.02,0.37182968854904175
1752,204.8257429957429,1,0,265,0.02,0.34046700596809387
1753,77.67998803377549,0,0,300,0.02,0.36940574645996094
1754,125.31454341173571,0,0,300,0.02,0.34576690196990967
1755,245.48758918047346,1,0,299,0.02,0.3375054597854614
1756,255.92859043836984,1,0,276,0.02,0.3422551453113556
1757,198.48438760519423,1,0,227,0.02,0.3458058536052704
1758,232.13616625229383,1,0,288,0.02,0.3486575186252594
1759,175.6937110082295,1,0,225,0.02,0.34677132964134216
1760,246.85871896505753,1,0,292,0.02,0.3472230136394501
1761,249.68959823370375,1,0,256,0.02,0.34200319647789
1762,239.2551441518453,1,0,283,0.02,0.3489130437374115
1763,208.01927367130781,1,0,292,0.02,0.34538066387176514
1764,195.9396252036134,1,0,273,0.02,0.349496454000473
1765,101.04099253416462,0,0,300,0.02,0.34915462136268616
1766,212.8056936875966,1,0,239,0.02,0.3437756597995758
1767,209.1453955451634,1,0,292,0.02,0.34385019540786743
1768,185.01413533926404,1,0,250,0.02,0.34086892008781433
1769,254.477871760526,1,0,291,0.02,0.3432311415672302
1770,80.4192599749605,0,0,300,0.02,0.41958776116371155
1771,56.18884901762405,0,0,300,0.02,0.377190500497818
1772,217.9205105614702,1,0,278,0.02,0.3467751145362854
1773,42.79855375528731,0,0,300,0.02,0.38226431608200073
1774,249.077871760526,1,0,288,0.02,0.3432311415672302
1775,199.60629222155012,1,0,225,0.02,0.3478296995162964
1776,76.53688668489852,0,0,300,0.02,0.4326810836791992
1777,242.00471102634936,1,0,292,0.02,0.33902132511138916
1778,207.24150777260328,1,0,278,0.02,0.34482213854789734
1779,239.96070047140518,1,0,287,0.02,0.349227637052536
1780,33.312254575886925,0,0,300,0.02,0.3646354377269745
1781,249.20574778318806,1,0,296,0.02,0.3454658091068268
1782,207.4317739129106,1,0,245,0.02,0.338959276676178
1783,245.21442289114395,1,0,285,0.02,0.34579703211784363
1784,9.597158190403988,0,0,300,0.02,0.7790067791938782
1785,99.49191666841908,0,0,300,0.02,0.38642358779907227
1786,231.31594638586438,1,0,278,0.02,0.3454161584377289
1787,235.73390113750963,1,0,297,0.02,0.3442237973213196
1788,237.76260328054823,1,0,285,0.02,0.3462519347667694
1789,220.8260292458574,1,0,269,0.02,0.34789544343948364
1790,9.180451049804606,0,0,300,0.02,0.8023872375488281
1791,-217.72763810237382,0,1,275,0.02,1.8421086072921753
1792,45.527882335189865,0,0,300,0.02,0.4049321711063385
1793,245.351464599767,1,0,284,0.02,0.33983293175697327
1794,259.85431915045183,1,0,271,0.02,0.3383229672908783
1795,233.98232219458015,1,0,277,0.02,0.3488222062587738
1796,223.32034674406447,1,0,274,0.02,0.30931606888771057
1797,106.06927620649736,0,0,300,0.02,0.36208370327949524
1798,230.85363078991443,1,0,300,0.02,0.3492913842201233
1799,75.74250312567152,0,0,300,0.02,0.34127697348594666
1800,239.1846498910573,1,0,269,0.02,0.34403660893440247
1801,245.351464599767,1,0,284,0.02,0.33983293175697327
1802,234.5658779692689,1,0,269,0.02,0.34793326258659363
1803,96.8603683209459,0,0,300,0.02,0.3718106746673584
1804,231.76161744514968,1,0,298,0.02,0.34479472041130066
1805,99.32239151239793,0,0,300,0.02,0.3638048768043518
1806,197.0886560940782,1,0,283,0.02,0.33473873138427734
1807,23.592107624211554,0,0,300,0.02,0.40467217564582825
1808,250.7309380459825,1,0,296,0.02,0.3466682434082031
1809,221.03803492308055,1,0,267,0.02,0.34239402413368225
1810,239.60179029861953,1,0,291,0.02,0.3447515070438385
1811,218.0699997210542,1,0,272,0.02,0.33940282464027405
1812,177.11990768194596,1,0,274,0.02,0.33692583441734314
1813,58.01603252172864,0,0,300,0.02,0.36289462447166443
1814,244.0952494041112,1,0,284,0.02,0.34638673067092896
1815,97.5632059311907,0,0,300,0.02,0.42110127210617065
1816,253.1924648499529,1,0,286,0.02,0.3387865424156189
1817,39.03792335749066,0,0,300,0.02,0.37742191553115845
1818,241.22773904562393,1,0,247,0.02,0.3424679934978485
1819,53.49733280420693,0,0,300,0.02,0.3800695538520813
1820,97.39245748281878,0,0,300,0.02,0.37628838419914246
1821,25.29361398458874,0,0,285,0.02,0.4209992587566376
1822,93.55964649916092,0,0,300,0.02,0.3694911301136017
1823,255.43638921022813,1,0,298,0.02,0.33530545234680176
1824,65.12065748135115,0,0,300,0.02,0.3525347113609314
1825,53.98294116259015,0,0,300,0.02,0.3886674642562866
1826,195.40702639341745,1,0,261,0.02,0.33764615654945374
1827,239.01876606861623,1,0,292,0.02,0.34300756454467773
1828,233.76780704895523,1,0,274,0.02,0.34824731945991516
1829,-27.582105910774132,0,0,300,0.02,0.9549292325973511
1830,239.41117789507314,1,0,298,0.02,0.3466082811355591
1831,71.06950103521743,0,0,300,0.02,0.42452749609947205
1832,3.371923310760619,0,0,300,0.02,0.4714219272136688
1833,207.68162863493362,1,0,288,0.02,0.3489955961704254
1834,178.3817565465013,1,0,238,0.02,0.3489636182785034
1835,43.22166956821945,0,0,300,0.02,0.35228168964385986
1836,209.62847104469802,1,0,277,0.02,0.3480813205242157
1837,220.4956526891377,1,0,271,0.02,0.3462859094142914
1838,208.08504389683273,1,0,287,0.02,0.34893810749053955
1839,210.42557556072737,1,0,268,0.02,0.3463051915168762
1840,215.24261795918014,1,0,286,0.02,0.3420445919036865
1841,201.5011774531987,1,0,235,0.02,0.34740471839904785
1842,201.44258472839851,1,0,268,0.02,0.3495528995990753
1843,183.64768445730604,1,0,218,0.02,0.3449816405773163
1844,188.20504683256544,1,0,295,0.02,0.34564104676246643
1845,204.30340858379864,1,0,275,0.02,0.34934693574905396
1846,195.39125541607407,1,0,264,0.02,0.3473852276802063
1847,9.245849808850469,0,0,300,0.02,0.676236629486084
1848,46.13188650370039,0,0,300,0.02,0.35393112897872925
1849,-65.98530217250322,0,0,300,0.02,0.6915246248245239
1850,201.85944258133435,1,0,258,0.02,0.34283843636512756
1851,215.08074862877393,1,0,273,0.02,0.34001192450523376
1852,210.9883102218297,1,0,266,0.02,0.3456215262413025
1853,183.57268522182966,1,0,220,0.02,0.3495277762413025
1854,202.7176767245915,1,0,295,0.02,0.3407799005508423
1855,-142.66479010661578,0,0,300,0.02,1.8013966083526611
1856,216.65824726025124,1,0,246,0.02,0.3406372666358948
1857,200.76974348465473,1,0,269,0.02,0.34776321053504944
1858,207.50169324636852,1,0,282,0.02,0.3489794433116913
1859,204.4584414458314,1,0,245,0.02,0.34729239344596863
1860,204.13762871185804,1,0,269,0.02,0.34829190373420715
1861,204.3772444812443,1,0,293,0.02,0.3433879613876343
1862,44.941410686973676,0,0,300,0.02,0.3715500831604004
1863,21.981673619751106,0,0,300,0.02,0.3914843499660492
1864,204.42799300591017,1,0,273,0.02,0.34570083022117615
1865,205.64760258595015,1,0,295,0.02,0.34329843521118164
1866,204.1024762288716,1,0,279,0.02,0.3445800244808197
1867,201.30047660271194,1,0,273,0.02,0.3425799310207367
1868,197.46600161472819,1,0,270,0.02,0.3461986780166626
1869,206.44394215504192,1,0,294,0.02,0.3467135429382324
1870,211.4285843936589,1,0,273,0.02,0.3430529832839966
1871,210.32065673748517,1,0,269,0.02,0.3450348973274231
1872,182.53219555616772,1,0,283,0.02,0.3388538658618927
1873,188.76379240910074,1,0,273,0.02,0.34175097942352295
1874,195.19663983583848,1,0,292,0.02,0.34774279594421387
1875,204.42443756023908,1,0,277,0.02,0.33908969163894653
1876,6.257164907455374,0,0,300,0.02,0.7357087731361389
1877,225.92691940704844,1,0,271,0.02,0.34596922993659973
1878,-4.207701588473085,0,0,300,0.02,0.4496244788169861
1879,200.53796762386824,1,0,261,0.02,0.34820717573165894
1880,217.11271558205155,1,0,295,0.02,0.3395201861858368
1881,210.8205065147069,1,0,268,0.02,0.3400724530220032
1882,214.4316668073323,1,0,274,0.02,0.34728237986564636
1883,212.50803471008805,1,0,293,0.02,0.34069040417671204
1884,196.99636528730787,1,0,266,0.02,0.3453114330768585
1885,49.80192379713455,0,0,300,0.02,0.3489218056201935
1886,196.4405372993138,1,0,266,0.02,0.3475647568702698
1887,40.26932103872694,0,0,300,0.02,0.3645724952220917
1888,201.61302411476638,1,0,265,0.02,0.34444305300712585
1889,206.05071181217696,1,0,247,0.02,0.34502112865448
1890,205.38508512417343,1,0,295,0.02,0.343927800655365
1891,199.17902750412486,1,0,269,0.02,0.3454422056674957
1892,205.61581195274854,1,0,285,0.02,0.3462460935115814
1893,203.40346600452926,1,0,287,0.02,0.33933258056640625
1894,209.71634479919936,1,0,275,0.02,0.34111288189888
1895,207.0024249498036,1,0,291,0.02,0.339592844247818
1896,204.55848021427659,1,0,274,0.02,0.34557902812957764
1897,213.70725090265668,1,0,281,0.02,0.34759002923965454
1898,199.76834442535903,1,0,278,0.02,0.343112975358963
1899,50.242600467208945,0,0,300,0.02,0.35875263810157776
1900,196.83711670795938,1,0,284,0.02,0.3484199047088623
1901,43.72374031464125,0,0,300,0.02,0.34176400303840637
1902,19.48228357712297,0,0,300,0.02,0.404628187417984
1903,30.816766161122587,0,0,300,0.02,0.36100754141807556
1904,201.64947859207655,1,0,267,0.02,0.3453294336795807
1905,201.02118501902018,1,0,284,0.02,0.3391065001487732
1906,22.539105481305317,0,0,300,0.02,0.4429227113723755
1907,210.37219547510537,1,0,282,0.02,0.3488538861274719
1908,203.703931903043,1,0,272,0.02,0.34671610593795776
1909,206.20160125175977,1,0,265,0.02,0.3497987687587738
1910,31.826068948903316,0,0,300,0.02,0.34118184447288513
1911,36.0465167228368,0,0,300,0.02,0.37856990098953247
1912,50.7118841544774,0,0,300,0.02,0.3547280430793762
1913,207.06872695843242,1,0,287,0.02,0.3405173420906067
1914,211.82112500111128,1,0,282,0.02,0.34741783142089844
1915,41.04932869673167,0,0,300,0.02,0.3720705807209015
1916,193.99811267614757,1,0,266,0.02,0.3498745858669281
1917,204.94267124573258,1,0,271,0.02,0.3420312702655792
1918,182.2117000476506,1,0,222,0.02,0.3422740697860718
1919,206.72570126295483,1,0,264,0.02,0.33797743916511536
1920,207.57989461342356,1,0,238,0.02,0.3402254283428192
1921,214.8455844823506,1,0,289,0.02,0.3413029611110687
1922,218.2153204337742,1,0,244,0.02,0.34136897325515747
1923,202.344324220815,1,0,289,0.02,0.34661802649497986
1924,212.29355758587386,1,0,266,0.02,0.3468096852302551
1925,201.54330686966446,1,0,291,0.02,0.34187236428260803
1926,215.55058638493085,1,0,271,0.02,0.3400524854660034
1927,180.55053824345134,1,0,295,0.02,0.34506452083587646
1928,213.00862896839647,1,0,293,0.02,0.3405418395996094
1929,30.283871414665352,0,0,300,0.02,0.3734349012374878
1930,201.7276881686833,1,0,271,0.02,0.34077703952789307
1931,210.6367630044606,1,0,270,0.02,0.3460083305835724
1932,198.28321342865493,1,0,231,0.02,0.3468957245349884
1933,205.34714841763045,1,0,258,0.02,0.3484119772911072
1934,210.25640884319807,1,0,283,0.02,0.34859687089920044
1935,212.5090531150487,1,0,293,0.02,0.34043580293655396
1936,199.81661340633894,1,0,259,0.02,0.34854573011398315
1937,9.59390430212411,0,0,300,0.02,0.4634266793727875
1938,204.81587502399947,1,0,273,0.02,0.34873032569885254
1939,187.95523675838973,1,0,227,0.02,0.34388989210128784
1940,208.5383337060597,1,0,272,0.02,0.3456156551837921
1941,204.6826552907612,1,0,297,0.02,0.3470352590084076
1942,26.022266910080027,0,0,300,0.02,0.4188360273838043
1943,203.45369133869676,1,0,289,0.02,0.34677624702453613
1944,215.45836753607188,1,0,277,0.02,0.347310870885849
1945,214.93938130775953,1,0,275,0.02,0.34285375475883484
1946,214.29197148085032,1,0,274,0.02,0.3489098846912384
1947,212.73229144493607,1,0,294,0.02,0.3421262204647064
1948,209.00204732338455,1,0,275,0.02,0.34718725085258484
1949,-3.37132339557148,0,0,300,0.02,0.45302993059158325
1950,-27.87350763082108,0,0,280,0.02,0.6902796626091003
1951,183.46069856405654,1,0,282,0.02,0.3492281138896942
1952,207.572839167122,1,0,296,0.02,0.33869296312332153
1953,168.32717400312814,1,0,248,0.02,0.3451092541217804
1954,202.34736018896496,1,0,273,0.02,0.3400627076625824
1955,215.8137815705922,1,0,299,0.02,0.34425368905067444
1956,210.12362099567915,1,0,278,0.02,0.34429383277893066
1957,212.30026487747693,1,0,243,0.02,0.34013286232948303
1958,53.712890236381654,0,0,300,0.02,0.35118019580841064
1959,204.2617968646672,1,0,269,0.02,0.3472498655319214
1960,209.4936282674458,1,0,273,0.02,0.344292014837265
1961,209.70054933945207,1,0,284,0.02,0.3475617468357086
1962,200.25235203186537,1,0,248,0.02,0.3496110737323761
1963,203.75110552549756,1,0,281,0.02,0.3441263735294342
1964,207.76304185152452,1,0,291,0.02,0.3461422920227051
1965,213.3843081370976,1,0,286,0.02,0.3491220474243164
1966,208.87450340191393,1,0,293,0.02,0.34907323122024536
1967,189.3443137303975,1,0,294,0.02,0.34662064909935
1968,-4.005409400459168,0,0,300,0.02,0.6532551050186157
1969,185.0632179395344,1,0,238,0.02,0.34189459681510925
1970,15.316761820320234,0,0,300,0.02,0.387712299823761
1971,212.46772118965652,1,0,289,0.02,0.3407687842845917
1972,209.23676300446056,1,0,274,0.02,0.3460083305835724
1973,217.46208389202616,1,0,279,0.02,0.3396781086921692
1974,181.4790536109593,1,0,258,0.02,0.3454356789588928
1975,201.2261488286641,1,0,293,0.02,0.3436618745326996
1976,214.61058638493085,1,0,276,0.02,0.3400524854660034
1977,204.4325499097493,1,0,238,0.02,0.3470616042613983
1978,176.6958061957399,1,0,290,0.02,0.3454512059688568
1979,32.58919736147316,0,0,300,0.02,0.41210341453552246
1980,202.213481144109,1,0,275,0.02,0.339328795671463
1981,209.16413597027324,1,0,255,0.02,0.3416650891304016
1982,-38.22559639691913,0,0,300,0.02,0.820801854133606
1983,209.13058638493087,1,0,276,0.02,0.3400524854660034
1984,46.85897255341081,0,0,300,0.02,0.37795594334602356
1985,1.6608657781269527,0,0,300,0.02,0.42498263716697693
1986,42.83728649378212,0,0,300,0.02,0.36508113145828247
1987,45.45820544640094,0,0,300,0.02,0.3481477200984955
1988,208.42287426868944,1,0,288,0.02,0.3444805145263672
1989,181.3647370521214,1,0,250,0.02,0.3490148186683655
1990,216.92458636204267,1,0,244,0.02,0.3465524911880493
1991,212.29093733072673,1,0,246,0.02,0.34666842222213745
1992,207.73466394821668,1,0,292,0.02,0.3415330946445465
1993,214.99671305576825,1,0,289,0.02,0.34602081775665283
1994,222.3699159518864,1,0,250,0.02,0.3402200937271118
1995,171.71602432012952,1,0,296,0.02,0.3378966748714447
1996,189.63571557760633,1,0,275,0.02,0.34047386050224304
1997,193.13564181248208,1,0,274,0.02,0.33878862857818604
1998,215.19074862877392,1,0,277,0.02,0.34001192450523376
1999,206.49446045795943,1,0,268,0.02,0.3415839672088623
2000,200.77030457735452,1,0,248,0.02,0.34932661056518555
2001,55.17706458965809,0,0,300,0.02,0.3109329342842102
2002,214.87721918980148,1,0,275,0.02,0.33839428424835205
2003,195.4235235015538,1,0,262,0.02,0.3493182063102722
2004,215.522431628708,1,0,282,0.02,0.3487948477268219
2005,204.93933624664808,1,0,274,0.02,0.3428650200366974
2006,206.29692160845198,1,0,299,0.02,0.3376723527908325
2007,203.31257004658247,1,0,275,0.02,0.3445565700531006
2008,215.92329208136002,1,0,279,0.02,0.3485797345638275
2009,205.35080647388958,1,0,296,0.02,0.34749746322631836
2010,210.05676300446058,1,0,269,0.02,0.3460083305835724
2011,172.93406134525796,1,0,202,0.02,0.3416837453842163
2012,32.20316851377876,0,0,300,0.02,0.3936106264591217
2013,11.782324259285103,0,0,300,0.02,0.42132169008255005
2014,184.97707164684797,1,0,216,0.02,0.34843116998672485
2015,207.97910974264536,1,0,277,0.02,0.3496253192424774
2016,-4.082281434532035,0,0,281,0.02,0.4424731135368347
2017,180.2773645059254,1,0,286,0.02,0.33835795521736145
2018,210.38854384342696,1,0,266,0.02,0.33806312084198
2019,204.26676300446059,1,0,270,0.02,0.3460083305835724
2020,205.4250382653859,1,0,282,0.02,0.34143951535224915
2021,198.18136028528608,1,0,251,0.02,0.3465626835823059
2022,191.78223712206284,1,0,243,0.02,0.32884347438812256
2023,204.79754356781507,1,0,289,0.02,0.34081318974494934
2024,215.46603856960797,1,0,270,0.02,0.3461894392967224
2025,199.75795126358534,1,0,264,0.02,0.3407112658023834
2026,199.9434235946324,1,0,273,0.02,0.3468431830406189
2027,-34.262557017799274,0,0,280,0.02,0.7000420093536377
2028,211.8193634263661,1,0,265,0.02,0.342858225107193
2029,183.19616517941023,1,0,223,0.02,0.3486577868461609
2030,201.87238551060227,1,0,260,0.02,0.34460270404815674
2031,213.67660064140819,1,0,272,0.02,0.34604892134666443
2032,218.30356280565655,1,0,283,0.02,0.34851205348968506
2033,-55.785612917742505,0,0,300,0.02,1.7941023111343384
2034,202.35455152431987,1,0,280,0.02,0.3390612006187439
2035,196.6242375270512,1,0,281,0.02,0.3391396999359131
2036,220.67938178459667,1,0,284,0.02,0.3428536355495453
2037,206.36371380567945,1,0,273,0.02,0.338474303483963
2038,41.21794030905164,0,0,300,0.02,0.3524176776409149
2039,29.218422927060338,0,0,300,0.02,0.39059334993362427
2040,207.33262368122604,1,0,268,0.02,0.3420431613922119
2041,8.738248860035942,0,0,300,0.02,0.6287341117858887
2042,215.00691940704849,1,0,270,0.02,0.34596922993659973
2043,9.193469727043182,0,0,300,0.02,0.6360353231430054
2044,210.19434974113966,1,0,278,0.02,0.3491116464138031
2045,188.58901451984906,1,0,222,0.02,0.3479454517364502
2046,207.63974561134842,1,0,256,0.02,0.34276267886161804
2047,205.77716782967116,1,0,292,0.02,0.34340712428092957
2048,203.41251854816937,1,0,284,0.02,0.34456944465637207
2049,207.19668171326185,1,0,286,0.02,0.348528653383255
2050,210.27649455467727,1,0,289,0.02,0.3485754430294037
2051,187.2838125745442,1,0,251,0.02,0.34674593806266785
2052,200.58395682732132,1,0,285,0.02,0.34920987486839294
2053,206.92139047066237,1,0,295,0.02,0.34485146403312683
2054,-15.556227233405997,0,0,300,0.02,0.45095956325531006
2055,37.96575396299751,0,0,300,0.02,0.4029642641544342
2056,210.66896849552657,1,0,273,0.02,0.34545695781707764
2057,205.5127363276521,1,0,277,0.02,0.34871867299079895
2058,204.75064611832167,1,0,268,0.02,0.3425375521183014
2059,212.520644082227,1,0,287,0.02,0.3400380611419678
2060,-115.57046595653026,0,0,300,0.02,1.8503155708312988
2061,210.6367630044606,1,0,270,0.02,0.3460083305835724
2062,209.429950312772,1,0,257,0.02,0.3477115035057068
2063,215.99478160778546,1,0,274,0.02,0.34150367975234985
2064,206.85345194736982,1,0,279,0.02,0.3418360948562622
2065,194.87048196077743,1,0,265,0.02,0.34928226470947266
2066,193.51263812462355,1,0,227,0.02,0.3470395505428314
2067,211.1367630044606,1,0,268,0.02,0.3460083305835724
2068,169.626737255254,1,0,254,0.02,0.34601476788520813
2069,209.46361931085977,1,0,272,0.02,0.3484979271888733
2070,208.68015151262676,1,0,288,0.02,0.34936487674713135
2071,27.233027684692473,0,0,300,0.02,0.41364583373069763
2072,209.54858987728622,1,0,277,0.02,0.34305161237716675
2073,207.82249671379589,1,0,281,0.02,0.3395749032497406
2074,204.31147535721328,1,0,290,0.02,0.347330242395401
2075,-0.22888119935591733,0,0,300,0.02,0.4491230547428131
2076,211.77202015320324,1,0,267,0.02,0.34969404339790344
2077,177.5832586185124,1,0,286,0.02,0.3493844270706177
2078,204.6408724967625,1,0,289,0.02,0.34248095750808716
2079,215.96104438702133,1,0,294,0.02,0.3399379849433899
2080,35.115001232628,0,0,300,0.02,0.36065244674682617
2081,171.46904072046675,1,0,242,0.02,0.3496425747871399
2082,203.38905061165357,1,0,235,0.02,0.3404364287853241
2083,210.6802702514317,1,0,270,0.02,0.3426315188407898
2084,30.92212863207257,0,0,300,0.02,0.38887059688568115
2085,201.35047602573897,1,0,266,0.02,0.34758007526397705
2086,20.858725962638808,0,0,300,0.02,0.36281850934028625
2087,-29.265164435709863,0,0,300,0.02,0.8545874357223511
2088,203.73065672794843,1,0,236,0.02,0.3425348997116089
2089,214.37551831165817,1,0,287,0.02,0.3388195037841797
2090,208.32201475063823,1,0,273,0.02,0.33969539403915405
2091,55.62907296101123,0,0,300,0.02,0.35543084144592285
2092,198.9612694827702,1,0,289,0.02,0.34738171100616455
2093,14.711366741661168,0,0,300,0.02,0.4140610694885254
2094,209.7930714964906,1,0,291,0.02,0.3361348807811737
2095,209.81882184267437,1,0,289,0.02,0.3471972942352295
2096,209.15676300446057,1,0,271,0.02,0.3460083305835724
2097,54.06558407545485,0,0,300,0.02,0.36800673604011536
2098,201.87194897572067,1,0,292,0.02,0.3472118377685547
2099,214.9861928073552,1,0,280,0.02,0.3411508798599243
2100,177.9443538943913,1,0,288,0.02,0.3441106081008911
2101,207.18888263941204,1,0,248,0.02,0.34718209505081177
2102,-70.48713095744586,0,0,300,0.02,2.0994818210601807
2103,204.10637340942884,1,0,298,0.02,0.34110572934150696
2104,200.05553655386365,1,0,284,0.02,0.348018616437912
2105,30.479009830955633,0,0,300,0.02,0.377150297164917
2106,207.35919606606032,1,0,278,0.02,0.3454000651836395
2107,201.13204267422225,1,0,239,0.02,0.34718841314315796
2108,181.87643617868815,1,0,275,0.02,0.335293710231781
2109,208.53211179653667,1,0,247,0.02,0.3421711325645447
2110,212.13580597321058,1,0,240,0.02,0.3412475883960724
2111,203.04744033257032,1,0,289,0.02,0.3408389985561371
2112,189.78804836512006,1,0,248,0.02,0.3348906636238098
2113,211.64755585590862,1,0,289,0.02,0.3433101177215576
2114,211.79592995087174,1,0,294,0.02,0.3412165939807892
2115,217.02758612553146,1,0,246,0.02,0.34080255031585693
2116,208.69052737951668,1,0,252,0.02,0.34927091002464294
2117,214.85356234470868,1,0,240,0.02,0.3443084955215454
2118,194.54969459930922,1,0,242,0.02,0.3452754318714142
2119,208.45184560219312,1,0,245,0.02,0.3422376811504364
2120,50.15100467602283,0,0,300,0.02,0.3674479126930237
2121,199.4647487155583,1,0,250,0.02,0.34401190280914307
2122,210.2822661630299,1,0,257,0.02,0.3396325409412384
2123,184.6355583945897,1,0,215,0.02,0.34630948305130005
2124,192.49322988907363,1,0,234,0.02,0.3493916094303131
2125,208.4869178573277,1,0,278,0.02,0.34596961736679077
2126,207.45570825020337,1,0,291,0.02,0.3487720191478729
2127,200.1169966546681,1,0,276,0.02,0.3459499180316925
2128,209.33676300446058,1,0,272,0.02,0.3460083305835724
2129,207.44761701027412,1,0,279,0.02,0.34329482913017273
2130,34.35405627966316,0,0,300,0.02,0.36588868498802185
2131,195.5813759462025,1,0,282,0.02,0.34985509514808655
2132,206.04506812334452,1,0,290,0.02,0.333135724067688
2133,-51.62536308288574,0,0,300,0.02,0.7263407707214355
2134,186.08418277502454,1,0,228,0.02,0.3383570611476898
2135,196.54843918720746,1,0,295,0.02,0.3405892848968506
2136,213.68986122846997,1,0,293,0.02,0.3469374477863312
2137,210.73173532406355,1,0,295,0.02,0.3397652506828308
2138,20.908971893791264,0,0,300,0.02,0.43215978145599365
2139,200.2891318027165,1,0,267,0.02,0.3429161310195923
2140,215.8545659581807,1,0,300,0.02,0.3415575921535492
2141,208.87154879967238,1,0,286,0.02,0.3498118817806244
2142,216.61051378647352,1,0,244,0.02,0.3400706350803375
2143,205.4613852349904,1,0,282,0.02,0.3473527729511261
2144,215.30462258259317,1,0,247,0.02,0.34154343605041504
2145,208.97249340454607,1,0,295,0.02,0.3470757305622101
2146,211.1542178956654,1,0,244,0.02,0.3491446077823639
2147,205.88760042429365,1,0,277,0.02,0.3475026488304138
2148,195.77260364771283,1,0,242,0.02,0.34875184297561646
2149,190.03151715517438,1,0,269,0.02,0.3440234661102295
2150,32.9820673012773,0,0,300,0.02,0.3738859295845032
2151,205.14086822430158,1,0,272,0.02,0.34748202562332153
2152,212.47240873734023,1,0,289,0.02,0.3395968973636627
2153,206.28400304556288,1,0,294,0.02,0.3484019935131073
2154,199.08638428608444,1,0,273,0.02,0.3486030101776123
2155,210.84012053410078,1,0,274,0.02,0.34516894817352295
2156,213.24257932583356,1,0,289,0.02,0.3395542502403259
2157,205.84564551750685,1,0,293,0.02,0.3412877023220062
2158,207.40296914339456,1,0,262,0.02,0.3486604690551758
2159,197.08957730690506,1,0,261,0.02,0.3478047549724579
2160,217.243662699857,1,0,270,0.02,0.33928340673446655
2161,40.44426364183821,0,0,300,0.02,0.3808368444442749
2162,207.85578987995646,1,0,277,0.02,0.3412516117095947
2163,208.21501799980663,1,0,276,0.02,0.34144458174705505
2164,211.28543203274273,1,0,272,0.02,0.346341073513031
2165,207.45438583294413,1,0,283,0.02,0.341602623462677
2166,20.557408721450873,0,0,300,0.02,0.3750505745410919
2167,207.39910543839002,1,0,289,0.02,0.33792272210121155
2168,205.22663807312514,1,0,273,0.02,0.3460395634174347
2169,10.5842044568101,0,0,300,0.02,0.36585164070129395
2170,37.98168791532913,0,0,300,0.02,0.38898077607154846
2171,207.80776544491314,1,0,272,0.02,0.34825772047042847
2172,210.23676300446058,1,0,270,0.02,0.3460083305835724
2173,196.97166595379377,1,0,264,0.02,0.34228259325027466
2174,206.56823392788434,1,0,264,0.02,0.3456405997276306
2175,199.6329410910646,1,0,291,0.02,0.33866748213768005
2176,208.11390040636456,1,0,288,0.02,0.3484276533126831
2177,213.59076615253952,1,0,277,0.02,0.3400075435638428
2178,212.41292622486617,1,0,299,0.02,0.33946752548217773
2179,205.8001631856004,1,0,278,0.02,0.34686195850372314
2180,24.04783588171395,0,0,300,0.02,0.41494378447532654
2181,180.5017487041142,1,0,290,0.02,0.347261905670166
2182,183.71072499037183,1,0,295,0.02,0.3392215073108673
2183,201.74684487263227,1,0,288,0.02,0.3384878635406494
2184,211.50183525005843,1,0,300,0.02,0.34724026918411255
2185,215.15101673365032,1,0,288,0.02,0.34914857149124146
2186,208.2174086228993,1,0,289,0.02,0.3408469259738922
2187,209.67416436115764,1,0,255,0.02,0.34665799140930176
2188,177.87333153009808,1,0,264,0.02,0.346069872379303
2189,208.28667764107252,1,0,275,0.02,0.34352967143058777
2190,197.14384338617717,1,0,279,0.02,0.3384419083595276
2191,198.00744810978438,1,0,230,0.02,0.3483370542526245
2192,205.06394464890028,1,0,276,0.02,0.34421291947364807
2193,213.9936898986485,1,0,291,0.02,0.3442766070365906
2194,193.83950836897293,1,0,288,0.02,0.34702566266059875
2195,206.76328814745344,1,0,263,0.02,0.3485807180404663
2196,201.0042563907292,1,0,294,0.02,0.34663498401641846
2197,207.53238336483506,1,0,296,0.02,0.3446032404899597
2198,179.75383296886943,1,0,259,0.02,0.34924083948135376
2199,207.63074137608075,1,0,284,0.02,0.34501373767852783
2200,201.26371994892622,1,0,259,0.02,0.3467690944671631
2201,184.5647355771104,1,0,273,0.02,0.3457188606262207
2202,201.3135422078755,1,0,262,0.02,0.34681352972984314
2203,185.55796628714003,1,0,232,0.02,0.3499111831188202
2204,179.94346884012614,1,0,262,0.02,0.34103554487228394
2205,173.51802921057134,1,0,272,0.02,0.34489545226097107
2206,206.24433231750987,1,0,287,0.02,0.3441160023212433
2207,190.10212990681197,1,0,266,0.02,0.33966660499572754
2208,210.4390879432347,1,0,273,0.02,0.34542709589004517
2209,202.23136649370585,1,0,244,0.02,0.34906113147735596
2210,199.4797687474873,1,0,284,0.02,0.34525689482688904
2211,-2.832741916175745,0,0,300,0.02,0.4175882339477539
2212,-107.90564490397908,0,0,300,0.02,1.8466103076934814
2213,52.25873258987931,0,0,300,0.02,0.3480159342288971
2214,197.58498378038797,1,0,239,0.02,0.34815680980682373
2215,210.6924645272877,1,0,299,0.02,0.3395829498767853
2216,202.3626984254506,1,0,273,0.02,0.34202447533607483
2217,192.93547268311048,1,0,290,0.02,0.3463309109210968
2218,208.5997400085118,1,0,280,0.02,0.34276407957077026
2219,210.05676300446058,1,0,269,0.02,0.3460083305835724
2220,205.8155484366456,1,0,286,0.02,0.3380156457424164
2221,170.66957786798872,1,0,221,0.02,0.34700828790664673
2222,199.0985085956242,1,0,227,0.02,0.3480719327926636
2223,204.15924480677046,1,0,278,0.02,0.34959155321121216
2224,200.42222824812325,1,0,298,0.02,0.3463456928730011
2225,-12.402221801277062,0,0,300,0.02,0.6999582052230835
2226,202.22044917822274,1,0,267,0.02,0.3492904603481293
2227,214.11823225895432,1,0,278,0.02,0.34564101696014404
2228,209.88943461338545,1,0,237,0.02,0.34784042835235596
2229,185.36194955269363,1,0,270,0.02,0.34221169352531433
2230,188.70973668972516,1,0,276,0.02,0.34776490926742554
2231,26.66791759411359,0,0,300,0.02,0.3582196831703186
2232,203.38092840591932,1,0,237,0.02,0.34246698021888733
2233,209.21527969280746,1,0,253,0.02,0.3488791584968567
2234,201.31102090279123,1,0,289,0.02,0.33994385600090027
2235,26.158859233060095,0,0,300,0.02,0.3904842734336853
2236,215.80261795918014,1,0,284,0.02,0.3420445919036865
2237,204.12140960932172,1,0,293,0.02,0.3390503525733948
2238,205.44591826836137,1,0,269,0.02,0.3412195146083832
2239,207.87801673809554,1,0,298,0.02,0.3481948971748352
2240,192.27542560497784,1,0,273,0.02,0.34884268045425415
2241,56.5502812314073,0,0,300,0.02,0.35433244705200195
2242,50.318545992378326,0,0,300,0.02,0.3472662568092346
2243,208.32790954987075,1,0,287,0.02,0.3432216942310333
2244,208.2120576659825,1,0,284,0.02,0.3396846652030945
2245,-13.59486203908531,0,0,300,0.02,0.5156182646751404
2246,200.40161578575638,1,0,258,0.02,0.3472951352596283
2247,190.9349856034901,1,0,296,0.02,0.34895268082618713
2248,212.14876155773663,1,0,250,0.02,0.3480086922645569
2249,22.262135833897883,0,0,300,0.02,0.3621651232242584
2250,35.013596198562766,0,0,300,0.02,0.3835037052631378
2251,199.66838783661393,1,0,287,0.02,0.3481021225452423
2252,203.42561908165482,1,0,291,0.02,0.3487943112850189
2253,201.5943042492906,1,0,261,0.02,0.33832669258117676
2254,200.6515845529225,1,0,263,0.02,0.34730294346809387
2255,205.43471080700422,1,0,297,0.02,0.34402137994766235
2256,214.9006592408803,1,0,286,0.02,0.34503427147865295
2257,186.89371229410568,1,0,272,0.02,0.3484746813774109
2258,50.09648880720535,0,0,300,0.02,0.3502805531024933
2259,211.80174787918594,1,0,293,0.02,0.34976211190223694
2260,207.54670220772286,1,0,289,0.02,0.3460235297679901
2261,206.2825065175679,1,0,290,0.02,0.34707245230674744
2262,201.19791085163618,1,0,237,0.02,0.34072136878967285
2263,204.08807741562393,1,0,282,0.02,0.34817972779273987
2264,209.8767630044606,1,0,276,0.02,0.3460083305835724
2265,214.3650669852879,1,0,289,0.02,0.3389323353767395
2266,33.5063946843187,0,0,300,0.02,0.3953040838241577
2267,199.3785683194783,1,0,277,0.02,0.34805700182914734
2268,205.43320926586654,1,0,247,0.02,0.3493967652320862
2269,43.47759539366157,0,0,300,0.02,0.3725039064884186
2270,208.4084071485188,1,0,280,0.02,0.3480972945690155
2271,207.79562420765427,1,0,282,0.02,0.34879302978515625
2272,202.96267124573257,1,0,274,0.02,0.3420312702655792
2273,213.06981309334304,1,0,291,0.02,0.3452458083629608
2274,213.9651824990895,1,0,289,0.02,0.3389034569263458
2275,210.43810398975876,1,0,274,0.02,0.3456730842590332
2276,208.57622531652845,1,0,284,0.02,0.34034642577171326
2277,203.74248781124615,1,0,274,0.02,0.3495771288871765
2278,197.63274041573072,1,0,230,0.02,0.349513977766037
2279,51.254079126515656,0,0,300,0.02,0.34667930006980896
2280,211.15231148163343,1,0,277,0.02,0.3446212112903595
2281,205.73877322117355,1,0,300,0.02,0.3430057764053345
2282,210.07913169304396,1,0,292,0.02,0.3454161584377289
2283,197.7386137000706,1,0,297,0.02,0.3380456566810608
2284,186.37227096954845,1,0,273,0.02,0.34963133931159973
2285,206.640699891248,1,0,273,0.02,0.34502410888671875
2286,216.93277709722912,1,0,274,0.02,0.34870848059654236
2287,215.55018119255567,1,0,271,0.02,0.3401537835597992
2288,212.24672569195297,1,0,267,0.02,0.34601765871047974
2289,35.19389394998946,0,0,300,0.02,0.3434292674064636
2290,37.706300928596605,0,0,300,0.02,0.3803275227546692
2291,214.88054752270244,1,0,277,0.02,0.3400622010231018
2292,203.80750410000348,1,0,277,0.02,0.33832305669784546
2293,14.109754389920452,0,0,300,0.02,0.3627604842185974
2294,37.189776748814815,0,0,300,0.02,0.3802548944950104
2295,203.85499855915572,1,0,235,0.02,0.33894944190979004
2296,209.41636041561628,1,0,293,0.02,0.3411089777946472
2297,205.42862670341992,1,0,285,0.02,0.34054240584373474
2298,211.38340365807082,1,0,300,0.02,0.339348167181015
2299,41.36772265673082,0,0,300,0.02,0.38997209072113037
2300,52.40706651449595,0,0,300,0.02,0.35513612627983093
2301,210.15387314240002,1,0,272,0.02,0.3492307960987091
2302,215.18670505920915,1,0,291,0.02,0.3435228168964386
2303,44.83623852491775,0,0,300,0.02,0.3653431236743927
2304,211.07113999605576,1,0,273,0.02,0.3491177558898926
2305,197.7797384778645,1,0,267,0.02,0.3477644622325897
2306,211.7532547752049,1,0,276,0.02,0.34188538789749146
2307,208.38835634628796,1,0,274,0.02,0.34310999512672424
2308,216.47702858368422,1,0,273,0.02,0.3409419357776642
2309,193.34232199112435,1,0,266,0.02,0.3496185839176178
2310,209.83676300446058,1,0,278,0.02,0.3460083305835724
2311,197.8849517130891,1,0,283,0.02,0.348164826631546
2312,207.57960484425095,1,0,296,0.02,0.34779787063598633
2313,210.32170815388227,1,0,286,0.02,0.3422720432281494
2314,208.605336894193,1,0,288,0.02,0.3438648581504822
2315,193.92064622164165,1,0,279,0.02,0.3467411994934082
2316,0.6001820969621064,0,0,300,0.02,0.42935723066329956
2317,219.46152756134535,1,0,281,0.02,0.344817191362381
2318,207.62894569794204,1,0,285,0.02,0.33796265721321106
2319,204.12918639103438,1,0,280,0.02,0.3404024839401245
2320,200.67774526358048,1,0,280,0.02,0.34746643900871277
2321,210.45980246464276,1,0,278,0.02,0.3402484655380249
2322,212.11845983902478,1,0,265,0.02,0.34808412194252014
2323,203.17697782913712,1,0,295,0.02,0.34845462441444397
2324,195.8008601085332,1,0,284,0.02,0.3449840545654297
2325,10.281991255287299,0,0,300,0.02,0.43890494108200073
2326,54.790451443199345,0,0,300,0.02,0.3492898941040039
2327,189.34910207510387,1,0,270,0.02,0.3396272361278534
2328,205.17848325968185,1,0,276,0.02,0.3397819399833679
2329,199.26435220003523,1,0,282,0.02,0.34581470489501953
2330,180.23585208177963,1,0,267,0.02,0.34293973445892334
2331,196.23205383539596,1,0,289,0.02,0.3438892960548401
2332,182.0591519427339,1,0,282,0.02,0.3496147692203522
2333,207.301408894066,1,0,287,0.02,0.3390505313873291
2334,187.8796959948579,1,0,243,0.02,0.3444787561893463
2335,192.89910615683,1,0,276,0.02,0.34712621569633484
2336,194.08405397335554,1,0,269,0.02,0.34668558835983276
2337,197.83884229898848,1,0,277,0.02,0.33469218015670776
2338,203.357072481313,1,0,270,0.02,0.34843096137046814
2339,191.32239661613966,1,0,281,0.02,0.3495999276638031
2340,213.63182224670913,1,0,297,0.02,0.3447435200214386
2341,206.24034046570327,1,0,265,0.02,0.34261396527290344
2342,199.1605191604283,1,0,278,0.02,0.3425692915916443
2343,211.84160181284344,1,0,283,0.02,0.34900230169296265
2344,208.6901613036778,1,0,289,0.02,0.34515875577926636
2345,195.13459336678054,1,0,265,0.02,0.3390507400035858
2346,211.82320564508834,1,0,291,0.02,0.3461013436317444
2347,211.1367630044606,1,0,268,0.02,0.3460083305835724
2348,197.77883685986063,1,0,263,0.02,0.337989866733551
2349,196.0671282426503,1,0,280,0.02,0.34091702103614807
2350,30.01669952789804,0,0,300,0.02,0.3935241997241974
2351,217.25587795973217,1,0,253,0.02,0.3454332649707794
2352,198.5240548173573,1,0,277,0.02,0.34918537735939026
2353,199.88288069010179,1,0,279,0.02,0.34868258237838745
2354,204.5417968646672,1,0,268,0.02,0.3472498655319214
2355,173.23152313471235,1,0,288,0.02,0.3490219712257385
2356,220.20135577122232,1,0,274,0.02,0.34236013889312744
2357,205.8673838464406,1,0,274,0.02,0.34585312008857727
2358,52.3661686460164,0,0,300,0.02,0.35115692019462585
2359,211.23197172562146,1,0,293,0.02,0.3422061502933502
2360,191.8572926608708,1,0,264,0.02,0.34837591648101807
2361,9.394778883461091,0,0,300,0.02,0.3857080340385437
2362,192.34127992868818,1,0,283,0.02,0.344082772731781
2363,169.99771154324077,1,0,208,0.02,0.3432711958885193
2364,195.89523304701248,1,0,259,0.02,0.34809449315071106
2365,195.39652849117783,1,0,268,0.02,0.33856695890426636
2366,202.61738059282698,1,0,231,0.02,0.3450576066970825
2367,182.118883856931,1,0,223,0.02,0.3454781174659729
2368,197.87876537243395,1,0,267,0.02,0.3480077385902405
2369,200.7440539479295,1,0,266,0.02,0.34838926792144775
2370,198.433652228513,1,0,271,0.02,0.3442860245704651
2371,185.98270246267714,1,0,257,0.02,0.34622713923454285
2372,203.1891764903108,1,0,263,0.02,0.3471086323261261
2373,203.91216140667464,1,0,227,0.02,0.3471587300300598
2374,200.28536385456587,1,0,268,0.02,0.348858118057251
2375,197.10884092569745,1,0,260,0.02,0.34969252347946167
2376,37.080311130681295,0,0,300,0.02,0.3401212990283966
2377,167.41829088449873,1,0,295,0.02,0.3473300337791443
2378,206.7400935387651,1,0,258,0.02,0.33937937021255493
2379,179.2211564374009,1,0,287,0.02,0.34661364555358887
2380,196.5856337348607,1,0,266,0.02,0.346290647983551
2381,202.1458835625688,1,0,232,0.02,0.3454318642616272
2382,170.64237271070874,1,0,267,0.02,0.3413095772266388
2383,195.89523304701248,1,0,259,0.02,0.34809449315071106
2384,25.236125187077818,0,0,300,0.02,0.3336677849292755
2385,191.53777580658462,1,0,280,0.02,0.34575513005256653
2386,193.45225220919048,1,0,227,0.02,0.34633970260620117
2387,186.15645206848643,1,0,242,0.02,0.33608606457710266
2388,18.917899912991814,0,0,300,0.02,0.34822410345077515
2389,195.4722229456941,1,0,250,0.02,0.3313470184803009
2390,186.09384076357284,1,0,263,0.02,0.3384425640106201
2391,188.32813969850935,1,0,262,0.02,0.33986783027648926
2392,17.748192872205088,0,0,300,0.02,0.33315086364746094
2393,194.02394165277875,1,0,264,0.02,0.34841734170913696
2394,190.51552462339794,1,0,290,0.02,0.34552159905433655
2395,196.89981354475418,1,0,259,0.02,0.34694936871528625
2396,203.8189115595857,1,0,261,0.02,0.3346748650074005
2397,191.0607857060472,1,0,252,0.02,0.3492063283920288
2398,200.58260527849592,1,0,269,0.02,0.3387514352798462
2399,204.96016340494552,1,0,277,0.02,0.34186190366744995
2400,-12.157539792856898,0,0,279,0.02,0.4570840299129486
2401,203.85712443748974,1,0,234,0.02,0.3434179723262787
2402,197.20019562641642,1,0,245,0.02,0.3426501750946045
2403,207.73475586811566,1,0,271,0.02,0.3440101146697998
2404,206.70217032829785,1,0,291,0.02,0.3421564996242523
2405,209.36300517956283,1,0,278,0.02,0.3494477868080139
2406,206.34199940125012,1,0,247,0.02,0.3471992313861847
2407,197.6895140910188,1,0,276,0.02,0.34702423214912415
2408,55.150939373174,0,0,300,0.02,0.34246423840522766
2409,209.50257064262894,1,0,279,0.02,0.34455642104148865
2410,214.85389635006453,1,0,277,0.02,0.33922499418258667
2411,190.11200441757703,1,0,275,0.02,0.3496979773044586
2412,207.665621227422,1,0,282,0.02,0.34879377484321594
2413,208.8238389197972,1,0,284,0.02,0.34673935174942017
2414,204.29267124573255,1,0,272,0.02,0.3420312702655792
2415,209.20936643362438,1,0,288,0.02,0.32706114649772644
2416,-34.07699137448872,0,0,300,0.02,0.698650598526001
2417,202.87301898876692,1,0,279,0.02,0.3444443345069885
2418,198.7922592520753,1,0,270,0.02,0.3488379418849945
2419,206.58426186481978,1,0,240,0.02,0.3441336154937744
2420,207.24339081207773,1,0,240,0.02,0.3468513786792755
2421,200.48405670563244,1,0,292,0.02,0.34418490529060364
2422,198.3784885303166,1,0,273,0.02,0.33807694911956787
2423,204.26624011755385,1,0,292,0.02,0.3453427255153656
2424,204.0113312236454,1,0,291,0.02,0.3448662757873535
2425,207.41235976139572,1,0,287,0.02,0.3446091413497925
2426,202.36770535389448,1,0,271,0.02,0.34577274322509766
2427,205.0040411829988,1,0,274,0.02,0.34589245915412903
2428,195.1385160708467,1,0,267,0.02,0.34727373719215393
2429,192.82363731146248,1,0,293,0.02,0.34849342703819275
2430,28.560210764412076,0,0,300,0.02,0.38185006380081177
2431,209.35637639919784,1,0,275,0.02,0.3436049818992615
2432,-11.212417445978902,0,0,300,0.02,0.49830344319343567
2433,43.460197204747445,0,0,300,0.02,0.3501497805118561
2434,208.795726608434,1,0,291,0.02,0.3487674295902252
2435,204.17510445515182,1,0,296,0.02,0.3489229679107666
2436,206.26064864079018,1,0,287,0.02,0.34753692150115967
2437,204.9637460462239,1,0,266,0.02,0.34426257014274597
2438,203.92052058140303,1,0,278,0.02,0.3400689363479614
2439,209.84400449196363,1,0,269,0.02,0.34419795870780945
2440,193.57599193970225,1,0,215,0.02,0.3412010967731476
2441,210.30156451622514,1,0,278,0.02,0.3448079526424408
2442,41.79985802412431,0,0,300,0.02,0.38193824887275696
2443,208.4071374503758,1,0,280,0.02,0.34841471910476685
2444,191.778165128235,1,0,266,0.02,0.3498614728450775
2445,205.59619090954328,1,0,296,0.02,0.34365135431289673
2446,205.40555706421395,1,0,272,0.02,0.3413098156452179
2447,198.9201179114964,1,0,265,0.02,0.3451696038246155
2448,19.908599307540957,0,0,300,0.02,0.41725292801856995
2449,195.8418251172688,1,0,291,0.02,0.3472428023815155
2450,208.65172447920236,1,0,273,0.02,0.3489716351032257
2451,208.13949372211957,1,0,284,0.02,0.34282565116882324
2452,50.48821189642348,0,0,300,0.02,0.3598497807979584
2453,197.67647785584,1,0,262,0.02,0.34607961773872375
2454,213.50270260731247,1,0,287,0.02,0.34452342987060547
2455,179.78408389488717,1,0,288,0.02,0.34667810797691345
2456,209.95649096886183,1,0,271,0.02,0.3460763394832611
2457,204.10326800743604,1,0,272,0.02,0.3418820798397064
2458,198.71232732693218,1,0,242,0.02,0.3421172499656677
2459,215.98074862877394,1,0,271,0.02,0.34001192450523376
2460,187.67217150450148,1,0,259,0.02,0.34635987877845764
2461,173.86305246750373,1,0,283,0.02,0.33943596482276917
2462,213.67835335970315,1,0,286,0.02,0.34981441497802734
2463,-14.981082847114468,0,0,300,0.02,0.5196734666824341
2464,200.11260069290662,1,0,261,0.02,0.34704890847206116
2465,212.70468684593703,1,0,278,0.02,0.3440273702144623
2466,188.77908853928113,1,0,299,0.02,0.3454269468784332
2467,207.45549305836226,1,0,292,0.02,0.3438258171081543
2468,203.94702156940963,1,0,282,0.02,0.3459436893463135
2469,207.8537573901799,1,0,288,0.02,0.34925973415374756
2470,205.83545561710858,1,0,269,0.02,0.3413351774215698
2471,206.9460154430058,1,0,274,0.02,0.3461952209472656
2472,205.9415877461473,1,0,279,0.02,0.3490058183670044
2473,205.68914705515303,1,0,279,0.02,0.34961599111557007
2474,206.83857385874188,1,0,261,0.02,0.33975929021835327
2475,207.33330686966445,1,0,290,0.02,0.34187236428260803
2476,210.0233914081242,1,0,245,0.02,0.3468512296676636
2477,209.2794417405168,1,0,294,0.02,0.3495423197746277
2478,196.071214454178,1,0,297,0.02,0.3365991413593292
2479,-86.12934037288156,0,0,300,0.02,1.3525341749191284
2480,205.9231482768098,1,0,290,0.02,0.33861568570137024
2481,211.76676300446059,1,0,264,0.02,0.3460083305835724
2482,205.87970935265088,1,0,267,0.02,0.3377717435359955
2483,207.56160542408492,1,0,259,0.02,0.34979772567749023
2484,212.2294296908418,1,0,270,0.02,0.34704533219337463
2485,-23.106737158294557,0,0,300,0.02,0.49608704447746277
2486,206.02468563795483,1,0,279,0.02,0.34823134541511536
2487,216.45289308786784,1,0,273,0.02,0.34867948293685913
2488,204.01995971123245,1,0,294,0.02,0.34270915389060974
2489,210.6316876594212,1,0,269,0.02,0.3447771668434143
2490,204.73143265167738,1,0,268,0.02,0.33984091877937317
2491,15.99705602089429,0,0,300,0.02,0.40843507647514343
2492,210.01744309345747,1,0,280,0.02,0.3458383083343506
2493,201.55672569195295,1,0,262,0.02,0.34601765871047974
2494,203.036771800522,1,0,240,0.02,0.3477098047733307
2495,58.41291311184433,0,0,300,0.02,0.3394708037376404
2496,199.29868221998606,1,0,292,0.02,0.33973219990730286
2497,197.3140140477803,1,0,256,0.02,0.34919556975364685
2498,186.18657239834334,1,0,261,0.02,0.3485559821128845
2499,209.06112426678206,1,0,288,0.02,0.34241801500320435
2500,210.45056351582076,1,0,280,0.02,0.3450582027435303
2501,203.08485971848035,1,0,299,0.02,0.34898415207862854
2502,209.70804737488294,1,0,274,0.02,0.34818723797798157
2503,209.69643528858688,1,0,282,0.02,0.34359025955200195
2504,20.821970555786237,0,0,300,0.02,0.41891011595726013
2505,194.37945224682352,1,0,276,0.02,0.34533601999282837
2506,46.59678200006883,0,0,300,0.02,0.3652072548866272
2507,201.16251432180795,1,0,300,0.02,0.338774174451828
2508,-20.190509548983325,0,0,300,0.02,0.9853264689445496
2509,37.121861476102126,0,0,300,0.02,0.34723371267318726
2510,181.49937615633408,1,0,277,0.02,0.3445587158203125
2511,206.94244135618607,1,0,271,0.02,0.33629241585731506
2512,174.79191747904218,1,0,285,0.02,0.34892338514328003
2513,-51.88339278300736,0,0,300,0.02,0.9135472774505615
2514,211.6390285865453,1,0,263,0.02,0.34794193506240845
2515,193.6300413537065,1,0,259,0.02,0.34689241647720337
2516,195.24582601944473,1,0,263,0.02,0.3462425768375397
2517,200.80862455130017,1,0,267,0.02,0.34724661707878113
2518,192.66240082502762,1,0,270,0.02,0.3363025486469269
2519,189.25707719564835,1,0,271,0.02,0.342633455991745
2520,204.07066014051833,1,0,269,0.02,0.3392377197742462
2521,192.23955011765028,1,0,252,0.02,0.34531155228614807
2522,197.8975226903001,1,0,264,0.02,0.3450220823287964
2523,199.38193295717633,1,0,271,0.02,0.3439195156097412
2524,205.22307322899368,1,0,269,0.02,0.3444307744503021
2525,-15.201512604555854,0,0,300,0.02,0.790577232837677
2526,189.58238868475357,1,0,261,0.02,0.34130558371543884
2527,191.4109480945256,1,0,256,0.02,0.3474620580673218
2528,46.68911983728805,0,0,300,0.02,0.3396227955818176
2529,188.41957902193465,1,0,286,0.02,0.337007999420166
2530,167.09531269470716,1,0,256,0.02,0.3438709080219269
2531,199.1053574633638,1,0,269,0.02,0.33806338906288147
2532,200.10253866911327,1,0,270,0.02,0.34626808762550354
2533,206.96340813398757,1,0,260,0.02,0.33355072140693665
2534,207.15839587927263,1,0,281,0.02,0.3398037850856781
2535,207.0323725009004,1,0,238,0.02,0.3488096296787262
2536,198.37094005346694,1,0,274,0.02,0.3416677415370941
2537,211.87600770393874,1,0,260,0.02,0.34869715571403503
2538,193.28719907204177,1,0,276,0.02,0.3458993136882782
2539,194.5722542357484,1,0,257,0.02,0.3463391959667206
2540,207.1040502047578,1,0,257,0.02,0.3358902037143707
2541,194.83474082231916,1,0,275,0.02,0.34571754932403564
2542,25.38566066185499,0,0,300,0.02,0.3737839162349701
2543,12.892972067990547,0,0,300,0.02,0.3569560647010803
2544,202.2626189414647,1,0,255,0.02,0.34954434633255005
2545,186.5867752448704,1,0,254,0.02,0.3360052704811096
2546,197.85510668516554,1,0,228,0.02,0.348126083612442
2547,184.2976585888902,1,0,261,0.02,0.3449881076812744
2548,194.60020048857132,1,0,268,0.02,0.3443526327610016
2549,165.30280724764262,1,0,297,0.02,0.34620094299316406
2550,206.96340813398757,1,0,260,0.02,0.33355072140693665
2551,187.87196074247754,1,0,263,0.02,0.3464125692844391
2552,194.36740420580307,1,0,269,0.02,0.34755170345306396
2553,179.9091634202043,1,0,270,0.02,0.3271118998527527
2554,194.28486371755997,1,0,273,0.02,0.3431868255138397
2555,192.4143762803117,1,0,270,0.02,0.3458086848258972
2556,178.08089585543067,1,0,295,0.02,0.3491787910461426
2557,201.49145444155135,1,0,276,0.02,0.3415391445159912
2558,181.0691663352635,1,0,252,0.02,0.332907497882843
2559,199.08715225935373,1,0,282,0.02,0.3326146900653839
2560,195.83162133455667,1,0,277,0.02,0.34149742126464844
2561,6.077067019943347,0,0,300,0.02,0.487635999917984
2562,197.52164426723982,1,0,261,0.02,0.3447880148887634
2563,189.12544568777474,1,0,232,0.02,0.3405413329601288
2564,199.47486850500502,1,0,268,0.02,0.34818562865257263
2565,26.34437931458024,0,0,300,0.02,0.35160425305366516
2566,194.4876202130357,1,0,277,0.02,0.34749770164489746
2567,197.41910159826674,1,0,257,0.02,0.33962735533714294
2568,190.7005110478441,1,0,281,0.02,0.34927499294281006
2569,194.5217875663426,1,0,267,0.02,0.3472521901130676
2570,193.11566889206438,1,0,299,0.02,0.34378185868263245
2571,-13.689586417671102,0,0,300,0.02,0.48679935932159424
2572,195.18531326532758,1,0,269,0.02,0.34557443857192993
2573,195.52616894007124,1,0,255,0.02,0.34286051988601685
2574,179.9865797066728,1,0,272,0.02,0.3352578282356262
2575,10.230761124287696,0,0,300,0.02,0.7031060457229614
2576,194.03207696199811,1,0,268,0.02,0.3438835144042969
2577,204.3968252030995,1,0,271,0.02,0.3384927809238434
2578,193.44537333727277,1,0,273,0.02,0.3430594205856323
2579,205.9378145051042,1,0,278,0.02,0.3424491286277771
2580,193.37040948152935,1,0,229,0.02,0.3493003845214844
2581,201.0665579104463,1,0,258,0.02,0.3402632772922516
2582,194.85007547298935,1,0,271,0.02,0.3451802134513855
2583,205.32007720709242,1,0,274,0.02,0.33938345313072205
2584,194.78531776667035,1,0,270,0.02,0.3380733132362366
2585,19.291506461301104,0,0,300,0.02,0.3448224663734436
2586,10.068494317535512,0,0,300,0.02,0.39477917551994324
2587,180.54149403810894,1,0,265,0.02,0.3465292453765869
2588,200.43787857452898,1,0,263,0.02,0.34822943806648254
2589,185.78925000429544,1,0,295,0.02,0.33709025382995605
2590,192.52087493658456,1,0,289,0.02,0.33418402075767517
2591,194.435510353246,1,0,274,0.02,0.3463214933872223
2592,25.68109607616921,0,0,300,0.02,0.3899250626564026
2593,196.20367269754803,1,0,278,0.02,0.3434845805168152
2594,186.8194801131871,1,0,256,0.02,0.337829053401947
2595,209.61695320845047,1,0,292,0.02,0.340164452791214
2596,188.0409289860765,1,0,272,0.02,0.3466705083847046
2597,193.18599919239549,1,0,286,0.02,0.3361992835998535
2598,194.80488772312668,1,0,254,0.02,0.3464771509170532
2599,42.859884709515825,0,0,300,0.02,0.3377279043197632
2600,196.01936103582779,1,0,292,0.02,0.34956249594688416
2601,25.787977759842008,0,0,300,0.02,0.4199083149433136
2602,193.4848178474095,1,0,228,0.02,0.341494619846344
2603,215.22975823799635,1,0,291,0.02,0.34025952219963074
2604,204.03374031464125,1,0,274,0.02,0.34176400303840637
2605,214.65058638493088,1,0,273,0.02,0.3400524854660034
2606,193.7946254531529,1,0,283,0.02,0.34404271841049194
2607,208.6712463275578,1,0,292,0.02,0.33988749980926514
2608,203.38821732283026,1,0,283,0.02,0.3448484241962433
2609,200.20022792259718,1,0,273,0.02,0.3401421010494232
2610,205.44535571972398,1,0,269,0.02,0.3413601517677307
2611,199.52363124767805,1,0,273,0.02,0.3442912697792053
2612,211.1367630044606,1,0,268,0.02,0.3460083305835724
2613,198.73082911411788,1,0,278,0.02,0.3449918031692505
2614,207.29752605358627,1,0,268,0.02,0.34331756830215454
2615,213.91683356682327,1,0,296,0.02,0.34349068999290466
2616,221.1439009992268,1,0,281,0.02,0.33922383189201355
2617,209.23491049210097,1,0,278,0.02,0.3464714586734772
2618,215.38551354328655,1,0,288,0.02,0.3388206958770752
2619,46.188708999160845,0,0,300,0.02,0.3597255051136017
2620,205.01882684628038,1,0,271,0.02,0.3379923701286316
2621,210.81654971996807,1,0,268,0.02,0.34106165170669556
2622,197.69252092281846,1,0,296,0.02,0.3420688509941101
2623,195.09392808834576,1,0,237,0.02,0.34671705961227417
2624,182.2062718526509,1,0,246,0.02,0.3436311185359955
2625,202.07668171326188,1,0,289,0.02,0.348528653383255
2626,210.33314915577435,1,0,272,0.02,0.34191179275512695
2627,190.84838626781965,1,0,295,0.02,0.34310251474380493
2628,208.6432686320927,1,0,269,0.02,0.3493819236755371
2629,205.81322783390544,1,0,285,0.02,0.3418921232223511
2630,213.20594308296705,1,0,282,0.02,0.34621331095695496
2631,195.08353374401594,1,0,297,0.02,0.34681564569473267
2632,200.1282343951848,1,0,272,0.02,0.34314048290252686
2633,209.75308647076156,1,0,275,0.02,0.3469274640083313
2634,219.02729312817124,1,0,286,0.02,0.3458757996559143
2635,-64.30489237864946,0,0,300,0.02,1.491422176361084
2636,200.10589085976144,1,0,296,0.02,0.34372636675834656
2637,201.65259496132398,1,0,285,0.02,0.34455034136772156
2638,199.4438085309651,1,0,243,0.02,0.34924694895744324
2639,190.02182345787554,1,0,281,0.02,0.34974321722984314
2640,192.96965311447644,1,0,230,0.02,0.3452858030796051
2641,214.95697482029465,1,0,297,0.02,0.34095537662506104
2642,203.75037741423046,1,0,239,0.02,0.34930840134620667
2643,198.08761712948348,1,0,286,0.02,0.34329479932785034
2644,218.80320696274308,1,0,281,0.02,0.3393973410129547
2645,211.77831497112777,1,0,300,0.02,0.34062033891677856
2646,204.7512456218388,1,0,227,0.02,0.34238767623901367
2647,214.11500666538743,1,0,289,0.02,0.3389474153518677
2648,211.99581670204665,1,0,291,0.02,0.3412449061870575
2649,195.6781134072926,1,0,266,0.02,0.3456707298755646
2650,-61.969830237231,0,0,300,0.02,1.3126566410064697
2651,50.20330501318371,0,0,300,0.02,0.3635765016078949
2652,199.31522068420915,1,0,274,0.02,0.3488939106464386
2653,203.9919911853459,1,0,270,0.02,0.34970128536224365
2654,208.83982691208388,1,0,277,0.02,0.34274235367774963
2655,200.28966826359297,1,0,271,0.02,0.3477820158004761
2656,197.65683549324532,1,0,286,0.02,0.3484902083873749
2657,36.925044502415915,0,0,300,0.02,0.3514379560947418
2658,210.14276900688677,1,0,293,0.02,0.3445068299770355
2659,211.98159525633253,1,0,293,0.02,0.34900394082069397
2660,201.5470103541996,1,0,267,0.02,0.3434464931488037
2661,206.8562210599568,1,0,274,0.02,0.34114381670951843
2662,51.44418271303573,0,0,300,0.02,0.35335707664489746
2663,206.3581051564256,1,0,285,0.02,0.3473764657974243
2664,202.86734469175735,1,0,294,0.02,0.3400665819644928
2665,215.03833370605972,1,0,270,0.02,0.3456156551837921
2666,205.59800909916424,1,0,236,0.02,0.3456968069076538
2667,206.49463140408062,1,0,292,0.02,0.34154123067855835
2668,208.40653577248122,1,0,280,0.02,0.3410651385784149
2669,203.8361798977891,1,0,258,0.02,0.34035778045654297
2670,-19.85545881350965,0,0,281,0.02,0.5665637850761414
2671,216.4400768844273,1,0,270,0.02,0.3401798605918884
2672,208.50299265305068,1,0,285,0.02,0.3469509184360504
2673,190.4060405961659,1,0,263,0.02,0.3461889326572418
2674,202.52854302168285,1,0,280,0.02,0.3497669994831085
2675,210.4089159337666,1,0,251,0.02,0.3479700982570648
2676,197.48828159571087,1,0,269,0.02,0.34983235597610474
2677,194.610510084633,1,0,271,0.02,0.34677523374557495
2678,211.7795464030888,1,0,283,0.02,0.34031248092651367
2679,211.1367630044606,1,0,268,0.02,0.3460083305835724
2680,211.1367630044606,1,0,268,0.02,0.3460083305835724
2681,210.82050651470686,1,0,268,0.02,0.3400724530220032
2682,203.96152934948464,1,0,276,0.02,0.34481674432754517
2683,19.19435236692822,0,0,300,0.02,0.4208146631717682
2684,48.99595331907665,0,0,300,0.02,0.3504144251346588
2685,199.32868562141923,1,0,268,0.02,0.34802767634391785
2686,211.76325261990095,1,0,297,0.02,0.3393859267234802
2687,29.780533392433277,0,0,300,0.02,0.3942694067955017
2688,36.25004644314318,0,0,300,0.02,0.36018747091293335
2689,178.86103282690442,1,0,266,0.02,0.3491445481777191
2690,202.41176349560288,1,0,259,0.02,0.34975820779800415
2691,188.9151423811952,1,0,278,0.02,0.33061715960502625
2692,170.782468470731,1,0,244,0.02,0.3420819640159607
2693,181.91557422399916,1,0,274,0.02,0.3480091989040375
2694,168.41175247431192,1,0,270,0.02,0.3439646363258362
2695,196.85453940311936,1,0,257,0.02,0.3490642309188843
2696,198.174271530309,1,0,228,0.02,0.3466311991214752
2697,193.62404561916856,1,0,267,0.02,0.3441876769065857
2698,194.90331434488695,1,0,265,0.02,0.3410741686820984
2699,204.68584160089887,1,0,244,0.02,0.34544235467910767
2700,181.21625645557907,1,0,282,0.02,0.3386349678039551
2701,182.20476525068676,1,0,265,0.02,0.34321144223213196
2702,178.9257584023515,1,0,262,0.02,0.3479631543159485
2703,205.9600880360643,1,0,264,0.02,0.33438074588775635
2704,45.089610108533186,0,0,300,0.02,0.3527965545654297
2705,197.60284756580853,1,0,260,0.02,0.34448719024658203
2706,27.5795732951204,0,0,300,0.02,0.3670094311237335
2707,198.0639154171983,1,0,285,0.02,0.34592390060424805
2708,173.28013835192115,1,0,283,0.02,0.33686816692352295
2709,196.1339534449617,1,0,266,0.02,0.34591439366340637
2710,36.74431635300189,0,0,300,0.02,0.34661999344825745
2711,-47.59319434245563,0,0,300,0.02,1.433497667312622
2712,195.02095055977372,1,0,269,0.02,0.3374614417552948
2713,199.92720062176255,1,0,266,0.02,0.34589892625808716
2714,194.97547271013653,1,0,272,0.02,0.33053457736968994
2715,200.32336143255628,1,0,256,0.02,0.34106239676475525
2716,193.33083194017803,1,0,275,0.02,0.34419476985931396
2717,206.96340813398757,1,0,260,0.02,0.33355072140693665
2718,201.63811573744212,1,0,237,0.02,0.3398738205432892
2719,170.57574148098493,1,0,292,0.02,0.34126371145248413
2720,25.197721469406236,0,0,300,0.02,0.35997238755226135
2721,187.9812926936189,1,0,265,0.02,0.34657958149909973
2722,9.754809696678228,0,0,300,0.02,0.46320033073425293
2723,192.28985824823775,1,0,269,0.02,0.34693819284439087
2724,169.15909030199447,1,0,253,0.02,0.3471301794052124
2725,194.0223738122026,1,0,266,0.02,0.34880930185317993
2726,26.44295630216989,0,0,300,0.02,0.3886636793613434
2727,190.856907376447,1,0,257,0.02,0.3484722375869751
2728,176.13823354483046,1,0,269,0.02,0.34734436869621277
2729,-61.30593680461385,0,0,300,0.02,2.014183282852173
2730,196.157588622574,1,0,263,0.02,0.3475055992603302
2731,191.7434786343614,1,0,234,0.02,0.34603309631347656
2732,196.5726283494618,1,0,268,0.02,0.3470419943332672
2733,195.84764027515914,1,0,296,0.02,0.34828901290893555
2734,197.24925001383224,1,0,255,0.02,0.33959025144577026
2735,194.0324569010774,1,0,263,0.02,0.3487885296344757
2736,33.38448183456926,0,0,300,0.02,0.35157862305641174
2737,13.938831376233392,0,0,300,0.02,0.33799123764038086
2738,175.82411295652784,1,0,264,0.02,0.34837451577186584
2739,204.54945303678912,1,0,281,0.02,0.3420394957065582
2740,202.95498542070783,1,0,259,0.02,0.3406563997268677
2741,194.62821958780683,1,0,288,0.02,0.3448478579521179
2742,187.85143573522964,1,0,267,0.02,0.3440438210964203
2743,205.96876027346053,1,0,264,0.02,0.3322126865386963
2744,205.47907276869216,1,0,261,0.02,0.3446345627307892
2745,199.58951392412578,1,0,227,0.02,0.3345242738723755
2746,183.04065684080518,1,0,259,0.02,0.3492385447025299
2747,212.39396867514054,1,0,265,0.02,0.3384105861186981
2748,199.54631721735396,1,0,264,0.02,0.33782345056533813
2749,206.8658568120042,1,0,262,0.02,0.332938551902771
2750,177.44028884172835,1,0,264,0.02,0.3493305444717407
2751,192.25360914945998,1,0,271,0.02,0.3410004675388336
2752,211.7127410928395,1,0,287,0.02,0.3395138084888458
2753,204.92010944763686,1,0,293,0.02,0.345171719789505
2754,174.78706897020732,1,0,264,0.02,0.34263551235198975
2755,27.6147996465352,0,0,300,0.02,0.35149917006492615
2756,197.21298502365616,1,0,262,0.02,0.3469528257846832
2757,-84.8566105564449,0,0,282,0.02,1.7693517208099365
2758,191.53107072592175,1,0,282,0.02,0.3466350734233856
2759,43.93743994156391,0,0,300,0.02,0.3633390963077545
2760,206.4600880360643,1,0,262,0.02,0.33438074588775635
2761,192.40656397104658,1,0,291,0.02,0.3352617621421814
2762,204.78340813398756,1,0,267,0.02,0.33355072140693665
2763,186.0833713269273,1,0,246,0.02,0.34105992317199707
2764,193.37891205549636,1,0,277,0.02,0.3396747410297394
2765,189.8899158231404,1,0,285,0.02,0.33772012591362
2766,207.2682469964067,1,0,242,0.02,0.34234100580215454
2767,196.45050229788222,1,0,255,0.02,0.3367771804332733
2768,192.09123558283244,1,0,235,0.02,0.34409385919570923
2769,196.74560445547502,1,0,297,0.02,0.33550164103507996
2770,179.2227957844773,1,0,260,0.02,0.34120380878448486
2771,196.20226245165267,1,0,278,0.02,0.3438371419906616
2772,199.1694533197072,1,0,267,0.02,0.3453357517719269
2773,183.55882382154857,1,0,270,0.02,0.33469679951667786
2774,200.39249267975356,1,0,266,0.02,0.3445759117603302
2775,203.11684877157603,1,0,238,0.02,0.3376905620098114
2776,194.52853307962815,1,0,289,0.02,0.33726948499679565
2777,199.3627500367204,1,0,282,0.02,0.34871524572372437
2778,180.43978613615428,1,0,290,0.02,0.34945622086524963
2779,198.04624680281083,1,0,256,0.02,0.3478410542011261
2780,196.4663804364244,1,0,258,0.02,0.3478076457977295
2781,194.9995762085954,1,0,290,0.02,0.34950870275497437
2782,193.94816502491503,1,0,276,0.02,0.3456578254699707
2783,182.00436721086896,1,0,264,0.02,0.3433109521865845
2784,173.0844019007722,1,0,231,0.02,0.34330227971076965
2785,31.377111519971177,0,0,300,0.02,0.3634212017059326
2786,186.4513631558458,1,0,257,0.02,0.3490619659423828
2787,27.106474527516653,0,0,300,0.02,0.3485804498195648
2788,206.96340813398757,1,0,260,0.02,0.33355072140693665
2789,199.15092159510056,1,0,279,0.02,0.3466723561286926
2790,207.0203054118196,1,0,257,0.02,0.34932640194892883
2791,196.49135841290024,1,0,257,0.02,0.34735947847366333
2792,192.39923848867812,1,0,235,0.02,0.3495931327342987
2793,189.0942373983052,1,0,275,0.02,0.33663973212242126
2794,196.363200802007,1,0,256,0.02,0.3493988811969757
2795,187.82842051744856,1,0,234,0.02,0.329797625541687
2796,193.8108259892503,1,0,259,0.02,0.34669625759124756
2797,190.5183397603074,1,0,278,0.02,0.34731781482696533
2798,192.0472207140962,1,0,285,0.02,0.340097576379776
2799,195.01765916586317,1,0,271,0.02,0.33998796343803406
2800,183.9310328269044,1,0,268,0.02,0.3491445481777191
2801,30.330079548362786,0,0,300,0.02,0.35938286781311035
2802,202.9917308688203,1,0,272,0.02,0.3364700376987457
2803,209.13092184305586,1,0,232,0.02,0.34917229413986206
2804,191.43360848824054,1,0,274,0.02,0.3467969596385956
2805,192.84729082823196,1,0,227,0.02,0.34508004784584045
2806,27.857832011380417,0,0,300,0.02,0.3607410788536072
2807,184.48805150270857,1,0,258,0.02,0.34488987922668457
2808,188.07727355242173,1,0,280,0.02,0.3475843667984009
2809,191.7450236312535,1,0,251,0.02,0.34894317388534546
2810,-43.25262307246661,0,0,300,0.02,1.8758548498153687
2811,194.30929153681197,1,0,269,0.02,0.3495798707008362
2812,188.00794062853254,1,0,257,0.02,0.3424175977706909
2813,198.43722844362654,1,0,270,0.02,0.3350956439971924
2814,199.63623105764782,1,0,259,0.02,0.34534499049186707
2815,40.89019600311786,0,0,300,0.02,0.34765008091926575
2816,205.5629510855714,1,0,264,0.02,0.33366498351097107
2817,37.45704457680255,0,0,300,0.02,0.34593793749809265
2818,204.0819038510362,1,0,283,0.02,0.3389267921447754
2819,191.3592593121568,1,0,277,0.02,0.339587926864624
2820,194.34850572506457,1,0,276,0.02,0.34557265043258667
2821,190.9985066882756,1,0,282,0.02,0.3480724096298218
2822,202.64499639749923,1,0,279,0.02,0.3431536555290222
2823,181.24836335421,1,0,266,0.02,0.34481191635131836
2824,174.98260897079973,1,0,258,0.02,0.32954683899879456
2825,197.49214897394577,1,0,266,0.02,0.3463655114173889
2826,199.4130230879823,1,0,274,0.02,0.3336469829082489
2827,193.2411787645009,1,0,270,0.02,0.3474043905735016
2828,31.636447050575402,0,0,300,0.02,0.37279099225997925
2829,193.475969235901,1,0,275,0.02,0.3354104459285736
2830,197.16237190962235,1,0,270,0.02,0.31880977749824524
2831,20.68229166428118,0,0,300,0.02,0.3371261656284332
2832,179.7210754847566,1,0,277,0.02,0.3441338837146759
2833,191.69952076355483,1,0,260,0.02,0.3378188908100128
2834,201.8217081348088,1,0,258,0.02,0.337272047996521
2835,200.1574481940309,1,0,275,0.02,0.3475407063961029
2836,193.19863561869062,1,0,268,0.02,0.34224385023117065
2837,41.50465814829268,0,0,300,0.02,0.36073821783065796
2838,188.93009516954817,1,0,278,0.02,0.32937896251678467
2839,186.2996871066133,1,0,287,0.02,0.32698097825050354
2840,171.5182548737565,1,0,274,0.02,0.34483903646469116
2841,188.2188909268418,1,0,287,0.02,0.3321800231933594
2842,183.19332917133835,1,0,266,0.02,0.34436678886413574
2843,27.70250818649792,0,0,300,0.02,0.347072035074234
2844,164.00420144478346,1,0,273,0.02,0.3491487205028534
2845,154.28927773396038,1,0,274,0.02,0.34787964820861816
2846,174.2957265988972,1,0,260,0.02,0.346267431974411
2847,168.36985327641034,1,0,244,0.02,0.34773576259613037
2848,156.94645406961837,1,0,273,0.02,0.33778923749923706
2849,193.07174571434524,1,0,270,0.02,0.3447626531124115
2850,192.76824629068767,1,0,272,0.02,0.3448411822319031
2851,197.29821721315778,1,0,266,0.02,0.3473484516143799
2852,201.1737963366548,1,0,254,0.02,0.34845367074012756
2853,194.6368893663075,1,0,268,0.02,0.34597674012184143
2854,190.78922929684188,1,0,257,0.02,0.33789175748825073
2855,198.99273810625473,1,0,268,0.02,0.3462182283401489
2856,177.52056014299785,1,0,255,0.02,0.3442627191543579
2857,199.69474717537432,1,0,283,0.02,0.3465122878551483
2858,186.84496113062298,1,0,259,0.02,0.3481624722480774
2859,195.12764539003763,1,0,282,0.02,0.3224914073944092
2860,199.5163570396092,1,0,267,0.02,0.33110982179641724
2861,192.23936628103652,1,0,257,0.02,0.3495611846446991
2862,188.74586923838055,1,0,274,0.02,0.3404354453086853
2863,193.12117287874617,1,0,265,0.02,0.34410953521728516
2864,204.80403246164718,1,0,249,0.02,0.3408946394920349
2865,194.41764725447098,1,0,271,0.02,0.34249094128608704
2866,199.79378378153243,1,0,267,0.02,0.33845680952072144
2867,204.181930463318,1,0,225,0.02,0.34642013907432556
2868,206.54069578409593,1,0,271,0.02,0.3392288088798523
2869,198.38543389559186,1,0,267,0.02,0.3430442810058594
2870,206.58694058180254,1,0,272,0.02,0.3426676094532013
2871,189.3428635144273,1,0,231,0.02,0.34618687629699707
2872,197.07260614792372,1,0,254,0.02,0.3395475447177887
2873,197.2563482022325,1,0,275,0.02,0.3353157043457031
2874,195.42529811621105,1,0,254,0.02,0.34307822585105896
2875,195.8984166502992,1,0,259,0.02,0.34729859232902527
2876,196.83587496042648,1,0,259,0.02,0.3404340147972107
2877,41.150689400830544,0,0,300,0.02,0.34502673149108887
2878,193.70524531603255,1,0,269,0.02,0.3455914258956909
2879,175.62763678312692,1,0,262,0.02,0.34749355912208557
2880,194.9928253483812,1,0,285,0.02,0.3411964178085327
2881,197.7683351826707,1,0,266,0.02,0.334818959236145
2882,38.77968124310045,0,0,300,0.02,0.3752787709236145
2883,183.72446448564924,1,0,264,0.02,0.3432866334915161
2884,174.7366562930729,1,0,259,0.02,0.34103500843048096
2885,186.7988056461003,1,0,253,0.02,0.342997670173645
2886,212.40463791609207,1,0,300,0.02,0.3382432758808136
2887,195.02999582529463,1,0,267,0.02,0.3494037985801697
2888,199.7559350609819,1,0,258,0.02,0.3454189896583557
2889,178.59393904606367,1,0,264,0.02,0.3442143201828003
2890,-61.48930722316241,0,0,293,0.02,1.7925258874893188
2891,177.4506471848527,1,0,283,0.02,0.3492409586906433
2892,197.89275275946056,1,0,258,0.02,0.34371456503868103
2893,205.65454229116835,1,0,268,0.02,0.3332671821117401
2894,192.8924469590226,1,0,296,0.02,0.33629101514816284
2895,197.80974058548478,1,0,252,0.02,0.3377639353275299
2896,188.8019322514573,1,0,291,0.02,0.34641969203948975
2897,183.21978467703258,1,0,221,0.02,0.34195658564567566
2898,175.1646789590504,1,0,278,0.02,0.33902934193611145
2899,197.55968611956038,1,0,251,0.02,0.3494812250137329
2900,174.6772485184709,1,0,277,0.02,0.3475906252861023
2901,190.7569284288075,1,0,285,0.02,0.33596697449684143
2902,-49.91621869166826,0,0,300,0.02,1.8067537546157837
2903,197.09865032593277,1,0,253,0.02,0.3455365002155304
2904,195.41807224512493,1,0,292,0.02,0.3448846936225891
2905,199.38570169369245,1,0,275,0.02,0.34877365827560425
2906,48.21809332767988,0,0,300,0.02,0.36317574977874756
2907,26.47462259212994,0,0,300,0.02,0.40654343366622925
2908,204.06328428507243,1,0,275,0.02,0.33608168363571167
2909,195.6858504128495,1,0,268,0.02,0.34294015169143677
2910,34.571702444557275,0,0,300,0.02,0.35397714376449585
2911,193.6112320160905,1,0,264,0.02,0.34659475088119507
2912,43.31138735691578,0,0,300,0.02,0.3723522424697876
2913,198.05777179003155,1,0,282,0.02,0.33245980739593506
2914,11.629718029502959,0,0,300,0.02,0.40197324752807617
2915,27.861388456825328,0,0,300,0.02,0.41905564069747925
2916,181.11541760841874,1,0,272,0.02,0.3463446795940399
2917,208.99990382114913,1,0,277,0.02,0.347723126411438
2918,210.3244110798875,1,0,269,0.02,0.3432999849319458
2919,202.82268602768445,1,0,286,0.02,0.34202757477760315
2920,206.61294794956706,1,0,276,0.02,0.3469620943069458
2921,209.318516086736,1,0,284,0.02,0.34307006001472473
2922,-63.44650847514603,0,0,300,0.02,0.8418262004852295
2923,216.28263978401685,1,0,284,0.02,0.3445391356945038
2924,44.078163990178325,0,0,300,0.02,0.35565808415412903
2925,23.538019092086856,0,0,300,0.02,0.37989798188209534
2926,194.07404833555614,1,0,267,0.02,0.34589067101478577
2927,199.45682328939833,1,0,266,0.02,0.345196932554245
2928,183.3080062286046,1,0,255,0.02,0.3431975245475769
2929,42.608969239392586,0,0,300,0.02,0.35295677185058594
2930,205.69357507467666,1,0,270,0.02,0.3460089862346649
2931,192.7266851592103,1,0,279,0.02,0.32273146510124207
2932,199.67315028429428,1,0,266,0.02,0.33361518383026123
2933,10.318420951370348,0,0,300,0.02,0.4122975170612335
2934,195.54616702318586,1,0,266,0.02,0.34036099910736084
2935,111.25352112055221,0,0,300,0.02,0.3585224747657776
2936,250.1078599492696,1,0,291,0.02,0.3407340943813324
2937,245.5592493367235,1,0,283,0.02,0.3495904207229614
2938,233.98883147001663,1,0,289,0.02,0.33969488739967346
2939,225.84828760862734,1,0,268,0.02,0.3323308527469635
2940,245.351464599767,1,0,284,0.02,0.33983293175697327
2941,195.72328047037513,1,0,253,0.02,0.3360826373100281
2942,93.6810885882417,0,0,300,0.02,0.34163060784339905
2943,228.78223627010846,1,0,256,0.02,0.34714001417160034
2944,80.65078107595836,0,0,300,0.02,0.35420748591423035
2945,230.66987263441482,1,0,284,0.02,0.3369345963001251
2946,224.47779042482773,1,0,300,0.02,0.3424551486968994
2947,51.446824115910786,0,0,300,0.02,0.36599305272102356
2948,237.65349607388043,1,0,272,0.02,0.3468250632286072
2949,230.1791548466722,1,0,228,0.02,0.3296140432357788
2950,85.6428294110338,0,0,300,0.02,0.40619540214538574
2951,239.33353099266557,1,0,288,0.02,0.3443163335323334
2952,192.50940895796214,1,0,278,0.02,0.3495505154132843
2953,103.02818084955614,0,0,300,0.02,0.377357542514801
2954,109.75060300589006,0,0,284,0.02,0.4242520034313202
2955,52.25721904198194,0,0,300,0.02,0.3308943212032318
2956,209.09085948706067,1,0,274,0.02,0.3466878831386566
2957,206.4792469143907,1,0,292,0.02,0.33959102630615234
2958,208.9157072965291,1,0,281,0.02,0.348772257566452
2959,25.03650334278613,0,0,300,0.02,0.37107324600219727
2960,194.65319650888836,1,0,237,0.02,0.3261036276817322
2961,21.286076597371352,0,0,300,0.02,0.34617993235588074
2962,20.354342478909768,0,0,300,0.02,0.35161346197128296
2963,185.05039347887435,1,0,274,0.02,0.3418043851852417
2964,-0.32272665580247173,0,0,300,0.02,0.37838074564933777
2965,188.33218834797407,1,0,268,0.02,0.3471519947052002
2966,172.3791801953355,1,0,255,0.02,0.3496077060699463
2967,184.40924683332838,1,0,276,0.02,0.34959104657173157
2968,184.9601886963884,1,0,281,0.02,0.3468555808067322
2969,191.5433638612416,1,0,258,0.02,0.3443581163883209
2970,188.66705659151472,1,0,275,0.02,0.3476386070251465
2971,190.84716340303814,1,0,245,0.02,0.3476119041442871
2972,186.02569954792526,1,0,255,0.02,0.3487741947174072
2973,177.56047050714886,1,0,279,0.02,0.34678512811660767
2974,194.7539547181169,1,0,270,0.02,0.33591407537460327
2975,185.7089813256303,1,0,228,0.02,0.34215742349624634
2976,194.5056381106416,1,0,262,0.02,0.34549322724342346
2977,198.20340813398755,1,0,257,0.02,0.33355072140693665
2978,189.11879845858013,1,0,259,0.02,0.34220314025878906
2979,193.25910223246012,1,0,254,0.02,0.34962719678878784
2980,191.22232885122696,1,0,262,0.02,0.3438205420970917
2981,184.2195795464555,1,0,221,0.02,0.3495078682899475
2982,189.63649172068037,1,0,276,0.02,0.33277982473373413
2983,203.48778663874066,1,0,263,0.02,0.34995609521865845
2984,185.6614924883882,1,0,277,0.02,0.34652963280677795
2985,188.975777952675,1,0,291,0.02,0.3479582667350769
2986,5.48798882723248,0,0,300,0.02,0.5399055480957031
2987,171.80326788822674,1,0,224,0.02,0.3418821096420288
2988,11.535494708218833,0,0,300,0.02,0.6513254046440125
2989,11.482482616905367,0,0,300,0.02,0.6212821006774902
2990,3.84490949869548,0,0,300,0.02,0.62567538022995
2991,159.6054376451161,1,0,242,0.02,0.348839670419693
2992,169.80068555117046,1,0,282,0.02,0.34423136711120605
2993,3.856879532341148,0,0,300,0.02,0.7451828718185425
2994,178.2017046809236,1,0,253,0.02,0.34647658467292786
2995,33.46049710194142,0,0,300,0.02,0.4350748062133789
2996,177.85130375782518,1,0,262,0.02,0.33237314224243164
2997,193.48115882158672,1,0,251,0.02,0.3466130495071411
2998,192.14202640772262,1,0,263,0.02,0.34139615297317505
2999,191.95132391691604,1,0,262,0.02,0.34407177567481995
3000,192.13896572828688,1,0,256,0.02,0.34716132283210754
3001,16.294409403004938,0,0,300,0.02,0.3640967309474945
3002,180.5336462426225,1,0,282,0.02,0.34599119424819946
3003,182.9219941115419,1,0,263,0.02,0.3439042270183563
3004,180.81656031370557,1,0,265,0.02,0.34526267647743225
3005,180.27199649572765,1,0,274,0.02,0.34390363097190857
3006,173.51714945236708,1,0,276,0.02,0.33841171860694885
3007,190.93950955152906,1,0,274,0.02,0.34452536702156067
3008,184.04516474008955,1,0,222,0.02,0.3481115698814392
3009,178.27233017206586,1,0,265,0.02,0.3463202118873596
3010,186.32632785559096,1,0,286,0.02,0.34532079100608826
3011,180.86256691217818,1,0,263,0.02,0.34376102685928345
3012,32.05004808346299,0,0,300,0.02,0.3526870608329773
3013,180.47660801331065,1,0,287,0.02,0.341047078371048
3014,188.15218834797406,1,0,267,0.02,0.3471519947052002
3015,178.87300596634412,1,0,258,0.02,0.33694759011268616
3016,187.35951245705155,1,0,255,0.02,0.3478209674358368
3017,183.0585635066072,1,0,239,0.02,0.3447618782520294
3018,20.86908386627701,0,0,300,0.02,0.3704281151294708
3019,196.68113708734907,1,0,275,0.02,0.33661848306655884
3020,192.1872942566911,1,0,257,0.02,0.3375791907310486
3021,192.30468650738266,1,0,233,0.02,0.34902745485305786
3022,185.69330330292252,1,0,271,0.02,0.34437325596809387
3023,191.9242197489778,1,0,264,0.02,0.34334781765937805
3024,180.1318905377427,1,0,292,0.02,0.34893012046813965
3025,16.347629574933304,0,0,300,0.02,0.35579168796539307
3026,184.63432669878398,1,0,256,0.02,0.3483210802078247
3027,189.2859646964113,1,0,290,0.02,0.33291158080101013
3028,192.30311326742566,1,0,252,0.02,0.34862443804740906
3029,188.0529607796708,1,0,263,0.02,0.3436625599861145
3030,167.6269631663944,1,0,287,0.02,0.34845829010009766
3031,186.78023613214887,1,0,288,0.02,0.34434372186660767
3032,200.96008803606426,1,0,260,0.02,0.33438074588775635
3033,188.45154925743606,1,0,254,0.02,0.3448117673397064
3034,173.9064661256459,1,0,218,0.02,0.3335825502872467
3035,186.72704753160872,1,0,226,0.02,0.34764087200164795
3036,186.6174001336137,1,0,264,0.02,0.34255272150039673
3037,189.22192216635133,0,0,300,0.02,0.35892221331596375
3038,185.7526778308537,1,0,259,0.02,0.3495296239852905
3039,189.3624177908937,1,0,269,0.02,0.34629830718040466
3040,177.7911930060426,1,0,286,0.02,0.3391045033931732
3041,185.67956762552657,1,0,267,0.02,0.3495108485221863
3042,191.97330849409497,1,0,264,0.02,0.3385756313800812
3043,193.4969612050096,1,0,290,0.02,0.3426624536514282
3044,182.73590903520972,1,0,266,0.02,0.3354254961013794
3045,188.51343093157203,1,0,246,0.02,0.3410450220108032
3046,184.8423126292268,1,0,276,0.02,0.3413245975971222
3047,188.36043436766062,1,0,275,0.02,0.3417941629886627
3048,186.21363213777937,1,0,261,0.02,0.3359947204589844
3049,193.27713677168288,1,0,261,0.02,0.3351185619831085
3050,-4.077670671935938,0,0,300,0.02,0.4063204228878021
3051,-8.862348945136912,0,0,300,0.02,0.3699899911880493
3052,17.484048775830562,0,0,300,0.02,0.6716868877410889
3053,182.7994313502351,1,0,263,0.02,0.344544917345047
3054,179.7224483323137,1,0,269,0.02,0.32129067182540894
3055,27.702223498825205,0,0,300,0.02,0.351346880197525
3056,184.31169181585705,1,0,265,0.02,0.34897980093955994
3057,177.5539024488118,1,0,247,0.02,0.3442234694957733
3058,183.9505663609544,1,0,259,0.02,0.34926116466522217
3059,173.1091174531022,1,0,278,0.02,0.3396233916282654
3060,186.55523304701245,1,0,255,0.02,0.34809449315071106
3061,180.8608441344884,1,0,262,0.02,0.34498804807662964
3062,178.42424428701796,1,0,273,0.02,0.33834168314933777
3063,184.56216495752724,1,0,267,0.02,0.3488615155220032
3064,179.09405803442397,1,0,214,0.02,0.3258882462978363
3065,238.90751874685685,1,0,286,0.02,0.34252306818962097
3066,182.98282561540995,1,0,264,0.02,0.34869635105133057
3067,184.41227212667857,1,0,268,0.02,0.34883472323417664
3068,21.96962318340809,0,0,300,0.02,0.3427932858467102
3069,178.96943099260722,1,0,247,0.02,0.34454500675201416
3070,185.95822388887802,1,0,257,0.02,0.34734678268432617
3071,175.94049605289962,1,0,260,0.02,0.3475750684738159
3072,-70.04400826533772,0,0,300,0.02,1.756201148033142
3073,191.57151156187453,1,0,257,0.02,0.3465248644351959
3074,195.97657581091323,1,0,271,0.02,0.34525880217552185
3075,181.0137650911,1,0,260,0.02,0.3367578089237213
3076,193.17006439606217,1,0,252,0.02,0.34768298268318176
3077,189.9071201205293,1,0,261,0.02,0.34512272477149963
3078,185.45849103689588,1,0,254,0.02,0.34727999567985535
3079,191.55075518846908,1,0,271,0.02,0.34921395778656006
3080,184.59131007910162,1,0,250,0.02,0.3415752351284027
3081,173.45146459341444,1,0,264,0.02,0.3465366065502167
3082,186.6623738122026,1,0,260,0.02,0.34880930185317993
3083,184.69780260324873,1,0,267,0.02,0.3474521040916443
3084,198.20340813398755,1,0,257,0.02,0.33355072140693665
3085,192.7614213109056,1,0,259,0.02,0.3440474271774292
3086,175.5583938908616,1,0,300,0.02,0.3498042821884155
3087,178.20330281019602,1,0,250,0.02,0.3485770523548126
3088,195.57311800718702,1,0,275,0.02,0.3411232531070709
3089,185.88187456369795,1,0,233,0.02,0.3489341139793396
3090,185.84399352470902,1,0,265,0.02,0.3442007005214691
3091,-48.293794766268505,0,0,300,0.02,0.7861477732658386
3092,183.27131199598705,1,0,265,0.02,0.3440747559070587
3093,203.68384574175275,1,0,280,0.02,0.3309413194656372
3094,28.450243475441123,0,0,300,0.02,0.3318418860435486
3095,184.18864290953076,1,0,270,0.02,0.3472420275211334
3096,188.85453613996899,1,0,249,0.02,0.3457687199115753
3097,185.19995137611886,1,0,298,0.02,0.3452112376689911
3098,187.50133298635876,1,0,258,0.02,0.3465695083141327
3099,181.95215361357128,1,0,260,0.02,0.3438643515110016
3100,-8.979319002624388,0,0,300,0.02,0.49423250555992126
3101,178.8467623988774,1,0,236,0.02,0.3435084819793701
3102,2.0841353297272907,0,0,300,0.02,0.4633689224720001
3103,187.3023902535478,1,0,258,0.02,0.3463051915168762
3104,171.33468229691056,1,0,282,0.02,0.3390285074710846
3105,167.53947653690838,1,0,270,0.02,0.33782994747161865
3106,183.78816914320387,1,0,254,0.02,0.3398604691028595
3107,169.82267124573255,1,0,265,0.02,0.3420312702655792
3108,8.06143196503188,0,0,300,0.02,0.3473410904407501
3109,169.98864174286393,1,0,278,0.02,0.3455386459827423
3110,11.687171153226203,0,0,300,0.02,0.3709062933921814
3111,178.5303875470201,1,0,259,0.02,0.3493058681488037
3112,233.97168272734086,1,0,284,0.02,0.3414820730686188
3113,172.19148298660784,1,0,261,0.02,0.3473283350467682
3114,178.7872710839894,1,0,218,0.02,0.34838131070137024
3115,7.802685980000712,0,0,300,0.02,0.4545275866985321
3116,169.36059794823188,1,0,252,0.02,0.3400495946407318
3117,197.10281986475383,1,0,279,0.02,0.34119778871536255
3118,6.733716552261442,0,0,300,0.02,0.3709736168384552
3119,0.4761427235642605,0,0,300,0.02,0.40786707401275635
3120,184.35156998077895,1,0,278,0.02,0.33980658650398254
3121,170.01484775305187,1,0,275,0.02,0.3456908166408539
3122,202.080155069832,1,0,287,0.02,0.3443639874458313
3123,182.52013745228317,1,0,258,0.02,0.3426647186279297
3124,190.82981556177538,1,0,269,0.02,0.34444886445999146
3125,181.81723634958664,1,0,266,0.02,0.34509366750717163
3126,18.236572746434497,0,0,300,0.02,0.40855589509010315
3127,184.84654252291122,1,0,284,0.02,0.3377671241760254
3128,193.07229423284926,1,0,241,0.02,0.33132919669151306
3129,197.61402968168653,1,0,261,0.02,0.330895334482193
3130,212.5671021294634,1,0,275,0.02,0.3476272225379944
3131,186.04449559927383,1,0,272,0.02,0.3432788550853729
3132,198.20340813398755,1,0,257,0.02,0.33355072140693665
3133,189.8826916495946,1,0,287,0.02,0.34702616930007935
3134,181.5737537789384,1,0,271,0.02,0.34846431016921997
3135,26.546643741134762,0,0,300,0.02,0.34024181962013245
3136,181.27569305658736,1,0,266,0.02,0.3429794907569885
3137,187.7789459300081,1,0,262,0.02,0.3446662724018097
3138,184.56166617632306,1,0,227,0.02,0.3464862108230591
3139,185.96769253492752,1,0,291,0.02,0.3374796211719513
3140,190.96345252752698,1,0,270,0.02,0.34603962302207947
3141,183.9144999003449,1,0,251,0.02,0.3457777798175812
3142,62.48717319250507,0,0,300,0.02,0.38260945677757263
3143,186.6734899592439,1,0,268,0.02,0.34603026509284973
3144,209.12137363672653,1,0,270,0.02,0.3465593457221985
3145,170.332605664734,1,0,270,0.02,0.34625133872032166
3146,38.97105418125657,0,0,300,0.02,0.3449355363845825
3147,183.11804173708356,1,0,278,0.02,0.34739232063293457
3148,185.01181828737654,1,0,263,0.02,0.3464481830596924
3149,180.2217732167283,1,0,253,0.02,0.3439594507217407
3150,186.97792679071821,1,0,266,0.02,0.3399210572242737
3151,192.13975108862317,1,0,252,0.02,0.3494649827480316
3152,197.12340813398757,1,0,258,0.02,0.33355072140693665
3153,197.70340813398758,1,0,259,0.02,0.33355072140693665
3154,187.16026120106244,1,0,271,0.02,0.34513378143310547
3155,187.06062270880142,1,0,263,0.02,0.33924707770347595
3156,182.5678122210542,1,0,272,0.02,0.33744969964027405
3157,174.7179625821153,1,0,253,0.02,0.347412109375
3158,181.3161281800309,1,0,272,0.02,0.34537070989608765
3159,68.42256535292064,0,0,300,0.02,0.3412614166736603
3160,209.57770807981882,1,0,272,0.02,0.34997573494911194
3161,220.66701868296065,1,0,293,0.02,0.34764808416366577
3162,218.5911206555406,1,0,285,0.02,0.34162259101867676
3163,226.87853227377332,1,0,280,0.02,0.344769686460495
3164,228.91207387209337,1,0,280,0.02,0.34638428688049316
3165,31.763962587514182,0,0,300,0.02,0.42170843482017517
3166,261.0805017399825,0,0,300,0.02,0.4092773199081421
3167,231.55558679819478,0,0,300,0.02,0.425506055355072
3168,283.6742388272323,0,0,300,0.02,0.3758430480957031
3169,-41.9270536398848,0,0,281,0.02,0.5011661648750305
3170,157.1424732232133,1,0,278,0.02,0.3462844491004944
3171,222.90640439430737,1,0,259,0.02,0.33859798312187195
3172,189.4873456358949,1,0,276,0.02,0.3375663459300995
3173,208.141668202881,1,0,266,0.02,0.3464857041835785
3174,71.21876977682507,0,0,300,0.02,0.35471031069755554
3175,226.60993022203843,1,0,288,0.02,0.3394201993942261
3176,212.85018433809677,1,0,269,0.02,0.32935667037963867
3177,41.26722406784562,0,0,300,0.02,0.33589306473731995
3178,215.99541496038836,1,0,275,0.02,0.34804901480674744
3179,199.12166667858622,1,0,281,0.02,0.34478241205215454
3180,208.85146043062602,1,0,279,0.02,0.34903764724731445
3181,203.55419989506265,1,0,286,0.02,0.34914910793304443
3182,186.5300389949467,1,0,265,0.02,0.34518933296203613
3183,215.2937845508244,1,0,294,0.02,0.34425294399261475
3184,-24.78368908008072,0,0,281,0.02,0.4911213517189026
3185,210.3724403564122,1,0,239,0.02,0.3470889925956726
3186,210.00534251610304,1,0,291,0.02,0.3488634526729584
3187,204.12052285591628,1,0,287,0.02,0.34256836771965027
3188,209.05806856552624,1,0,279,0.02,0.34068194031715393
3189,50.61560787916578,0,0,300,0.02,0.358000785112381
3190,189.2009369826356,1,0,286,0.02,0.3491685092449188
3191,190.91626110792552,1,0,253,0.02,0.3478374779224396
3192,186.9581059622804,1,0,256,0.02,0.339876264333725
3193,166.92032063246165,1,0,283,0.02,0.33932259678840637
3194,196.3812069535295,1,0,275,0.02,0.33910101652145386
3195,185.92427584886946,1,0,252,0.02,0.3308337926864624
3196,188.41422928572095,1,0,249,0.02,0.34334543347358704
3197,183.15636000395216,1,0,274,0.02,0.33531275391578674
3198,190.36198814154068,1,0,269,0.02,0.3414057195186615
3199,181.19800267139937,1,0,255,0.02,0.34819841384887695
3200,169.15667953253183,1,0,279,0.02,0.34773287177085876
3201,189.4995261216203,1,0,265,0.02,0.3445212244987488
3202,190.5802918028871,1,0,269,0.02,0.3443298041820526
3203,185.57669309378065,1,0,268,0.02,0.34022948145866394
3204,184.16418136358655,1,0,269,0.02,0.3433574140071869
3205,190.6888412547151,1,0,258,0.02,0.3421924412250519
3206,183.9993774867097,1,0,271,0.02,0.34955838322639465
3207,30.2118897668507,0,0,300,0.02,0.3572266399860382
3208,187.33065956354537,1,0,255,0.02,0.3442378640174866
3209,29.173017548718732,0,0,300,0.02,0.40444469451904297
3210,191.02645289659895,1,0,265,0.02,0.34278953075408936
3211,192.18375807047283,1,0,259,0.02,0.348463237285614
3212,194.40227460146346,1,0,268,0.02,0.34133410453796387
3213,186.67330330292253,1,0,272,0.02,0.34437325596809387
3214,189.69918875933087,1,0,280,0.02,0.34460556507110596
3215,183.31786521355176,1,0,260,0.02,0.34573277831077576
3216,186.2835031787541,1,0,264,0.02,0.33432328701019287
3217,186.4848706412355,1,0,267,0.02,0.34568509459495544
3218,180.22773821115888,1,0,216,0.02,0.3424682021141052
3219,189.4078173852006,1,0,276,0.02,0.3474484086036682
3220,185.67774719635514,1,0,259,0.02,0.3457622826099396
3221,22.938598830703825,0,0,300,0.02,0.3547530472278595
3222,165.50308384815716,1,0,273,0.02,0.34692811965942383
3223,169.5232975904133,1,0,273,0.02,0.3468746840953827
3224,171.05452163139844,1,0,283,0.02,0.34656867384910583
3225,162.1703280774739,1,0,244,0.02,0.34511706233024597
3226,173.72266840378308,1,0,260,0.02,0.34703198075294495
3227,157.44292364040876,1,0,270,0.02,0.3494681715965271
3228,157.76575008312727,1,0,265,0.02,0.34626156091690063
3229,157.9421040670064,1,0,286,0.02,0.3471730649471283
3230,147.91647451797985,1,0,300,0.02,0.3460804522037506
3231,156.49468507687118,1,0,264,0.02,0.3490278124809265
3232,156.16475540081524,1,0,252,0.02,0.34651023149490356
3233,164.5583891479161,1,0,269,0.02,0.34810179471969604
3234,158.9352374831822,1,0,246,0.02,0.3463897109031677
3235,171.2172545138981,1,0,270,0.02,0.34838545322418213
3236,167.55724282185102,1,0,225,0.02,0.3458883762359619
3237,164.48398645321396,1,0,264,0.02,0.33420246839523315
3238,159.2100715486195,1,0,240,0.02,0.3476811945438385
3239,149.6829306737568,1,0,282,0.02,0.3494664132595062
3240,56.1925303355839,0,0,300,0.02,0.3720664978027344
3241,158.9270157376912,1,0,274,0.02,0.3484451472759247
3242,164.03709048191573,1,0,261,0.02,0.3484264612197876
3243,-3.4198711975429332,0,0,300,0.02,0.38766688108444214
3244,179.6674064612428,1,0,219,0.02,0.3450511395931244
3245,187.74395149946608,1,0,299,0.02,0.33591488003730774
3246,179.51973533392348,1,0,277,0.02,0.3444689214229584
3247,171.70006971598065,1,0,275,0.02,0.3443853259086609
3248,181.30152495781448,1,0,279,0.02,0.34981784224510193
3249,193.15135941267403,1,0,266,0.02,0.3365629017353058
3250,177.80924838304915,1,0,260,0.02,0.3495906591415405
3251,187.30093519449628,1,0,249,0.02,0.34916895627975464
3252,202.47571913481156,1,0,255,0.02,0.335472971200943
3253,29.18131559292346,0,0,300,0.02,0.372370183467865
3254,189.4171880793611,1,0,288,0.02,0.34760573506355286
3255,179.6859887401249,1,0,237,0.02,0.34620189666748047
3256,189.78920686006938,1,0,260,0.02,0.3396010398864746
3257,195.9564815163652,1,0,284,0.02,0.3452823758125305
3258,176.13715933084882,1,0,246,0.02,0.3426129221916199
3259,192.20697407007611,1,0,257,0.02,0.34015923738479614
3260,184.27555546045696,1,0,234,0.02,0.3355138897895813
3261,179.02305884123243,1,0,276,0.02,0.3311380445957184
3262,186.32158332586684,1,0,267,0.02,0.34650692343711853
3263,179.13576161146563,1,0,274,0.02,0.3454623520374298
3264,189.5696349024812,1,0,252,0.02,0.32949402928352356
3265,196.71841212034622,1,0,269,0.02,0.347299724817276
3266,189.57924790621198,1,0,264,0.02,0.3495907783508301
3267,189.09460359335338,1,0,235,0.02,0.34075185656547546
3268,187.61760900736252,1,0,259,0.02,0.3475005030632019
3269,186.43547161976366,1,0,269,0.02,0.3488311767578125
3270,182.7875456881562,1,0,271,0.02,0.34251633286476135
3271,188.5812559771577,1,0,267,0.02,0.34658876061439514
3272,185.87480357885755,1,0,245,0.02,0.32820186018943787
3273,183.82341759920516,1,0,246,0.02,0.34604835510253906
3274,182.11583002806103,1,0,250,0.02,0.34294524788856506
3275,186.3754058718721,1,0,270,0.02,0.3405512869358063
3276,191.83459038019575,1,0,232,0.02,0.3457551598548889
3277,188.0970829176942,1,0,226,0.02,0.3426320254802704
3278,173.30381432772074,1,0,289,0.02,0.3459491729736328
3279,185.37256096125046,1,0,269,0.02,0.34626251459121704
3280,190.88345263719953,1,0,265,0.02,0.34353959560394287
3281,186.55523304701245,1,0,255,0.02,0.34809449315071106
3282,181.74428926706702,1,0,274,0.02,0.34833043813705444
3283,184.19633167982497,1,0,261,0.02,0.34781983494758606
3284,187.50373219252026,1,0,254,0.02,0.34596970677375793
3285,25.754867338338183,0,0,300,0.02,0.3464822471141815
3286,171.70675045252244,1,0,274,0.02,0.3452151417732239
3287,189.53668322801985,1,0,263,0.02,0.34773194789886475
3288,191.0685419297258,1,0,263,0.02,0.3447672724723816
3289,195.43207467794812,1,0,262,0.02,0.3388840854167938
3290,187.65006296555066,1,0,269,0.02,0.3476833403110504
3291,191.61338732958234,1,0,266,0.02,0.34855592250823975
3292,23.962827427391208,0,0,300,0.02,0.3236958980560303
3293,185.10349600077072,1,0,278,0.02,0.3360287547111511
3294,159.81611850500497,1,0,286,0.02,0.34037312865257263
3295,181.95075071096815,1,0,236,0.02,0.33171507716178894
3296,191.6531841397325,1,0,273,0.02,0.3336067199707031
3297,190.2506168866197,1,0,272,0.02,0.34424853324890137
3298,187.04102445364387,1,0,280,0.02,0.34164664149284363
3299,26.858689216771403,0,0,300,0.02,0.35302677750587463
3300,180.21440405607615,1,0,216,0.02,0.3458017408847809
3301,184.39424710194137,1,0,277,0.02,0.3491373062133789
3302,-12.628019505343202,0,0,300,0.02,0.6097039580345154
3303,-71.25111874659991,0,0,299,0.02,1.7879787683486938
3304,175.8502673904088,1,0,263,0.02,0.3426322340965271
3305,195.41139351606765,1,0,262,0.02,0.3390543758869171
3306,31.980859121480275,0,0,300,0.02,0.36748430132865906
3307,181.6427937388459,1,0,271,0.02,0.33620432019233704
3308,189.45754127741256,1,0,270,0.02,0.3425174355506897
3309,188.2614637557652,1,0,233,0.02,0.33733314275741577
3310,190.15435578266647,1,0,277,0.02,0.3391101360321045
3311,184.99343145290877,1,0,262,0.02,0.3443412184715271
3312,184.73180557648206,1,0,263,0.02,0.3497476875782013
3313,185.9671513438264,1,0,243,0.02,0.34261491894721985
3314,33.40583339611551,0,0,300,0.02,0.3737407326698303
3315,189.79169264078533,1,0,264,0.02,0.346479594707489
3316,192.00413787126934,1,0,256,0.02,0.3483682870864868
3317,195.82689061403667,1,0,257,0.02,0.3376801013946533
3318,175.8897338032762,1,0,274,0.02,0.34946930408477783
3319,186.29837993383805,1,0,271,0.02,0.3473077714443207
3320,28.095868686833672,0,0,300,0.02,0.34373190999031067
3321,175.93376283884444,1,0,262,0.02,0.3484620451927185
3322,182.13503340641526,1,0,263,0.02,0.34894073009490967
3323,185.15853171268967,1,0,274,0.02,0.34556615352630615
3324,188.53890635252392,1,0,263,0.02,0.3446761667728424
3325,189.23218834797407,1,0,266,0.02,0.3471519947052002
3326,193.23569071690108,1,0,252,0.02,0.3462764024734497
3327,186.68270914474988,1,0,263,0.02,0.3395217955112457
3328,180.3156347727815,1,0,260,0.02,0.3454940617084503
3329,180.36608943701182,1,0,213,0.02,0.34538039565086365
3330,27.221347445645595,0,0,300,0.02,0.347362220287323
3331,189.14943218470012,1,0,262,0.02,0.3445447087287903
3332,196.3144142508546,1,0,278,0.02,0.3307991921901703
3333,186.80160828510787,1,0,258,0.02,0.34979701042175293
3334,184.35617822885905,1,0,260,0.02,0.3403581976890564
3335,184.39178357839975,1,0,266,0.02,0.3414568603038788
3336,188.64828897715006,1,0,286,0.02,0.3473305106163025
3337,167.12408997456097,1,0,277,0.02,0.3466765880584717
3338,-27.724953258033654,0,0,300,0.02,0.6031410694122314
3339,185.34393675566113,1,0,256,0.02,0.34591856598854065
3340,187.26425928831492,1,0,294,0.02,0.3333379328250885
3341,189.7870853734056,1,0,273,0.02,0.3301314115524292
3342,187.79366019964613,1,0,246,0.02,0.3484877049922943
3343,11.789635924496897,0,0,300,0.02,0.3702901005744934
3344,186.86850572506455,1,0,268,0.02,0.34557265043258667
3345,195.8727973532716,1,0,262,0.02,0.34620341658592224
3346,186.31553725004594,1,0,269,0.02,0.34301844239234924
3347,185.5900374293367,1,0,267,0.02,0.34939339756965637
3348,-142.06640111049148,0,0,300,0.02,1.4867993593215942
3349,183.1614350295106,1,0,262,0.02,0.3465439975261688
3350,192.05095745802322,1,0,234,0.02,0.3416633903980255
3351,184.93484394789135,1,0,258,0.02,0.3481917679309845
3352,185.60427297035721,1,0,266,0.02,0.3491308391094208
3353,186.2862210599568,1,0,272,0.02,0.34114381670951843
3354,179.92384268999493,1,0,260,0.02,0.34344208240509033
3355,194.37001178980267,1,0,277,0.02,0.3468998074531555
3356,8.194756273427275,0,0,300,0.02,0.3565100133419037
3357,185.26408096075454,1,0,292,0.02,0.3358825147151947
3358,184.86018869638838,1,0,283,0.02,0.3468555808067322
3359,191.20475953817763,1,0,295,0.02,0.3457128703594208
3360,188.056346938614,1,0,272,0.02,0.34781602025032043
3361,186.44666117430128,1,0,268,0.02,0.34773746132850647
3362,188.5072058320085,1,0,271,0.02,0.3451012969017029
3363,188.70077867269913,1,0,273,0.02,0.3492080867290497
3364,193.37300648928084,1,0,274,0.02,0.32615113258361816
3365,192.20144991159833,1,0,257,0.02,0.34154027700424194
3366,189.2111958956758,1,0,261,0.02,0.34660378098487854
3367,175.93899329105875,1,0,298,0.02,0.345450758934021
3368,192.3437516236345,1,0,257,0.02,0.34596484899520874
3369,177.92681233168045,1,0,257,0.02,0.34769967198371887
3370,177.8881812834779,1,0,297,0.02,0.33485743403434753
3371,192.96578942219284,1,0,263,0.02,0.3462517261505127
3372,174.15245498419202,1,0,269,0.02,0.3462890088558197
3373,183.31532804727948,1,0,275,0.02,0.34557074308395386
3374,185.71414227247632,1,0,270,0.02,0.34586718678474426
3375,191.79283464670578,1,0,234,0.02,0.3411940932273865
3376,184.44320924679303,1,0,231,0.02,0.34439677000045776
3377,180.69333368540205,1,0,253,0.02,0.3485693335533142
3378,167.99541261116528,1,0,278,0.02,0.3488459289073944
3379,198.20340813398755,1,0,257,0.02,0.33355072140693665
3380,180.44189443350234,1,0,243,0.02,0.338929146528244
3381,172.86852870703137,1,0,275,0.02,0.34727057814598083
3382,177.57169467687999,1,0,299,0.02,0.34897908568382263
3383,196.83643218914534,1,0,288,0.02,0.34359103441238403
3384,185.9320132295277,1,0,230,0.02,0.3471957743167877
3385,185.92982619047552,1,0,227,0.02,0.34944620728492737
3386,179.37314294735455,1,0,265,0.02,0.3394133448600769
3387,182.17194978475965,1,0,253,0.02,0.34891530871391296
3388,181.08458121538558,1,0,264,0.02,0.3182574510574341
3389,173.3552293769505,1,0,259,0.02,0.3463917374610901
3390,185.31774858236707,1,0,255,0.02,0.3424656093120575
3391,184.43855484882857,1,0,265,0.02,0.34806036949157715
3392,184.978223888878,1,0,256,0.02,0.34734678268432617
3393,183.33190362215436,1,0,281,0.02,0.3414268493652344
3394,177.2669125866929,1,0,293,0.02,0.3476746082305908
3395,174.09697016477978,1,0,255,0.02,0.34766021370887756
3396,196.96417166948714,1,0,262,0.02,0.33335983753204346
3397,185.45335452795422,1,0,226,0.02,0.34356412291526794
3398,184.60911379576123,1,0,269,0.02,0.34962430596351624
3399,-8.95100773572528,0,0,285,0.02,0.522154688835144
3400,209.62904145161178,1,0,281,0.02,0.34543871879577637
3401,207.6970861617711,1,0,296,0.02,0.3409275412559509
3402,18.915684235099917,0,0,300,0.02,0.4054816961288452
3403,192.86576320568585,1,0,274,0.02,0.3487582802772522
3404,199.08657084862256,1,0,266,0.02,0.34855636954307556
3405,199.8095301000264,1,0,276,0.02,0.3478165566921234
3406,211.1367630044606,1,0,268,0.02,0.3460083305835724
3407,50.112149727348424,0,0,300,0.02,0.3563653230667114
3408,206.92601078430675,1,0,289,0.02,0.34369638562202454
3409,210.58366333405044,1,0,284,0.02,0.34928324818611145
3410,206.7880948201802,1,0,268,0.02,0.34817537665367126
3411,213.607328031067,1,0,293,0.02,0.3475707471370697
3412,195.80394534508252,1,0,271,0.02,0.3392127454280853
3413,32.759593164924745,0,0,300,0.02,0.35700446367263794
3414,206.18152826706435,1,0,273,0.02,0.34231701493263245
3415,214.98272500912213,1,0,272,0.02,0.3420178294181824
3416,199.84846458832288,1,0,292,0.02,0.3430829346179962
3417,45.35685655991106,0,0,300,0.02,0.3709849417209625
3418,212.0417650008241,1,0,283,0.02,0.3464615046977997
3419,172.2569306969682,1,0,241,0.02,0.3451700806617737
3420,200.87293183088696,1,0,268,0.02,0.34866979718208313
3421,213.33949359655776,1,0,287,0.02,0.34952935576438904
3422,199.25409127632645,1,0,284,0.02,0.3441762626171112
3423,210.12252819458513,1,0,280,0.02,0.34206703305244446
3424,205.72995088020826,1,0,264,0.02,0.3402113616466522
3425,203.80532411337293,1,0,274,0.02,0.34557172656059265
3426,47.388878862861795,0,0,300,0.02,0.357183039188385
3427,54.656116993431255,0,0,300,0.02,0.3503735065460205
3428,205.45084544579052,1,0,263,0.02,0.3449877202510834
3429,209.44299754063155,1,0,274,0.02,0.3469496965408325
3430,202.73672843376661,1,0,273,0.02,0.3460169732570648
3431,199.0441667548802,1,0,271,0.02,0.3491573929786682
3432,205.99397302071122,1,0,275,0.02,0.3442058265209198
3433,30.79224812746446,0,0,300,0.02,0.4013407230377197
3434,213.88298379660054,1,0,235,0.02,0.3461568057537079
3435,231.60695049524702,1,0,295,0.02,0.34766513109207153
3436,223.32890275717176,1,0,251,0.02,0.3396770656108856
3437,43.63594437996412,0,0,300,0.02,0.3737129867076874
3438,-13.548365724082856,0,0,259,0.02,0.67149418592453
3439,226.64019580126205,1,0,292,0.02,0.33435380458831787
3440,221.95619802713784,1,0,279,0.02,0.34285324811935425
3441,239.81135849714678,1,0,295,0.02,0.3465631306171417
3442,75.66703425327808,0,0,300,0.02,0.3584405183792114
3443,209.1802119421999,1,0,262,0.02,0.3468497693538666
3444,216.23312620401782,1,0,291,0.02,0.33362120389938354
3445,220.77086766481793,1,0,275,0.02,0.3341858386993408
3446,75.16833733955886,0,0,300,0.02,0.36061474680900574
3447,207.25891188065077,1,0,286,0.02,0.347971111536026
3448,207.4828688041356,1,0,287,0.02,0.34948188066482544
3449,207.31058944940958,1,0,246,0.02,0.3392553925514221
3450,207.5936020604756,1,0,296,0.02,0.3492985665798187
3451,55.04147594690718,0,0,300,0.02,0.35403376817703247
3452,189.14183823982742,1,0,266,0.02,0.34973952174186707
3453,209.8970669690754,1,0,255,0.02,0.34093233942985535
3454,202.82608518997694,1,0,279,0.02,0.34867778420448303
3455,190.35351180950667,1,0,288,0.02,0.346821129322052
3456,197.5957481757786,1,0,298,0.02,0.34626203775405884
3457,201.83770770947,1,0,295,0.02,0.3382721543312073
3458,48.40053350687424,0,0,300,0.02,0.3617693781852722
3459,205.6163740245488,1,0,296,0.02,0.34610557556152344
3460,206.06026762882735,1,0,243,0.02,0.3426321744918823
3461,206.63956418434645,1,0,295,0.02,0.3453080356121063
3462,-12.250082938667223,0,0,300,0.02,0.5144234895706177
3463,65.54983656803634,0,0,300,0.02,0.34273993968963623
3464,46.57324874639908,0,0,300,0.02,0.3635905683040619
3465,207.03348368565102,1,0,280,0.02,0.3493281602859497
3466,205.30793385902908,1,0,277,0.02,0.340715616941452
3467,210.45479090611005,1,0,277,0.02,0.3415013551712036
3468,199.65124993244675,1,0,280,0.02,0.34738659858703613
3469,-9.66983609914389,0,0,300,0.02,0.4718617796897888
3470,206.43625575939683,1,0,268,0.02,0.3436351418495178
3471,206.4231666700032,1,0,286,0.02,0.33940741419792175
3472,213.01068855047617,1,0,286,0.02,0.3492306172847748
3473,205.0229448310521,1,0,293,0.02,0.34196287393569946
3474,194.2608347264912,1,0,275,0.02,0.3474904000759125
3475,211.22195133129617,1,0,293,0.02,0.3397112488746643
3476,207.49505384684002,1,0,258,0.02,0.34063929319381714
3477,200.53332498947645,1,0,261,0.02,0.3418678343296051
3478,208.03528183857466,1,0,259,0.02,0.3488786220550537
3479,209.18719942013288,1,0,282,0.02,0.3433992266654968
3480,207.52682819286846,1,0,288,0.02,0.3409920334815979
3481,208.1217939845707,1,0,283,0.02,0.3422505855560303
3482,198.05155260483286,1,0,271,0.02,0.3473109304904938
3483,209.6983337060597,1,0,274,0.02,0.3456156551837921
3484,191.5934603206303,1,0,286,0.02,0.3493340015411377
3485,24.56686696768194,0,0,300,0.02,0.42018601298332214
3486,203.15232413689156,1,0,279,0.02,0.3496180474758148
3487,-61.309874144396574,0,0,284,0.02,1.9276676177978516
3488,206.1370078508046,1,0,238,0.02,0.34344711899757385
3489,205.35951409737135,1,0,264,0.02,0.34032055735588074
3490,208.74052191177867,1,0,276,0.02,0.3450686037540436
3491,38.49004081964885,0,0,300,0.02,0.33189254999160767
3492,202.77037706295513,1,0,282,0.02,0.3426048159599304
3493,195.98514495134748,1,0,291,0.02,0.34811651706695557
3494,194.52408330837747,1,0,292,0.02,0.3491782546043396
3495,42.7480465436021,0,0,300,0.02,0.3573911190032959
3496,191.66617314735913,1,0,265,0.02,0.3436557948589325
3497,211.30586224953197,1,0,287,0.02,0.3437335193157196
3498,219.13084712425734,1,0,289,0.02,0.34748730063438416
3499,204.35925339619183,1,0,265,0.02,0.34288573265075684
3500,182.54831997791797,1,0,252,0.02,0.3406190872192383
3501,208.8929945603993,1,0,275,0.02,0.3469504415988922
3502,212.14620626846815,1,0,293,0.02,0.3386475145816803
3503,173.75172390858194,1,0,257,0.02,0.34726810455322266
3504,215.61074862877393,1,0,271,0.02,0.34001192450523376
3505,209.13736752430464,1,0,282,0.02,0.3483572006225586
3506,213.9288204280522,1,0,258,0.02,0.34299397468566895
3507,208.66270262638596,1,0,296,0.02,0.3495234251022339
3508,201.47995767513777,1,0,264,0.02,0.3402096629142761
3509,198.0179834500935,1,0,231,0.02,0.34070321917533875
3510,208.67213076988725,1,0,288,0.02,0.34716638922691345
3511,7.604254281524751,0,0,300,0.02,0.4583391845226288
3512,201.61137928406265,1,0,269,0.02,0.3498542606830597
3513,206.35337851444748,1,0,300,0.02,0.341854453086853
3514,210.37686229626206,1,0,281,0.02,0.34348350763320923
3515,214.0070751945164,1,0,281,0.02,0.3409302830696106
3516,201.42304045597578,1,0,291,0.02,0.34693896770477295
3517,209.09473072449234,1,0,275,0.02,0.3465164005756378
3518,211.7201349584248,1,0,269,0.02,0.34516534209251404
3519,208.7077498030702,1,0,277,0.02,0.34996530413627625
3520,43.1678192782441,0,0,300,0.02,0.3749479353427887
3521,215.82133026997116,1,0,267,0.02,0.3448665142059326
3522,35.11784439960988,0,0,300,0.02,0.35823798179626465
3523,204.67783041397598,1,0,282,0.02,0.3482414782047272
3524,206.28877488056685,1,0,242,0.02,0.34050536155700684
3525,209.27706962029004,1,0,254,0.02,0.34843167662620544
3526,209.68719725847637,1,0,296,0.02,0.347603440284729
3527,210.20754224697612,1,0,296,0.02,0.3383135199546814
3528,199.61682472944656,1,0,270,0.02,0.34769657254219055
3529,199.93658989349868,1,0,273,0.02,0.3410516083240509
3530,209.4707538930562,1,0,287,0.02,0.3450106084346771
3531,49.487291343216036,0,0,300,0.02,0.35507991909980774
3532,198.50392235676316,1,0,279,0.02,0.34421849250793457
3533,192.6415874044087,1,0,261,0.02,0.34480223059654236
3534,207.33330686966445,1,0,290,0.02,0.34187236428260803
3535,206.58957837978863,1,0,284,0.02,0.3478044867515564
3536,-14.802492063041612,0,0,300,0.02,0.6025257706642151
3537,44.63537747621931,0,0,300,0.02,0.365558385848999
3538,316.05367726087957,0,0,300,0.02,0.4459834396839142
3539,346.4091216445008,0,0,300,0.02,0.40712234377861023
3540,-51.052343475814624,0,0,300,0.02,0.45998862385749817
3541,272.0083699584044,0,0,300,0.02,0.4198102653026581
3542,303.56300532579803,0,0,300,0.02,0.39615142345428467
3543,278.20935182333363,0,0,300,0.02,0.3720647990703583
3544,-84.49995672940807,0,0,275,0.02,0.4743919372558594
3545,224.89118846655288,1,0,254,0.02,0.33660563826560974
3546,201.98627630949414,1,0,230,0.02,0.3328336775302887
3547,240.27285091162122,1,0,283,0.02,0.3236900269985199
3548,234.99788616577655,1,0,291,0.02,0.3382275402545929
3549,192.44709050894176,1,0,230,0.02,0.33263012766838074
3550,225.29598597288532,1,0,291,0.02,0.3479062616825104
3551,203.5286018729249,1,0,271,0.02,0.33975228667259216
3552,233.5153479647676,1,0,280,0.02,0.3480657637119293
3553,84.56354360342426,0,0,300,0.02,0.34601685404777527
3554,223.24775552511613,1,0,268,0.02,0.34996387362480164
3555,78.47170274496474,0,0,300,0.02,0.33897706866264343
3556,218.05282334089677,1,0,254,0.02,0.3461969196796417
3557,219.64033270121018,1,0,273,0.02,0.34681957960128784
3558,173.86564072052505,1,0,212,0.02,0.3337889015674591
3559,75.33347353697224,0,0,300,0.02,0.35353437066078186
3560,223.03996875524922,1,0,283,0.02,0.3469105660915375
3561,199.4525450968782,1,0,277,0.02,0.3437664806842804
3562,212.20112394571697,1,0,290,0.02,0.32912176847457886
3563,196.58730869055188,1,0,268,0.02,0.3400755822658539
3564,206.32347059965525,1,0,289,0.02,0.3335351049900055
3565,224.71752897024547,1,0,260,0.02,0.335020512342453
3566,225.32166413069172,1,0,300,0.02,0.34148672223091125
3567,208.40641725937394,1,0,280,0.02,0.33609476685523987
3568,223.1369147229234,1,0,276,0.02,0.34517407417297363
3569,-17.331912028785624,0,0,300,0.02,0.4673807621002197
3570,189.1795103478471,1,0,270,0.02,0.3345251679420471
3571,182.7394236016313,1,0,257,0.02,0.3445468544960022
3572,228.8347525016454,1,0,288,0.02,0.33651095628738403
3573,169.0465332436601,1,0,261,0.02,0.34276944398880005
3574,174.81621941010025,1,0,255,0.02,0.3461442291736603
3575,179.76992594639324,1,0,283,0.02,0.33521759510040283
3576,228.58833500147264,1,0,277,0.02,0.34981900453567505
3577,198.5681695199052,1,0,268,0.02,0.34486037492752075
3578,196.3171886277238,1,0,270,0.02,0.3351055979728699
3579,229.74195276499194,1,0,277,0.02,0.34891456365585327
3580,173.35286582390333,1,0,267,0.02,0.34948262572288513
3581,227.14779128790298,1,0,296,0.02,0.3499549329280853
3582,208.9611079907457,1,0,278,0.02,0.3341257572174072
3583,70.80587007284561,0,0,300,0.02,0.3404352366924286
3584,229.78920282602706,1,0,282,0.02,0.3446020483970642
3585,238.6861427235643,1,0,297,0.02,0.34536707401275635
3586,200.1499304795305,1,0,233,0.02,0.3444201350212097
3587,-64.19428748210407,0,0,287,0.02,2.0612709522247314
3588,166.0746367192307,0,0,300,0.02,0.36824357509613037
3589,51.9513713431398,0,0,300,0.02,0.4015599191188812
3590,222.82129522244003,1,0,290,0.02,0.3448752760887146
3591,230.52804341555037,1,0,295,0.02,0.34989190101623535
3592,175.35845598618056,1,0,271,0.02,0.3380850851535797
3593,171.81846202135475,1,0,285,0.02,0.3347872495651245
3594,167.95891696850322,1,0,257,0.02,0.3379698395729065
3595,211.03051168680585,1,0,276,0.02,0.32927483320236206
3596,226.91023728609474,1,0,279,0.02,0.33434343338012695
3597,-8.720893571372839,0,0,300,0.02,0.5121261477470398
3598,222.87539909283188,1,0,276,0.02,0.3363493084907532
3599,212.35847221771746,1,0,277,0.02,0.3430810272693634
3600,232.35356006065868,1,0,286,0.02,0.33930906653404236
3601,218.77922308206954,1,0,279,0.02,0.3420969843864441
3602,208.71299546957408,1,0,281,0.02,0.3436538875102997
3603,230.03320395708482,1,0,255,0.02,0.3411017656326294
3604,203.28335963488018,1,0,268,0.02,0.33856284618377686
3605,224.68799556494156,1,0,298,0.02,0.3374038636684418
3606,222.88705813805132,1,0,272,0.02,0.3384345471858978
3607,66.24926102400221,0,0,300,0.02,0.38208749890327454
3608,218.91940596819322,1,0,267,0.02,0.3470512628555298
3609,208.0459198117295,1,0,282,0.02,0.34792280197143555
3610,225.72136184135942,1,0,256,0.02,0.33985862135887146
3611,201.9542335581819,1,0,300,0.02,0.33834436535835266
3612,227.43806104898852,1,0,249,0.02,0.34738749265670776
3613,173.8626380991975,1,0,277,0.02,0.3487432301044464
3614,-56.97006743510699,0,0,300,0.02,0.8202159404754639
3615,223.67861607790388,1,0,245,0.02,0.34474873542785645
3616,235.7074286309865,1,0,285,0.02,0.33584192395210266
3617,219.0799520564119,1,0,267,0.02,0.34441474080085754
3618,236.21042137384808,1,0,251,0.02,0.341797411441803
3619,222.2002491354982,1,0,296,0.02,0.3468404710292816
3620,219.19145827532208,1,0,282,0.02,0.3465381860733032
3621,195.9594786858598,1,0,289,0.02,0.3470330834388733
3622,227.08194415331283,1,0,287,0.02,0.34141671657562256
3623,79.6338717261937,0,0,300,0.02,0.3842311501502991
3624,48.60831948995979,0,0,300,0.02,0.37732288241386414
3625,-49.3604198559139,0,0,300,0.02,1.810304045677185
3626,219.63638782740037,1,0,273,0.02,0.34780579805374146
3627,40.303325150016875,0,0,300,0.02,0.36107146739959717
3628,240.2530059409181,1,0,291,0.02,0.33865126967430115
3629,232.27808774868515,1,0,290,0.02,0.3381771445274353
3630,187.96880063295754,1,0,242,0.02,0.3497025966644287
3631,110.84312494516772,0,0,300,0.02,0.37862151861190796
3632,95.2494689059297,0,0,300,0.02,0.377035528421402
3633,213.24306190411116,1,0,292,0.02,0.34443360567092896
3634,188.2444756070759,1,0,278,0.02,0.3440801799297333
3635,208.46837794224285,1,0,239,0.02,0.3481045961380005
3636,215.98074862877394,1,0,271,0.02,0.34001192450523376
3637,197.62188396851084,1,0,274,0.02,0.33722808957099915
3638,208.04971224228407,1,0,285,0.02,0.3452710211277008
3639,176.0826829218904,1,0,268,0.02,0.34873202443122864
3640,198.5934229890492,1,0,271,0.02,0.3443433344364166
3641,209.54539687553907,1,0,271,0.02,0.3488498628139496
3642,165.73515758753214,1,0,283,0.02,0.34811335802078247
3643,196.49129081169627,1,0,280,0.02,0.34487637877464294
3644,51.995455745854635,0,0,300,0.02,0.34383514523506165
3645,210.91844669104015,1,0,254,0.02,0.34729108214378357
3646,206.47453438679244,1,0,263,0.02,0.34656548500061035
3647,189.55435806671645,1,0,272,0.02,0.34410956501960754
3648,195.87027920166517,1,0,300,0.02,0.3451292812824249
3649,210.23676300446058,1,0,270,0.02,0.3460083305835724
3650,207.97566556374096,1,0,278,0.02,0.3462826907634735
3651,197.929714243416,1,0,264,0.02,0.3469741940498352
3652,205.34645472923782,1,0,274,0.02,0.34608539938926697
3653,38.91159982443245,0,0,300,0.02,0.3590027987957001
3654,202.60936971903243,1,0,262,0.02,0.34456032514572144
3655,206.99526513020064,1,0,285,0.02,0.34388279914855957
3656,202.2652785913136,1,0,280,0.02,0.34137943387031555
3657,200.89392594257862,1,0,283,0.02,0.34671759605407715
3658,182.10134182373548,1,0,253,0.02,0.3423636257648468
3659,209.81234237591292,1,0,285,0.02,0.3496134877204895
3660,213.7239530030873,1,0,296,0.02,0.34671083092689514
3661,205.39419366756943,1,0,299,0.02,0.34165066480636597
3662,212.43379383007556,1,0,299,0.02,0.3392506241798401
3663,209.7863944093373,1,0,280,0.02,0.34610047936439514
3664,170.6322915832188,1,0,292,0.02,0.34712618589401245
3665,212.7182088462498,1,0,288,0.02,0.333146870136261
3666,214.5748024598744,1,0,278,0.02,0.3389984667301178
3667,203.04697411457565,1,0,281,0.02,0.34345555305480957
3668,207.37048732519546,1,0,289,0.02,0.3492809236049652
3669,206.2384661285069,1,0,267,0.02,0.34058254957199097
3670,210.6727746748964,1,0,277,0.02,0.3387090861797333
3671,210.9963523093846,1,0,270,0.02,0.3411110043525696
3672,202.74425040165445,1,0,297,0.02,0.3391364812850952
3673,213.63888565460707,1,0,268,0.02,0.3479776680469513
3674,208.14880242744945,1,0,275,0.02,0.3429984748363495
3675,22.174763535657128,0,0,300,0.02,0.41650819778442383
3676,210.06501537720231,1,0,276,0.02,0.3414452373981476
3677,206.79847640911603,1,0,286,0.02,0.34807997941970825
3678,213.99963678280378,1,0,284,0.02,0.3452898859977722
3679,9.850910518173341,0,0,300,0.02,0.4116751253604889
3680,209.36419638077285,1,0,284,0.02,0.3341499865055084
3681,214.96071906487015,1,0,285,0.02,0.3400193154811859
3682,192.08707795540354,1,0,261,0.02,0.3459295928478241
3683,203.47902259747053,1,0,290,0.02,0.3404434323310852
3684,204.88461553970842,1,0,269,0.02,0.3390451967716217
3685,200.33469219128153,1,0,275,0.02,0.3390260338783264
3686,201.12629415432477,1,0,268,0.02,0.3461255431175232
3687,207.44808551231887,1,0,289,0.02,0.3456777036190033
3688,209.53150669971967,1,0,252,0.02,0.34482240676879883
3689,209.32047173420457,1,0,289,0.02,0.347581148147583
3690,202.08453271786237,1,0,245,0.02,0.3465659022331238
3691,207.26628828764353,1,0,289,0.02,0.3478306829929352
3692,214.4557748691228,1,0,288,0.02,0.3437553644180298
3693,206.88670792023208,1,0,297,0.02,0.3435221016407013
3694,203.852216014066,1,0,273,0.02,0.34964507818222046
3695,211.21697350899245,1,0,268,0.02,0.3409557044506073
3696,208.28294771114852,1,0,285,0.02,0.3469621539115906
3697,208.95205563942454,1,0,282,0.02,0.3396851718425751
3698,198.6549029819157,1,0,272,0.02,0.3464733362197876
3699,179.5710581803361,1,0,281,0.02,0.3391382098197937
3700,200.1881106750157,1,0,288,0.02,0.3481714129447937
3701,178.99246871868635,1,0,287,0.02,0.3445819020271301
3702,209.14128197431955,1,0,280,0.02,0.34908226132392883
3703,36.1799342179338,0,0,300,0.02,0.38691920042037964
3704,208.87671628395583,1,0,281,0.02,0.3485200107097626
3705,211.3382231990483,1,0,272,0.02,0.3456432819366455
3706,180.03349345127606,1,0,253,0.02,0.3468257188796997
3707,207.73577833572892,1,0,290,0.02,0.34625449776649475
3708,216.5131959986726,1,0,243,0.02,0.348603755235672
3709,212.89872421980297,1,0,291,0.02,0.3497216999530792
3710,209.75755884567766,1,0,280,0.02,0.34580937027931213
3711,208.48162696600355,1,0,275,0.02,0.34899601340293884
3712,196.48595656315354,1,0,270,0.02,0.34870994091033936
3713,208.91062227011122,1,0,281,0.02,0.34924718737602234
3714,202.30074707905317,1,0,280,0.02,0.3400123119354248
3715,213.06777522007488,1,0,277,0.02,0.3482552766799927
3716,202.30456428925064,1,0,268,0.02,0.3415580093860626
3717,190.65712918043533,1,0,272,0.02,0.34512045979499817
3718,211.7996168843892,1,0,291,0.02,0.34779486060142517
3719,213.6253063956883,1,0,282,0.02,0.34887248277664185
3720,193.9016810774842,1,0,278,0.02,0.3464824855327606
3721,205.18855899254348,1,0,272,0.02,0.34055933356285095
3722,200.9998738741914,1,0,267,0.02,0.3494342863559723
3723,203.90965094009903,1,0,271,0.02,0.33778634667396545
3724,34.58864602486163,0,0,300,0.02,0.34303757548332214
3725,204.5586896649983,1,0,296,0.02,0.34552666544914246
3726,45.230469968322886,0,0,300,0.02,0.36178526282310486
3727,186.81275291363266,1,0,257,0.02,0.34451085329055786
3728,207.5446160260823,1,0,299,0.02,0.34154507517814636
3729,76.58405598083999,0,0,300,0.02,0.34168508648872375
3730,-69.30934897502397,0,0,300,0.02,0.7850363254547119
3731,200.5881456939366,1,0,275,0.02,0.3406626582145691
3732,201.42380924622083,1,0,260,0.02,0.3492467701435089
3733,206.28555693865212,1,0,283,0.02,0.3480135202407837
3734,213.84807643333937,1,0,292,0.02,0.34067997336387634
3735,211.5365975515034,1,0,264,0.02,0.3485496938228607
3736,200.29466014305615,1,0,263,0.02,0.3440340459346771
3737,52.95602379084024,0,0,300,0.02,0.3553968071937561
3738,210.58456441799666,1,0,270,0.02,0.34405797719955444
3739,28.387806619801797,0,0,300,0.02,0.36074742674827576
3740,209.82244081417588,1,0,242,0.02,0.34208887815475464
3741,201.61812531233224,1,0,282,0.02,0.349871426820755
3742,207.97514614979295,1,0,296,0.02,0.3414125442504883
3743,47.776663502850816,0,0,300,0.02,0.35603320598602295
3744,205.09750102917224,1,0,275,0.02,0.34582382440567017
3745,209.96477829853563,1,0,246,0.02,0.34900450706481934
3746,209.75755884567764,1,0,280,0.02,0.34580937027931213
3747,207.34086199680831,1,0,290,0.02,0.33998358249664307
3748,210.20001036882795,1,0,273,0.02,0.3494001626968384
3749,203.60149763027692,1,0,271,0.02,0.3423246741294861
3750,185.14484369993602,1,0,294,0.02,0.34569182991981506
3751,212.67623475948835,1,0,285,0.02,0.33864039182662964
3752,214.76088929573564,1,0,281,0.02,0.3399767577648163
3753,207.85565971294903,1,0,277,0.02,0.3437841534614563
3754,206.8280855123189,1,0,290,0.02,0.3456777036190033
3755,-10.958822648521346,0,0,300,0.02,0.39160841703414917
3756,43.23553806066904,0,0,300,0.02,0.368018239736557
3757,322.3364610314408,0,0,300,0.02,0.4127874970436096
3758,-26.024325280985575,0,0,300,0.02,0.43378040194511414
3759,257.5646814274828,1,0,289,0.02,0.3382323980331421
3760,84.36725786447919,0,0,300,0.02,0.3600882887840271
3761,255.67741321802535,1,0,287,0.02,0.33504945039749146
3762,235.99262234449782,1,0,279,0.02,0.34374716877937317
3763,258.1304548811952,1,0,264,0.02,0.34428903460502625
3764,236.69551367203263,1,0,280,0.02,0.341320663690567
3765,231.92434852043658,1,0,277,0.02,0.34161195158958435
3766,96.6752541470567,0,0,300,0.02,0.41058921813964844
3767,204.2926849834111,1,0,290,0.02,0.34952783584594727
3768,195.78832177559406,1,0,286,0.02,0.3431186378002167
3769,205.03528003136182,1,0,267,0.02,0.3438790738582611
3770,207.96956323067212,1,0,281,0.02,0.3453082740306854
3771,192.48176799059303,1,0,261,0.02,0.3489607572555542
3772,197.17929948568735,1,0,297,0.02,0.33957788348197937
3773,214.6157554189351,1,0,281,0.02,0.33876022696495056
3774,207.29810398975877,1,0,295,0.02,0.3456730842590332
3775,209.93560321728253,1,0,248,0.02,0.3462982773780823
3776,188.58306364775095,1,0,291,0.02,0.3411368429660797
3777,209.55819334268966,1,0,283,0.02,0.3398544192314148
3778,42.532052819732826,0,0,300,0.02,0.35888954997062683
3779,210.66036549965406,1,0,300,0.02,0.342607706785202
3780,208.33150551716355,1,0,298,0.02,0.3473227024078369
3781,27.980358345512478,0,0,300,0.02,0.3818131685256958
3782,172.68986936012774,1,0,260,0.02,0.3452317416667938
3783,176.24823796192675,1,0,283,0.02,0.340639591217041
3784,174.82334967533615,1,0,276,0.02,0.34436166286468506
3785,174.2019894878056,1,0,261,0.02,0.34220170974731445
3786,171.28263120094806,1,0,275,0.02,0.3445412814617157
3787,170.98876096169022,1,0,255,0.02,0.3480088412761688
3788,171.82448902368944,1,0,280,0.02,0.33828049898147583
3789,171.9835231153157,1,0,261,0.02,0.34181830286979675
3790,184.87336621046458,1,0,248,0.02,0.34356120228767395
3791,173.09268732944992,1,0,289,0.02,0.3395272493362427
3792,170.9764427892354,1,0,262,0.02,0.3410883843898773
3793,178.32778174797562,1,0,226,0.02,0.3407536447048187
3794,23.49961841822064,0,0,300,0.02,0.35199815034866333
3795,207.336224655309,1,0,285,0.02,0.3461429178714752
3796,200.08231839577226,1,0,276,0.02,0.344619482755661
3797,211.65230242172743,1,0,297,0.02,0.34462347626686096
3798,170.64686525106825,1,0,250,0.02,0.3451864421367645
3799,207.52054170052077,1,0,299,0.02,0.3450636565685272
3800,203.20671374241374,1,0,298,0.02,0.3385206460952759
3801,196.1892107192662,1,0,258,0.02,0.34289640188217163
3802,40.12656932274368,0,0,300,0.02,0.3860567510128021
3803,55.83015864611065,0,0,300,0.02,0.34436309337615967
3804,384.95490360022006,0,0,290,0.02,0.4231768548488617
3805,22.856594727043344,0,0,281,0.02,0.46025407314300537
3806,228.29620852709212,1,0,291,0.02,0.34535062313079834
3807,206.0522459006349,1,0,249,0.02,0.34884127974510193
3808,239.67900899172224,1,0,293,0.02,0.3446505069732666
3809,99.4109745335619,0,0,300,0.02,0.3491591215133667
3810,79.33679589987194,0,0,300,0.02,0.4152037799358368
3811,205.90687779346968,1,0,281,0.02,0.34347963333129883
3812,171.59589312473798,1,0,248,0.02,0.3437258005142212
3813,209.75755884567764,1,0,280,0.02,0.34580937027931213
3814,208.5464429179814,1,0,289,0.02,0.34358835220336914
3815,206.4984526769307,1,0,290,0.02,0.3455859124660492
3816,195.55559377113843,1,0,283,0.02,0.3388006389141083
3817,210.43774670044445,1,0,288,0.02,0.3407624065876007
3818,187.52962688843277,1,0,253,0.02,0.3452923595905304
3819,24.67026775122083,0,0,300,0.02,0.41433581709861755
3820,197.6796447539369,1,0,283,0.02,0.34949156641960144
3821,185.05122380653881,1,0,251,0.02,0.3423931300640106
3822,200.53465987921157,1,0,272,0.02,0.3457377851009369
3823,198.81442216635145,1,0,264,0.02,0.34329721331596375
3824,206.76378988981645,1,0,268,0.02,0.3459552824497223
3825,188.60458338181044,1,0,272,0.02,0.346553236246109
3826,29.3298743859914,0,0,300,0.02,0.35023048520088196
3827,188.53203215837874,1,0,272,0.02,0.34889471530914307
3828,199.2302736830751,1,0,277,0.02,0.34433433413505554
3829,196.65881673256422,1,0,257,0.02,0.34299489855766296
3830,204.63703635136156,1,0,278,0.02,0.3459399938583374
3831,178.7071684002916,1,0,288,0.02,0.3451106548309326
3832,194.984361975197,1,0,275,0.02,0.34581226110458374
3833,185.48287463585402,1,0,247,0.02,0.34698042273521423
3834,38.51765948692824,0,0,300,0.02,0.35328420996665955
3835,194.82199842850235,1,0,219,0.02,0.3421994745731354
3836,199.45465987921156,1,0,273,0.02,0.3457377851009369
3837,194.75726515055098,1,0,284,0.02,0.33258646726608276
3838,-62.176128912768135,0,0,294,0.02,1.904231309890747
3839,40.23067769447833,0,0,300,0.02,0.37002965807914734
3840,194.3138781046907,1,0,273,0.02,0.3459332287311554
3841,177.4630344478276,1,0,249,0.02,0.3344404697418213
3842,186.1677868676225,1,0,256,0.02,0.34745603799819946
3843,201.1025699082997,1,0,278,0.02,0.33955660462379456
3844,174.86768136740122,1,0,242,0.02,0.3474824130535126
3845,186.73268074751294,1,0,231,0.02,0.341232568025589
3846,189.35538207451367,1,0,288,0.02,0.34385356307029724
3847,186.3532012502339,1,0,253,0.02,0.34189876914024353
3848,185.502011039261,1,0,262,0.02,0.34389999508857727
3849,198.4130858922044,1,0,287,0.02,0.32863128185272217
3850,198.35010716677107,1,0,280,0.02,0.34937596321105957
3851,40.05600458065539,0,0,300,0.02,0.3736979365348816
3852,187.10913807630936,1,0,292,0.02,0.3396182358264923
3853,185.51190685987868,1,0,256,0.02,0.3464260399341583
3854,40.6518669931081,0,0,300,0.02,0.38723233342170715
3855,194.24122132221726,1,0,290,0.02,0.3473937511444092
3856,40.11504764954118,0,0,300,0.02,0.3639371693134308
3857,190.37267138401535,1,0,281,0.02,0.34703123569488525
3858,194.4418503642122,1,0,273,0.02,0.3489401638507843
3859,182.0196015811006,1,0,240,0.02,0.34450235962867737
3860,192.4661988329927,1,0,271,0.02,0.3353530466556549
3861,203.0267783379594,1,0,291,0.02,0.34270817041397095
3862,176.86635077873734,1,0,260,0.02,0.34611138701438904
3863,196.16006698370376,1,0,281,0.02,0.34688600897789
3864,185.66817020655074,1,0,288,0.02,0.3373602032661438
3865,188.0624004022267,1,0,225,0.02,0.34209898114204407
3866,202.59650069952406,1,0,284,0.02,0.3427775800228119
3867,-26.99769396066273,0,0,260,0.02,0.4888262450695038
3868,187.3651217214253,1,0,256,0.02,0.34391865134239197
3869,182.47110636949932,1,0,224,0.02,0.3466261625289917
3870,192.1418043462422,1,0,276,0.02,0.33974799513816833
3871,39.628956822552965,0,0,300,0.02,0.34795987606048584
3872,185.51749161163832,1,0,256,0.02,0.3458261787891388
3873,206.85772582292952,1,0,263,0.02,0.34497129917144775
3874,11.183267228607265,0,0,300,0.02,0.4585859477519989
3875,176.68373005628982,1,0,243,0.02,0.3484702408313751
3876,195.25479864836134,1,0,269,0.02,0.3482030928134918
3877,175.07356829563642,1,0,255,0.02,0.3418070077896118
3878,18.627713849548474,0,0,300,0.02,0.3624742925167084
3879,179.7217950415651,1,0,274,0.02,0.346453994512558
3880,177.8108270970967,1,0,256,0.02,0.3474923074245453
3881,174.6835832254078,1,0,272,0.02,0.349303275346756
3882,185.39016828298966,1,0,269,0.02,0.33936068415641785
3883,21.13720438719193,0,0,300,0.02,0.3726016581058502
3884,209.81791409889723,1,0,278,0.02,0.348220556974411
3885,30.477995866933156,0,0,300,0.02,0.34570011496543884
3886,191.06523653904466,1,0,266,0.02,0.34888994693756104
3887,11.02560421864055,0,0,300,0.02,0.4212980270385742
3888,184.96764754692583,1,0,273,0.02,0.3482871949672699
3889,104.58703706661731,0,0,300,0.02,0.3459398150444031
3890,184.83063740015425,1,0,273,0.02,0.3467434048652649
3891,201.31036573807265,1,0,261,0.02,0.34260764718055725
3892,179.23531517267622,1,0,234,0.02,0.34557396173477173
3893,194.80133992592357,1,0,239,0.02,0.3448641002178192
3894,179.45361239672098,1,0,265,0.02,0.3484996557235718
3895,165.13349384546672,1,0,277,0.02,0.3335292935371399
3896,-33.198013621172656,0,0,300,0.02,1.0897024869918823
3897,209.75755884567764,1,0,280,0.02,0.34580937027931213
3898,187.07379172245527,1,0,258,0.02,0.3492511510848999
3899,186.33870739221967,1,0,259,0.02,0.34472590684890747
3900,177.9722806159642,1,0,259,0.02,0.3471289277076721
3901,181.83358151197828,1,0,256,0.02,0.346007376909256
3902,209.43777019421128,1,0,286,0.02,0.34325653314590454
3903,177.0141647744218,1,0,242,0.02,0.33836156129837036
3904,23.641602672734578,0,0,300,0.02,0.34729841351509094
3905,169.22069485584763,1,0,278,0.02,0.3375253677368164
3906,17.577232708134915,0,0,300,0.02,0.3508909046649933
3907,9.855987648167812,0,0,300,0.02,0.40370216965675354
3908,174.8062553477327,1,0,275,0.02,0.33783891797065735
3909,9.900547055402086,0,0,300,0.02,0.34256231784820557
3910,172.84359894196058,1,0,269,0.02,0.3442993462085724
3911,167.882188090482,1,0,288,0.02,0.34215205907821655
3912,174.61682114998368,1,0,239,0.02,0.33849379420280457
3913,175.4818550483372,1,0,241,0.02,0.3497353196144104
3914,183.67739180803687,1,0,277,0.02,0.3475548028945923
3915,6.504496344723986,0,0,300,0.02,0.3740749955177307
3916,185.68159096479812,1,0,273,0.02,0.3490050137042999
3917,58.9916882363942,0,0,300,0.02,0.33977702260017395
3918,181.78750735680129,1,0,246,0.02,0.3483222424983978
3919,178.55862029472854,1,0,221,0.02,0.3480440080165863
3920,-23.825610692497126,0,0,300,0.02,0.5108054280281067
3921,176.54469623486068,1,0,232,0.02,0.336525022983551
3922,174.59729175329605,1,0,288,0.02,0.3375798165798187
3923,15.60513325134782,0,0,300,0.02,0.36641576886177063
3924,175.89093819061782,1,0,267,0.02,0.34496453404426575
3925,178.66412525097397,1,0,246,0.02,0.3441677689552307
3926,179.718378970627,1,0,288,0.02,0.34480801224708557
3927,182.3667957425157,1,0,250,0.02,0.34270381927490234
3928,179.03992144505048,1,0,278,0.02,0.3427187204360962
3929,180.8917560505907,1,0,263,0.02,0.34396374225616455
3930,173.9923822633412,1,0,231,0.02,0.3371035158634186
3931,22.777899769940596,0,0,300,0.02,0.373224139213562
3932,179.06108208576705,1,0,219,0.02,0.347428560256958
3933,177.1619018880513,1,0,249,0.02,0.3472236096858978
3934,190.01214222351575,1,0,260,0.02,0.34966352581977844
3935,176.1359440271046,1,0,243,0.02,0.34371307492256165
3936,177.48085570732619,1,0,242,0.02,0.34748515486717224
3937,-64.58976590236162,0,0,297,0.02,1.9276405572891235
3938,178.0125167059938,1,0,249,0.02,0.33877357840538025
3939,177.62692592859656,1,0,288,0.02,0.3451712727546692
3940,176.09849183321393,1,0,272,0.02,0.3372797966003418
3941,160.70601434469617,1,0,286,0.02,0.3478991687297821
3942,179.299892323021,1,0,261,0.02,0.34192967414855957
3943,173.33999894062543,1,0,237,0.02,0.3451993465423584
3944,179.67141719261673,1,0,268,0.02,0.3498447835445404
3945,185.53284444094098,1,0,267,0.02,0.3461916446685791
3946,179.76349032322435,1,0,271,0.02,0.33932650089263916
3947,177.92948611179855,1,0,246,0.02,0.3478275537490845
3948,177.20933086634076,1,0,249,0.02,0.34707003831863403
3949,173.84926458597576,1,0,251,0.02,0.3470866084098816
3950,177.84747548342145,1,0,238,0.02,0.3450338840484619
3951,179.53500389814772,1,0,264,0.02,0.3406517803668976
3952,183.30912488857774,1,0,270,0.02,0.34291785955429077
3953,23.471796473660763,0,0,300,0.02,0.4322499632835388
3954,176.62094818830883,1,0,261,0.02,0.3491657078266144
3955,180.27940383831523,1,0,255,0.02,0.34284812211990356
3956,178.92981463352703,1,0,297,0.02,0.34274542331695557
3957,181.58497836828627,1,0,270,0.02,0.33565816283226013
3958,176.7914505712178,1,0,246,0.02,0.34983643889427185
3959,20.650386995473184,0,0,300,0.02,0.3526023328304291
3960,171.38321388006602,1,0,255,0.02,0.34859928488731384
3961,12.577106346288005,0,0,300,0.02,0.35092249512672424
3962,181.3884433627168,1,0,260,0.02,0.34979191422462463
3963,180.01814170599377,1,0,270,0.02,0.33486732840538025
3964,184.72625286341108,1,0,264,0.02,0.3428395390510559
3965,179.23837483326463,1,0,269,0.02,0.34560537338256836
3966,181.7729320597688,1,0,253,0.02,0.34616973996162415
3967,184.63342608849075,1,0,268,0.02,0.34434255957603455
3968,16.60580875317119,0,0,300,0.02,0.3512468934059143
3969,185.8925689927724,1,0,263,0.02,0.3495568335056305
3970,181.24879419247176,1,0,263,0.02,0.34050053358078003
3971,180.58753723383347,1,0,282,0.02,0.3450184464454651
3972,174.84235352754982,1,0,248,0.02,0.3438143730163574
3973,195.3330125514653,1,0,266,0.02,0.34444594383239746
3974,173.4109719363835,1,0,244,0.02,0.34745609760284424
3975,190.94552386045854,1,0,282,0.02,0.33302178978919983
3976,183.05840043465162,1,0,250,0.02,0.3380989730358124
3977,178.01993385235335,1,0,270,0.02,0.3452156186103821
3978,181.0366489211705,1,0,255,0.02,0.3460368514060974
3979,17.43609346310163,0,0,300,0.02,0.3611757159233093
3980,10.350317138829505,0,0,300,0.02,0.35261979699134827
3981,175.00976216555037,1,0,261,0.02,0.34696221351623535
3982,184.07651416063703,1,0,225,0.02,0.34027421474456787
3983,181.0913256303456,1,0,260,0.02,0.34736767411231995
3984,172.68845838943986,1,0,245,0.02,0.3430844843387604
3985,21.664790257611532,0,0,300,0.02,0.3590015172958374
3986,178.48234861135876,1,0,222,0.02,0.3363156020641327
3987,7.630107578435207,0,0,300,0.02,0.35517218708992004
3988,178.06797070423625,1,0,250,0.02,0.34320640563964844
3989,194.98950135151415,1,0,281,0.02,0.34282374382019043
3990,178.03990489403276,1,0,249,0.02,0.3477228581905365
3991,178.19346040487684,1,0,256,0.02,0.3485376536846161
3992,-4.35841526269518,0,0,284,0.02,0.40400657057762146
3993,187.0890181136171,1,0,300,0.02,0.3296482264995575
3994,195.41638809124498,1,0,288,0.02,0.3461020588874817
3995,181.81448692242174,1,0,261,0.02,0.34157735109329224
3996,-27.370696132179127,0,0,300,0.02,0.4570767879486084
3997,171.60589024782576,1,0,263,0.02,0.3479301929473877
3998,164.58090024710097,1,0,269,0.02,0.3441776931285858
3999,27.47525716066756,0,0,300,0.02,0.3880884647369385
4000,205.62727940956617,1,0,289,0.02,0.3433792293071747
4001,168.2900961995164,1,0,226,0.02,0.34937870502471924
4002,213.72413046121991,1,0,269,0.02,0.34337013959884644
4003,186.905728957657,1,0,263,0.02,0.34797051548957825
4004,185.9842026019136,1,0,262,0.02,0.3483521044254303
4005,170.98416075945298,1,0,283,0.02,0.3483625650405884
4006,209.75755884567764,1,0,280,0.02,0.34580937027931213
4007,200.77829126755265,1,0,261,0.02,0.34562626481056213
4008,19.037322310605358,0,0,300,0.02,0.3708685040473938
4009,203.54142228365336,1,0,298,0.02,0.3490471839904785
4010,191.2129582858125,1,0,265,0.02,0.34616318345069885
4011,-61.60429225047565,0,0,280,0.02,1.811272144317627
4012,169.68964760542312,1,0,262,0.02,0.3469908535480499
4013,169.37678980112466,1,0,257,0.02,0.34770530462265015
4014,50.071747453216666,0,0,300,0.02,0.37146589159965515
4015,-38.6980882938716,0,0,300,0.02,2.014721155166626
4016,199.12249169111647,1,0,284,0.02,0.3437798321247101
4017,173.10803267717753,1,0,225,0.02,0.34739458560943604
4018,157.2805320191423,1,0,268,0.02,0.3467697501182556
4019,170.75477841774486,1,0,249,0.02,0.34900447726249695
4020,53.58898806333934,0,0,300,0.02,0.389655739068985
4021,11.983584942021613,0,0,300,0.02,0.4243028461933136
4022,174.42170373360182,1,0,262,0.02,0.33977314829826355
4023,-14.32289069255329,0,0,300,0.02,0.6584217548370361
4024,19.699744266667583,0,0,300,0.02,0.4277630150318146
4025,202.6849825787584,1,0,285,0.02,0.3456571102142334
4026,355.8097777295152,0,0,300,0.02,0.3644583225250244
4027,335.98341078678635,0,0,300,0.02,0.36434638500213623
4028,278.3060141539611,0,0,300,0.02,0.4228992164134979
4029,15.284583132270864,0,0,300,0.02,0.4457569718360901
4030,265.98798239946734,0,0,300,0.02,0.41740715503692627
4031,211.61531684637444,0,0,300,0.02,0.3780735433101654
4032,229.33016349554435,0,0,300,0.02,0.39686188101768494
4033,220.4708156371154,0,0,300,0.02,0.4141988456249237
4034,210.87939683199303,0,0,300,0.02,0.3895535469055176
4035,232.53867135286703,0,0,300,0.02,0.3972349166870117
4036,-2.4199343736979513,0,0,300,0.02,0.3576826751232147
4037,-46.71227569818099,0,0,281,0.02,0.4774716794490814
4038,-7.274902188773942,0,0,300,0.02,0.36562830209732056
4039,228.83712599993126,0,0,300,0.02,0.4176212549209595
4040,231.18364049355037,0,0,300,0.02,0.36178895831108093
4041,261.7183541131056,0,0,300,0.02,0.35981422662734985
4042,-6.192127349372791,0,0,300,0.02,0.4599345922470093
4043,442.8448500800175,0,0,300,0.02,0.3931902348995209
4044,-44.03453833341203,0,0,288,0.02,0.43553733825683594
4045,272.5168532252349,0,0,300,0.02,0.380189448595047
4046,174.66188398600013,0,0,300,0.02,0.4439317584037781
4047,-19.77634346723157,0,0,300,0.02,0.41848862171173096
4048,52.33144840956129,0,0,300,0.02,0.35404065251350403
4049,204.76235830545818,1,0,252,0.02,0.3463131785392761
4050,220.41946600199142,1,0,290,0.02,0.33453625440597534
4051,228.01114482641614,1,0,293,0.02,0.33411654829978943
4052,216.0707463637975,1,0,285,0.02,0.34001249074935913
4053,-47.944285422167574,0,0,300,0.02,1.9137704372406006
4054,69.50416046539817,0,0,300,0.02,0.3566589653491974
4055,31.941028792862088,0,0,300,0.02,0.3541455566883087
4056,189.8566394940999,1,0,289,0.02,0.34353920817375183
4057,190.2283802882817,1,0,272,0.02,0.3381040096282959
4058,-41.0314437778804,0,0,254,0.02,1.7080600261688232
4059,50.745648238662866,0,0,278,0.02,0.4379906952381134
4060,174.75346827269,1,0,281,0.02,0.3485356867313385
4061,185.04150254646805,1,0,274,0.02,0.3498234450817108
4062,163.1495507979432,1,0,286,0.02,0.3445150554180145
4063,19.88932689905559,0,0,300,0.02,0.4320710301399231
4064,195.01914006472032,1,0,289,0.02,0.3296177387237549
4065,175.04065110922255,1,0,265,0.02,0.3467399775981903
4066,17.571470530037,0,0,300,0.02,0.37153512239456177
4067,234.5113442635573,0,0,300,0.02,0.3965666890144348
4068,-41.241710870262004,0,0,286,0.02,0.44983047246932983
4069,182.52489890337387,1,0,274,0.02,0.34817802906036377
4070,301.3251768422165,0,0,300,0.02,0.3956085443496704
4071,308.7215492749252,0,0,300,0.02,0.38901543617248535
4072,304.01329175234224,0,0,300,0.02,0.4185798168182373
4073,302.7017761349716,0,0,300,0.02,0.42145872116088867
4074,-61.43864474534591,0,0,281,0.02,0.49656394124031067
4075,170.58853060484327,1,0,265,0.02,0.3447701036930084
4076,263.2840860962905,0,0,300,0.02,0.40088123083114624
4077,-81.17730704387156,0,0,300,0.02,0.689525842666626
4078,201.85344993511683,0,0,300,0.02,0.3768365979194641
4079,-47.97054809331493,0,0,300,0.02,0.45203977823257446
4080,169.69585462013748,1,0,263,0.02,0.3437354266643524
4081,176.5508722488072,1,0,249,0.02,0.3399810194969177
4082,83.32977905989092,0,0,300,0.02,0.36945798993110657
4083,185.51865538835918,1,0,264,0.02,0.3372389078140259
4084,186.95244560162092,1,0,264,0.02,0.34708768129348755
4085,180.4802995864537,1,0,264,0.02,0.34512418508529663
4086,22.554277571835797,0,0,300,0.02,0.3366296887397766
4087,172.69199402729538,1,0,242,0.02,0.34470057487487793
4088,19.048457157615815,0,0,300,0.02,0.37228846549987793
4089,172.55868559280898,1,0,245,0.02,0.3405276834964752
4090,22.669819428924704,0,0,300,0.02,0.3894478976726532
4091,29.972401150861064,0,0,300,0.02,0.3820987939834595
4092,177.51266171852615,1,0,225,0.02,0.34453365206718445
4093,180.33969684839644,1,0,265,0.02,0.349478542804718
4094,16.64496354341894,0,0,300,0.02,0.41816186904907227
4095,164.14458501577766,1,0,294,0.02,0.34575650095939636
4096,24.19693482319384,0,0,300,0.02,0.35596537590026855
4097,188.782469112877,1,0,281,0.02,0.3312854766845703
4098,180.67669835487868,1,0,260,0.02,0.3360244929790497
4099,175.16041341543595,1,0,281,0.02,0.3492994010448456
4100,9.340698174634204,0,0,300,0.02,0.45752453804016113
4101,169.2208420793202,1,0,250,0.02,0.3374885618686676
4102,177.18458923260238,1,0,278,0.02,0.3490517735481262
4103,38.67434601227312,0,0,300,0.02,0.3716125786304474
4104,174.3821843791047,1,0,294,0.02,0.34635666012763977
4105,177.69900545040633,1,0,272,0.02,0.34544771909713745
4106,183.3988303065339,1,0,241,0.02,0.34719517827033997
4107,180.55951470295457,1,0,271,0.02,0.342820405960083
4108,25.397390553955194,0,0,300,0.02,0.3625551164150238
4109,169.10807084957622,1,0,245,0.02,0.345681369304657
4110,171.0994416213075,1,0,277,0.02,0.3495423495769501
4111,165.32312983751692,1,0,279,0.02,0.34862029552459717
4112,151.131866261963,1,0,300,0.02,0.3289361894130707
4113,171.69941314617657,1,0,282,0.02,0.34534579515457153
4114,178.32059997478984,1,0,277,0.02,0.3400490880012512
4115,177.54212199449933,1,0,272,0.02,0.3363722562789917
4116,176.4485141444245,1,0,236,0.02,0.3422742187976837
4117,186.477285746732,1,0,279,0.02,0.34837764501571655
4118,174.7925078940431,1,0,252,0.02,0.34127578139305115
4119,63.51860510746509,0,0,300,0.02,0.3355478048324585
4120,184.5290720883992,1,0,265,0.02,0.34543105959892273
4121,194.77318075577287,1,0,269,0.02,0.3444038927555084
4122,185.8717517654088,1,0,260,0.02,0.3372611403465271
4123,194.55689614216354,1,0,267,0.02,0.3409750461578369
4124,204.3832628718999,1,0,289,0.02,0.3393833637237549
4125,193.56413249413038,1,0,265,0.02,0.33666595816612244
4126,188.59257049799362,1,0,274,0.02,0.346260130405426
4127,200.57320243597425,1,0,273,0.02,0.34860214591026306
4128,19.303052138486137,0,0,300,0.02,0.34693604707717896
4129,185.53762973705796,1,0,261,0.02,0.3357916474342346
4130,188.48264885345964,1,0,272,0.02,0.34703686833381653
4131,165.7189067546513,1,0,214,0.02,0.34797239303588867
4132,194.3164500514653,1,0,284,0.02,0.33858656883239746
4133,189.04062665859726,1,0,278,0.02,0.33504241704940796
4134,199.72331242481738,1,0,287,0.02,0.32937097549438477
4135,202.05894378105666,1,0,233,0.02,0.33546313643455505
4136,185.0038694087651,1,0,231,0.02,0.3392317295074463
4137,171.24214054504895,1,0,282,0.02,0.34716394543647766
4138,167.21857270479592,1,0,300,0.02,0.349759578704834
4139,172.08584647575879,1,0,248,0.02,0.33373746275901794
4140,38.14325018803147,0,0,300,0.02,0.38938653469085693
4141,173.85639716068772,1,0,259,0.02,0.34859979152679443
4142,307.1839245629349,0,0,300,0.02,0.43092161417007446
4143,284.3654709839858,0,0,300,0.02,0.4405350089073181
4144,363.0962632346191,1,0,298,0.02,0.3428369462490082
4145,-58.99783303498824,0,0,279,0.02,0.46886101365089417
4146,352.86863005400096,0,0,300,0.02,0.3522452414035797
4147,162.75015549421698,0,0,300,0.02,0.4243638813495636
4148,213.6503763699569,0,0,300,0.02,0.4193086624145508
4149,94.38333319425982,0,0,280,0.02,0.43856945633888245
4150,167.28612273136642,1,0,258,0.02,0.3461683988571167
4151,2.539178928532861,0,0,300,0.02,0.352904349565506
4152,11.26286854664349,0,0,300,0.02,0.4069819450378418
4153,-61.41399920701584,0,0,282,0.02,0.48290255665779114
4154,128.4468185178425,0,0,300,0.02,0.3359944522380829
4155,12.575293659367846,0,0,300,0.02,0.35387566685676575
4156,43.62776320219435,0,0,300,0.02,0.36246195435523987
4157,11.663264254727617,0,0,300,0.02,0.3268830180168152
4158,33.01219234228531,0,0,300,0.02,0.3713546693325043
4159,232.38686933914687,1,0,285,0.02,0.34598174691200256
4160,35.02034057060747,0,0,300,0.02,0.37011393904685974
4161,-54.00225337108114,0,0,283,0.02,2.040762424468994
4162,217.07891819715897,1,0,267,0.02,0.32467320561408997
4163,-0.622604208788612,0,0,300,0.02,0.383350133895874
4164,216.11755746761827,1,0,275,0.02,0.32830971479415894
4165,32.9915672628071,0,0,300,0.02,0.377307265996933
4166,18.247516292729646,0,0,300,0.02,0.37832000851631165
4167,25.246445786956862,0,0,300,0.02,0.38529130816459656
4168,25.075133531097556,0,0,300,0.02,0.4481193721294403
4169,79.15756445805103,0,0,300,0.02,0.3483079671859741
4170,-23.92793969710805,0,0,284,0.02,0.43718400597572327
4171,-0.31023231585954214,0,0,300,0.02,0.34775716066360474
4172,177.21157533566023,1,0,287,0.02,0.3373052477836609
4173,77.7869073987047,0,0,300,0.02,0.42517590522766113
4174,217.7714461588897,0,0,300,0.02,0.3890412151813507
4175,223.9345386862792,0,0,300,0.02,0.3882680833339691
4176,282.3918547606505,0,0,300,0.02,0.37643906474113464
4177,265.2226874518431,0,0,300,0.02,0.4112308919429779
4178,-55.45674368142681,0,0,300,0.02,0.4735886752605438
4179,78.4724811434785,0,0,300,0.02,0.39128246903419495
4180,189.39717007875836,1,0,278,0.02,0.3476102352142334
4181,64.66371934652724,0,0,300,0.02,0.35347291827201843
4182,209.09773129702012,1,0,281,0.02,0.3424699306488037
4183,183.39461776972212,1,0,239,0.02,0.3382483124732971
4184,182.20399720430768,1,0,229,0.02,0.3484034538269043
4185,168.23998509645853,1,0,275,0.02,0.34940648078918457
4186,-63.118887568316175,0,0,300,0.02,1.114920973777771
4187,18.771230952743707,0,0,300,0.02,0.41159501671791077
4188,185.46660657644668,1,0,281,0.02,0.34775111079216003
4189,178.5153737044374,1,0,247,0.02,0.34555932879447937
4190,229.33709068537155,1,0,292,0.02,0.3476300835609436
4191,170.7366004872362,1,0,256,0.02,0.3452526330947876
4192,269.0044541239778,1,0,297,0.02,0.34578922390937805
4193,191.21839770555886,1,0,278,0.02,0.3498033285140991
4194,152.33167182684332,0,0,300,0.02,0.3589847981929779
4195,4.7625448632279745,0,0,300,0.02,0.4387665390968323
4196,163.60378264347577,1,0,272,0.02,0.34425342082977295
4197,84.30658245325489,0,0,300,0.02,0.3677571415901184
4198,172.71559864283,1,0,264,0.02,0.3430030941963196
4199,34.53512118259938,0,0,300,0.02,0.35891878604888916
4200,184.62376701116955,1,0,286,0.02,0.34846100211143494
4201,2.515060314336086,0,0,281,0.02,0.4339340031147003
4202,172.40104938745887,1,0,295,0.02,0.346640408039093
4203,27.0414394450227,0,0,300,0.02,0.3790428936481476
4204,75.24879568338785,0,0,300,0.02,0.36470383405685425
4205,158.87236879587567,1,0,276,0.02,0.346310555934906
4206,18.23528464556133,0,0,300,0.02,0.40558159351348877
4207,147.762987024788,1,0,299,0.02,0.3486559987068176
4208,168.91448906183638,1,0,286,0.02,0.34828048944473267
4209,-0.2646948822352718,0,0,300,0.02,0.45137280225753784
4210,172.15924206177257,1,0,244,0.02,0.34038856625556946
4211,173.74663407564557,1,0,247,0.02,0.33774423599243164
4212,0.4822847914735293,0,0,300,0.02,0.35633155703544617
4213,161.61972386122142,1,0,276,0.02,0.33697178959846497
4214,149.94134099722302,0,0,300,0.02,0.38406750559806824
4215,200.19476655880476,1,0,289,0.02,0.3340074419975281
4216,178.88098605871596,1,0,248,0.02,0.33915624022483826
4217,-15.637039229865842,0,0,300,0.02,0.4036625623703003
4218,178.60189957539106,1,0,273,0.02,0.33472418785095215
4219,63.476079013351615,0,0,300,0.02,0.3628830015659332
4220,222.00877857923905,1,0,295,0.02,0.34970811009407043
4221,202.3417836228993,1,0,267,0.02,0.3447531759738922
4222,188.31797785520948,1,0,284,0.02,0.3199082911014557
4223,72.64187745333116,0,0,300,0.02,0.3564333915710449
4224,23.878423526290987,0,0,300,0.02,0.39979687333106995
4225,201.55867891708877,1,0,290,0.02,0.34052935242652893
4226,140.1019501805345,0,0,300,0.02,0.35891520977020264
4227,196.33354637066392,1,0,274,0.02,0.34431248903274536
4228,191.90232520023847,1,0,268,0.02,0.3471177816390991
4229,193.953744854131,1,0,277,0.02,0.34426286816596985
4230,32.426694171432565,0,0,300,0.02,0.37272921204566956
4231,15.194208316006938,0,0,300,0.02,0.36914700269699097
4232,185.35755797624984,1,0,279,0.02,0.34501326084136963
4233,191.84980793873336,1,0,278,0.02,0.33774709701538086
4234,15.524283126988697,0,0,300,0.02,0.32412829995155334
4235,34.97323829571279,0,0,300,0.02,0.33438950777053833
4236,172.56815624952714,1,0,281,0.02,0.33486369252204895
4237,167.77342265049478,1,0,245,0.02,0.3493434190750122
4238,168.883767465749,1,0,227,0.02,0.33425721526145935
4239,255.45618614912402,0,0,300,0.02,0.38535621762275696
4240,-17.356041818461176,0,0,300,0.02,0.3917095363140106
4241,3.724808568158373,0,0,300,0.02,0.34649693965911865
4242,236.41016449690235,0,0,300,0.02,0.4093616306781769
4243,16.323152077201968,0,0,300,0.02,0.4286147356033325
4244,181.54251147032178,1,0,278,0.02,0.3412748873233795
4245,215.9550044099477,1,0,281,0.02,0.34144797921180725
4246,17.889732503094883,0,0,300,0.02,0.3752659559249878
4247,-34.328714819750545,0,0,300,0.02,0.7748777866363525
4248,197.66528986851245,1,0,297,0.02,0.3288766145706177
4249,53.52247621933487,0,0,300,0.02,0.3420800268650055
4250,20.95381096760302,0,0,300,0.02,0.33174633979797363
4251,185.77256812334454,1,0,265,0.02,0.348760724067688
4252,190.84861514011885,1,0,281,0.02,0.34054529666900635
4253,41.09832141161363,0,0,300,0.02,0.34982240200042725
4254,178.37275454759987,1,0,263,0.02,0.3437141180038452
4255,108.43673045874039,0,0,300,0.02,0.44772014021873474
4256,198.61177301327257,1,0,290,0.02,0.3447558283805847
4257,4.566581718925626,0,0,295,0.02,0.3627573251724243
4258,11.779651736417117,0,0,300,0.02,0.3277861475944519
4259,182.5559671727803,1,0,286,0.02,0.34870728850364685
4260,-13.087994310851963,0,0,300,0.02,0.44140133261680603
4261,179.8054934255269,1,0,257,0.02,0.34632572531700134
4262,180.58097345590986,1,0,259,0.02,0.3166593909263611
4263,194.82496624708568,1,0,279,0.02,0.3456611931324005
4264,178.92877046982315,1,0,258,0.02,0.3405064642429352
4265,178.07812413612868,1,0,278,0.02,0.3456680476665497
4266,182.77850751320386,1,0,247,0.02,0.34557220339775085
4267,172.0499777054826,1,0,273,0.02,0.3494083285331726
4268,189.47898281017802,1,0,264,0.02,0.3479533791542053
4269,181.20839868465927,1,0,297,0.02,0.34809941053390503
4270,180.18595485926065,1,0,284,0.02,0.34791404008865356
4271,170.64152553478743,1,0,256,0.02,0.3448176980018616
4272,-20.362643524012302,0,0,294,0.02,0.3583599627017975
4273,176.2574207536366,1,0,243,0.02,0.33334389328956604
4274,175.8982177329103,1,0,263,0.02,0.3273483216762543
4275,165.9101555657426,1,0,245,0.02,0.34936386346817017
4276,5.029364550117625,0,0,300,0.02,0.36456161737442017
4277,5.128899497189762,0,0,300,0.02,0.44547420740127563
4278,179.49659286419418,1,0,256,0.02,0.338550865650177
4279,181.20735959291855,1,0,266,0.02,0.34006285667419434
4280,96.82451795975237,0,0,300,0.02,0.3840695917606354
4281,77.20593450466659,0,0,300,0.02,0.378715455532074
4282,187.98643018484492,0,0,278,0.02,0.42029520869255066
4283,10.986112937131127,0,0,300,0.02,0.5286708474159241
4284,61.85665248791246,0,0,300,0.02,0.4060359597206116
4285,347.35456974268357,0,0,300,0.02,0.4357603192329407
4286,368.6239461795474,1,0,295,0.02,0.3392125368118286
4287,-65.41139875650009,0,0,258,0.02,0.48725244402885437
4288,287.1201124119798,1,0,294,0.02,0.3493746519088745
4289,166.61337028265393,1,0,262,0.02,0.3485601842403412
4290,-65.8355008864363,0,0,300,0.02,0.48327797651290894
4291,182.15834460974133,1,0,247,0.02,0.3373166024684906
4292,180.65806816339884,1,0,272,0.02,0.33738571405410767
4293,13.70415348450211,0,0,300,0.02,0.4016607105731964
4294,178.4188634626057,1,0,299,0.02,0.342983216047287
4295,252.73764603853593,0,0,300,0.02,0.3674912452697754
4296,206.24846263329036,0,0,300,0.02,0.3930834233760834
4297,192.02045532465362,0,0,300,0.02,0.36678892374038696
4298,167.80248203197974,1,0,253,0.02,0.33457857370376587
4299,252.6076340762761,1,0,278,0.02,0.3482905626296997
4300,-42.70170555194354,0,0,300,0.02,0.46062546968460083
4301,82.5221273875276,0,0,300,0.02,0.3438709080219269
4302,0.857155025009309,0,0,300,0.02,0.3701139986515045
4303,190.91110687971496,0,0,300,0.02,0.3866260349750519
4304,-48.12341470002728,0,0,300,0.02,0.4577564299106598
4305,17.200785744194185,0,0,300,0.02,0.35920631885528564
4306,177.96263205448653,1,0,220,0.02,0.3495410680770874
4307,175.6285581612626,1,0,233,0.02,0.3497632145881653
4308,28.606552266278545,0,0,300,0.02,0.38356101512908936
4309,39.45663513422407,0,0,300,0.02,0.36524397134780884
4310,193.60558128277324,1,0,286,0.02,0.3463037610054016
4311,188.92070569754043,1,0,237,0.02,0.34422633051872253
4312,74.27329571167503,0,0,300,0.02,0.3543751537799835
4313,197.5709570908586,1,0,291,0.02,0.33916348218917847
4314,77.70446127176687,0,0,300,0.02,0.3757874369621277
4315,9.327505414489817,0,0,300,0.02,0.4100264012813568
4316,171.35159188032546,1,0,254,0.02,0.339004784822464
4317,75.19002598047658,0,0,283,0.02,0.4418962597846985
4318,185.5199895882646,1,0,287,0.02,0.339405357837677
4319,208.27834752480055,1,0,230,0.02,0.34311220049858093
4320,44.87863485733535,0,0,300,0.02,0.3530403673648834
4321,196.74787432909406,1,0,233,0.02,0.33743417263031006
4322,172.56427705049907,1,0,272,0.02,0.33333349227905273
4323,175.97244366884624,1,0,248,0.02,0.34879183769226074
4324,191.55117838144693,1,0,275,0.02,0.34910815954208374
4325,196.62580177545942,1,0,234,0.02,0.34295231103897095
4326,200.79919567028548,1,0,295,0.02,0.33540016412734985
4327,28.07507572571304,0,0,300,0.02,0.34893015027046204
4328,207.0129908299486,1,0,263,0.02,0.346155047416687
4329,192.07215970913435,1,0,252,0.02,0.3396591544151306
4330,188.41873849630747,1,0,264,0.02,0.3422181308269501
4331,165.79683966557047,1,0,290,0.02,0.3484891653060913
4332,220.78787455797593,1,0,266,0.02,0.3349341154098511
4333,192.06389713049327,1,0,267,0.02,0.3334284722805023
4334,180.98696760098008,1,0,257,0.02,0.32345718145370483
4335,11.600831081871151,0,0,300,0.02,0.36919498443603516
4336,16.46725313107042,0,0,300,0.02,0.4233857989311218
4337,19.781245979466735,0,0,300,0.02,0.4673875868320465
4338,19.090246112350634,0,0,300,0.02,0.36684122681617737
4339,19.66142845551045,0,0,300,0.02,0.4273419678211212
4340,50.12346542755631,0,0,300,0.02,0.3443327248096466
4341,21.020747449402016,0,0,300,0.02,0.41421589255332947
4342,171.40058866898084,1,0,249,0.02,0.34505191445350647
4343,175.0629642272035,1,0,273,0.02,0.34116169810295105
4344,154.57561972061657,1,0,295,0.02,0.3287941515445709
4345,185.96916353146105,1,0,272,0.02,0.3479081988334656
4346,167.9597544519093,1,0,283,0.02,0.34776046872138977
4347,59.46644069910448,0,0,300,0.02,0.39529258012771606
4348,14.755637211003519,0,0,300,0.02,0.4137897789478302
4349,167.60682357231642,1,0,277,0.02,0.34849318861961365
4350,-61.45938645442464,0,0,280,0.02,1.8350456953048706
4351,187.54795040369427,1,0,254,0.02,0.3424151539802551
4352,11.95930533647924,0,0,300,0.02,0.4045764207839966
4353,192.44522396326457,1,0,296,0.02,0.310596764087677
4354,171.00322938362623,1,0,244,0.02,0.34189173579216003
4355,94.35488617182179,0,0,300,0.02,0.3856812119483948
4356,181.5565941691438,1,0,228,0.02,0.34525421261787415
4357,13.493702204231376,0,0,300,0.02,0.4534772038459778
4358,216.38862323999803,1,0,299,0.02,0.3472469449043274
4359,50.005773395695975,0,0,300,0.02,0.3637557327747345
4360,213.8529631638566,1,0,281,0.02,0.34366196393966675
4361,211.13970793486035,1,0,282,0.02,0.34947577118873596
4362,217.8293972754518,1,0,284,0.02,0.3495534360408783
4363,47.61365425825517,0,0,300,0.02,0.4159891903400421
4364,207.7607148385087,1,0,287,0.02,0.33422404527664185
4365,27.920682734647038,0,0,300,0.02,0.3475283980369568
4366,178.1512268153813,1,0,262,0.02,0.34989237785339355
4367,59.25909965435527,0,0,300,0.02,0.4154241681098938
4368,94.55560637394456,0,0,300,0.02,0.36129748821258545
4369,11.97897989988719,0,0,300,0.02,0.3746577799320221
4370,50.593662585416105,0,0,300,0.02,0.37178343534469604
4371,196.50324141422777,1,0,289,0.02,0.33938872814178467
4372,1.034166729454149,0,0,300,0.02,0.4133610725402832
4373,21.84626995007065,0,0,300,0.02,0.3761315941810608
4374,193.78730848074352,1,0,289,0.02,0.3475756347179413
4375,161.53586414099135,1,0,265,0.02,0.3479367196559906
4376,173.7290085593846,1,0,237,0.02,0.3479469418525696
4377,166.86773501793408,1,0,253,0.02,0.3407653272151947
4378,173.70338951031232,1,0,238,0.02,0.349351704120636
4379,15.559132816795465,0,0,300,0.02,0.42961955070495605
4380,56.050229680542145,0,0,300,0.02,0.3718453347682953
4381,-9.044300461611469,0,0,278,0.02,0.471274197101593
4382,173.12326442162063,1,0,242,0.02,0.33938297629356384
4383,217.7074555087129,1,0,288,0.02,0.3275388777256012
4384,186.78601645231643,1,0,275,0.02,0.3378986418247223
4385,161.36081740618144,1,0,271,0.02,0.3466984033584595
4386,172.2043880073216,1,0,240,0.02,0.34910207986831665
4387,159.10333701372542,1,0,274,0.02,0.34606850147247314
4388,174.4831580805818,1,0,255,0.02,0.3461132347583771
4389,167.89403346935774,1,0,257,0.02,0.34669071435928345
4390,21.148504780926984,0,0,300,0.02,0.47307288646698
4391,171.02438172579207,1,0,253,0.02,0.33580732345581055
4392,15.508325347104298,0,0,300,0.02,0.43561774492263794
4393,177.00278236627975,1,0,299,0.02,0.3237071633338928
4394,107.92728136778275,0,0,300,0.02,0.36508241295814514
4395,188.34507771730813,1,0,273,0.02,0.3481333255767822
4396,76.84447531143691,0,0,300,0.02,0.3915802538394928
4397,206.86731812715925,1,0,265,0.02,0.34507322311401367
4398,285.73247094870004,1,0,285,0.02,0.34378501772880554
4399,121.32776267290507,0,0,300,0.02,0.37996208667755127
4400,216.5730851594594,1,0,237,0.02,0.34692779183387756
4401,216.90041639566817,1,0,295,0.02,0.3492986559867859
4402,231.4390515494386,1,0,299,0.02,0.3446398675441742
4403,213.24294914166,1,0,289,0.02,0.3469617962837219
4404,236.58008951425944,1,0,294,0.02,0.34688037633895874
4405,52.28639010349781,0,0,300,0.02,0.3736015558242798
4406,171.408021223549,1,0,282,0.02,0.34489744901657104
4407,246.78195179224406,1,0,295,0.02,0.34391480684280396
4408,199.1489203190843,1,0,277,0.02,0.34967267513275146
4409,205.55146853685773,1,0,267,0.02,0.3490356206893921
4410,87.04677961269878,0,0,300,0.02,0.35600417852401733
4411,172.7310642790834,1,0,240,0.02,0.34413668513298035
4412,239.14232348680886,1,0,292,0.02,0.3438218832015991
4413,193.1820785212556,1,0,293,0.02,0.34638312458992004
4414,242.71437353849802,1,0,292,0.02,0.34580937027931213
4415,170.43791394472515,1,0,249,0.02,0.3474242687225342
4416,11.13296815315745,0,0,300,0.02,0.48695704340934753
4417,36.392684333328326,0,0,300,0.02,0.40623167157173157
4418,221.69417362451946,1,0,284,0.02,0.3458593487739563
4419,182.84740145445264,1,0,262,0.02,0.3450523912906647
4420,62.345454671386875,0,0,300,0.02,0.38303908705711365
4421,171.10581741094984,1,0,269,0.02,0.3479484021663666
4422,231.4443273202565,1,0,271,0.02,0.3466172516345978
4423,184.25457432190444,1,0,236,0.02,0.3465555012226105
4424,45.26032814264692,0,0,300,0.02,0.40182071924209595
4425,53.33877180019877,0,0,300,0.02,0.34550613164901733
4426,249.6237182450334,1,0,294,0.02,0.3459731936454773
4427,64.47648948908245,0,0,300,0.02,0.37278038263320923
4428,191.43853718042766,1,0,286,0.02,0.3497684597969055
4429,207.7075568286565,1,0,280,0.02,0.34830987453460693
4430,225.58983846903243,1,0,282,0.02,0.34944313764572144
4431,206.4542400495198,1,0,291,0.02,0.34413906931877136
4432,209.81395798445146,1,0,284,0.02,0.34841325879096985
4433,225.63364743471539,1,0,276,0.02,0.3459908962249756
4434,202.6777165341417,1,0,267,0.02,0.3474736213684082
4435,46.769430415634304,0,0,300,0.02,0.3495451509952545
4436,32.84001796961219,0,0,300,0.02,0.40439826250076294
4437,179.6053662037889,1,0,270,0.02,0.348061203956604
4438,-1.0533497866008101,0,0,300,0.02,0.34103652834892273
4439,-6.950109441276427,0,0,300,0.02,0.6294301152229309
4440,69.66945002317829,0,0,300,0.02,0.3645402491092682
4441,30.895570318702767,0,0,300,0.02,0.4180101752281189
4442,166.4419912695924,1,0,271,0.02,0.34890493750572205
4443,11.892742056050583,0,0,300,0.02,0.34201356768608093
4444,174.50167940855422,1,0,295,0.02,0.34648290276527405
4445,168.68699423551953,1,0,285,0.02,0.34515419602394104
4446,12.609374126591968,0,0,300,0.02,0.3978555500507355
4447,-4.409628086886223,0,0,300,0.02,0.36760610342025757
4448,166.54778340101635,1,0,298,0.02,0.3449569046497345
4449,-58.82702391704055,0,0,300,0.02,1.0344550609588623
4450,170.5004795384447,1,0,299,0.02,0.3392828702926636
4451,171.1603466391603,1,0,260,0.02,0.3443160951137543
4452,175.32894809484878,1,0,280,0.02,0.34966573119163513
4453,174.4264567112962,1,0,246,0.02,0.34278857707977295
4454,170.4168896603624,1,0,285,0.02,0.3376803398132324
4455,3.859000071683198,0,0,300,0.02,0.3729490637779236
4456,-8.023379242416262,0,0,300,0.02,0.4402475655078888
4457,16.66912680546312,0,0,300,0.02,0.3454173803329468
4458,173.01737821817795,1,0,264,0.02,0.3475582003593445
4459,168.13984123627202,1,0,270,0.02,0.34773877263069153
4460,167.59301704645546,1,0,295,0.02,0.3436484932899475
4461,5.085614635948335,0,0,300,0.02,0.41049909591674805
4462,-54.577267638048895,0,0,282,0.02,2.0820159912109375
4463,2.9570522999802886,0,0,300,0.02,0.34763967990875244
4464,156.18301432371533,1,0,279,0.02,0.34864917397499084
4465,5.633827579025335,0,0,300,0.02,0.4759458601474762
4466,7.702380869392508,0,0,300,0.02,0.3863075375556946
4467,169.31198587656417,1,0,273,0.02,0.34140628576278687
4468,170.2725457835237,1,0,267,0.02,0.33626630902290344
4469,197.8453072857896,1,0,238,0.02,0.3405759334564209
4470,39.12335913896952,0,0,300,0.02,0.396062970161438
4471,174.53653731584942,1,0,216,0.02,0.3477684259414673
4472,180.19315332809953,1,0,263,0.02,0.3419107496738434
4473,198.84115928570293,1,0,285,0.02,0.33490926027297974
4474,47.500941299596114,0,0,300,0.02,0.3474637567996979
4475,188.1985013985673,1,0,283,0.02,0.3447774052619934
4476,194.0986301318791,1,0,276,0.02,0.33304154872894287
4477,194.74433849096692,1,0,300,0.02,0.3458181321620941
4478,156.03121021032726,1,0,266,0.02,0.3491002023220062
4479,202.4007898592989,1,0,293,0.02,0.3442052900791168
4480,173.9454776644746,1,0,258,0.02,0.3480333387851715
4481,160.35453661680614,1,0,285,0.02,0.34576860070228577
4482,156.7006640934983,1,0,260,0.02,0.34423673152923584
4483,165.87287482977308,1,0,276,0.02,0.34368404746055603
4484,189.7931905674974,1,0,264,0.02,0.33110511302948
4485,160.2498563313524,1,0,280,0.02,0.34443867206573486
4486,177.50811969995894,1,0,287,0.02,0.347372829914093
4487,2.9462651181260417,0,0,300,0.02,0.43033647537231445
4488,161.048570420746,1,0,280,0.02,0.34476014971733093
4489,164.07203992287182,1,0,291,0.02,0.34468910098075867
4490,174.40484195629625,1,0,270,0.02,0.3489885926246643
4491,198.64547135273483,1,0,280,0.02,0.34133124351501465
4492,-9.827026453814298,0,0,280,0.02,0.5569556951522827
4493,7.882762844566412,0,0,300,0.02,0.518712043762207
4494,69.60566500425738,0,0,300,0.02,0.3954865038394928
4495,177.08936889410407,1,0,269,0.02,0.34706053137779236
4496,178.468035223488,1,0,280,0.02,0.32739394903182983
4497,185.40039766550458,1,0,274,0.02,0.31430333852767944
4498,61.36390241861741,0,0,300,0.02,0.3759271502494812
4499,189.00767587900555,1,0,272,0.02,0.3149837851524353
4500,174.25039171616106,1,0,287,0.02,0.3401011526584625
4501,28.057827794555816,0,0,300,0.02,0.3574458062648773
4502,224.11751424074572,1,0,293,0.02,0.3175241947174072
4503,182.5420609037068,1,0,257,0.02,0.34468385577201843
4504,14.784890010360822,0,0,300,0.02,0.4231802523136139
4505,177.50591861009985,1,0,240,0.02,0.3454231023788452
4506,-3.5969799002025384,0,0,300,0.02,0.41694405674934387
4507,175.01572228193677,1,0,251,0.02,0.34797218441963196
4508,25.543627955917522,0,0,300,0.02,0.39599576592445374
4509,204.70427517176068,1,0,298,0.02,0.34083396196365356
4510,47.8271239733735,0,0,300,0.02,0.35512176156044006
4511,8.404959213737618,0,0,300,0.02,0.7206629514694214
4512,220.03752675295272,1,0,295,0.02,0.3475210666656494
4513,205.44085699320237,1,0,270,0.02,0.34918850660324097
4514,172.55736805677807,1,0,240,0.02,0.3400607407093048
4515,51.84405528942611,0,0,300,0.02,0.3791852593421936
4516,-11.85620609521477,0,0,300,0.02,0.3984542787075043
4517,183.30613604784406,1,0,254,0.02,0.34536874294281006
4518,200.79370845079814,1,0,273,0.02,0.34097564220428467
4519,147.50120900551343,1,0,298,0.02,0.3373968303203583
4520,13.875403870740161,0,0,300,0.02,0.4013481140136719
4521,65.92819170236982,0,0,300,0.02,0.34735482931137085
4522,230.1408591914216,1,0,265,0.02,0.33168795704841614
4523,213.47236809492506,1,0,280,0.02,0.31881073117256165
4524,41.18163816849253,0,0,300,0.02,0.4022895395755768
4525,62.32782096147942,0,0,300,0.02,0.3474475145339966
4526,60.55467756510177,0,0,300,0.02,0.38823336362838745
4527,209.06765777349867,1,0,289,0.02,0.34998831152915955
4528,51.54875207821395,0,0,300,0.02,0.36301106214523315
4529,37.416917126182646,0,0,300,0.02,0.4126734733581543
4530,34.111195275787495,0,0,300,0.02,0.37160393595695496
4531,22.89556508303086,0,0,300,0.02,0.35801148414611816
4532,182.03410523335006,1,0,290,0.02,0.34667277336120605
4533,172.23070307493603,1,0,249,0.02,0.34422698616981506
4534,199.8847484771397,1,0,283,0.02,0.34401196241378784
4535,189.84280283371476,1,0,289,0.02,0.3369983732700348
4536,187.9300589839604,1,0,300,0.02,0.33518433570861816
4537,50.762553470138705,0,0,300,0.02,0.4137643873691559
4538,178.07058865309156,1,0,295,0.02,0.34925559163093567
4539,232.37958991766374,1,0,298,0.02,0.3495052754878998
4540,204.30742624998487,1,0,268,0.02,0.34504619240760803
4541,197.3012992405931,1,0,296,0.02,0.3440779447555542
4542,67.49500324011247,0,0,300,0.02,0.35565194487571716
4543,202.41870405435955,1,0,248,0.02,0.3447267413139343
4544,235.4493582987825,1,0,286,0.02,0.3195631802082062
4545,181.4389927983323,1,0,287,0.02,0.34965455532073975
4546,170.6609112493184,1,0,272,0.02,0.34497126936912537
4547,171.6832744447377,1,0,265,0.02,0.3418804705142975
4548,175.6638108865407,1,0,277,0.02,0.34174636006355286
4549,185.76376176596082,1,0,269,0.02,0.34846231341362
4550,49.833161648907904,0,0,300,0.02,0.3669086694717407
4551,172.55755884567768,1,0,270,0.02,0.34580937027931213
4552,160.39274850288894,1,0,264,0.02,0.3445119559764862
4553,21.71460806131757,0,0,300,0.02,0.4182507395744324
4554,59.83232292572528,0,0,300,0.02,0.3446183502674103
4555,-1.3554043936690068,0,0,300,0.02,0.34075385332107544
4556,197.42601517916125,1,0,294,0.02,0.3478989601135254
4557,51.59651822487384,0,0,300,0.02,0.3660695254802704
4558,220.1683261609117,1,0,294,0.02,0.3448212146759033
4559,172.6956648103383,1,0,238,0.02,0.336282879114151
4560,230.76105522552996,1,0,280,0.02,0.3374352753162384
4561,10.98595935265088,0,0,300,0.02,0.3612092435359955
4562,180.85871274710098,1,0,253,0.02,0.3422245681285858
4563,171.4867294812242,1,0,261,0.02,0.3477203845977783
4564,14.401646393933595,0,0,300,0.02,0.33978748321533203
4565,221.78654839912923,1,0,284,0.02,0.3385619819164276
4566,228.8765550589601,1,0,298,0.02,0.3427639901638031
4567,154.62249158144388,1,0,266,0.02,0.3462798595428467
4568,15.345783542790697,0,0,300,0.02,0.33625319600105286
4569,162.3610028115895,1,0,260,0.02,0.3474483788013458
4570,160.36594713608292,1,0,278,0.02,0.3462122976779938
4571,0.308457100395344,0,0,300,0.02,0.3572884798049927
4572,10.622606823448331,0,0,300,0.02,0.36875104904174805
4573,216.55786191225448,1,0,284,0.02,0.33243727684020996
4574,208.83470224142468,1,0,299,0.02,0.3257271945476532
4575,232.8896751332323,1,0,294,0.02,0.34448397159576416
4576,174.5566718904164,1,0,264,0.02,0.33603110909461975
4577,209.27825845003525,1,0,278,0.02,0.34483814239501953
4578,220.35726740599074,1,0,261,0.02,0.3300859034061432
4579,15.386162923970444,0,0,300,0.02,0.35115835070610046
4580,163.01889696995283,1,0,270,0.02,0.34547483921051025
4581,12.400784466270578,0,0,300,0.02,0.33670663833618164
4582,53.05001811266341,0,0,300,0.02,0.3793982267379761
4583,75.35921920538343,0,0,300,0.02,0.35709795355796814
4584,101.58626303593188,0,0,300,0.02,0.4386333227157593
4585,2.537929481663986,0,0,300,0.02,0.3807167112827301
4586,68.97654594183366,0,0,300,0.02,0.3277662694454193
4587,218.38292820692456,1,0,297,0.02,0.3361707031726837
4588,217.24717811823282,1,0,287,0.02,0.3301082253456116
4589,92.39315577268998,0,0,300,0.02,0.3661138117313385
4590,71.5722717070619,0,0,300,0.02,0.36383482813835144
4591,23.734312276044154,0,0,300,0.02,0.3716210126876831
4592,125.78731033722427,0,0,300,0.02,0.3883714973926544
4593,211.7583666936541,0,0,300,0.02,0.430607408285141
4594,210.19534294844067,1,0,292,0.02,0.3455670177936554
4595,1.9830681920091124,0,0,300,0.02,0.5011357069015503
4596,-27.302211520667875,0,0,300,0.02,0.4574556350708008
4597,1.79628815889753,0,0,300,0.02,0.40783071517944336
4598,-4.3684808516463125,0,0,300,0.02,0.6165229678153992
4599,19.684928497472086,0,0,300,0.02,0.37896695733070374
4600,-12.241919518313157,0,0,297,0.02,0.37067896127700806
4601,53.69598667383594,0,0,300,0.02,0.37540608644485474
4602,63.711526529792906,0,0,300,0.02,0.4265211224555969
4603,322.39512669325256,0,0,300,0.02,0.40562108159065247
4604,-49.040456826682885,0,0,276,0.02,0.5020169615745544
4605,25.899062726501622,0,0,300,0.02,0.3996370732784271
4606,43.43392597595717,0,0,300,0.02,0.3867175877094269
4607,233.10825122595224,1,0,241,0.02,0.2948399484157562
4608,254.8143009638823,0,0,300,0.02,0.44582751393318176
4609,281.5333775925673,0,0,300,0.02,0.4210583567619324
4610,160.47935043096936,1,0,273,0.02,0.31956514716148376
4611,-49.81167649507126,0,0,282,0.02,0.4923218786716461
4612,186.3085673213044,1,0,283,0.02,0.344760924577713
4613,207.8596118330995,1,0,243,0.02,0.344499796628952
4614,193.29141816378035,1,0,289,0.02,0.33154821395874023
4615,10.553498785499693,0,0,300,0.02,0.44102805852890015
4616,205.38754259825149,1,0,296,0.02,0.34501710534095764
4617,199.7733448497441,1,0,236,0.02,0.3293628692626953
4618,187.88474286476637,1,0,266,0.02,0.34151336550712585
4619,196.8969516873399,1,0,258,0.02,0.34766483306884766
4620,201.6669452659276,1,0,281,0.02,0.3434627652168274
4621,198.598526686826,1,0,264,0.02,0.340567409992218
4622,195.33116336107645,1,0,272,0.02,0.3491119146347046
4623,205.66325478474167,1,0,271,0.02,0.34438538551330566
4624,199.9093546986619,1,0,274,0.02,0.3445640802383423
4625,200.00430083036815,1,0,276,0.02,0.34832754731178284
4626,211.10674322525526,1,0,298,0.02,0.34851327538490295
4627,-68.33689686854811,0,0,300,0.02,1.1519232988357544
4628,209.5763501811067,1,0,281,0.02,0.3228152096271515
4629,180.06597583532727,1,0,267,0.02,0.3154087960720062
4630,196.15031695604716,1,0,281,0.02,0.3443235158920288
4631,22.342658517364637,0,0,300,0.02,0.38873812556266785
4632,199.7869613671342,1,0,248,0.02,0.3226624131202698
4633,195.54317202806862,1,0,268,0.02,0.3461097478866577
4634,207.18717484712997,1,0,295,0.02,0.3476090431213379
4635,55.64903750658433,0,0,300,0.02,0.31964337825775146
4636,201.2023820630696,1,0,235,0.02,0.3471035659313202
4637,163.52404512644208,1,0,258,0.02,0.34839147329330444
4638,-5.695120942588652,0,0,281,0.02,0.5831829905509949
4639,192.9687200284044,1,0,266,0.02,0.3447227478027344
4640,205.2465576911012,1,0,254,0.02,0.3452633321285248
4641,209.1645508933107,1,0,287,0.02,0.3382650315761566
4642,45.41088523785139,0,0,300,0.02,0.36997777223587036
4643,209.31224422852068,1,0,281,0.02,0.33963802456855774
4644,186.67091622114575,1,0,232,0.02,0.34417369961738586
4645,193.42979614019785,1,0,265,0.02,0.34695371985435486
4646,206.0562211346666,1,0,289,0.02,0.3378474712371826
4647,-61.568168135485436,0,0,284,0.02,1.8347411155700684
4648,204.85921316862502,1,0,274,0.02,0.33709946274757385
4649,172.6586473298112,1,0,241,0.02,0.3497409224510193
4650,43.76329317013293,0,0,300,0.02,0.3443757891654968
4651,195.51924197117356,1,0,266,0.02,0.3478885889053345
4652,201.20128865480817,1,0,277,0.02,0.3190805912017822
4653,204.3371791386644,1,0,284,0.02,0.34760797023773193
4654,27.39025492906962,0,0,300,0.02,0.3968390226364136
4655,191.0608799815217,1,0,243,0.02,0.3441827595233917
4656,193.7410563015977,1,0,267,0.02,0.34663867950439453
4657,180.58095109224712,1,0,263,0.02,0.329164981842041
4658,199.67026021242538,1,0,273,0.02,0.34433770179748535
4659,209.4129658770601,1,0,291,0.02,0.3361612856388092
4660,206.50537134567764,1,0,286,0.02,0.34385624527931213
4661,209.2882838765767,1,0,277,0.02,0.34562811255455017
4662,199.40642345190443,1,0,253,0.02,0.3427968919277191
4663,200.45742820183304,1,0,263,0.02,0.34834203124046326
4664,187.1297808527986,1,0,261,0.02,0.33945754170417786
4665,205.6093825093892,1,0,297,0.02,0.34535345435142517
4666,201.19155274153147,1,0,297,0.02,0.3290145695209503
4667,213.9600573627141,1,0,289,0.02,0.34768474102020264
4668,186.05788605610394,1,0,236,0.02,0.3407275676727295
4669,194.80263774156964,1,0,276,0.02,0.3487433195114136
4670,31.9632242322007,0,0,300,0.02,0.4060966968536377
4671,-61.619868555865054,0,0,292,0.02,1.830166220664978
4672,205.75696253220104,1,0,283,0.02,0.33845844864845276
4673,199.28304350138103,1,0,288,0.02,0.34114187955856323
4674,205.7665600911763,1,0,299,0.02,0.3410590589046478
4675,210.0693565964738,1,0,267,0.02,0.3420636057853699
4676,210.25074207226305,1,0,280,0.02,0.3400135636329651
4677,219.35670991817977,1,0,289,0.02,0.3360216021537781
4678,-48.31324639399984,0,0,300,0.02,1.9135106801986694
4679,-1.4793932604750428,0,0,300,0.02,0.434251070022583
4680,209.71791296244064,1,0,274,0.02,0.33992451429367065
4681,217.78832512299084,1,0,247,0.02,0.34561780095100403
4682,195.05025162935652,1,0,265,0.02,0.34433984756469727
4683,210.0414165774968,1,0,270,0.02,0.3448449373245239
4684,202.44571766773728,1,0,275,0.02,0.3487696647644043
4685,194.07278185606398,1,0,284,0.02,0.34620729088783264
4686,201.54755217791,1,0,293,0.02,0.32501471042633057
4687,62.98587704102071,0,0,300,0.02,0.34622982144355774
4688,204.5383734965364,1,0,280,0.02,0.3473093807697296
4689,205.17258882761394,1,0,273,0.02,0.3387555480003357
4690,40.08484233618174,0,0,300,0.02,0.3631921708583832
4691,208.8882838765767,1,0,277,0.02,0.34562811255455017
4692,206.8350864005128,1,0,281,0.02,0.3431311547756195
4693,193.35489555597695,1,0,267,0.02,0.3456788659095764
4694,201.99046279192365,1,0,280,0.02,0.3242870569229126
4695,189.0983331370393,1,0,269,0.02,0.3298194706439972
4696,204.32442275286118,1,0,280,0.02,0.3407970666885376
4697,188.97046133757027,1,0,300,0.02,0.3492874205112457
4698,216.9739368001607,1,0,287,0.02,0.3492148816585541
4699,196.76114598194624,1,0,283,0.02,0.3474125862121582
4700,185.47117743412517,1,0,269,0.02,0.34240472316741943
4701,215.66044562737017,1,0,278,0.02,0.3475876748561859
4702,204.03361643076337,1,0,260,0.02,0.3434986472129822
4703,199.7979219285634,1,0,268,0.02,0.3382185995578766
4704,197.9669119064,1,0,300,0.02,0.34847110509872437
4705,196.7666834823277,1,0,286,0.02,0.34352821111679077
4706,198.37264107942974,1,0,269,0.02,0.3487424850463867
4707,205.87295232534802,1,0,257,0.02,0.34616467356681824
4708,191.48538623094953,1,0,250,0.02,0.34805619716644287
4709,201.12641823212172,1,0,245,0.02,0.3410945236682892
4710,180.3688796591798,1,0,283,0.02,0.34718284010887146
4711,188.4688275647203,1,0,271,0.02,0.3471958637237549
4712,190.03159082651533,1,0,257,0.02,0.3440050482749939
4713,45.209114989438284,0,0,300,0.02,0.37292033433914185
4714,185.63068103075423,1,0,259,0.02,0.346732497215271
4715,179.55027083158888,1,0,285,0.02,0.34683504700660706
4716,203.41189901749158,1,0,273,0.02,0.3447243273258209
4717,213.3010095620195,1,0,284,0.02,0.3441503643989563
4718,45.14980629364521,0,0,300,0.02,0.3752475082874298
4719,193.68318514109052,1,0,267,0.02,0.34610646963119507
4720,195.405232476392,1,0,277,0.02,0.346390962600708
4721,191.004744708542,1,0,262,0.02,0.3332165777683258
4722,196.0363044158604,1,0,267,0.02,0.34862297773361206
4723,197.52699315309917,1,0,258,0.02,0.3426544666290283
4724,203.42960756063857,1,0,274,0.02,0.3495008647441864
4725,198.42965717712903,1,0,281,0.02,0.34778478741645813
4726,200.72120931864183,1,0,295,0.02,0.3341004252433777
4727,206.60322513819136,1,0,290,0.02,0.33109647035598755
4728,202.3481073021928,1,0,272,0.02,0.34737592935562134
4729,203.29024767637645,1,0,286,0.02,0.33934083580970764
4730,177.03916653871926,1,0,273,0.02,0.332111120223999
4731,201.32089955091874,1,0,289,0.02,0.34917786717414856
4732,188.1272850966493,1,0,256,0.02,0.34258148074150085
4733,223.54309100071453,1,0,249,0.02,0.34692633152008057
4734,45.7724898473409,0,0,300,0.02,0.35207661986351013
4735,192.50232986689008,1,0,270,0.02,0.32882028818130493
4736,14.52950214624796,0,0,300,0.02,0.4345272183418274
4737,165.68523506403363,1,0,247,0.02,0.34559398889541626
4738,180.37293380022442,1,0,259,0.02,0.3336693048477173
4739,190.43853681326306,1,0,260,0.02,0.34726855158805847
4740,210.05841500679517,1,0,252,0.02,0.3455953299999237
4741,205.8493150115053,1,0,290,0.02,0.3470740020275116
4742,198.69333893061076,1,0,291,0.02,0.34856802225112915
4743,197.0713774768498,1,0,269,0.02,0.3448547124862671
4744,194.07102568069962,1,0,262,0.02,0.34244266152381897
4745,196.65083503008282,1,0,284,0.02,0.3416939973831177
4746,204.85614517927564,1,0,273,0.02,0.33286646008491516
4747,34.89252307335405,0,0,300,0.02,0.37456831336021423
4748,196.49872874021924,1,0,230,0.02,0.3472205698490143
4749,5.738926443257571,0,0,300,0.02,0.4154674708843231
4750,205.89950809240736,1,0,275,0.02,0.3370257318019867
4751,199.4206002036717,1,0,267,0.02,0.33754903078079224
4752,201.71991549412277,1,0,264,0.02,0.3452202081680298
4753,184.08931023359693,1,0,300,0.02,0.3445751965045929
4754,200.0467865157167,1,0,279,0.02,0.33020612597465515
4755,202.07804901838693,1,0,282,0.02,0.34989050030708313
4756,192.59472568273935,1,0,245,0.02,0.3457213342189789
4757,203.83481141010787,1,0,278,0.02,0.34149622917175293
4758,200.9019451610234,1,0,287,0.02,0.3472127914428711
4759,43.62590497414142,0,0,300,0.02,0.35622283816337585
4760,187.7454944729844,1,0,255,0.02,0.34802913665771484
4761,206.16198230982224,1,0,286,0.02,0.3439071774482727
4762,211.8145832721379,1,0,239,0.02,0.3490532636642456
4763,193.07964215675852,1,0,265,0.02,0.347788542509079
4764,208.810882923607,1,0,267,0.02,0.3341820240020752
4765,205.54929685354625,1,0,248,0.02,0.3370785415172577
4766,203.92529499769608,1,0,278,0.02,0.3380790054798126
4767,198.45766158819592,1,0,276,0.02,0.34998735785484314
4768,208.14737026611832,1,0,294,0.02,0.3483565151691437
4769,-59.38399191935994,0,0,283,0.02,1.9786970615386963
4770,206.92487103382615,1,0,275,0.02,0.3464813232421875
4771,200.17507051706713,1,0,300,0.02,0.33563512563705444
4772,204.82599712133802,1,0,241,0.02,0.3329034745693207
4773,215.18798764944472,1,0,259,0.02,0.3249058425426483
4774,19.073457052711543,0,0,300,0.02,0.43853849172592163
4775,207.39092103243271,1,0,284,0.02,0.3241724967956543
4776,181.74457436800395,1,0,297,0.02,0.33575916290283203
4777,210.5927127575914,1,0,277,0.02,0.32622456550598145
4778,208.90332656622326,1,0,289,0.02,0.3260711133480072
4779,175.6480894303361,1,0,265,0.02,0.3498803973197937
4780,214.24455656767287,1,0,288,0.02,0.32576361298561096
4781,192.59519985914625,1,0,282,0.02,0.3356027901172638
4782,213.56607707420852,1,0,240,0.02,0.3461798131465912
4783,42.35339562813303,0,0,300,0.02,0.35935017466545105
4784,198.68411560455826,1,0,267,0.02,0.3466701805591583
4785,203.10005125761427,1,0,266,0.02,0.3493899405002594
4786,-54.55799771388506,0,0,300,0.02,1.947198510169983
4787,213.31326716661852,1,0,280,0.02,0.34858596324920654
4788,207.4199273053792,1,0,288,0.02,0.3477172553539276
4789,219.69201835552718,1,0,290,0.02,0.34719449281692505
4790,209.7882838765767,1,0,275,0.02,0.34562811255455017
4791,43.502867588200836,0,0,300,0.02,0.3744821846485138
4792,12.768730528358544,0,0,300,0.02,0.47222012281417847
4793,205.7258276883748,1,0,290,0.02,0.34624215960502625
4794,201.86518307924663,1,0,284,0.02,0.3431069850921631
4795,202.55285703897871,1,0,287,0.02,0.33618849515914917
4796,188.42389562845622,1,0,298,0.02,0.3459288477897644
4797,203.4241006747868,1,0,269,0.02,0.33917391300201416
4798,193.05980365038312,1,0,260,0.02,0.34695184230804443
4799,203.8037351441423,1,0,267,0.02,0.3384689688682556
4800,213.65753782669572,1,0,276,0.02,0.33581462502479553
4801,210.2134165517475,1,0,298,0.02,0.34434494376182556
4802,197.2100578141252,1,0,269,0.02,0.3493883013725281
4803,203.9932170987169,1,0,286,0.02,0.3485984802246094
4804,199.2913213944475,1,0,294,0.02,0.33907240629196167
4805,191.18003226519025,1,0,258,0.02,0.3393946886062622
4806,210.97446182489793,1,0,282,0.02,0.3332872986793518
4807,26.60419154405991,0,0,300,0.02,0.418354868888855
4808,210.75404139280715,1,0,282,0.02,0.3383924067020416
4809,-42.882319689593075,0,0,300,0.02,1.7807790040969849
4810,24.363165538314973,0,0,300,0.02,0.4261113703250885
4811,194.88912513653304,1,0,267,0.02,0.3454177975654602
4812,9.122567679081968,0,0,300,0.02,0.6551544070243835
4813,187.47427411795059,1,0,254,0.02,0.34583422541618347
4814,181.3016457343141,1,0,253,0.02,0.3314913213253021
4815,207.83335010767374,1,0,258,0.02,0.3410652279853821
4816,-3.0695868706663942,0,0,300,0.02,0.3367994725704193
4817,204.83809262037676,1,0,280,0.02,0.3423795998096466
4818,51.487707752385454,0,0,300,0.02,0.4432721436023712
4819,16.38021555820962,0,0,300,0.02,0.44264519214630127
4820,49.73340934515393,0,0,300,0.02,0.3385504186153412
4821,10.499380142692681,0,0,300,0.02,0.45205771923065186
4822,202.54067431688702,1,0,292,0.02,0.33673417568206787
4823,56.519775270619675,0,0,300,0.02,0.430255264043808
4824,194.92449597597516,1,0,263,0.02,0.3482787609100342
4825,198.6157338166276,1,0,272,0.02,0.3404693007469177
4826,198.86241825342574,1,0,298,0.02,0.3112981915473938
4827,192.81245749712386,1,0,268,0.02,0.34878838062286377
4828,209.62242317120104,1,0,281,0.02,0.342093288898468
4829,175.2440521311799,1,0,260,0.02,0.34088972210884094
4830,197.76128912369276,1,0,270,0.02,0.33987680077552795
4831,204.79351269007122,1,0,236,0.02,0.33602458238601685
4832,202.16340532064834,1,0,271,0.02,0.346051424741745
4833,184.34209245920573,1,0,258,0.02,0.3438796401023865
4834,206.00565908193985,1,0,288,0.02,0.342987984418869
4835,208.2735531179097,1,0,283,0.02,0.3318108022212982
4836,20.92725669622813,0,0,300,0.02,0.3975885808467865
4837,37.74405048767589,0,0,300,0.02,0.3391864597797394
4838,190.0037762808839,1,0,268,0.02,0.34095868468284607
4839,190.62082218408977,1,0,265,0.02,0.3491972088813782
4840,49.771061465744154,0,0,300,0.02,0.3566373884677887
4841,-45.94485353231036,0,0,300,0.02,0.4956161379814148
4842,197.25337930441293,1,0,261,0.02,0.3385579288005829
4843,199.083162305359,1,0,287,0.02,0.32861217856407166
4844,198.35274405718246,1,0,270,0.02,0.34371674060821533
4845,-48.32767930110431,0,0,300,0.02,0.7296189069747925
4846,202.5790202228215,1,0,284,0.02,0.34294402599334717
4847,185.22987571478285,1,0,236,0.02,0.3319338262081146
4848,193.75903833628095,1,0,229,0.02,0.34964317083358765
4849,202.34782177687086,1,0,283,0.02,0.34244731068611145
4850,204.0973771166841,1,0,286,0.02,0.34005847573280334
4851,195.08849004507456,1,0,257,0.02,0.3372802436351776
4852,203.11540996948747,1,0,281,0.02,0.3438465893268585
4853,202.2564257709172,1,0,278,0.02,0.3485926389694214
4854,195.66641451756024,1,0,281,0.02,0.3360954523086548
4855,186.16771339655315,1,0,230,0.02,0.33747440576553345
4856,214.0772799134294,1,0,294,0.02,0.32758277654647827
4857,200.7041419768373,1,0,250,0.02,0.3308672606945038
4858,207.33308355251813,1,0,247,0.02,0.33192819356918335
4859,196.8404572812703,1,0,271,0.02,0.3400847613811493
4860,208.56386585951248,1,0,288,0.02,0.32343629002571106
4861,195.936679880623,1,0,255,0.02,0.3452327847480774
4862,204.71148365736403,1,0,280,0.02,0.34403184056282043
4863,181.88933464289104,1,0,265,0.02,0.3370690941810608
4864,208.72788191238908,1,0,280,0.02,0.3482286036014557
4865,177.15816365003982,1,0,254,0.02,0.3373618423938751
4866,202.58915360847976,1,0,293,0.02,0.34041067957878113
4867,188.82110755205548,1,0,236,0.02,0.3441258668899536
4868,206.3537945103685,1,0,274,0.02,0.33845412731170654
4869,185.75819072962202,1,0,273,0.02,0.34235507249832153
4870,203.05990095058945,1,0,281,0.02,0.3452238440513611
4871,210.52020952940384,1,0,295,0.02,0.3393503725528717
4872,48.883457314972055,0,0,300,0.02,0.3510384261608124
4873,198.31684013287094,1,0,273,0.02,0.34598904848098755
4874,200.51424346208967,1,0,241,0.02,0.3408418893814087
4875,195.73190771023297,1,0,265,0.02,0.3422221541404724
4876,187.2349613690415,1,0,271,0.02,0.3481624126434326
4877,208.27663020531207,1,0,280,0.02,0.3460415303707123
4878,179.08830425978098,1,0,284,0.02,0.3223266899585724
4879,188.04555920044444,1,0,267,0.02,0.3388092815876007
4880,198.524592551389,1,0,269,0.02,0.34405094385147095
4881,200.64263641754653,1,0,253,0.02,0.337039977312088
4882,214.93740255276228,1,0,275,0.02,0.3433484435081482
4883,207.01873833895127,1,0,280,0.02,0.3322181701660156
4884,203.24637069622543,1,0,252,0.02,0.3486064076423645
4885,197.0950614666978,1,0,272,0.02,0.3381373882293701
4886,44.44401740471393,0,0,300,0.02,0.3541947305202484
4887,3.3116558543827628,0,0,300,0.02,0.8197851181030273
4888,207.4257786933568,1,0,277,0.02,0.3462544083595276
4889,198.40361329317483,1,0,266,0.02,0.3334994316101074
4890,191.29998902082835,1,0,275,0.02,0.34690549969673157
4891,206.78387036085527,1,0,280,0.02,0.3159351646900177
4892,202.18165417910018,1,0,288,0.02,0.3264892101287842
4893,-51.66800313075515,0,0,289,0.02,1.7146998643875122
4894,200.44521866083542,1,0,283,0.02,0.2955980896949768
4895,203.90964058161177,1,0,286,0.02,0.349492609500885
4896,201.8454182505647,1,0,282,0.02,0.33554819226264954
4897,218.0500390044835,1,0,284,0.02,0.34768933057785034
4898,196.27204360247055,1,0,256,0.02,0.34889185428619385
4899,198.91925532261396,1,0,258,0.02,0.34788525104522705
4900,207.2462035918275,1,0,243,0.02,0.3328518569469452
4901,193.12106346369183,1,0,294,0.02,0.3491368889808655
4902,194.28841880560316,1,0,259,0.02,0.3497980535030365
4903,208.1772972464601,1,0,278,0.02,0.3400784432888031
4904,191.59166713953414,1,0,252,0.02,0.3489859700202942
4905,203.8441180984166,1,0,278,0.02,0.344169557094574
4906,-4.156901532015546,0,0,300,0.02,0.3669244647026062
4907,203.82044038057722,1,0,269,0.02,0.3242926597595215
4908,208.91346379518905,1,0,252,0.02,0.3310368061065674
4909,44.53492537737287,0,0,300,0.02,0.3506714105606079
4910,196.48606063286329,1,0,261,0.02,0.3486839234828949
4911,200.54439451933303,1,0,278,0.02,0.3458041250705719
4912,190.4610965752641,1,0,254,0.02,0.3416286110877991
4913,205.80521141291058,1,0,269,0.02,0.333099901676178
4914,191.53776982069408,1,0,245,0.02,0.3474602997303009
4915,191.8947521567384,1,0,261,0.02,0.348214715719223
4916,202.50177020788587,1,0,277,0.02,0.3364602029323578
4917,45.53464589516195,0,0,300,0.02,0.3590376079082489
4918,210.32234676758316,1,0,268,0.02,0.34461238980293274
4919,199.3242903749135,1,0,259,0.02,0.3491264879703522
4920,203.40710954586532,1,0,268,0.02,0.34592169523239136
4921,205.09747009992992,1,0,269,0.02,0.34003522992134094
4922,198.25916348696148,1,0,279,0.02,0.34461188316345215
4923,203.94359466949967,1,0,262,0.02,0.34930041432380676
4924,209.7274446336415,1,0,272,0.02,0.34333792328834534
4925,193.48273548365034,1,0,258,0.02,0.34621888399124146
4926,204.20012780586745,1,0,246,0.02,0.3451671302318573
4927,204.6255107204106,1,0,261,0.02,0.34882140159606934
4928,179.47325632492564,1,0,283,0.02,0.3418850004673004
4929,197.02452230850722,1,0,299,0.02,0.3365685045719147
4930,203.9850669884721,1,0,258,0.02,0.3481360077857971
4931,207.51194416284957,1,0,262,0.02,0.34391671419143677
4932,201.6195494119313,1,0,264,0.02,0.3478117287158966
4933,13.285703990463306,0,0,300,0.02,0.4904767572879791
4934,201.81831544796492,1,0,260,0.02,0.340620219707489
4935,54.82592657009627,0,0,300,0.02,0.3612174391746521
4936,173.51523257494364,1,0,279,0.02,0.3180946111679077
4937,202.02791742722061,1,0,272,0.02,0.34571972489356995
4938,204.177918574814,1,0,283,0.02,0.34242311120033264
4939,197.76370504776503,1,0,268,0.02,0.34677281975746155
4940,205.4202291051533,1,0,289,0.02,0.33764180541038513
4941,193.68663533926406,1,0,271,0.02,0.32524392008781433
4942,45.48090004364522,0,0,300,0.02,0.3449740707874298
4943,194.6306791567842,1,0,264,0.02,0.32423296570777893
4944,199.8092730116884,1,0,277,0.02,0.33708450198173523
4945,202.09707282940417,1,0,279,0.02,0.34593087434768677
4946,205.08605002323654,1,0,274,0.02,0.3486865758895874
4947,170.55186752081312,1,0,285,0.02,0.34643587470054626
4948,195.70416265726485,1,0,262,0.02,0.34586209058761597
4949,51.61183612267042,0,0,300,0.02,0.41974005103111267
4950,193.16443685452006,1,0,240,0.02,0.34158986806869507
4951,206.71888489485184,1,0,271,0.02,0.3446815311908722
4952,192.023445136551,1,0,264,0.02,0.3460414707660675
4953,204.105361111168,1,0,275,0.02,0.3255624771118164
4954,203.66712413549817,1,0,295,0.02,0.3351217210292816
4955,187.10557231665052,1,0,254,0.02,0.3480096757411957
4956,177.9132126879731,1,0,276,0.02,0.3485995829105377
4957,208.9425451127675,1,0,276,0.02,0.3395628035068512
4958,191.60459574142953,1,0,275,0.02,0.33655014634132385
4959,208.1941765109685,1,0,286,0.02,0.344154953956604
4960,200.3665488314668,1,0,291,0.02,0.33526554703712463
4961,216.72673987785845,1,0,287,0.02,0.3460141122341156
4962,209.758659350876,1,0,271,0.02,0.3447379171848297
4963,212.1186871695558,1,0,286,0.02,0.3247309625148773
4964,185.8199699378053,1,0,261,0.02,0.3444102704524994
4965,205.52359466949966,1,0,259,0.02,0.34930041432380676
4966,196.40537647167707,1,0,254,0.02,0.34385496377944946
4967,187.5938934731523,1,0,262,0.02,0.3434293866157532
4968,210.44976014534498,1,0,252,0.02,0.34025904536247253
4969,207.3531720725682,1,0,296,0.02,0.34940606355667114
4970,193.34265242020155,1,0,255,0.02,0.3445359766483307
4971,197.65223869085708,1,0,257,0.02,0.33384308218955994
4972,194.78356054068007,1,0,252,0.02,0.3485126197338104
4973,202.3830897259751,1,0,276,0.02,0.3336303234100342
4974,185.79990705728926,1,0,256,0.02,0.32942599058151245
4975,193.52826537052655,1,0,258,0.02,0.33813273906707764
4976,211.32412323395278,1,0,269,0.02,0.3466682732105255
4977,194.2935178891804,1,0,275,0.02,0.34681960940361023
4978,193.5489207863847,1,0,256,0.02,0.3471725583076477
4979,201.65263523817458,1,0,268,0.02,0.3487439453601837
4980,199.13481978336836,1,0,294,0.02,0.3489941358566284
4981,184.76993404627234,1,0,288,0.02,0.3419192433357239
4982,205.5674568200151,1,0,290,0.02,0.32753854990005493
4983,33.74946525812543,0,0,300,0.02,0.38953644037246704
4984,192.22921010733046,1,0,266,0.02,0.34710022807121277
4985,200.02309716463483,1,0,268,0.02,0.3461284637451172
4986,44.04396937290696,0,0,300,0.02,0.35670673847198486
4987,190.67235605001844,1,0,248,0.02,0.3488137423992157
4988,211.0952714324037,1,0,270,0.02,0.3480848968029022
4989,205.58737285375992,1,0,271,0.02,0.34755954146385193
4990,182.09138889551554,1,0,256,0.02,0.34655553102493286
4991,199.3603356623689,1,0,253,0.02,0.34181883931159973
4992,200.5684597754518,1,0,240,0.02,0.3397878110408783
4993,198.69269443750775,1,0,300,0.02,0.336229145526886
4994,211.9584450650255,1,0,283,0.02,0.32729148864746094
4995,47.224846723083594,0,0,300,0.02,0.3881910741329193
4996,201.07778138399516,1,0,276,0.02,0.3474574089050293
4997,193.94338100195324,1,0,271,0.02,0.3460575044155121
4998,195.36287282228864,1,0,250,0.02,0.34868454933166504
4999,192.77226197004705,1,0,243,0.02,0.31133726239204407
5000,178.7350074187901,1,0,278,0.02,0.3489472270011902
5001,215.05769737640887,1,0,270,0.02,0.34827473759651184
5002,191.24248803059123,1,0,285,0.02,0.3445770740509033
5003,203.15314248959095,1,0,273,0.02,0.3444134593009949
5004,200.1875548926976,1,0,243,0.02,0.3408103585243225
5005,189.800971891884,1,0,265,0.02,0.3441597819328308
5006,199.07472013235486,1,0,261,0.02,0.32822272181510925
5007,198.4416715852406,1,0,260,0.02,0.34978118538856506
5008,201.39765061140457,1,0,291,0.02,0.3474901020526886
5009,211.96832732439438,1,0,272,0.02,0.3373209238052368
5010,206.0235946694997,1,0,257,0.02,0.34930041432380676
5011,196.8590026895192,1,0,257,0.02,0.34044840931892395
5012,206.7317397157338,1,0,268,0.02,0.33476415276527405
5013,29.54536820650491,0,0,300,0.02,0.3730607032775879
5014,206.43645742655195,1,0,263,0.02,0.3427883982658386
5015,188.26929728428388,1,0,261,0.02,0.3478747606277466
5016,211.5975887385991,1,0,289,0.02,0.3383018970489502
5017,0.30144429445655924,0,0,300,0.02,0.7440416812896729
5018,210.2452961325685,1,0,294,0.02,0.3230787217617035
5019,-36.806246834597374,0,0,300,0.02,0.554260790348053
5020,214.698759458069,1,0,275,0.02,0.3372128903865814
5021,201.1524450278322,1,0,282,0.02,0.2987914979457855
5022,45.44383418957262,0,0,300,0.02,0.3567405343055725
5023,190.70448669353988,1,0,261,0.02,0.3440774083137512
5024,203.1691565918962,1,0,300,0.02,0.34961360692977905
5025,213.23571570635238,1,0,270,0.02,0.34297382831573486
5026,192.32004284620677,1,0,236,0.02,0.3318920433521271
5027,203.11423478842175,1,0,275,0.02,0.3483440577983856
5028,215.2806173253099,1,0,249,0.02,0.334248423576355
5029,204.93034253836072,1,0,265,0.02,0.3318171203136444
5030,219.19412249008684,1,0,277,0.02,0.3391684591770172
5031,208.14436517477432,1,0,278,0.02,0.34081146121025085
5032,200.7108929753343,1,0,280,0.02,0.34417951107025146
5033,198.37996424913797,1,0,276,0.02,0.32191169261932373
5034,193.33221478701034,1,0,253,0.02,0.3488490581512451
5035,206.79102700153857,1,0,286,0.02,0.3449423313140869
5036,199.50333419720198,1,0,293,0.02,0.3493655323982239
5037,35.38250132322696,0,0,300,0.02,0.36877742409706116
5038,201.14026712656414,1,0,280,0.02,0.34433597326278687
5039,38.30934770346079,0,0,300,0.02,0.41706582903862
5040,204.84668206135296,1,0,284,0.02,0.34602856636047363
5041,206.01258253813188,1,0,267,0.02,0.34625712037086487
5042,170.78095353365336,1,0,277,0.02,0.3441643714904785
5043,197.1221198678056,1,0,259,0.02,0.3413727879524231
5044,198.55309836626444,1,0,283,0.02,0.3486281633377075
5045,191.24063026667028,1,0,274,0.02,0.2892451882362366
5046,208.03188462973037,1,0,248,0.02,0.3314315974712372
5047,172.78257502794656,1,0,273,0.02,0.3462589979171753
5048,190.63638770819102,1,0,263,0.02,0.34780582785606384
5049,190.5488513875047,1,0,248,0.02,0.3421899080276489
5050,205.73974011183182,1,0,265,0.02,0.3469677269458771
5051,198.21798166513835,1,0,231,0.02,0.3499073386192322
5052,37.260048205856414,0,0,300,0.02,0.3618907034397125
5053,206.35094365517165,1,0,282,0.02,0.3399631679058075
5054,46.497963945869536,0,0,300,0.02,0.3924117684364319
5055,205.70897573233046,1,0,267,0.02,0.34465882182121277
5056,45.54308948914081,0,0,300,0.02,0.35692670941352844
5057,200.55638797203568,1,0,271,0.02,0.3461020886898041
5058,14.816740588345723,0,0,300,0.02,0.6885139346122742
5059,199.83755205074812,1,0,282,0.02,0.34581106901168823
5060,197.31863738775647,1,0,229,0.02,0.3372434079647064
5061,208.66836958647167,1,0,299,0.02,0.32231035828590393
5062,223.64247752428446,1,0,283,0.02,0.34878337383270264
5063,169.19890231848154,1,0,283,0.02,0.349677175283432
5064,196.82830888191728,1,0,251,0.02,0.33812186121940613
5065,181.26090814987683,1,0,289,0.02,0.34497204422950745
5066,194.63055761099255,1,0,267,0.02,0.3367633521556854
5067,192.32104609251417,1,0,275,0.02,0.3266412317752838
5068,36.54269369522593,0,0,300,0.02,0.3520256578922272
5069,202.86495424191025,1,0,274,0.02,0.3464605212211609
5070,40.34914581696063,0,0,300,0.02,0.3604126274585724
5071,198.21216565370958,1,0,260,0.02,0.34386134147644043
5072,201.6371124879506,1,0,269,0.02,0.33592095971107483
5073,36.55520759026081,0,0,300,0.02,0.35389718413352966
5074,197.84144508759047,1,0,260,0.02,0.3498378098011017
5075,195.69568794966142,1,0,279,0.02,0.3479807674884796
5076,199.4387871209767,1,0,257,0.02,0.33050230145454407
5077,197.23858408213056,1,0,270,0.02,0.3322567343711853
5078,190.68565265417493,1,0,249,0.02,0.34548959136009216
5079,198.92375209728743,1,0,244,0.02,0.3367610573768616
5080,195.77296962023175,1,0,255,0.02,0.34866034984588623
5081,183.5713465476075,1,0,252,0.02,0.33906611800193787
5082,191.61167151848338,1,0,258,0.02,0.3322812020778656
5083,234.32799603224194,1,0,298,0.02,0.334903746843338
5084,202.72571282625591,1,0,285,0.02,0.33797454833984375
5085,170.45456488529703,1,0,237,0.02,0.3415578603744507
5086,215.97299566984574,1,0,293,0.02,0.33365383744239807
5087,193.37362076679727,1,0,274,0.02,0.34679388999938965
5088,194.0835034648564,1,0,254,0.02,0.34682321548461914
5089,198.70750218311812,1,0,250,0.02,0.33582353591918945
5090,207.2152563166658,1,0,278,0.02,0.323088675737381
5091,204.2284549260179,1,0,266,0.02,0.349789023399353
5092,212.92546514431504,1,0,274,0.02,0.3388327956199646
5093,198.21539709488417,1,0,263,0.02,0.3438498079776764
5094,202.67667547941602,1,0,290,0.02,0.34773388504981995
5095,192.41028919935616,1,0,259,0.02,0.34933045506477356
5096,194.1399951052705,1,0,287,0.02,0.3169039785861969
5097,191.23369297266402,1,0,272,0.02,0.3459795117378235
5098,213.74077686548628,1,0,266,0.02,0.3442085385322571
5099,41.07885494629412,0,0,300,0.02,0.36048534512519836
5100,197.0461943125764,1,0,259,0.02,0.33785417675971985
5101,204.91034868956007,1,0,271,0.02,0.3193155825138092
5102,209.04283207813768,1,0,269,0.02,0.34699106216430664
5103,191.1222240376512,1,0,255,0.02,0.33634674549102783
5104,200.8713918757478,1,0,279,0.02,0.34655478596687317
5105,203.03928901434338,1,0,274,0.02,0.3445805013179779
5106,199.67659171024826,1,0,260,0.02,0.3485511541366577
5107,192.77781349420937,1,0,279,0.02,0.32744938135147095
5108,23.41876118421942,0,0,300,0.02,0.41471245884895325
5109,193.8074913732197,1,0,280,0.02,0.34582623839378357
5110,198.40966623703505,1,0,255,0.02,0.34778252243995667
5111,209.57409138441483,1,0,289,0.02,0.3183799088001251
5112,201.44148982763684,1,0,277,0.02,0.33653029799461365
5113,193.1075606083909,1,0,274,0.02,0.3475126028060913
5114,221.7519115185777,1,0,272,0.02,0.3489248752593994
5115,202.84370817423257,1,0,252,0.02,0.3309757113456726
5116,194.68070452452096,1,0,237,0.02,0.34922662377357483
5117,199.46055711508188,1,0,245,0.02,0.33176347613334656
5118,202.96420079470076,1,0,247,0.02,0.3433525562286377
5119,207.36276663223768,1,0,263,0.02,0.3470074236392975
5120,202.41975048780836,1,0,274,0.02,0.31696513295173645
5121,195.50495640516672,1,0,282,0.02,0.32816365361213684
5122,203.90007215261852,1,0,246,0.02,0.3268847167491913
5123,205.72379503170515,1,0,253,0.02,0.3417503237724304
5124,210.31968207279706,1,0,247,0.02,0.3427785634994507
5125,213.08411282459764,1,0,251,0.02,0.3366708755493164
5126,192.07411377668774,1,0,251,0.02,0.3133743107318878
5127,203.5677015662233,1,0,266,0.02,0.3299773633480072
5128,200.92354704142008,1,0,253,0.02,0.3410159945487976
5129,211.39842156172193,1,0,270,0.02,0.3222973644733429
5130,199.41184354067246,1,0,247,0.02,0.3414418697357178
5131,205.93075361967482,1,0,259,0.02,0.3442143499851227
5132,224.15068972349565,1,0,297,0.02,0.3442303240299225
5133,208.05652908722425,1,0,247,0.02,0.3385668098926544
5134,205.91204826752212,1,0,246,0.02,0.34468701481819153
5135,202.03283724069988,1,0,246,0.02,0.3336934447288513
5136,209.37534187555707,1,0,255,0.02,0.3455672860145569
5137,206.885445253853,1,0,265,0.02,0.3205414414405823
5138,-62.00701884349324,0,0,290,0.02,1.9269537925720215
5139,201.57721500793957,1,0,262,0.02,0.3358953297138214
5140,207.5856266665498,1,0,258,0.02,0.3454960882663727
5141,212.76017975569167,1,0,261,0.02,0.34685781598091125
5142,57.3286461854021,0,0,300,0.02,0.3622412085533142
5143,218.49848406553662,1,0,263,0.02,0.3322817385196686
5144,190.5400447344819,1,0,226,0.02,0.32689157128334045
5145,203.36694634834794,1,0,259,0.02,0.3459624946117401
5146,194.45428018808758,1,0,258,0.02,0.3433327078819275
5147,205.22795049429334,1,0,246,0.02,0.3349151313304901
5148,195.27432728529368,1,0,251,0.02,0.34582093358039856
5149,210.76698317448165,1,0,258,0.02,0.3434532880783081
5150,44.36991551319628,0,0,300,0.02,0.3502202033996582
5151,189.39992804766095,1,0,253,0.02,0.3319207429885864
5152,196.4177933573762,1,0,249,0.02,0.3299544155597687
5153,194.23583954573073,1,0,249,0.02,0.33794286847114563
5154,196.36986865282452,1,0,273,0.02,0.32443559169769287
5155,192.51525532961284,1,0,234,0.02,0.34558892250061035
5156,193.71495963335425,1,0,292,0.02,0.3306628465652466
5157,192.34687585115825,1,0,234,0.02,0.3426837921142578
5158,206.76166264454386,1,0,293,0.02,0.34978342056274414
5159,5.620893833641116,0,0,300,0.02,0.6316792964935303
5160,4.145569765571719,0,0,300,0.02,0.4605103135108948
5161,220.86932194153331,1,0,281,0.02,0.3428685963153839
5162,204.93405985117352,1,0,246,0.02,0.3333877921104431
5163,207.7813436309483,1,0,262,0.02,0.3473631739616394
5164,217.91262436151897,1,0,270,0.02,0.34124666452407837
5165,26.87901958227546,0,0,300,0.02,0.4021478593349457
5166,191.87533795118725,1,0,255,0.02,0.3480682671070099
5167,193.3538626424458,1,0,272,0.02,0.346733421087265
5168,185.81767812967692,1,0,249,0.02,0.3424832224845886
5169,206.3824352304127,1,0,272,0.02,0.3470902740955353
5170,203.0125478100816,1,0,251,0.02,0.33626580238342285
5171,198.97778485060132,1,0,251,0.02,0.34995654225349426
5172,184.0649607539216,1,0,234,0.02,0.34316256642341614
5173,201.44267030954754,1,0,272,0.02,0.32373517751693726
5174,211.88196627060438,1,0,257,0.02,0.3497075140476227
5175,199.61933191061414,1,0,251,0.02,0.3395697772502899
5176,209.30443351665997,1,0,259,0.02,0.3415907025337219
5177,214.3891686272661,1,0,262,0.02,0.3171105980873108
5178,205.34982867161295,1,0,262,0.02,0.3352419137954712
5179,203.6086149859468,1,0,256,0.02,0.3397490084171295
5180,207.4996258060124,1,0,241,0.02,0.3427926301956177
5181,17.43189621687329,0,0,300,0.02,0.4314287006855011
5182,214.26033426046766,1,0,257,0.02,0.349319189786911
5183,186.29303262154127,1,0,229,0.02,0.32444092631340027
5184,203.4445322489778,1,0,248,0.02,0.32576969265937805
5185,209.4212130713502,1,0,247,0.02,0.3490994870662689
5186,42.023625225224755,0,0,300,0.02,0.35929277539253235
5187,211.202019995847,1,0,249,0.02,0.339694082736969
5188,191.96399227539564,1,0,245,0.02,0.32920101284980774
5189,2.770200518765691,0,0,300,0.02,0.7501489520072937
5190,198.92875821829233,1,0,247,0.02,0.32471320033073425
5191,207.91976792255906,1,0,261,0.02,0.34775710105895996
5192,192.89868900537883,1,0,238,0.02,0.33723050355911255
5193,6.296575679778973,0,0,300,0.02,0.7108560800552368
5194,209.1490461945573,1,0,243,0.02,0.34714120626449585
5195,209.75285336256422,1,0,254,0.02,0.2786894142627716
5196,189.31710197210705,1,0,241,0.02,0.33762726187705994
5197,202.79120925665296,1,0,256,0.02,0.3491004407405853
5198,194.3935620872166,1,0,235,0.02,0.33930855989456177
5199,207.7934259152452,1,0,260,0.02,0.3385462760925293
5200,204.63374355236556,1,0,255,0.02,0.3467631936073303
5201,201.45281417131815,1,0,279,0.02,0.3486992120742798
5202,201.20579726934827,1,0,269,0.02,0.3179534375667572
5203,199.54014131307994,1,0,246,0.02,0.33186742663383484
5204,196.6627850906041,1,0,234,0.02,0.342002809047699
5205,190.79453402916457,1,0,237,0.02,0.3465655744075775
5206,204.20751932382979,1,0,253,0.02,0.3375229239463806
5207,201.75082191706096,1,0,256,0.02,0.3416972756385803
5208,211.88408259312178,1,0,237,0.02,0.3491784334182739
5209,186.2546512579957,1,0,235,0.02,0.33573994040489197
5210,201.9925036311189,1,0,260,0.02,0.34877684712409973
5211,175.55226797977946,1,0,280,0.02,0.3471320867538452
5212,-119.18773742675768,0,0,234,0.02,2.431934356689453
5213,38.94712035576373,0,0,300,0.02,0.33591899275779724
5214,205.192213666443,1,0,249,0.02,0.33634933829307556
5215,196.53174116531875,1,0,241,0.02,0.3397637903690338
5216,217.8980221676866,1,0,261,0.02,0.34239721298217773
5217,222.3425964013722,1,0,256,0.02,0.3470499813556671
5218,210.4393309950868,1,0,248,0.02,0.34957000613212585
5219,206.93680497566726,1,0,254,0.02,0.34849783778190613
5220,197.342444217209,1,0,254,0.02,0.33629170060157776
5221,215.15677716494,1,0,267,0.02,0.34770846366882324
5222,204.29913803816234,1,0,255,0.02,0.3296182453632355
5223,192.98069329977426,1,0,244,0.02,0.34422942996025085
5224,208.88438155889907,1,0,260,0.02,0.3233073651790619
5225,208.01551719427505,1,0,248,0.02,0.33552345633506775
5226,204.1202400851289,1,0,251,0.02,0.3493427336215973
5227,206.06007215261855,1,0,244,0.02,0.3268847167491913
5228,203.93003172318004,1,0,262,0.02,0.3451911509037018
5229,207.18214052597546,1,0,248,0.02,0.34216395020484924
5230,210.47998009602097,1,0,248,0.02,0.34270405769348145
5231,207.50752211014296,1,0,260,0.02,0.3408185541629791
5232,193.92617646932996,1,0,249,0.02,0.34785863757133484
5233,199.2805571150819,1,0,244,0.02,0.33176347613334656
5234,40.93992002407576,0,0,300,0.02,0.34521907567977905
5235,203.34494189024363,1,0,249,0.02,0.33566728234291077
5236,202.80495468378462,1,0,248,0.02,0.3456640839576721
5237,204.17417954683697,1,0,245,0.02,0.3358578681945801
5238,206.53553190470134,1,0,252,0.02,0.3480197787284851
5239,198.42390706301128,1,0,256,0.02,0.343425989151001
5240,215.95851482153333,1,0,262,0.02,0.33227404952049255
5241,192.28271124601756,1,0,231,0.02,0.3362249433994293
5242,212.1008858418504,1,0,256,0.02,0.34918129444122314
5243,183.57921621084606,1,0,226,0.02,0.3220987021923065
5244,205.50272946596542,1,0,254,0.02,0.3312203884124756
5245,200.62014131307996,1,0,245,0.02,0.33186742663383484
5246,188.4938357949296,1,0,267,0.02,0.34844380617141724
5247,191.24712950945295,1,0,255,0.02,0.3376203775405884
5248,11.76862121502421,0,0,300,0.02,0.37054377794265747
5249,211.64813406706253,1,0,271,0.02,0.33236923813819885
5250,200.51428892374432,1,0,261,0.02,0.3208305239677429
5251,199.0164977192918,1,0,252,0.02,0.3427783250808716
5252,205.47976646343733,1,0,247,0.02,0.340257465839386
5253,205.56007215261855,1,0,246,0.02,0.3268847167491913
5254,187.7539707652714,1,0,255,0.02,0.3467063903808594
5255,202.22164429426584,1,0,252,0.02,0.32899168133735657
5256,194.03542822758223,1,0,256,0.02,0.3488420248031616
5257,206.40142823458112,1,0,259,0.02,0.3465456962585449
5258,213.25374255419172,1,0,253,0.02,0.343467116355896
5259,208.97815689325728,1,0,257,0.02,0.34736353158950806
5260,210.8368732905427,1,0,267,0.02,0.3276844322681427
5261,34.43835384289288,0,0,300,0.02,0.4056106209754944
5262,211.86580838442245,1,0,269,0.02,0.3254506587982178
5263,204.37490921736156,1,0,250,0.02,0.3331754505634308
5264,209.46508427063492,1,0,250,0.02,0.3389280140399933
5265,202.81440581560528,1,0,266,0.02,0.33830130100250244
5266,204.29003590504195,1,0,255,0.02,0.3476901054382324
5267,180.0280218815843,1,0,249,0.02,0.32989728450775146
5268,193.989553720955,1,0,257,0.02,0.3295143246650696
5269,9.283326961998059,0,0,300,0.02,0.7735710144042969
5270,210.73259618044293,1,0,274,0.02,0.3287537097930908
5271,201.29647655249036,1,0,247,0.02,0.32528361678123474
5272,202.69669532061016,1,0,255,0.02,0.33022892475128174
5273,206.19646167040264,1,0,255,0.02,0.3302873373031616
5274,179.36557172060407,1,0,255,0.02,0.3480098247528076
5275,206.06007215261855,1,0,244,0.02,0.3268847167491913
5276,198.4747464696553,1,0,247,0.02,0.34901246428489685
5277,192.3439212203065,1,0,245,0.02,0.3359224498271942
5278,6.428018626370655,0,0,300,0.02,0.8431944251060486
5279,200.76565932989513,1,0,245,0.02,0.34548792243003845
5280,208.83667871395613,1,0,264,0.02,0.3435294032096863
5281,213.32889094591533,1,0,256,0.02,0.3371800184249878
5282,196.16171862841043,1,0,261,0.02,0.3464730978012085
5283,178.9059228062669,1,0,243,0.02,0.32042205333709717
5284,209.67271427074934,1,0,247,0.02,0.33952051401138306
5285,196.30623490730787,1,0,250,0.02,0.3461403548717499
5286,185.7403758549729,1,0,278,0.02,0.3468087911605835
5287,40.95972998062636,0,0,300,0.02,0.3702665865421295
5288,38.99715010563403,0,0,300,0.02,0.35341155529022217
5289,196.10922245741284,1,0,256,0.02,0.3345971405506134
5290,203.6828242373506,1,0,250,0.02,0.33119669556617737
5291,202.33989459753434,1,0,270,0.02,0.3444291055202484
5292,203.2208895802537,1,0,250,0.02,0.32918035984039307
5293,177.7910593533555,1,0,226,0.02,0.3341379165649414
5294,202.53981987238325,1,0,249,0.02,0.3494477868080139
5295,208.8841278926518,1,0,250,0.02,0.3491671085357666
5296,201.0755234217683,1,0,256,0.02,0.3430218994617462
5297,195.75513127724196,1,0,248,0.02,0.34891626238822937
5298,211.43562598625687,1,0,248,0.02,0.3462925851345062
5299,205.89483946085372,1,0,278,0.02,0.26569288969039917
5300,206.06007215261855,1,0,244,0.02,0.3268847167491913
5301,176.5205932895329,1,0,292,0.02,0.3375507593154907
5302,195.01412751595043,1,0,258,0.02,0.34416720271110535
5303,184.4996819472352,1,0,252,0.02,0.3494822680950165
5304,11.778303740028475,0,0,300,0.02,0.404826819896698
5305,204.65182376146709,1,0,252,0.02,0.34394681453704834
5306,35.73345732132463,0,0,300,0.02,0.34433475136756897
5307,196.2782340025941,1,0,253,0.02,0.3423442542552948
5308,-46.320022040209516,0,0,300,0.02,1.9077045917510986
5309,207.54962274313368,1,0,271,0.02,0.3294970691204071
5310,205.21548362017074,1,0,249,0.02,0.315531849861145
5311,206.08558968305982,1,0,257,0.02,0.33800533413887024
5312,205.02345754385385,1,0,243,0.02,0.3485383689403534
5313,204.77835915327464,1,0,244,0.02,0.3373129665851593
5314,202.9543107056657,1,0,253,0.02,0.34332507848739624
5315,209.19995643854537,1,0,247,0.02,0.3369136452674866
5316,199.28653260946663,1,0,291,0.02,0.33276960253715515
5317,199.05903969049845,1,0,248,0.02,0.3296428322792053
5318,199.81938961744703,1,0,244,0.02,0.3420553505420685
5319,203.40420712709818,1,0,260,0.02,0.31585097312927246
5320,188.2197617697755,1,0,239,0.02,0.3369623124599457
5321,206.54881221056377,1,0,245,0.02,0.3221997022628784
5322,192.22312600374613,1,0,248,0.02,0.34362125396728516
5323,206.11001651049054,1,0,243,0.02,0.33439862728118896
5324,216.9388774180452,1,0,270,0.02,0.32218340039253235
5325,195.27628744045757,1,0,240,0.02,0.33612722158432007
5326,204.98007215261853,1,0,245,0.02,0.3268847167491913
5327,202.04807976484693,1,0,257,0.02,0.3473828136920929
5328,43.95588173786669,0,0,300,0.02,0.35872864723205566
5329,191.25418959856424,1,0,237,0.02,0.34585535526275635
5330,205.66809908628858,1,0,258,0.02,0.3498779833316803
5331,201.78050049066934,1,0,255,0.02,0.3317776322364807
5332,197.85841182470716,1,0,251,0.02,0.3322997987270355
5333,205.90886550823714,1,0,255,0.02,0.3479827046394348
5334,204.48983196497358,1,0,255,0.02,0.3319447636604309
5335,214.12540958643353,1,0,248,0.02,0.3455503582954407
5336,206.94860811472333,1,0,266,0.02,0.31975072622299194
5337,199.12109084368143,1,0,255,0.02,0.3391300439834595
5338,16.963616726402382,0,0,300,0.02,0.35849857330322266
5339,200.50192451239025,1,0,268,0.02,0.34892162680625916
5340,279.6556032490767,0,0,300,0.02,0.3630019426345825
5341,99.45169374227916,0,0,300,0.02,0.35397931933403015
5342,154.414737484459,1,0,270,0.02,0.3457183837890625
5343,359.28582777738967,0,0,300,0.02,0.37794581055641174
5344,390.6698925089877,0,0,300,0.02,0.42192962765693665
5345,87.53736834764881,0,0,300,0.02,0.4475606679916382
5346,153.9598525261918,1,0,239,0.02,0.3469396233558655
5347,35.34658739487201,0,0,300,0.02,0.37355223298072815
5348,324.1629714751282,0,0,300,0.02,0.3661598861217499
5349,120.9924669194261,0,0,300,0.02,0.38128602504730225
5350,176.92452547312175,1,0,227,0.02,0.33077138662338257
5351,45.165445055165556,0,0,300,0.02,0.3538378179073334
5352,196.82610398054516,1,0,237,0.02,0.34537675976753235
5353,187.6030802814152,1,0,227,0.02,0.34942901134490967
5354,203.90007215261852,1,0,246,0.02,0.3268847167491913
5355,283.08049738169086,0,0,300,0.02,0.3917784094810486
5356,209.91275791407006,0,0,300,0.02,0.413713276386261
5357,276.04574970007315,0,0,300,0.02,0.4104653298854828
5358,156.80979812860878,1,0,298,0.02,0.33695322275161743
5359,280.05001192331684,0,0,300,0.02,0.38189977407455444
5360,-58.25821558078262,0,0,300,0.02,0.7097529768943787
5361,181.93202858845257,1,0,276,0.02,0.3421919345855713
5362,348.040716202263,0,0,300,0.02,0.37922370433807373
5363,-29.715071918960433,0,0,300,0.02,0.46567073464393616
5364,216.7744626307527,1,0,266,0.02,0.32578709721565247
5365,192.44196011782083,1,0,260,0.02,0.3389127254486084
5366,32.86302746057904,0,0,300,0.02,0.3861458897590637
5367,191.8521718525926,1,0,227,0.02,0.34385979175567627
5368,203.2455698482182,1,0,240,0.02,0.34880661964416504
5369,198.6489590207722,1,0,274,0.02,0.330459326505661
5370,181.24673660517126,1,0,271,0.02,0.34021860361099243
5371,-4.576415383811834,0,0,300,0.02,0.378506600856781
5372,200.3959567809144,1,0,234,0.02,0.3204135596752167
5373,180.1564768576661,1,0,263,0.02,0.34278354048728943
5374,199.86970199028517,1,0,258,0.02,0.34527358412742615
5375,208.35431394339005,1,0,280,0.02,0.3483242690563202
5376,-3.182385785575761,0,0,300,0.02,0.46249920129776
5377,201.55362434149183,1,0,266,0.02,0.32349666953086853
5378,-10.007866049608973,0,0,300,0.02,0.5246655941009521
5379,217.44744223991898,1,0,287,0.02,0.3408385217189789
5380,180.38612577677162,1,0,284,0.02,0.340371310710907
5381,197.95101202726755,1,0,275,0.02,0.3341497480869293
5382,188.84254346132673,1,0,286,0.02,0.32126688957214355
5383,197.52493359327713,1,0,256,0.02,0.34816935658454895
5384,210.65423651934066,1,0,263,0.02,0.33334362506866455
5385,195.17945959329995,1,0,247,0.02,0.3420378565788269
5386,197.9277589440385,1,0,269,0.02,0.33996301889419556
5387,168.04883651495373,1,0,242,0.02,0.34969362616539
5388,194.19912607431803,1,0,248,0.02,0.3496212363243103
5389,199.43234265089427,1,0,276,0.02,0.3363170921802521
5390,195.4312625686314,1,0,251,0.02,0.34738343954086304
5391,189.78843514362836,1,0,235,0.02,0.343090295791626
5392,200.23649536053205,1,0,256,0.02,0.34107524156570435
5393,195.8825408768693,1,0,243,0.02,0.3312675356864929
5394,199.34022229433452,1,0,256,0.02,0.34184718132019043
5395,193.83044953585065,1,0,260,0.02,0.3492903709411621
5396,204.03564272165693,1,0,277,0.02,0.3354920744895935
5397,201.63198711157239,1,0,273,0.02,0.32140597701072693
5398,195.94758991480265,1,0,245,0.02,0.3425052762031555
5399,200.285139491562,1,0,272,0.02,0.3231178820133209
5400,193.7807359862367,1,0,246,0.02,0.34671875834465027
5401,186.81656957388316,1,0,258,0.02,0.3352603614330292
5402,30.12386042515301,0,0,300,0.02,0.3592339754104614
5403,190.3251325440446,1,0,248,0.02,0.3456196188926697
5404,209.2894382643739,1,0,258,0.02,0.3445431888103485
5405,198.36383976379895,1,0,255,0.02,0.34923914074897766
5406,181.65217511415875,1,0,249,0.02,0.32385897636413574
5407,24.390325721898275,0,0,300,0.02,0.41511765122413635
5408,-4.693113324638284,0,0,300,0.02,0.430181086063385
5409,203.97802500009928,1,0,276,0.02,0.3348965048789978
5410,199.4454367756883,1,0,250,0.02,0.3480435609817505
5411,194.9877371668855,1,0,271,0.02,0.34996846318244934
5412,157.4820972800294,1,0,275,0.02,0.3263784348964691
5413,43.649473165669725,0,0,300,0.02,0.3603307902812958
5414,192.9536028504411,1,0,260,0.02,0.3460020422935486
5415,199.37034849882517,1,0,273,0.02,0.331815630197525
5416,207.50228085438278,1,0,260,0.02,0.34712886810302734
5417,190.84101637283825,1,0,253,0.02,0.339944988489151
5418,203.8778754496614,1,0,268,0.02,0.3499338924884796
5419,185.72387116194164,1,0,251,0.02,0.33843496441841125
5420,185.43667617559822,1,0,259,0.02,0.3427337110042572
5421,190.39512241125493,1,0,296,0.02,0.34562215209007263
5422,29.825269221463483,0,0,300,0.02,0.3538817763328552
5423,195.63278912783062,1,0,254,0.02,0.346205472946167
5424,209.39685882011915,1,0,267,0.02,0.33848437666893005
5425,196.25970009247328,1,0,289,0.02,0.34777405858039856
5426,216.5050556159059,1,0,290,0.02,0.3356388509273529
5427,196.940729316869,1,0,262,0.02,0.34001675248146057
5428,203.50703199625409,1,0,290,0.02,0.3376447558403015
5429,200.57714407205975,1,0,251,0.02,0.3426167368888855
5430,205.35140239159134,1,0,260,0.02,0.34484848380088806
5431,208.3179316226628,1,0,250,0.02,0.34821617603302
5432,206.52004996220137,1,0,253,0.02,0.34518659114837646
5433,202.12498659372724,1,0,295,0.02,0.3356561064720154
5434,204.29541176716353,1,0,256,0.02,0.3463461399078369
5435,-42.098065032958985,0,0,194,0.02,2.927016258239746
5436,180.79177032709512,1,0,252,0.02,0.3364601731300354
5437,194.81114381075298,1,0,251,0.02,0.34911680221557617
5438,195.19081550518536,1,0,258,0.02,0.33999520540237427
5439,207.98788378477488,1,0,277,0.02,0.34743180871009827
5440,190.81818407297524,1,0,264,0.02,0.34735673666000366
5441,15.374278843406794,0,0,300,0.02,0.365833044052124
5442,199.50337360144056,1,0,252,0.02,0.3435593545436859
5443,190.6948757386247,1,0,264,0.02,0.33818382024765015
5444,26.501419594291853,0,0,300,0.02,0.4565478563308716
5445,199.53861345529947,1,0,266,0.02,0.344749391078949
5446,198.55195748567974,1,0,248,0.02,0.3364133834838867
5447,194.75959360361492,1,0,246,0.02,0.34700435400009155
5448,42.232163519063285,0,0,300,0.02,0.3696582019329071
5449,174.76787148714456,1,0,300,0.02,0.3424348831176758
5450,199.68012576342022,1,0,258,0.02,0.3493713140487671
5451,192.7851015210191,1,0,250,0.02,0.33812737464904785
5452,219.7061981272737,1,0,271,0.02,0.33785322308540344
5453,226.50369028330243,1,0,285,0.02,0.32848018407821655
5454,198.8953520528462,1,0,252,0.02,0.34886106848716736
5455,207.23005128304027,1,0,253,0.02,0.3476862609386444
5456,9.856430914405887,0,0,300,0.02,0.7052950263023376
5457,201.6360238862077,1,0,270,0.02,0.3178967833518982
5458,190.03894227901955,1,0,257,0.02,0.34796351194381714
5459,-29.045263186297205,0,0,300,0.02,0.7240148782730103
5460,186.7497635960618,1,0,239,0.02,0.3469618558883667
5461,197.8109219876912,1,0,233,0.02,0.3474685847759247
5462,22.594615480903695,0,0,300,0.02,0.42574888467788696
5463,194.22108276606,1,0,267,0.02,0.34663206338882446
5464,56.31506314198048,0,0,300,0.02,0.3314332962036133
5465,187.59240344763197,1,0,246,0.02,0.33630189299583435
5466,197.9834947896043,1,0,255,0.02,0.3310290575027466
5467,202.39759138027694,1,0,275,0.02,0.3433012366294861
5468,206.12369045019548,1,0,264,0.02,0.3409801423549652
5469,193.8761244002964,1,0,275,0.02,0.34616798162460327
5470,197.02295676151778,1,0,251,0.02,0.3444598913192749
5471,201.465139491562,1,0,269,0.02,0.3231178820133209
5472,200.92494118452464,1,0,239,0.02,0.3381674587726593
5473,-61.33946114619708,0,0,282,0.02,1.8175643682479858
5474,194.66724506140147,1,0,266,0.02,0.34759148955345154
5475,186.5648776459733,1,0,251,0.02,0.33818334341049194
5476,186.59181896448533,1,0,272,0.02,0.3364480137825012
5477,200.2434947896043,1,0,251,0.02,0.3310290575027466
5478,198.7809934306184,1,0,255,0.02,0.3341543972492218
5479,201.14366142670178,1,0,249,0.02,0.34928372502326965
5480,173.54416692018899,1,0,288,0.02,0.3383610248565674
5481,205.48081527471936,1,0,275,0.02,0.31919893622398376
5482,204.03668022871412,1,0,257,0.02,0.342732697725296
5483,179.5829773116151,1,0,254,0.02,0.3336584270000458
5484,198.81366730451978,1,0,254,0.02,0.33598592877388
5485,40.756119569936075,0,0,300,0.02,0.3611691892147064
5486,34.27397951523333,0,0,300,0.02,0.3592042028903961
5487,203.96874951759844,1,0,269,0.02,0.34801170229911804
5488,187.66236424684917,1,0,238,0.02,0.3413116931915283
5489,201.05446533918774,1,0,257,0.02,0.3482864201068878
5490,192.80086412668618,1,0,246,0.02,0.3441867232322693
5491,195.07119760752116,1,0,264,0.02,0.32660335302352905
5492,200.11493148088846,1,0,255,0.02,0.32566988468170166
5493,181.84739747286238,1,0,226,0.02,0.3325533866882324
5494,210.70428607225816,1,0,270,0.02,0.32333123683929443
5495,202.57983861366776,1,0,247,0.02,0.34773942828178406
5496,210.674700949196,1,0,270,0.02,0.3307275176048279
5497,188.8763492035905,1,0,250,0.02,0.34781545400619507
5498,209.98335767031114,1,0,271,0.02,0.3235633373260498
5499,5.081037685875014,0,0,300,0.02,0.7166433334350586
5500,190.01592683554085,1,0,291,0.02,0.34542104601860046
5501,197.9773508429566,1,0,282,0.02,0.3275650441646576
5502,188.6061507010499,1,0,251,0.02,0.34286507964134216
5503,32.07699605703752,0,0,300,0.02,0.38515374064445496
5504,218.213436717191,1,0,274,0.02,0.34933990240097046
5505,198.84866332928206,1,0,259,0.02,0.34803324937820435
5506,206.3446856443074,1,0,237,0.02,0.34152767062187195
5507,206.00408572912613,1,0,251,0.02,0.3358813226222992
5508,210.32001456657912,1,0,248,0.02,0.3476954400539398
5509,176.3892179989854,1,0,288,0.02,0.3220982551574707
5510,184.9699991440812,1,0,223,0.02,0.3444029688835144
5511,185.36211175203715,1,0,254,0.02,0.33887481689453125
5512,184.47292716265116,1,0,240,0.02,0.34367096424102783
5513,191.63435510397346,1,0,248,0.02,0.32581397891044617
5514,194.881964290146,1,0,258,0.02,0.33891168236732483
5515,182.43596986055766,1,0,276,0.02,0.3429102897644043
5516,190.4078096334126,1,0,253,0.02,0.3382466733455658
5517,198.8325941363957,1,0,255,0.02,0.3470505475997925
5518,206.806239683632,1,0,284,0.02,0.3253428339958191
5519,2.302506458763281,0,0,300,0.02,0.4337761402130127
5520,194.94882625341808,1,0,248,0.02,0.34719619154930115
5521,174.40115236521157,1,0,246,0.02,0.34161466360092163
5522,34.86765206257371,0,0,300,0.02,0.37578606605529785
5523,52.0944912743608,0,0,300,0.02,0.36577993631362915
5524,167.14427900553142,1,0,245,0.02,0.3458330035209656
5525,-31.94795561551654,0,0,300,0.02,0.553891658782959
5526,192.13956012169385,1,0,290,0.02,0.3428090512752533
5527,188.57516963402293,1,0,253,0.02,0.3414066731929779
5528,204.48198522488144,1,0,260,0.02,0.34970277547836304
5529,203.92815705538192,1,0,278,0.02,0.3273634910583496
5530,189.83026723623664,1,0,256,0.02,0.34183594584465027
5531,183.55422576189434,1,0,250,0.02,0.3258463144302368
5532,200.41764296293653,1,0,255,0.02,0.342492014169693
5533,178.24564705133832,1,0,256,0.02,0.3454909920692444
5534,182.87389026403815,1,0,269,0.02,0.34593018889427185
5535,30.745635225776745,0,0,300,0.02,0.37049394845962524
5536,190.06965687513744,1,0,252,0.02,0.33948853611946106
5537,188.0446367430726,1,0,235,0.02,0.3432435691356659
5538,190.31827526808178,1,0,248,0.02,0.3473339378833771
5539,202.54627695322424,1,0,295,0.02,0.3453335165977478
5540,198.897713882927,1,0,293,0.02,0.3399742841720581
5541,203.42127689123544,1,0,290,0.02,0.32908353209495544
5542,201.60520933866894,1,0,273,0.02,0.3206004202365875
5543,202.0409625093129,1,0,259,0.02,0.34495845437049866
5544,196.57500241041578,1,0,250,0.02,0.325652152299881
5545,192.77754209280408,1,0,288,0.02,0.33751723170280457
5546,194.90712823629775,1,0,283,0.02,0.3476206958293915
5547,197.07018921614088,1,0,248,0.02,0.32685545086860657
5548,41.05813022533921,0,0,300,0.02,0.3481665253639221
5549,44.708145074048275,0,0,300,0.02,0.3656628131866455
5550,196.41901195288102,1,0,276,0.02,0.3396497666835785
5551,205.79064226866166,1,0,246,0.02,0.3417421877384186
5552,197.9830679488222,1,0,289,0.02,0.34363576769828796
5553,204.68131473461654,1,0,276,0.02,0.3348703980445862
5554,39.3712195722249,0,0,300,0.02,0.35739418864250183
5555,202.52236061493426,1,0,295,0.02,0.3496089279651642
5556,198.25360676527418,1,0,241,0.02,0.34100106358528137
5557,21.465682977834007,0,0,300,0.02,0.3487783372402191
5558,177.10504530668652,1,0,272,0.02,0.320641428232193
5559,26.608755333427553,0,0,300,0.02,0.41221392154693604
5560,205.8074418918278,1,0,286,0.02,0.34333860874176025
5561,189.66215334654248,1,0,272,0.02,0.33636441826820374
5562,200.88523873726393,1,0,239,0.02,0.3313893973827362
5563,208.82720729748277,1,0,285,0.02,0.34589725732803345
5564,-0.2857258868178072,0,0,300,0.02,0.5008342266082764
5565,40.304992603459674,0,0,300,0.02,0.37145093083381653
5566,23.40441209078226,0,0,300,0.02,0.35829973220825195
5567,194.70837838411722,1,0,264,0.02,0.3473081588745117
5568,172.3885452930119,1,0,253,0.02,0.34306275844573975
5569,20.54362161875157,0,0,300,0.02,0.39099735021591187
5570,16.39535948992167,0,0,300,0.02,0.4005628824234009
5571,-283.9815399169927,0,0,300,0.02,1.4453849792480469
5572,178.47904804468544,1,0,287,0.02,0.3321407437324524
5573,195.36276084661876,1,0,261,0.02,0.33871254324913025
5574,171.59831090847516,1,0,299,0.02,0.33812135457992554
5575,166.34037545919807,1,0,294,0.02,0.3368088901042938
5576,176.93321983099378,1,0,240,0.02,0.34609779715538025
5577,187.52544503450787,1,0,260,0.02,0.32554149627685547
5578,2.663498496213223,0,0,300,0.02,0.35682445764541626
5579,198.32304111719523,1,0,282,0.02,0.341142475605011
5580,203.82274423838052,1,0,268,0.02,0.3287166953086853
5581,-48.48721610148883,0,0,300,0.02,0.7795031070709229
5582,-58.47903435786701,0,0,300,0.02,1.7599576711654663
5583,-9.435675149760025,0,0,300,0.02,0.44911786913871765
5584,-4.101546250185728,0,0,300,0.02,0.5330856442451477
5585,6.377881972793685,0,0,300,0.02,0.43493226170539856
5586,4.8871685496952555,0,0,300,0.02,0.37590694427490234
5587,171.78038288832101,1,0,231,0.02,0.3468070328235626
5588,26.514903196492412,0,0,300,0.02,0.3714732825756073
5589,192.56220464468396,1,0,229,0.02,0.34635159373283386
5590,187.3621538519899,1,0,258,0.02,0.3438642919063568
5591,-5.120378170809505,0,0,300,0.02,0.5502936244010925
5592,190.69675090074932,1,0,288,0.02,0.3377150297164917
5593,193.7423377919236,1,0,280,0.02,0.3438183069229126
5594,150.65869952440653,1,0,267,0.02,0.34472787380218506
5595,184.5898226300862,1,0,247,0.02,0.3452434241771698
5596,296.4752887940445,0,0,300,0.02,0.3680805563926697
5597,266.0978683686293,0,0,300,0.02,0.39993566274642944
5598,-40.197847659583886,0,0,300,0.02,0.4163646697998047
5599,-61.62122799952962,0,0,289,0.02,1.8355060815811157
5600,209.25339137792966,0,0,300,0.02,0.37855491042137146
5601,162.610437285904,0,0,300,0.02,0.35679343342781067
5602,158.81250274897016,1,0,276,0.02,0.3362770676612854
5603,275.18929713646435,1,0,299,0.02,0.34037479758262634
5604,328.11752725363164,0,0,300,0.02,0.3850209414958954
5605,303.3392175936737,0,0,300,0.02,0.3720983564853668
5606,140.62742757082376,0,0,300,0.02,0.410045862197876
5607,291.2458646178285,1,0,268,0.02,0.34793660044670105
5608,-88.11166335343914,0,0,299,0.02,0.4998185932636261
5609,211.97869126558678,0,0,300,0.02,0.3672299385070801
5610,155.36247345844768,1,0,270,0.02,0.337080717086792
5611,176.79793466329957,0,0,300,0.02,0.4349190890789032
5612,168.77291681051645,1,0,247,0.02,0.348673552274704
5613,91.68919592619338,0,0,300,0.02,0.379603773355484
5614,175.92408614079022,1,0,240,0.02,0.34167754650115967
5615,-344.56447799682707,0,0,300,0.02,2.996119499206543
5616,174.40312386751566,1,0,249,0.02,0.34612178802490234
5617,193.4425402092973,1,0,228,0.02,0.3437677025794983
5618,12.110195033554165,0,0,300,0.02,0.47685399651527405
5619,-2.765765283103807,0,0,300,0.02,0.36084407567977905
5620,15.691866354146281,0,0,300,0.02,0.34473249316215515
5621,170.79960671663676,1,0,238,0.02,0.3470010757446289
5622,175.95083710114025,1,0,240,0.02,0.3449898064136505
5623,173.26493395090495,1,0,215,0.02,0.3481692671775818
5624,20.10469458341991,0,0,300,0.02,0.3807291090488434
5625,200.47292891899613,1,0,288,0.02,0.3269668519496918
5626,172.61816177130137,1,0,254,0.02,0.34486231207847595
5627,186.92151574373636,1,0,251,0.02,0.34902381896972656
5628,172.66392198324596,1,0,296,0.02,0.34842225909233093
5629,2.377490863003943,0,0,300,0.02,0.6808263659477234
5630,23.162537449994318,0,0,300,0.02,0.3620647192001343
5631,167.15909682035837,1,0,257,0.02,0.33712854981422424
5632,171.17843847513592,1,0,239,0.02,0.34979313611984253
5633,28.625249451794904,0,0,300,0.02,0.35888671875
5634,176.65219166040808,1,0,283,0.02,0.34885483980178833
5635,174.67304007292188,1,0,235,0.02,0.3486427366733551
5636,83.26521248102584,0,0,300,0.02,0.3630996346473694
5637,214.45371454954545,1,0,280,0.02,0.3459741175174713
5638,39.247259787717184,0,0,300,0.02,0.3558841347694397
5639,187.57087728420757,1,0,255,0.02,0.34747976064682007
5640,-37.868151474795084,0,0,300,0.02,0.7022369503974915
5641,189.45802030483745,1,0,250,0.02,0.34569400548934937
5642,185.41982545614636,1,0,243,0.02,0.3444463908672333
5643,184.34528382063306,1,0,240,0.02,0.3455817997455597
5644,181.60784778992198,1,0,243,0.02,0.34073713421821594
5645,193.3500440859834,1,0,259,0.02,0.34439173340797424
5646,176.4242871117631,1,0,254,0.02,0.3458309769630432
5647,14.553657163777627,0,0,300,0.02,0.35678479075431824
5648,187.7879962086717,1,0,237,0.02,0.3499037027359009
5649,185.35262689352427,1,0,245,0.02,0.34874603152275085
5650,-266.6299381637573,0,1,184,0.02,3.772484540939331
5651,192.58747672001385,1,0,248,0.02,0.34832990169525146
5652,196.24578164497876,1,0,255,0.02,0.33875367045402527
5653,185.99294580379984,1,0,258,0.02,0.3469626307487488
5654,171.33343762636576,1,0,273,0.02,0.34604334831237793
5655,186.6195889544526,1,0,261,0.02,0.3470055162906647
5656,189.38020005623363,1,0,255,0.02,0.34764906764030457
5657,196.2275738565113,1,0,297,0.02,0.3433056175708771
5658,201.9010272399571,1,0,259,0.02,0.34494227170944214
5659,181.58344373146554,1,0,285,0.02,0.34433814883232117
5660,171.45108933846018,1,0,297,0.02,0.34242674708366394
5661,192.36519525766766,1,0,255,0.02,0.34810394048690796
5662,183.3360750190403,1,0,258,0.02,0.33868032693862915
5663,175.86910807371527,1,0,278,0.02,0.34962573647499084
5664,188.9930931560185,1,0,250,0.02,0.3494257926940918
5665,185.48131010771192,1,0,254,0.02,0.34907522797584534
5666,176.74104867220316,1,0,248,0.02,0.34664058685302734
5667,14.74499317089583,0,0,300,0.02,0.36395078897476196
5668,197.71365741014876,1,0,254,0.02,0.3359884023666382
5669,168.75461267233285,1,0,247,0.02,0.3457495868206024
5670,-5.786626117225551,0,0,300,0.02,0.6985592842102051
5671,30.468668789067515,0,0,300,0.02,0.373031884431839
5672,187.66887766758464,1,0,257,0.02,0.34797966480255127
5673,194.92235593716168,1,0,252,0.02,0.3421100974082947
5674,185.3766276923802,1,0,261,0.02,0.3435421586036682
5675,16.545794403556947,0,0,300,0.02,0.3479541540145874
5676,195.25636888901258,1,0,259,0.02,0.3436068594455719
5677,179.82061475992595,1,0,257,0.02,0.34924906492233276
5678,167.14797636270913,1,0,273,0.02,0.334908664226532
5679,196.54241687218217,1,0,270,0.02,0.347094863653183
5680,-6.5696641707381005,0,0,300,0.02,0.4793187975883484
5681,5.9340599036255846,0,0,300,0.02,0.37838777899742126
5682,200.23333168427015,1,0,245,0.02,0.3468661606311798
5683,188.87304459015394,1,0,254,0.02,0.33693793416023254
5684,184.96948474646007,1,0,220,0.02,0.3420315682888031
5685,186.50421021858716,1,0,293,0.02,0.33664652705192566
5686,192.19140033642316,1,0,258,0.02,0.337348997592926
5687,-51.26323036273456,0,0,300,0.02,0.6785066723823547
5688,170.39229084253702,1,0,257,0.02,0.34883004426956177
5689,172.32854372740184,1,0,236,0.02,0.34726682305336
5690,186.00935205698406,1,0,251,0.02,0.3395647406578064
5691,191.59080358744058,1,0,299,0.02,0.34920185804367065
5692,169.12873303175368,1,0,265,0.02,0.3472194969654083
5693,187.62551488319895,1,0,247,0.02,0.34632036089897156
5694,184.81430813709758,1,0,256,0.02,0.3491220474243164
5695,-62.90898408015706,0,0,282,0.02,1.814945101737976
5696,8.136603844169708,0,0,300,0.02,0.41275179386138916
5697,101.75898658991251,0,0,300,0.02,0.4096561074256897
5698,46.97269639412433,0,0,300,0.02,0.3720249831676483
5699,66.43680053472912,0,0,300,0.02,0.44270262122154236
5700,197.64579214334879,1,0,281,0.02,0.3179547190666199
5701,-20.98834657748674,0,0,300,0.02,0.619785726070404
5702,32.75652691126258,0,0,300,0.02,0.4952710270881653
5703,205.73307281732954,1,0,272,0.02,0.33863455057144165
5704,180.94644531965645,1,0,268,0.02,0.3252914249897003
5705,209.4263999104539,1,0,279,0.02,0.32780277729034424
5706,197.19418212175762,1,0,288,0.02,0.3233572244644165
5707,191.0095714736024,1,0,276,0.02,0.3270098865032196
5708,45.784366872314564,0,0,300,0.02,0.34831103682518005
5709,1.235408257642045,0,0,300,0.02,0.676347017288208
5710,189.05300232649242,1,0,256,0.02,0.32865217328071594
5711,205.61686596632399,1,0,262,0.02,0.3451862633228302
5712,207.10814892212417,1,0,271,0.02,0.34316185116767883
5713,205.77398826042673,1,0,280,0.02,0.33920201659202576
5714,202.74244111776747,1,0,288,0.02,0.33629247546195984
5715,37.909666569236826,0,0,300,0.02,0.3494861125946045
5716,180.6339969086686,1,0,259,0.02,0.3334035277366638
5717,19.640330251851314,0,0,300,0.02,0.3526165187358856
5718,203.1836839572575,1,0,269,0.02,0.3492780923843384
5719,-39.705775061449756,0,0,300,0.02,1.7891428470611572
5720,186.02921685457622,1,0,229,0.02,0.3345985412597656
5721,193.6414115802433,1,0,269,0.02,0.3473461866378784
5722,201.56512753407026,1,0,254,0.02,0.33641719818115234
5723,199.01711594820415,1,0,260,0.02,0.3451237678527832
5724,41.47172988811996,0,0,300,0.02,0.3522666096687317
5725,189.8735433650056,1,0,263,0.02,0.34601691365242004
5726,205.94300977468882,1,0,300,0.02,0.34365031123161316
5727,194.91540224790964,1,0,250,0.02,0.32805219292640686
5728,169.61850903749854,1,0,241,0.02,0.3472754955291748
5729,201.85910926580817,1,0,285,0.02,0.34962543845176697
5730,206.33851526022352,1,0,274,0.02,0.32227393984794617
5731,200.20978788614667,1,0,254,0.02,0.339455783367157
5732,199.53585041284953,1,0,256,0.02,0.34294015169143677
5733,188.90465153456128,1,0,260,0.02,0.34573987126350403
5734,208.90707834959423,1,0,273,0.02,0.3326331675052643
5735,205.60165595928692,1,0,280,0.02,0.34728509187698364
5736,10.788310282234256,0,0,300,0.02,0.43232518434524536
5737,203.76055359602367,1,0,281,0.02,0.34676435589790344
5738,182.32231127024087,1,0,270,0.02,0.3288249373435974
5739,5.917942945961102,0,0,300,0.02,0.3249170184135437
5740,193.4645030252125,1,0,257,0.02,0.3440733253955841
5741,197.9648777842561,1,0,267,0.02,0.343183308839798
5742,186.196671655182,1,0,268,0.02,0.34523484110832214
5743,197.06697531462106,1,0,270,0.02,0.3226589262485504
5744,201.67419262329605,1,0,266,0.02,0.3491509258747101
5745,203.1165954709092,1,0,285,0.02,0.34275388717651367
5746,207.70937779665388,1,0,246,0.02,0.33705830574035645
5747,201.15922638178264,1,0,250,0.02,0.3320961594581604
5748,195.10473264137767,1,0,255,0.02,0.3490159213542938
5749,179.2193349909821,1,0,298,0.02,0.3345690071582794
5750,201.36840798139963,1,0,275,0.02,0.3248007595539093
5751,-18.96847773313128,0,0,300,0.02,0.6215221881866455
5752,31.63755281368756,0,0,300,0.02,0.35831087827682495
5753,36.36070364395642,0,0,300,0.02,0.36002317070961
5754,195.6552057544377,1,0,262,0.02,0.34139764308929443
5755,194.39253649473582,1,0,236,0.02,0.3387686312198639
5756,197.89124511957561,1,0,287,0.02,0.3440914750099182
5757,44.610367855229576,0,0,300,0.02,0.39760711789131165
5758,191.91581259489453,1,0,281,0.02,0.33544960618019104
5759,210.5933868670503,1,0,276,0.02,0.3210560381412506
5760,188.03225148439793,1,0,293,0.02,0.3438398838043213
5761,179.56570943117535,1,0,288,0.02,0.32297539710998535
5762,203.97626467148328,1,0,267,0.02,0.3361329138278961
5763,192.43645017385876,1,0,261,0.02,0.3477902114391327
5764,204.5187438130418,1,0,278,0.02,0.3297168016433716
5765,202.2706956092503,1,0,268,0.02,0.3475251793861389
5766,197.58169040123485,1,0,262,0.02,0.3447764813899994
5767,-27.464288671012753,0,0,280,0.02,0.6954749226570129
5768,205.4187382292787,1,0,271,0.02,0.3347181975841522
5769,200.37428415537272,1,0,278,0.02,0.3208317160606384
5770,1.6728219056168612,0,0,300,0.02,0.43869727849960327
5771,204.21447669903304,1,0,266,0.02,0.3490799069404602
5772,196.30094614902995,1,0,248,0.02,0.33746254444122314
5773,11.279456737045342,0,0,300,0.02,0.4370385706424713
5774,202.67889477014933,1,0,264,0.02,0.3396790623664856
5775,193.96273912191785,1,0,265,0.02,0.3312179744243622
5776,-12.596727435584897,0,0,300,0.02,0.7010846138000488
5777,-18.819704358573812,0,0,300,0.02,0.6318288445472717
5778,196.47367130199936,1,0,279,0.02,0.34428125619888306
5779,-71.73227036555718,0,0,300,0.02,1.1482666730880737
5780,25.30728166342175,0,0,300,0.02,0.3800823390483856
5781,197.8428027892152,1,0,258,0.02,0.33370205760002136
5782,195.847434143224,1,0,260,0.02,0.34334054589271545
5783,192.70643240213786,1,0,255,0.02,0.34529465436935425
5784,-47.013154955706376,0,0,300,0.02,0.6959878206253052
5785,204.49929116646317,1,0,266,0.02,0.3378762900829315
5786,214.208100861707,1,0,276,0.02,0.33817386627197266
5787,39.041648348965886,0,0,300,0.02,0.3522869944572449
5788,205.8335251609471,1,0,255,0.02,0.3468177914619446
5789,198.40601744413772,1,0,281,0.02,0.3478983938694
5790,201.1499002257969,1,0,289,0.02,0.3427240252494812
5791,196.40978341022992,1,0,257,0.02,0.34525322914123535
5792,198.90977443457044,1,0,260,0.02,0.3444591462612152
5793,202.74070894161724,1,0,279,0.02,0.3425218462944031
5794,-30.02478992541769,0,0,300,0.02,0.7238965630531311
5795,-31.217271754737762,0,0,283,0.02,0.6987206935882568
5796,192.7975644230882,1,0,256,0.02,0.3475116491317749
5797,192.34169629812635,1,0,230,0.02,0.33647868037223816
5798,207.9786834502259,1,0,249,0.02,0.3497318923473358
5799,194.44124989429972,1,0,300,0.02,0.3373866081237793
5800,213.01594277143872,1,0,272,0.02,0.3354170620441437
5801,185.020112041631,1,0,258,0.02,0.33767107129096985
5802,213.89224579731493,1,0,287,0.02,0.3446376323699951
5803,209.0765944234517,1,0,272,0.02,0.34105047583580017
5804,201.02701249996687,1,0,259,0.02,0.34344595670700073
5805,191.09148700476084,1,0,279,0.02,0.3465310037136078
5806,193.35097309351357,1,0,247,0.02,0.34665948152542114
5807,182.76358464479833,1,0,259,0.02,0.32350659370422363
5808,204.4868200866368,1,0,279,0.02,0.34099406003952026
5809,209.52502699613964,1,0,300,0.02,0.33314600586891174
5810,215.8935357801106,1,0,273,0.02,0.3493151366710663
5811,202.77177002350354,1,0,279,0.02,0.3422565758228302
5812,-0.9109601187666734,0,0,300,0.02,0.5046427845954895
5813,190.29235053778086,1,0,272,0.02,0.3413151204586029
5814,172.01980827093516,1,0,300,0.02,0.3394506871700287
5815,183.18110018015298,1,0,261,0.02,0.34912770986557007
5816,-68.53969584544633,0,0,300,0.02,0.7301230430603027
5817,11.284280426506161,0,0,300,0.02,0.4058326482772827
5818,-0.8809214520414614,0,0,300,0.02,0.48463311791419983
5819,206.0080205798189,1,0,284,0.02,0.33239760994911194
5820,182.88195322275553,1,0,276,0.02,0.3439144492149353
5821,170.56549827814493,1,0,247,0.02,0.34552818536758423
5822,4.288675512471468,0,0,300,0.02,0.4480302035808563
5823,209.15327037254838,1,0,287,0.02,0.33688148856163025
5824,201.89533850908668,1,0,252,0.02,0.3380681276321411
5825,19.90458542108929,0,0,300,0.02,0.35825639963150024
5826,171.8564888230946,1,0,242,0.02,0.3460768759250641
5827,184.52754903555308,1,0,255,0.02,0.3450154960155487
5828,187.0564603320744,1,0,276,0.02,0.34608399868011475
5829,180.75096915007026,1,0,289,0.02,0.3441604673862457
5830,180.61191242456826,1,0,282,0.02,0.33642464876174927
5831,185.4316586184541,1,0,258,0.02,0.33398810029029846
5832,20.65365430275466,0,0,300,0.02,0.35678550601005554
5833,186.46751834154523,1,0,274,0.02,0.3300231695175171
5834,191.72726813078322,1,0,294,0.02,0.33258572220802307
5835,-48.76841477473714,0,0,264,0.02,1.1173027753829956
5836,178.29943515539557,1,0,278,0.02,0.3420439660549164
5837,177.50566022634897,1,0,256,0.02,0.3304876983165741
5838,12.290231947102814,0,0,300,0.02,0.3326410949230194
5839,159.22985073805245,1,0,266,0.02,0.3469400703907013
5840,196.5659824029591,1,0,250,0.02,0.3412034809589386
5841,18.645966031555268,0,0,300,0.02,0.3704112470149994
5842,43.14054172754679,0,0,300,0.02,0.39176732301712036
5843,183.46845606089033,1,0,261,0.02,0.3347887396812439
5844,-8.969986325106449,0,0,289,0.02,0.7076956629753113
5845,189.4377080750505,1,0,254,0.02,0.31747573614120483
5846,194.66038542509472,1,0,274,0.02,0.3243063986301422
5847,7.614286835197551,0,0,300,0.02,0.39833104610443115
5848,188.25151586929823,1,0,261,0.02,0.34232011437416077
5849,185.11191791773234,1,0,256,0.02,0.33892327547073364
5850,178.01208389044197,1,0,259,0.02,0.3163817822933197
5851,181.13964004755414,1,0,261,0.02,0.3344927430152893
5852,34.130261590484686,0,0,300,0.02,0.36183735728263855
5853,199.6578323213246,1,0,258,0.02,0.34824100136756897
5854,191.0515158692982,1,0,253,0.02,0.34232011437416077
5855,-65.54648995479083,0,0,292,0.02,1.8218215703964233
5856,194.98015485048685,1,0,260,0.02,0.3493640422821045
5857,205.93468756914535,1,0,268,0.02,0.3232308626174927
5858,197.07110151688124,1,0,251,0.02,0.3474237024784088
5859,194.66328328529858,1,0,258,0.02,0.3468782603740692
5860,181.86836144686134,1,0,250,0.02,0.34481239318847656
5861,31.649470237889513,0,0,300,0.02,0.3428315222263336
5862,187.53905429125226,1,0,247,0.02,0.3446391820907593
5863,192.42512968937422,1,0,259,0.02,0.3389166593551636
5864,199.98950736761486,1,0,264,0.02,0.3345259130001068
5865,164.9718911242524,1,0,250,0.02,0.3464299738407135
5866,206.48941430330672,1,0,274,0.02,0.34454917907714844
5867,190.5515158692982,1,0,255,0.02,0.34232011437416077
5868,195.47151586929823,1,0,256,0.02,0.34232011437416077
5869,23.757509721913582,0,0,300,0.02,0.34332165122032166
5870,186.08239192247783,1,0,256,0.02,0.3463047742843628
5871,189.00757576385996,1,0,264,0.02,0.34330514073371887
5872,189.06117599407696,1,0,291,0.02,0.3399050831794739
5873,27.968694403175533,0,0,300,0.02,0.43972915410995483
5874,2.0693351244965648,0,0,300,0.02,0.43206897377967834
5875,194.96231053591168,1,0,263,0.02,0.3238251209259033
5876,191.97566041231548,1,0,250,0.02,0.34798765182495117
5877,182.48158528566753,1,0,247,0.02,0.3290064334869385
5878,218.20055991093184,1,0,294,0.02,0.3375591039657593
5879,35.601445316472244,0,0,300,0.02,0.4723377525806427
5880,177.6407653117219,1,0,250,0.02,0.3467114269733429
5881,191.12774563074507,1,0,253,0.02,0.3499663472175598
5882,47.822819955352955,0,0,300,0.02,0.33369776606559753
5883,39.13025483370219,0,0,300,0.02,0.3718390464782715
5884,185.61390092611705,1,0,265,0.02,0.3284275233745575
5885,200.09411135912336,1,0,285,0.02,0.33587491512298584
5886,24.184455678466836,0,0,300,0.02,0.4407888352870941
5887,193.21942798376475,1,0,253,0.02,0.3370457589626312
5888,191.9516663956681,1,0,260,0.02,0.3414861559867859
5889,205.6674994540254,1,0,261,0.02,0.3475278913974762
5890,184.89342012802624,1,0,231,0.02,0.34434404969215393
5891,186.11438892603314,1,0,222,0.02,0.34830552339553833
5892,189.1829665557529,1,0,277,0.02,0.34945744276046753
5893,-77.08888758738966,0,0,300,0.02,0.8599209785461426
5894,30.306911505856768,0,0,300,0.02,0.3684712052345276
5895,185.42887310266886,1,0,243,0.02,0.3471844792366028
5896,183.52401256958507,1,0,256,0.02,0.33669593930244446
5897,186.8306372523347,1,0,222,0.02,0.33924344182014465
5898,206.8936817479173,1,0,263,0.02,0.3409823179244995
5899,185.11630758047497,1,0,261,0.02,0.34282585978507996
5900,188.54695419073497,1,0,268,0.02,0.3476642072200775
5901,205.31410278559127,1,0,293,0.02,0.33837705850601196
5902,206.3082029048588,1,0,289,0.02,0.3381483554840088
5903,201.3549530212071,1,0,254,0.02,0.33896082639694214
5904,197.3444406978276,1,0,250,0.02,0.3490889072418213
5905,15.175744397644142,0,0,300,0.02,0.3954666554927826
5906,195.34433792988324,1,0,278,0.02,0.3466145992279053
5907,193.69584579865003,1,0,248,0.02,0.3437376320362091
5908,185.79082994858283,1,0,292,0.02,0.3449915945529938
5909,184.4914738885548,1,0,249,0.02,0.3373306095600128
5910,6.333125240806646,0,0,300,0.02,0.39362144470214844
5911,166.28335025549325,1,0,225,0.02,0.3485651910305023
5912,186.60153708219923,1,0,250,0.02,0.34901848435401917
5913,186.32131056547559,1,0,236,0.02,0.34407511353492737
5914,184.15384679714703,1,0,242,0.02,0.3492373824119568
5915,26.739644493260563,0,0,300,0.02,0.3977879583835602
5916,196.26904379129803,1,0,252,0.02,0.3421418070793152
5917,192.6346596852925,1,0,243,0.02,0.3490341603755951
5918,-76.84464458545176,0,0,300,0.02,0.698860228061676
5919,207.72879001060986,1,0,255,0.02,0.3380015790462494
5920,-32.92889799832905,0,0,300,0.02,0.514127254486084
5921,191.5819048047105,1,0,250,0.02,0.3389265537261963
5922,203.03393055677802,1,0,279,0.02,0.3459201157093048
5923,189.32139224926493,1,0,255,0.02,0.3423510193824768
5924,164.34984144926463,1,0,235,0.02,0.34944239258766174
5925,203.3433984065095,1,0,263,0.02,0.3460531532764435
5926,180.0400155663529,1,0,243,0.02,0.3368988633155823
5927,187.0865990662614,1,0,243,0.02,0.34775298833847046
5928,195.671172260442,1,0,253,0.02,0.32990601658821106
5929,-61.54316325267294,0,0,278,0.02,1.8959898948669434
5930,211.53531919399765,1,0,262,0.02,0.3288692831993103
5931,185.1988037133256,1,0,242,0.02,0.3447018265724182
5932,183.23114702940376,1,0,247,0.02,0.3491159975528717
5933,184.77532186428567,1,0,250,0.02,0.3413686156272888
5934,197.0295922637025,1,0,253,0.02,0.3395046889781952
5935,182.9664806628266,1,0,275,0.02,0.3402825891971588
5936,201.25205430269637,1,0,274,0.02,0.34138917922973633
5937,198.26502645731358,1,0,298,0.02,0.34814614057540894
5938,184.25821972608958,1,0,242,0.02,0.34984782338142395
5939,191.76828824282086,1,0,225,0.02,0.3423306941986084
5940,178.35504539886972,1,0,256,0.02,0.33643773198127747
5941,196.5302195684101,1,0,291,0.02,0.33764418959617615
5942,195.1970551514665,1,0,256,0.02,0.3451389670372009
5943,165.48296421766673,1,0,253,0.02,0.33866170048713684
5944,205.7724696183244,1,0,282,0.02,0.3387853503227234
5945,177.3498794929173,1,0,234,0.02,0.34522920846939087
5946,186.33676643291972,1,0,235,0.02,0.3385074734687805
5947,198.4071879220048,1,0,244,0.02,0.3376057744026184
5948,186.45844490290074,1,0,256,0.02,0.3472915291786194
5949,187.2122671008149,1,0,259,0.02,0.3438359797000885
5950,210.4677813458482,1,0,271,0.02,0.33745741844177246
5951,197.79621447801983,1,0,254,0.02,0.34284913539886475
5952,186.65901769400028,1,0,300,0.02,0.3446483314037323
5953,-12.2925289130172,0,0,300,0.02,0.4425349831581116
5954,184.92887310266886,1,0,245,0.02,0.3471844792366028
5955,186.9211538767854,1,0,272,0.02,0.33161428570747375
5956,200.48886246443186,1,0,258,0.02,0.33968713879585266
5957,186.99830758333593,1,0,292,0.02,0.3498258590698242
5958,182.28264198542036,1,0,246,0.02,0.3362422585487366
5959,188.53836373091139,1,0,243,0.02,0.3498118221759796
5960,191.4305185357716,1,0,244,0.02,0.3350694477558136
5961,182.02560730696115,1,0,244,0.02,0.33300092816352844
5962,167.76810002088934,1,0,271,0.02,0.3448777496814728
5963,185.92617786169444,1,0,226,0.02,0.33785828948020935
5964,-53.57830576976276,0,0,300,0.02,0.6922755241394043
5965,199.68196108103191,1,0,295,0.02,0.3414124846458435
5966,211.10903153181468,1,0,245,0.02,0.34714487195014954
5967,191.64809452772533,1,0,245,0.02,0.3423791229724884
5968,164.05798903704078,1,0,255,0.02,0.3449054956436157
5969,191.44648448706067,1,0,249,0.02,0.3427816331386566
5970,188.82620147467054,1,0,251,0.02,0.3403523862361908
5971,189.34597758055125,1,0,249,0.02,0.33540835976600647
5972,179.5997035765687,1,0,253,0.02,0.33197686076164246
5973,182.98855490446485,1,0,239,0.02,0.3397640287876129
5974,-62.581112814745666,0,0,281,0.02,1.8429772853851318
5975,191.65164021412394,1,0,239,0.02,0.3447890281677246
5976,187.44904036283884,1,0,243,0.02,0.34964266419410706
5977,203.52203232050334,1,0,252,0.02,0.3288946747779846
5978,191.99785041252633,1,0,237,0.02,0.3407364785671234
5979,-7.541200263496306,0,0,300,0.02,0.6147028207778931
5980,171.02196775675213,1,0,245,0.02,0.3414108157157898
5981,191.9364138023045,1,0,258,0.02,0.3360956311225891
5982,199.26254361868294,1,0,244,0.02,0.331266850233078
5983,183.54188377777598,1,0,246,0.02,0.34972813725471497
5984,163.69454741716774,1,0,256,0.02,0.33326590061187744
5985,192.93290788570906,1,0,256,0.02,0.34447211027145386
5986,191.88532046238447,1,0,221,0.02,0.3488689661026001
5987,182.56456307173167,1,0,252,0.02,0.3432619869709015
5988,203.01338423649335,1,0,253,0.02,0.3418530225753784
5989,196.8375562135365,1,0,250,0.02,0.34331002831459045
5990,181.72181208849346,1,0,248,0.02,0.34644973278045654
5991,184.36323592424785,1,0,239,0.02,0.3460937738418579
5992,208.53999890566266,1,0,238,0.02,0.3444030284881592
5993,197.80816270590222,1,0,226,0.02,0.33986207842826843
5994,196.84136137405898,1,0,251,0.02,0.3423587381839752
5995,188.55018415689858,1,0,274,0.02,0.3443567156791687
5996,191.52811042706034,1,0,251,0.02,0.34567147493362427
5997,190.77725724617505,1,0,236,0.02,0.345884770154953
5998,194.65555557012948,1,0,256,0.02,0.3330138623714447
5999,210.55867172956857,1,0,241,0.02,0.339734822511673
6000,15.113080052533393,0,0,300,0.02,0.35192906856536865
6001,190.65600385109445,1,0,289,0.02,0.3386981189250946
6002,197.5749209380189,1,0,253,0.02,0.34317252039909363
6003,164.1514435029069,1,0,291,0.02,0.3490418791770935
6004,189.31553229729198,1,0,260,0.02,0.34881600737571716
6005,196.73521206617747,1,0,264,0.02,0.3480997383594513
6006,194.35712087074776,1,0,262,0.02,0.3459188640117645
6007,202.97628172159588,1,0,252,0.02,0.3453323245048523
6008,185.7218588995973,1,0,250,0.02,0.33643803000450134
6009,11.55922630707286,0,0,300,0.02,0.3978925049304962
6010,186.49499926805885,1,0,257,0.02,0.3456529378890991
6011,190.23081264416237,1,0,270,0.02,0.3399959206581116
6012,179.40472997427372,1,0,261,0.02,0.3457202613353729
6013,-59.63773770411947,0,0,273,0.02,1.8571335077285767
6014,200.34094414154555,1,0,255,0.02,0.34246304631233215
6015,173.80262055317428,1,0,235,0.02,0.33454394340515137
6016,15.309874271550417,0,0,300,0.02,0.38273051381111145
6017,190.7546588031437,1,0,258,0.02,0.33653438091278076
6018,198.7508257126847,1,0,247,0.02,0.3366963267326355
6019,184.28454744259378,1,0,244,0.02,0.33156222105026245
6020,203.9878741192857,1,0,252,0.02,0.34493422508239746
6021,-174.11257098277702,0,0,294,0.02,2.343341827392578
6022,193.65038859764599,1,0,227,0.02,0.3351019322872162
6023,193.34584638515972,1,0,231,0.02,0.34123748540878296
6024,182.97573288202676,1,0,251,0.02,0.34546953439712524
6025,173.01864075422677,1,0,254,0.02,0.3447425663471222
6026,195.43308492104075,1,0,258,0.02,0.34692785143852234
6027,182.5638710713426,1,0,237,0.02,0.34593498706817627
6028,203.61246301571396,1,0,244,0.02,0.34958332777023315
6029,23.927773231663974,0,0,300,0.02,0.3582557737827301
6030,191.64809452772533,1,0,245,0.02,0.3423791229724884
6031,178.0363602900544,1,0,266,0.02,0.347812682390213
6032,189.61224799871837,1,0,251,0.02,0.3363407552242279
6033,170.6683861231843,1,0,279,0.02,0.3448062241077423
6034,173.00118384600077,1,0,272,0.02,0.3441067934036255
6035,192.4333256665852,1,0,233,0.02,0.33186766505241394
6036,198.1177654814759,1,0,248,0.02,0.3349613845348358
6037,184.3765114378968,1,0,236,0.02,0.3452748954296112
6038,177.1179947400132,1,0,266,0.02,0.3399040699005127
6039,33.76601494551099,0,0,300,0.02,0.38039901852607727
6040,189.7363932267811,1,0,239,0.02,0.3486007750034332
6041,206.97341990868114,1,0,240,0.02,0.3493441045284271
6042,185.7876325631181,1,0,250,0.02,0.3349946141242981
6043,192.55052649736797,1,0,239,0.02,0.3367711305618286
6044,182.32954711199199,1,0,255,0.02,0.34701597690582275
6045,185.18321521679425,1,0,250,0.02,0.3468952775001526
6046,210.64817967176828,1,0,262,0.02,0.3498578369617462
6047,174.98912535906229,1,0,241,0.02,0.34962141513824463
6048,194.14700329542552,1,0,259,0.02,0.3451519310474396
6049,190.2139802924778,1,0,238,0.02,0.34420400857925415
6050,186.39319619894417,1,0,273,0.02,0.3386037051677704
6051,197.2661311507264,1,0,257,0.02,0.34286996722221375
6052,203.96753771702316,1,0,259,0.02,0.33831465244293213
6053,190.63288652182013,1,0,239,0.02,0.34618112444877625
6054,192.3936711541798,1,0,255,0.02,0.3367812931537628
6055,196.80991532087717,1,0,250,0.02,0.33942392468452454
6056,197.75103914181256,1,0,235,0.02,0.33993929624557495
6057,199.12428007841498,1,0,247,0.02,0.3458327353000641
6058,11.514632723335353,0,0,300,0.02,0.5082445740699768
6059,172.9617707324067,1,0,231,0.02,0.3489600718021393
6060,190.01499851465616,1,0,240,0.02,0.3356531262397766
6061,8.801224060058518,0,0,300,0.02,0.7546939849853516
6062,198.8282622901585,1,0,249,0.02,0.34313350915908813
6063,193.51284122864269,1,0,267,0.02,0.33948877453804016
6064,193.3337249652531,1,0,231,0.02,0.349267840385437
6065,197.71121714035536,1,0,246,0.02,0.34489479660987854
6066,187.55649212280773,1,0,253,0.02,0.3360760509967804
6067,187.7559466147462,1,0,250,0.02,0.3429161012172699
6068,200.31160009622965,1,0,248,0.02,0.33650273084640503
6069,201.19051398992931,1,0,273,0.02,0.33927425742149353
6070,191.50332010189555,1,0,241,0.02,0.341869056224823
6071,196.53151240269204,1,0,232,0.02,0.3398209810256958
6072,169.92659195661935,1,0,285,0.02,0.32775476574897766
6073,199.92454923391733,1,0,244,0.02,0.34076544642448425
6074,189.79416132688908,1,0,277,0.02,0.3408624231815338
6075,167.12992938757336,1,0,293,0.02,0.3394204080104828
6076,185.47825318575298,1,0,239,0.02,0.33983945846557617
6077,191.2226464311268,1,0,256,0.02,0.33703747391700745
6078,184.22946331421394,1,0,236,0.02,0.3403332531452179
6079,204.5707936739961,1,0,253,0.02,0.3442043364048004
6080,209.04458250284588,1,0,257,0.02,0.3432571291923523
6081,186.872243026891,1,0,238,0.02,0.3371383249759674
6082,184.57435212532545,1,0,239,0.02,0.34911105036735535
6083,193.0617323374787,1,0,282,0.02,0.3464696705341339
6084,164.93474308729563,1,0,245,0.02,0.3457169830799103
6085,211.52381325483717,1,0,249,0.02,0.3459494411945343
6086,181.5234473983433,1,0,253,0.02,0.3368372321128845
6087,193.1338262454655,1,0,248,0.02,0.3367425203323364
6088,-10.025579968294926,0,0,296,0.02,0.4315940737724304
6089,204.3338051358845,1,0,268,0.02,0.33424779772758484
6090,200.26207955599224,1,0,237,0.02,0.3363828659057617
6091,200.24155199924968,1,0,251,0.02,0.3448110818862915
6092,197.88101393461616,1,0,248,0.02,0.3341492712497711
6093,203.73398254156507,1,0,258,0.02,0.348407119512558
6094,192.0249765086213,1,0,245,0.02,0.3481586277484894
6095,195.29853262821698,1,0,277,0.02,0.3355659246444702
6096,174.65936532736217,1,0,247,0.02,0.3495614230632782
6097,194.50866469622048,1,0,279,0.02,0.33973658084869385
6098,198.1730597138444,1,0,247,0.02,0.3411378264427185
6099,190.06887395302314,1,0,235,0.02,0.34298059344291687
6100,198.53637481451426,1,0,247,0.02,0.3428090512752533
6101,195.4392960381547,1,0,242,0.02,0.3420787453651428
6102,185.6769388842622,1,0,246,0.02,0.3351680338382721
6103,189.75592996994516,1,0,232,0.02,0.3462165892124176
6104,201.0989729714433,1,0,261,0.02,0.33965951204299927
6105,181.182920744423,1,0,249,0.02,0.3486725687980652
6106,192.37422683636208,1,0,263,0.02,0.3491423726081848
6107,185.13048004389202,1,0,247,0.02,0.34678274393081665
6108,179.5996833014527,1,0,251,0.02,0.32948192954063416
6109,194.78490367809792,1,0,265,0.02,0.34147316217422485
6110,183.23152158499155,1,0,258,0.02,0.34902235865592957
6111,200.02454923391736,1,0,242,0.02,0.34076544642448425
6112,184.58622223616038,1,0,220,0.02,0.34534719586372375
6113,198.7600352358857,1,0,252,0.02,0.3368939459323883
6114,11.756844386258395,0,0,300,0.02,0.33598798513412476
6115,44.16123074770364,0,0,300,0.02,0.3890950679779053
6116,184.86551115274818,1,0,262,0.02,0.34552496671676636
6117,192.55372996092234,1,0,249,0.02,0.32347026467323303
6118,195.81310147205852,1,0,249,0.02,0.34192371368408203
6119,198.64988659779095,1,0,226,0.02,0.33272743225097656
6120,172.06127993822489,1,0,237,0.02,0.3465827703475952
6121,197.82543638626598,1,0,254,0.02,0.3313399851322174
6122,196.7618367743531,1,0,255,0.02,0.3489435613155365
6123,191.64809452772533,1,0,245,0.02,0.3423791229724884
6124,191.77273361126444,1,0,254,0.02,0.3470156788825989
6125,11.666606214050418,0,0,300,0.02,0.3777512013912201
6126,190.18891697803994,1,0,257,0.02,0.3404698371887207
6127,195.62136836926007,1,0,234,0.02,0.3323569893836975
6128,188.9445520043412,1,0,239,0.02,0.34826475381851196
6129,202.72695563713575,1,0,244,0.02,0.34346017241477966
6130,189.6956144229557,1,0,237,0.02,0.34629547595977783
6131,198.8257291833546,1,0,252,0.02,0.33626678586006165
6132,206.42514828920758,1,0,261,0.02,0.3481156826019287
6133,184.62470057407876,1,0,238,0.02,0.3490239381790161
6134,189.2110696244279,1,0,254,0.02,0.3391353487968445
6135,190.56809452772532,1,0,246,0.02,0.3423791229724884
6136,185.73069787422676,1,0,265,0.02,0.34752461314201355
6137,185.2474726478245,1,0,265,0.02,0.34333091974258423
6138,185.36659179449475,1,0,246,0.02,0.3477548062801361
6139,210.85034507036605,1,0,265,0.02,0.3393164873123169
6140,199.59818053165935,1,0,248,0.02,0.3481539487838745
6141,192.3243310062077,1,0,233,0.02,0.34411633014678955
6142,190.47126692533885,1,0,248,0.02,0.34158602356910706
6143,150.61244354010017,1,0,282,0.02,0.3462918698787689
6144,200.57789364735152,1,0,253,0.02,0.33072566986083984
6145,184.76426030556223,1,0,255,0.02,0.34163400530815125
6146,205.09030051151777,1,0,245,0.02,0.3376239538192749
6147,187.24894579172528,1,0,249,0.02,0.33966630697250366
6148,199.1911453191426,1,0,251,0.02,0.3299127519130707
6149,199.09327201286817,1,0,253,0.02,0.3293810784816742
6150,194.25534856716655,1,0,251,0.02,0.341361939907074
6151,173.1271225206044,1,0,234,0.02,0.3409184515476227
6152,166.68199794531256,1,0,262,0.02,0.34890326857566833
6153,197.73987040758522,1,0,247,0.02,0.3469351530075073
6154,207.8782639495518,1,0,257,0.02,0.3406330943107605
6155,180.88248860121166,1,0,247,0.02,0.34628060460090637
6156,196.93679785967268,1,0,261,0.02,0.33520328998565674
6157,16.989761044983,0,0,300,0.02,0.3969624936580658
6158,181.32833556890876,1,0,264,0.02,0.3423188626766205
6159,167.09355790853888,1,0,262,0.02,0.34601327776908875
6160,189.8723866836216,1,0,253,0.02,0.33960241079330444
6161,195.4150324177781,1,0,266,0.02,0.34814465045928955
6162,181.92314165512585,1,0,250,0.02,0.3444136679172516
6163,191.64809452772533,1,0,245,0.02,0.3423791229724884
6164,185.60890353600047,1,0,254,0.02,0.34797319769859314
6165,179.76628125429545,1,0,263,0.02,0.34783244132995605
6166,192.82697432438397,1,0,254,0.02,0.33595550060272217
6167,191.14725576162732,1,0,240,0.02,0.340088814496994
6168,182.15337384939585,1,0,254,0.02,0.34605929255485535
6169,204.12979433298503,1,0,250,0.02,0.34195417165756226
6170,198.45533867279553,1,0,251,0.02,0.34136441349983215
6171,181.51389456510933,1,0,277,0.02,0.3484291136264801
6172,184.78339695692455,1,0,244,0.02,0.3410535156726837
6173,204.36538229385877,1,0,245,0.02,0.33885350823402405
6174,195.14532539606483,1,0,283,0.02,0.33807140588760376
6175,-188.88495799144374,0,0,300,0.02,1.5414385795593262
6176,192.11943221966288,1,0,237,0.02,0.3453410267829895
6177,182.79184128523264,1,0,240,0.02,0.34394243359565735
6178,186.32688536882796,1,0,243,0.02,0.3376814126968384
6179,184.6925686001817,1,0,247,0.02,0.34876060485839844
6180,187.45649212280773,1,0,255,0.02,0.3360760509967804
6181,200.80804233313,1,0,238,0.02,0.34739217162132263
6182,189.4880945277253,1,0,247,0.02,0.3423791229724884
6183,199.3112404513398,1,0,253,0.02,0.3390926420688629
6184,186.57674664417766,1,0,252,0.02,0.3385124206542969
6185,194.31568977276345,1,0,261,0.02,0.348776638507843
6186,173.74940726042183,1,0,271,0.02,0.3420509397983551
6187,184.56796687046548,1,0,259,0.02,0.3382073640823364
6188,190.4645420908967,1,0,248,0.02,0.3432672321796417
6189,190.56809452772532,1,0,246,0.02,0.3423791229724884
6190,201.07346563101206,1,0,258,0.02,0.3435363471508026
6191,197.7664657807389,1,0,234,0.02,0.3452863097190857
6192,203.57131675482188,1,0,262,0.02,0.341573566198349
6193,38.633523485664504,0,0,300,0.02,0.4160218834877014
6194,193.81373159328962,1,0,223,0.02,0.33676618337631226
6195,184.5301369659092,1,0,281,0.02,0.34016484022140503
6196,194.7416787997868,1,0,265,0.02,0.33477938175201416
6197,187.23908384561932,1,0,249,0.02,0.3421317934989929
6198,199.7612327218095,1,0,241,0.02,0.34409457445144653
6199,195.62255846420786,1,0,261,0.02,0.3395594656467438
6200,180.9003154508259,1,0,264,0.02,0.3476202189922333
6201,199.81833064318096,1,0,249,0.02,0.33232009410858154
6202,175.09110850572978,1,0,267,0.02,0.3441256284713745
6203,196.663116363683,1,0,267,0.02,0.33941999077796936
6204,190.46809452772533,1,0,248,0.02,0.3423791229724884
6205,185.59917341629526,1,0,279,0.02,0.3454057276248932
6206,184.1097134089509,1,0,248,0.02,0.3469744026660919
6207,184.87511131525432,1,0,247,0.02,0.3431249260902405
6208,192.56404548406994,1,0,260,0.02,0.3483913838863373
6209,189.48342716137432,1,0,255,0.02,0.34434229135513306
6210,183.54966450453196,1,0,257,0.02,0.33948662877082825
6211,189.21829727411662,1,0,247,0.02,0.3348284363746643
6212,184.72425134579206,1,0,237,0.02,0.3366362452507019
6213,183.1327064029362,1,0,254,0.02,0.33952248096466064
6214,204.99268411079908,1,0,249,0.02,0.33952805399894714
6215,191.64809452772533,1,0,245,0.02,0.3423791229724884
6216,184.54229285955822,1,0,249,0.02,0.34632954001426697
6217,187.6453105107929,1,0,270,0.02,0.333871454000473
6218,194.65708137751017,1,0,241,0.02,0.34513241052627563
6219,190.66398341099284,1,0,255,0.02,0.3492032289505005
6220,190.74809452772533,1,0,247,0.02,0.3423791229724884
6221,199.64259095430765,1,0,241,0.02,0.3337550163269043
6222,193.1618297473576,1,0,226,0.02,0.34224164485931396
6223,188.58211617231757,1,0,268,0.02,0.3413737118244171
6224,199.4799669480363,1,0,283,0.02,0.3419110178947449
6225,193.02423774958046,1,0,252,0.02,0.3433433175086975
6226,191.64809452772533,1,0,245,0.02,0.3423791229724884
6227,190.36809452772533,1,0,250,0.02,0.3423791229724884
6228,202.94979433298502,1,0,253,0.02,0.34195417165756226
6229,201.23623365164195,1,0,242,0.02,0.3378443419933319
6230,181.73223097086344,1,0,246,0.02,0.34134501218795776
6231,190.7356516528169,1,0,250,0.02,0.3329898416996002
6232,202.18325905085,1,0,257,0.02,0.3460879921913147
6233,184.65424053589365,1,0,233,0.02,0.346638947725296
6234,188.30366676250955,1,0,247,0.02,0.3417823910713196
6235,183.88109218359384,1,0,253,0.02,0.34662970900535583
6236,191.29174546638984,1,0,256,0.02,0.34226271510124207
6237,187.1702953887025,1,0,233,0.02,0.3468289077281952
6238,197.19829744100963,1,0,253,0.02,0.34732839465141296
6239,162.26019108057412,1,0,267,0.02,0.3468549847602844
6240,196.59748521725203,1,0,256,0.02,0.32582777738571167
6241,197.7274648833314,1,0,254,0.02,0.34753653407096863
6242,182.6590223876621,1,0,293,0.02,0.3479434847831726
6243,20.880634820465232,0,0,300,0.02,0.38924404978752136
6244,181.69126718283093,1,0,243,0.02,0.3465859591960907
6245,171.96154778242501,1,0,299,0.02,0.34151580929756165
6246,174.6411322093049,1,0,263,0.02,0.33911970257759094
6247,191.33236425638592,1,0,250,0.02,0.34381169080734253
6248,184.8660535073319,1,0,237,0.02,0.3328893780708313
6249,184.53263789574166,1,0,261,0.02,0.3495396077632904
6250,184.69867247343456,1,0,247,0.02,0.3472346365451813
6251,183.54190980196393,1,0,221,0.02,0.3364253044128418
6252,198.70812313795483,1,0,252,0.02,0.34237197041511536
6253,189.5852382795002,1,0,274,0.02,0.3363895118236542
6254,180.65302454710402,1,0,244,0.02,0.3411466181278229
6255,189.83573943535345,1,0,265,0.02,0.3362642228603363
6256,185.00690804720318,1,0,249,0.02,0.34517574310302734
6257,185.64320398569498,1,0,247,0.02,0.348601758480072
6258,185.51905584732555,1,0,256,0.02,0.33793511986732483
6259,203.9869991231004,1,0,252,0.02,0.34515297412872314
6260,190.36808714628611,1,0,237,0.02,0.34488096833229065
6261,7.1711382794419105,0,0,300,0.02,0.836618185043335
6262,32.4006395793001,0,0,300,0.02,0.38674286007881165
6263,193.16522743463906,1,0,247,0.02,0.3455958962440491
6264,185.12713789225018,1,0,247,0.02,0.3476182818412781
6265,197.38300235510266,1,0,258,0.02,0.33615216612815857
6266,173.99515054146312,1,0,241,0.02,0.3364114463329315
6267,198.18706035852824,1,0,246,0.02,0.33513766527175903
6268,185.01595477501414,1,0,233,0.02,0.34871038794517517
6269,198.30165429035688,1,0,254,0.02,0.34728550910949707
6270,198.45065940618906,1,0,252,0.02,0.3342379033565521
6271,197.07655988136793,1,0,260,0.02,0.34855911135673523
6272,202.705024549965,1,0,253,0.02,0.34814661741256714
6273,173.75480307499433,1,0,241,0.02,0.3439983129501343
6274,190.16506561994942,1,0,229,0.02,0.33313634991645813
6275,190.56809452772532,1,0,246,0.02,0.3423791229724884
6276,201.21300793886576,1,0,243,0.02,0.33115077018737793
6277,183.70478266477977,1,0,254,0.02,0.34570708870887756
6278,185.2506368009236,1,0,235,0.02,0.3375398814678192
6279,197.2814198613206,1,0,240,0.02,0.33904778957366943
6280,-3.0826422270152767,0,0,300,0.02,0.3858596384525299
6281,198.69114531914258,1,0,253,0.02,0.3299127519130707
6282,199.52749598741923,1,0,243,0.02,0.34502875804901123
6283,183.15959300438425,1,0,253,0.02,0.3378008306026459
6284,186.57797673941047,1,0,272,0.02,0.33990857005119324
6285,190.62173567533887,1,0,290,0.02,0.34646883606910706
6286,197.37307265520485,1,0,265,0.02,0.2961345911026001
6287,190.56809452772532,1,0,246,0.02,0.3423791229724884
6288,177.81606722593696,1,0,267,0.02,0.3353859484195709
6289,182.08795757532513,1,0,249,0.02,0.3474133610725403
6290,191.4257710909883,1,0,245,0.02,0.33045998215675354
6291,190.91809452772532,1,0,251,0.02,0.3423791229724884
6292,198.88338712612654,1,0,228,0.02,0.34935230016708374
6293,196.32092396974957,1,0,252,0.02,0.34417176246643066
6294,204.1314116899159,1,0,250,0.02,0.3448461592197418
6295,183.42854349852,1,0,254,0.02,0.34976688027381897
6296,188.53288388014232,1,0,228,0.02,0.34118178486824036
6297,198.9689038364079,1,0,265,0.02,0.3329731225967407
6298,172.36316235939523,1,0,252,0.02,0.3344084918498993
6299,179.53519502401744,1,0,253,0.02,0.31810399889945984
6300,185.0493464446107,1,0,259,0.02,0.3370661437511444
6301,205.37731122255718,1,0,242,0.02,0.34757494926452637
6302,203.67640632072948,1,0,244,0.02,0.34359750151634216
6303,192.453613666692,1,0,255,0.02,0.32929566502571106
6304,207.68716267824567,1,0,256,0.02,0.3451120853424072
6305,189.88209172487652,1,0,247,0.02,0.3388798236846924
6306,196.68819090286755,1,0,247,0.02,0.3481513559818268
6307,185.89191591024792,1,0,243,0.02,0.34392377734184265
6308,171.3237531733552,1,0,276,0.02,0.3459644615650177
6309,184.89041386366284,1,0,246,0.02,0.3417992889881134
6310,198.41468897581493,1,0,255,0.02,0.3482305109500885
6311,13.997436511520487,0,0,300,0.02,0.4100436270236969
6312,184.19947808662914,1,0,240,0.02,0.3378295600414276
6313,192.3231225339558,1,0,238,0.02,0.3319184482097626
6314,-2.3996701963756464,0,0,300,0.02,0.3601166307926178
6315,193.66375200668833,1,0,240,0.02,0.3442610800266266
6316,186.08893661260993,1,0,264,0.02,0.3396686017513275
6317,197.60919124365245,1,0,260,0.02,0.3396049439907074
6318,182.5903883624116,1,0,228,0.02,0.3443056643009186
6319,178.2774511170426,1,0,268,0.02,0.33253997564315796
6320,187.20180980125923,1,0,277,0.02,0.3322466313838959
6321,184.22309788942727,1,0,251,0.02,0.34862828254699707
6322,192.70875567833446,1,0,239,0.02,0.33801016211509705
6323,194.5649403882066,1,0,244,0.02,0.34816765785217285
6324,177.86183415810132,1,0,238,0.02,0.3422405421733856
6325,204.9956309485475,1,0,257,0.02,0.3429950177669525
6326,193.842983764806,1,0,235,0.02,0.32945314049720764
6327,40.60901412884265,0,0,300,0.02,0.4329455494880676
6328,198.8897672724763,1,0,248,0.02,0.34196093678474426
6329,191.64809452772533,1,0,245,0.02,0.3423791229724884
6330,169.2658304667512,1,0,286,0.02,0.3329451382160187
6331,195.68007283449563,1,0,253,0.02,0.3493845462799072
6332,182.41428608337898,1,0,256,0.02,0.34912756085395813
6333,190.31885198355116,1,0,245,0.02,0.342189759016037
6334,191.61676605621835,1,0,233,0.02,0.33350756764411926
6335,198.76963196993268,1,0,253,0.02,0.3419947624206543
6336,192.37026762882732,1,0,252,0.02,0.3426321744918823
6337,192.46073251009378,1,0,228,0.02,0.3417196273803711
6338,189.5185145560887,1,0,233,0.02,0.3480704426765442
6339,173.03156806389353,1,0,273,0.02,0.33730706572532654
6340,192.92188984791298,1,0,272,0.02,0.347226619720459
6341,193.3322891545335,1,0,242,0.02,0.3438304662704468
6342,202.59982602358255,1,0,258,0.02,0.3369462490081787
6343,199.08434371391797,1,0,253,0.02,0.331613153219223
6344,192.5381555692341,1,0,234,0.02,0.3356601893901825
6345,187.88539124409218,1,0,263,0.02,0.3413512706756592
6346,192.8163031760838,1,0,237,0.02,0.3361232876777649
6347,182.99059725204964,1,0,243,0.02,0.34504976868629456
6348,24.77172618309523,0,0,300,0.02,0.3497675359249115
6349,189.77396786928568,1,0,247,0.02,0.34591078758239746
6350,170.85582481781503,1,0,238,0.02,0.34374287724494934
6351,201.23405226627852,1,0,270,0.02,0.33668601512908936
6352,194.98034006357585,1,0,239,0.02,0.3393177390098572
6353,186.833831732277,1,0,237,0.02,0.3459448218345642
6354,188.88361142397318,1,0,249,0.02,0.34349989891052246
6355,192.0894122386018,1,0,261,0.02,0.3345496952533722
6356,200.46785350561535,1,0,250,0.02,0.34743937849998474
6357,196.6346211171189,1,0,256,0.02,0.3407474756240845
6358,191.91363790432473,1,0,257,0.02,0.3392896056175232
6359,202.80998985529337,1,0,255,0.02,0.34690529108047485
6360,188.17575025797282,1,0,247,0.02,0.337965190410614
6361,197.6287606883088,1,0,248,0.02,0.3472125828266144
6362,191.03242342869305,1,0,240,0.02,0.34709322452545166
6363,194.36504357576763,1,0,244,0.02,0.33564186096191406
6364,186.9778918973591,1,0,263,0.02,0.3407261073589325
6365,213.22186537186172,1,0,238,0.02,0.3372327387332916
6366,205.48744375467692,1,0,262,0.02,0.3400418162345886
6367,185.03048004389203,1,0,249,0.02,0.34678274393081665
6368,190.61690652290844,1,0,255,0.02,0.3434724509716034
6369,185.84005615154766,1,0,240,0.02,0.3426850438117981
6370,198.08376237789653,1,0,299,0.02,0.34425848722457886
6371,199.48689427137765,1,0,245,0.02,0.32767918705940247
6372,183.7344819712678,1,0,222,0.02,0.3332822620868683
6373,182.75649510622412,1,0,284,0.02,0.3452789783477783
6374,187.6913676921513,1,0,239,0.02,0.34235715866088867
6375,16.11729131142166,0,0,300,0.02,0.4008762538433075
6376,204.33343812862898,1,0,241,0.02,0.3443395495414734
6377,174.18708234072122,1,0,296,0.02,0.34763216972351074
6378,187.37901328960913,1,0,286,0.02,0.33794575929641724
6379,205.44636545101667,1,0,242,0.02,0.34860771894454956
6380,185.53936438957714,1,0,240,0.02,0.3453579843044281
6381,166.09704478025827,1,0,241,0.02,0.34514155983924866
6382,188.42723742247023,1,0,245,0.02,0.34509339928627014
6383,185.16176618338025,1,0,246,0.02,0.3439612090587616
6384,198.28502693096664,1,0,251,0.02,0.33894234895706177
6385,181.6328828263322,1,0,240,0.02,0.34618204832077026
6386,203.61569794416823,1,0,254,0.02,0.34297826886177063
6387,197.19443171263134,1,0,241,0.02,0.34579482674598694
6388,193.2891215030338,1,0,277,0.02,0.3304187059402466
6389,199.25718947172555,1,0,245,0.02,0.33760538697242737
6390,183.3728828263322,1,0,243,0.02,0.34618204832077026
6391,189.02461136103068,1,0,252,0.02,0.3457499146461487
6392,198.88400252739453,1,0,252,0.02,0.3291984498500824
6393,201.3313663999226,1,0,250,0.02,0.34735748171806335
6394,187.26835452318582,1,0,273,0.02,0.34231412410736084
6395,204.42119810820017,1,0,257,0.02,0.301603227853775
6396,195.15407957792672,1,0,252,0.02,0.3483828604221344
6397,183.70220443169137,1,0,240,0.02,0.34464797377586365
6398,195.9859524178544,1,0,268,0.02,0.33291465044021606
6399,184.93186232010385,1,0,282,0.02,0.34973350167274475
6400,185.92707459846994,1,0,226,0.02,0.34093043208122253
6401,186.32211000204478,1,0,248,0.02,0.3488752543926239
6402,187.80534630060586,1,0,300,0.02,0.31806617975234985
6403,190.46809452772533,1,0,248,0.02,0.3423791229724884
6404,191.1877888751069,1,0,221,0.02,0.34245553612709045
6405,189.2818947974827,1,0,246,0.02,0.33222538232803345
6406,186.25093598127754,1,0,291,0.02,0.3366687595844269
6407,204.13787042061352,1,0,244,0.02,0.33573147654533386
6408,202.87322328487897,1,0,248,0.02,0.3368932604789734
6409,195.80473081827557,1,0,237,0.02,0.3482200503349304
6410,174.54667867899332,1,0,289,0.02,0.34273308515548706
6411,198.99305695930983,1,0,255,0.02,0.3294348418712616
6412,190.03688695669567,1,0,234,0.02,0.3476810157299042
6413,193.67065719524882,1,0,269,0.02,0.3400347828865051
6414,166.54534890890508,1,0,262,0.02,0.345565527677536
6415,196.96833796898386,1,0,260,0.02,0.33811458945274353
6416,182.81550793091316,1,0,246,0.02,0.3363220989704132
6417,185.13048004389202,1,0,247,0.02,0.34678274393081665
6418,192.91634945789835,1,0,249,0.02,0.3436117172241211
6419,174.77540721178448,1,0,242,0.02,0.34805095195770264
6420,6.301146349110849,0,0,300,0.02,0.34991249442100525
6421,199.76316040754708,1,0,244,0.02,0.33111265301704407
6422,174.7664338199284,1,0,235,0.02,0.33359062671661377
6423,190.30264155308265,1,0,285,0.02,0.33953869342803955
6424,185.6462616944352,1,0,265,0.02,0.3453373312950134
6425,5.080308889546583,0,0,300,0.02,0.4401218593120575
6426,32.899562725224776,0,0,300,0.02,0.33780840039253235
6427,177.4410888806965,1,0,275,0.02,0.3474268615245819
6428,193.2569660274174,1,0,232,0.02,0.34845757484436035
6429,185.7515009331742,1,0,266,0.02,0.34152752161026
6430,183.99358390570075,1,0,254,0.02,0.34850677847862244
6431,192.1202831069615,1,0,250,0.02,0.3376283049583435
6432,201.23652286291514,1,0,259,0.02,0.34027203917503357
6433,208.57689458290602,1,0,252,0.02,0.33847543597221375
6434,-19.701882622238013,0,0,300,0.02,0.39487341046333313
6435,190.86724157572183,1,0,256,0.02,0.34009236097335815
6436,185.51288164059181,1,0,256,0.02,0.33947867155075073
6437,186.13077413002515,1,0,252,0.02,0.3375055491924286
6438,196.21530978918466,1,0,245,0.02,0.34057530760765076
6439,185.13048004389202,1,0,247,0.02,0.34678274393081665
6440,198.20446995020305,1,0,254,0.02,0.33828526735305786
6441,189.10720034519687,1,0,279,0.02,0.3358989953994751
6442,181.98462755442057,1,0,240,0.02,0.34074586629867554
6443,180.03155360460673,1,0,247,0.02,0.33651435375213623
6444,199.84382224003338,1,0,238,0.02,0.34924352169036865
6445,200.7600486063996,1,0,252,0.02,0.3418906033039093
6446,185.13048004389202,1,0,247,0.02,0.34678274393081665
6447,203.59406586567428,1,0,253,0.02,0.33918261528015137
6448,199.3683227849046,1,0,247,0.02,0.33482205867767334
6449,179.3224715447465,1,0,249,0.02,0.3437848687171936
6450,186.56886549870038,1,0,256,0.02,0.3454827070236206
6451,199.43617832899486,1,0,243,0.02,0.3353581726551056
6452,193.20757954359445,1,0,249,0.02,0.34250786900520325
6453,204.25923468987014,1,0,244,0.02,0.3453904092311859
6454,178.85909220934306,1,0,265,0.02,0.3471297025680542
6455,187.11661420265696,1,0,229,0.02,0.3385455310344696
6456,190.92603554487619,1,0,242,0.02,0.3428938686847687
6457,174.44471329450997,1,0,248,0.02,0.3482244312763214
6458,182.7567406582871,1,0,274,0.02,0.34021759033203125
6459,191.73830577293893,1,0,238,0.02,0.335622638463974
6460,184.73251876751442,1,0,258,0.02,0.3395693898200989
6461,198.3497316479722,1,0,298,0.02,0.3469698429107666
6462,186.44217829943094,1,0,254,0.02,0.34635818004608154
6463,199.0182174038926,1,0,246,0.02,0.33484840393066406
6464,197.16465536514784,1,0,264,0.02,0.3415352404117584
6465,184.43371979156996,1,0,256,0.02,0.33676913380622864
6466,204.86121377388497,1,0,249,0.02,0.33739563822746277
6467,170.60052413225566,1,0,269,0.02,0.3417717218399048
6468,204.04351432243848,1,0,247,0.02,0.34932050108909607
6469,205.82354657411966,1,0,278,0.02,0.34351611137390137
6470,199.63868495226296,1,0,242,0.02,0.33723151683807373
6471,180.1659385339405,1,0,253,0.02,0.34121444821357727
6472,193.25597571770214,1,0,236,0.02,0.3387051522731781
6473,185.4257632962849,1,0,228,0.02,0.3412582576274872
6474,201.29704216400648,1,0,263,0.02,0.3384385406970978
6475,188.4223079959538,1,0,231,0.02,0.3371220827102661
6476,187.85920578718577,1,0,251,0.02,0.3396013081073761
6477,194.56014899651075,1,0,224,0.02,0.33766183257102966
6478,187.09686099449658,1,0,240,0.02,0.3459838330745697
6479,184.53048004389203,1,0,251,0.02,0.34678274393081665
6480,-471.6424273681653,0,0,300,0.02,3.1806068420410156
6481,197.85603447199261,1,0,247,0.02,0.34289413690567017
6482,194.42951060215495,1,0,269,0.02,0.33032143115997314
6483,185.16176618338025,1,0,246,0.02,0.3439612090587616
6484,193.8114613715794,1,0,223,0.02,0.3373337388038635
6485,195.3972146344224,1,0,246,0.02,0.3400990962982178
6486,197.0685693573991,1,0,249,0.02,0.34726041555404663
6487,189.32527167082225,1,0,249,0.02,0.34808483719825745
6488,198.42552328348552,1,0,251,0.02,0.3380219340324402
6489,182.8079374639179,1,0,283,0.02,0.348214715719223
6490,196.05218078375253,1,0,232,0.02,0.341357558965683
6491,185.56501487493907,1,0,246,0.02,0.3431490361690521
6492,187.16850145101935,1,0,273,0.02,0.32727739214897156
6493,188.40822664022835,1,0,260,0.02,0.34984609484672546
6494,181.56346428156291,1,0,248,0.02,0.33353668451309204
6495,184.62967279354592,1,0,257,0.02,0.34778088331222534
6496,184.64080058813488,1,0,249,0.02,0.34420260787010193
6497,34.71014854828385,0,0,300,0.02,0.47016194462776184
6498,192.91754863024147,1,0,255,0.02,0.3325155973434448
6499,199.03228729168438,1,0,247,0.02,0.3471272587776184
6500,173.54271904230507,1,0,291,0.02,0.34872299432754517
6501,197.0102342248002,1,0,252,0.02,0.34434419870376587
6502,181.53892674684917,1,0,242,0.02,0.3471710681915283
6503,172.7283738541642,1,0,254,0.02,0.34730929136276245
6504,190.52918160677348,1,0,246,0.02,0.3446073532104492
6505,178.48640800873304,1,0,233,0.02,0.34859707951545715
6506,197.59314384699258,1,0,259,0.02,0.33361679315567017
6507,198.82684821367656,1,0,255,0.02,0.3476907014846802
6508,183.5758592438737,1,0,249,0.02,0.3454379439353943
6509,181.37881096601876,1,0,295,0.02,0.33970001339912415
6510,199.69715358019266,1,0,263,0.02,0.33511435985565186
6511,209.89689602295422,1,0,248,0.02,0.3409750759601593
6512,216.0492985606233,1,0,244,0.02,0.3470781147480011
6513,198.99810338417555,1,0,249,0.02,0.34317323565483093
6514,191.81783142963906,1,0,253,0.02,0.33324122428894043
6515,182.9789695143739,1,0,261,0.02,0.3396603763103485
6516,185.6737893001225,1,0,243,0.02,0.3392517566680908
6517,189.7585764002839,1,0,238,0.02,0.34975865483283997
6518,189.3849627900163,1,0,241,0.02,0.34566205739974976
6519,187.2383508181611,1,0,230,0.02,0.33981505036354065
6520,185.55884104172253,1,0,245,0.02,0.34048882126808167
6521,191.51067259232065,1,0,253,0.02,0.34503093361854553
6522,185.56278816461955,1,0,246,0.02,0.3437057137489319
6523,188.4035629963914,1,0,246,0.02,0.33601200580596924
6524,182.81353870312233,1,0,254,0.02,0.33431440591812134
6525,197.0217682194749,1,0,246,0.02,0.3464607000350952
6526,167.77166652441417,1,0,245,0.02,0.3439861238002777
6527,197.2454759669343,1,0,273,0.02,0.3405337631702423
6528,185.29045852899944,1,0,253,0.02,0.3317881226539612
6529,193.43689569393658,1,0,225,0.02,0.3484751582145691
6530,189.99577441135906,1,0,249,0.02,0.34875547885894775
6531,191.64809452772533,1,0,245,0.02,0.3423791229724884
6532,196.99630353371165,1,0,255,0.02,0.33612319827079773
6533,202.61960574388897,1,0,259,0.02,0.3420013189315796
6534,199.59114531914258,1,0,251,0.02,0.3299127519130707
6535,204.4618973231355,1,0,255,0.02,0.34642842411994934
6536,16.89380427122506,0,0,300,0.02,0.36595168709754944
6537,192.85832902193462,1,0,249,0.02,0.344820499420166
6538,193.56300906896982,1,0,256,0.02,0.3461504876613617
6539,192.6994501916554,1,0,232,0.02,0.33783653378486633
6540,201.87055727243813,1,0,237,0.02,0.341763436794281
6541,194.5919910661366,1,0,245,0.02,0.34970131516456604
6542,183.25203084389233,1,0,248,0.02,0.3396913707256317
6543,195.17114531914257,1,0,248,0.02,0.3299127519130707
6544,181.4135185313264,1,0,285,0.02,0.33602312207221985
6545,182.3732735753098,1,0,277,0.02,0.341084361076355
6546,186.22473365704082,1,0,255,0.02,0.3340156674385071
6547,199.53500605980418,1,0,258,0.02,0.3364475667476654
6548,174.21200667301673,1,0,248,0.02,0.34719741344451904
6549,192.59693341970834,1,0,262,0.02,0.34016939997673035
6550,200.53634415865335,1,0,244,0.02,0.3378167152404785
6551,196.27848324060832,1,0,263,0.02,0.3347819447517395
6552,188.91207654714975,1,0,251,0.02,0.3288836181163788
6553,196.82923357248694,1,0,249,0.02,0.342094361782074
6554,30.54315378586322,0,0,300,0.02,0.3369106352329254
6555,184.1957189250031,1,0,269,0.02,0.3429730236530304
6556,183.8025014662782,1,0,260,0.02,0.3437773883342743
6557,195.5763539147416,1,0,262,0.02,0.3328142762184143
6558,191.45238668362163,1,0,250,0.02,0.33960241079330444
6559,22.19586621204878,0,0,300,0.02,0.35123252868652344
6560,169.8101477885285,1,0,286,0.02,0.34186580777168274
6561,192.1359093276646,1,0,241,0.02,0.34122174978256226
6562,189.4880945277253,1,0,247,0.02,0.3423791229724884
6563,185.96850837469492,1,0,247,0.02,0.3297756612300873
6564,196.836185619835,1,0,257,0.02,0.34035634994506836
6565,212.6807898592988,1,0,250,0.02,0.3442052900791168
6566,193.8092098943379,1,0,223,0.02,0.34539660811424255
6567,13.057360109486815,0,0,300,0.02,0.3733590543270111
6568,192.0750311223652,1,0,235,0.02,0.3439413011074066
6569,190.40396382252237,1,0,263,0.02,0.33920812606811523
6570,1.3517539874699083,0,0,300,0.02,0.3572605848312378
6571,199.96371682405862,1,0,250,0.02,0.34847354888916016
6572,190.2476485435154,1,0,240,0.02,0.32828694581985474
6573,188.6329345440904,1,0,226,0.02,0.3411691188812256
6574,189.69206918478403,1,0,248,0.02,0.33638545870780945
6575,192.28080787579083,1,0,240,0.02,0.3399971127510071
6576,195.92107789436838,1,0,276,0.02,0.34242960810661316
6577,176.95478092113996,1,0,226,0.02,0.3490038514137268
6578,174.56120991150405,1,0,234,0.02,0.32489660382270813
6579,175.78323364019786,1,0,251,0.02,0.34109434485435486
6580,169.8348263827946,1,0,239,0.02,0.32899248600006104
6581,188.1584302210847,1,0,251,0.02,0.34229519963264465
6582,175.44899933576977,1,0,248,0.02,0.34465292096138
6583,178.05612602472698,1,0,252,0.02,0.3428712487220764
6584,188.98024115801246,1,0,241,0.02,0.3493424654006958
6585,213.59871870756544,1,0,252,0.02,0.34222307801246643
6586,194.91489770174414,1,0,263,0.02,0.34567832946777344
6587,201.88086376905832,1,0,257,0.02,0.34418681263923645
6588,182.11048573732768,1,0,254,0.02,0.3392813205718994
6589,191.8516744987156,1,0,236,0.02,0.3322804570198059
6590,183.83912591696176,1,0,273,0.02,0.33962127566337585
6591,185.61475797892007,1,0,229,0.02,0.3432132601737976
6592,198.34207495132947,1,0,254,0.02,0.33968034386634827
6593,210.68893388668562,1,0,245,0.02,0.33546561002731323
6594,185.79696066299937,1,0,251,0.02,0.3484589159488678
6595,198.89674030065927,1,0,244,0.02,0.3402176797389984
6596,200.71352270365153,1,0,244,0.02,0.3360220789909363
6597,184.59586802721412,1,0,250,0.02,0.33543574810028076
6598,202.12673864126597,1,0,250,0.02,0.34271809458732605
6599,199.38040314117933,1,0,253,0.02,0.3350982964038849
6600,183.90897720734142,1,0,239,0.02,0.34795477986335754
6601,196.76253306627666,1,0,258,0.02,0.34626948833465576
6602,191.64613806486523,1,0,245,0.02,0.34286823868751526
6603,24.273151187100655,0,0,300,0.02,0.37441128492355347
6604,189.2544015971806,1,0,248,0.02,0.34909868240356445
6605,196.89484869718945,1,0,242,0.02,0.34319058060646057
6606,191.64241050959026,1,0,245,0.02,0.3438001275062561
6607,190.56809452772532,1,0,246,0.02,0.3423791229724884
6608,190.27924683014413,1,0,273,0.02,0.34038737416267395
6609,206.93410129944348,1,0,244,0.02,0.34667375683784485
6610,184.37708150625622,1,0,244,0.02,0.34763237833976746
6611,182.836680740514,1,0,285,0.02,0.3435288965702057
6612,178.90323883772282,1,0,253,0.02,0.32859304547309875
6613,185.7938655877152,1,0,277,0.02,0.3459363579750061
6614,16.58900213003554,0,0,300,0.02,0.45215222239494324
6615,201.10751570145152,1,0,253,0.02,0.3483201563358307
6616,183.3511223594334,1,0,273,0.02,0.34241849184036255
6617,190.56809452772532,1,0,246,0.02,0.3423791229724884
6618,196.90242029428873,1,0,251,0.02,0.3462976813316345
6619,172.2414820233967,1,0,252,0.02,0.3448285758495331
6620,173.26647400617992,1,0,253,0.02,0.34528425335884094
6621,-5.357993961176636,0,0,300,0.02,0.33719757199287415
6622,190.6113811914112,1,0,270,0.02,0.3498537838459015
6623,190.89715277433785,1,0,295,0.02,0.3426145613193512
6624,167.42788805723583,1,0,273,0.02,0.3424307405948639
6625,184.91709471941383,1,0,249,0.02,0.342629075050354
6626,217.615806478658,1,0,246,0.02,0.34874746203422546
6627,183.46958605528266,1,0,274,0.02,0.33700624108314514
6628,193.8957338357011,1,0,266,0.02,0.34546929597854614
6629,169.88518644253276,1,0,244,0.02,0.34140247106552124
6630,174.14162180185707,1,0,290,0.02,0.3389973044395447
6631,3.08259702602889,0,0,300,0.02,0.3545498251914978
6632,191.10082499742902,1,0,254,0.02,0.3366965055465698
6633,175.61729466677104,1,0,248,0.02,0.32007908821105957
6634,203.64545649767314,1,0,254,0.02,0.33053863048553467
6635,191.2179156390812,1,0,260,0.02,0.34572017192840576
6636,197.59740990559126,1,0,231,0.02,0.3333466053009033
6637,185.04869905392192,1,0,243,0.02,0.3380243182182312
6638,185.56077580849194,1,0,251,0.02,0.34000512957572937
6639,45.95869250694781,0,0,300,0.02,0.46552595496177673
6640,189.50171386639138,1,0,276,0.02,0.3397706151008606
6641,197.5014115516331,1,0,246,0.02,0.3398461937904358
6642,175.38529657284283,1,0,240,0.02,0.3363749384880066
6643,190.83107880989573,1,0,258,0.02,0.3324293792247772
6644,197.89809739828502,1,0,249,0.02,0.3448784053325653
6645,186.18725456953442,1,0,226,0.02,0.3400891125202179
6646,188.43984716177377,1,0,245,0.02,0.3469409644603729
6647,188.6240994731572,1,0,285,0.02,0.33667421340942383
6648,191.69804329315681,1,0,256,0.02,0.3406882584095001
6649,183.75875724712867,1,0,266,0.02,0.3430097699165344
6650,191.6091816067735,1,0,245,0.02,0.3446073532104492
6651,205.07726934830214,1,0,248,0.02,0.3308817446231842
6652,204.426177971367,1,0,253,0.02,0.33535826206207275
6653,183.71870964765938,1,0,260,0.02,0.3422253429889679
6654,186.85524774471781,1,0,253,0.02,0.3488871455192566
6655,192.03451873222852,1,0,253,0.02,0.3365693986415863
6656,211.05551654259227,1,0,242,0.02,0.3438199460506439
6657,195.00099551121258,1,0,256,0.02,0.33995020389556885
6658,177.29765576283,1,0,241,0.02,0.34578514099121094
6659,185.791719340482,1,0,237,0.02,0.33726924657821655
6660,49.705995086827556,0,0,300,0.02,0.41620030999183655
6661,17.98113986889386,0,0,300,0.02,0.36991411447525024
6662,180.6621743750611,1,0,272,0.02,0.34885916113853455
6663,159.0656667304078,1,0,285,0.02,0.3479860723018646
6664,202.32059611559305,1,0,255,0.02,0.3367537260055542
6665,197.01014160871895,1,0,256,0.02,0.3468673527240753
6666,199.76207955599224,1,0,239,0.02,0.3363828659057617
6667,193.0724980187455,1,0,255,0.02,0.34627825021743774
6668,183.13078761339574,1,0,229,0.02,0.3492058515548706
6669,183.20729610840343,1,0,256,0.02,0.3458750545978546
6670,178.57927314043437,1,0,250,0.02,0.33958446979522705
6671,183.6917268347779,1,0,245,0.02,0.3414710462093353
6672,197.98292536497507,1,0,239,0.02,0.34117141366004944
6673,192.51989639202617,1,0,250,0.02,0.3377249836921692
6674,180.28167762041477,1,0,278,0.02,0.34648334980010986
6675,182.76523148775493,1,0,256,0.02,0.3455948829650879
6676,185.2584507250825,1,0,269,0.02,0.34229007363319397
6677,189.88852022091407,1,0,255,0.02,0.3330690264701843
6678,192.16574739694985,1,0,234,0.02,0.3379659056663513
6679,190.43822517792245,1,0,239,0.02,0.33314278721809387
6680,192.2700814143803,1,0,249,0.02,0.3401787281036377
6681,202.68646986881757,1,0,262,0.02,0.34608161449432373
6682,21.103365849652533,0,0,300,0.02,0.3968576192855835
6683,192.2685344163563,1,0,237,0.02,0.3355654776096344
6684,182.35070965052043,1,0,239,0.02,0.34922534227371216
6685,186.63973343611156,1,0,243,0.02,0.3469693958759308
6686,189.79017558336648,1,0,233,0.02,0.3468588590621948
6687,133.51379329920206,0,0,300,0.02,0.395954430103302
6688,198.19794683695227,1,0,250,0.02,0.34491604566574097
6689,190.91062849442028,1,0,237,0.02,0.3475419580936432
6690,186.11839880386853,1,0,227,0.02,0.34809938073158264
6691,183.79141721964274,1,0,253,0.02,0.33404844999313354
6692,191.24650442997478,1,0,234,0.02,0.3435729742050171
6693,190.72438070059215,1,0,247,0.02,0.3483075797557831
6694,197.66608164072426,1,0,257,0.02,0.3328823447227478
6695,192.7590583443681,1,0,249,0.02,0.3446381688117981
6696,191.31227043549083,1,0,249,0.02,0.33463147282600403
6697,170.96184335629007,1,0,251,0.02,0.3472382426261902
6698,199.0695844960252,1,0,241,0.02,0.334506630897522
6699,197.41358923197183,1,0,255,0.02,0.33850544691085815
6700,183.56413904428874,1,0,250,0.02,0.3433679938316345
6701,197.87258753220107,1,0,250,0.02,0.33455219864845276
6702,191.64809452772533,1,0,245,0.02,0.3423791229724884
6703,176.33742064714824,1,0,259,0.02,0.34504759311676025
6704,190.25721468845865,1,0,237,0.02,0.3458954095840454
6705,190.46769438663983,1,0,238,0.02,0.3457754850387573
6706,183.4679449741032,1,0,294,0.02,0.3482128381729126
6707,195.47299402634167,1,0,255,0.02,0.3319505751132965
6708,187.0348240208665,1,0,254,0.02,0.3431967496871948
6709,198.1309805719044,1,0,265,0.02,0.3299539387226105
6710,196.25715422073864,1,0,254,0.02,0.33841052651405334
6711,200.04571952740218,1,0,247,0.02,0.33626919984817505
6712,190.79102639595527,1,0,242,0.02,0.34244248270988464
6713,185.3436487555543,1,0,244,0.02,0.34849056601524353
6714,187.6367248384144,1,0,230,0.02,0.34101787209510803
6715,191.08178762197886,1,0,248,0.02,0.3389558494091034
6716,178.94918518305218,1,0,245,0.02,0.3446064591407776
6717,183.50978808641827,1,0,251,0.02,0.32945573329925537
6718,178.58238479534646,1,0,255,0.02,0.34460288286209106
6719,181.20037410179637,1,0,235,0.02,0.34760555624961853
6720,198.49889391661083,1,0,248,0.02,0.3346792757511139
6721,172.52568221807874,1,0,243,0.02,0.34548220038414
6722,184.78897895733377,1,0,284,0.02,0.3379543423652649
6723,202.89432477236187,1,0,258,0.02,0.3433215618133545
6724,200.95858614365122,1,0,269,0.02,0.33305254578590393
6725,187.93439705769083,1,0,238,0.02,0.346599817276001
6726,197.89809739828502,1,0,249,0.02,0.3448784053325653
6727,193.2776332132008,1,0,240,0.02,0.3407907783985138
6728,192.01080247322582,1,0,227,0.02,0.3299984633922577
6729,191.67007798592113,1,0,253,0.02,0.34767958521842957
6730,185.77664565802013,1,0,231,0.02,0.34274134039878845
6731,211.33066041708386,1,0,246,0.02,0.3492376506328583
6732,196.62941654602548,1,0,250,0.02,0.33034494519233704
6733,190.8296025252381,1,0,260,0.02,0.34200212359428406
6734,174.81290128469857,1,0,262,0.02,0.34117743372917175
6735,182.09082644701397,1,0,251,0.02,0.3416961431503296
6736,198.70634489298257,1,0,245,0.02,0.3428165316581726
6737,191.64809452772533,1,0,245,0.02,0.3423791229724884
6738,187.719139664177,1,0,279,0.02,0.3496178388595581
6739,-82.48591697692879,0,0,210,0.02,2.9639792442321777
6740,202.98887035767103,1,0,252,0.02,0.3379814922809601
6741,186.2054248261491,1,0,257,0.02,0.34054654836654663
6742,200.588355000023,1,0,242,0.02,0.3423140048980713
6743,184.68171434322855,1,0,269,0.02,0.33977049589157104
6744,195.92719056368261,1,0,252,0.02,0.3426051139831543
6745,49.5391407847444,0,0,300,0.02,0.36211755871772766
6746,172.7961286187211,1,0,283,0.02,0.33537060022354126
6747,190.5910215020219,1,0,234,0.02,0.34914737939834595
6748,183.5525461792985,1,0,250,0.02,0.3462662100791931
6749,182.73674688578043,1,0,242,0.02,0.3477160334587097
6750,197.22434371391796,1,0,257,0.02,0.331613153219223
6751,191.700430072942,1,0,260,0.02,0.33259156346321106
6752,184.08176618338024,1,0,247,0.02,0.3439612090587616
6753,180.83772377729807,1,0,243,0.02,0.3399718105792999
6754,193.45431299606824,1,0,228,0.02,0.3416208326816559
6755,192.00112509171032,1,0,230,0.02,0.3399178087711334
6756,185.53872373342907,1,0,225,0.02,0.34722182154655457
6757,191.37179869890605,1,0,251,0.02,0.33645308017730713
6758,182.3281413960496,1,0,246,0.02,0.34736740589141846
6759,198.80484775940442,1,0,258,0.02,0.3389871418476105
6760,190.63946355581675,1,0,237,0.02,0.34953686594963074
6761,197.15781916380323,1,0,254,0.02,0.3449479639530182
6762,203.26608161369825,1,0,261,0.02,0.34867867827415466
6763,187.5234473983433,1,0,253,0.02,0.3368372321128845
6764,185.2751867556611,1,0,243,0.02,0.33810606598854065
6765,181.22333042860424,1,0,249,0.02,0.33857014775276184
6766,191.4734807054188,1,0,227,0.02,0.3493289053440094
6767,187.94235034386182,1,0,223,0.02,0.3446114957332611
6768,184.83184557676705,1,0,252,0.02,0.3439413607120514
6769,191.11554250479134,1,0,256,0.02,0.3455171287059784
6770,198.29936385551952,1,0,251,0.02,0.3303581178188324
6771,194.80034006357585,1,0,238,0.02,0.3393177390098572
6772,192.389455794492,1,0,255,0.02,0.3378351330757141
6773,196.0674011317875,1,0,244,0.02,0.34584879875183105
6774,42.2474932313005,0,0,300,0.02,0.7475294470787048
6775,37.96117260853312,0,0,300,0.02,0.3899059295654297
6776,191.54809452772534,1,0,247,0.02,0.3423791229724884
6777,176.29638207674415,1,0,253,0.02,0.34030723571777344
6778,206.23453995466627,1,0,265,0.02,0.3457677662372589
6779,210.61543425957225,1,0,247,0.02,0.3363405168056488
6780,176.08424337149057,1,0,281,0.02,0.3483419120311737
6781,185.32062583685314,1,0,256,0.02,0.3467462956905365
6782,197.2570355168965,1,0,248,0.02,0.3459402024745941
6783,168.68998424292,1,0,223,0.02,0.34440669417381287
6784,-3.697993961176623,0,0,300,0.02,0.33719757199287415
6785,194.35974524418373,1,0,257,0.02,0.340262770652771
6786,184.87922929048932,1,0,238,0.02,0.34459543228149414
6787,213.83874855438737,1,0,249,0.02,0.34551194310188293
6788,208.45771461407207,1,0,245,0.02,0.3357704281806946
6789,198.43821817318462,1,0,252,0.02,0.3406445384025574
6790,182.6714648763325,1,0,293,0.02,0.3498328626155853
6791,192.8100501720097,1,0,226,0.02,0.33768653869628906
6792,172.58155673265847,1,0,269,0.02,0.3440135717391968
6793,192.8798600268403,1,0,252,0.02,0.34443774819374084
6794,191.2558645240452,1,0,254,0.02,0.34623295068740845
6795,184.19934685627481,1,0,239,0.02,0.3428623676300049
6796,191.5891308395054,1,0,240,0.02,0.3404163718223572
6797,185.5800487796452,1,0,239,0.02,0.34768688678741455
6798,193.50881117582713,1,0,245,0.02,0.33219996094703674
6799,189.01608024835977,1,0,253,0.02,0.3428826928138733
6800,196.9304861855546,1,0,255,0.02,0.33178120851516724
6801,211.44784825086984,1,0,260,0.02,0.3449406921863556
6802,199.72612452904247,1,0,245,0.02,0.3486679494380951
6803,191.9694976210633,1,0,252,0.02,0.34202834963798523
6804,191.37843370358013,1,0,259,0.02,0.3405906558036804
6805,181.3341097251561,1,0,269,0.02,0.3366716504096985
6806,198.33774844408427,1,0,244,0.02,0.33746564388275146
6807,194.41091695547496,1,0,257,0.02,0.34917351603507996
6808,202.4732141153004,1,0,255,0.02,0.33939555287361145
6809,191.64809452772533,1,0,245,0.02,0.3423791229724884
6810,192.8263294021275,1,0,248,0.02,0.3361167311668396
6811,201.81932297626992,1,0,262,0.02,0.3328683376312256
6812,170.86624850511942,1,0,266,0.02,0.3253406286239624
6813,198.5015894500401,1,0,224,0.02,0.3498017191886902
6814,198.6887743655827,1,0,253,0.02,0.33050549030303955
6815,199.9328063289311,1,0,252,0.02,0.3469974994659424
6816,188.34903185129554,1,0,266,0.02,0.33714479207992554
6817,188.1540710759202,1,0,253,0.02,0.3383849859237671
6818,181.43917255322,1,0,297,0.02,0.3379059433937073
6819,159.9973041796723,1,0,270,0.02,0.34507670998573303
6820,38.301415884498695,0,0,300,0.02,0.3590487837791443
6821,2.575224036374342,0,0,300,0.02,0.8213930726051331
6822,184.5065740291264,1,0,255,0.02,0.33855557441711426
6823,197.61731131315622,1,0,245,0.02,0.34007492661476135
6824,199.85829542398844,1,0,253,0.02,0.34982889890670776
6825,197.24490672350322,1,0,271,0.02,0.33567607402801514
6826,190.51374055305982,1,0,236,0.02,0.3417639434337616
6827,198.40826248089337,1,0,243,0.02,0.3306334614753723
6828,196.6424857401887,1,0,255,0.02,0.3462813198566437
6829,190.53115619898236,1,0,230,0.02,0.34661370515823364
6830,192.23832072178385,1,0,235,0.02,0.3481189012527466
6831,198.33949045896918,1,0,250,0.02,0.3395301401615143
6832,171.3392662549058,1,0,216,0.02,0.34708619117736816
6833,191.02861766258738,1,0,263,0.02,0.3455446660518646
6834,183.15897466579938,1,0,249,0.02,0.33795541524887085
6835,187.23060817480476,1,0,283,0.02,0.34175071120262146
6836,209.78210044304396,1,0,255,0.02,0.3346739709377289
6837,190.61434230247994,1,0,270,0.02,0.3366135060787201
6838,193.70713148991126,1,0,262,0.02,0.34841620922088623
6839,199.03989599943552,1,0,256,0.02,0.33692875504493713
6840,185.6927286887208,1,0,250,0.02,0.34622058272361755
6841,194.43311682463084,1,0,242,0.02,0.343623548746109
6842,188.44207911411786,1,0,219,0.02,0.3371793031692505
6843,6.9725787345554995,0,0,300,0.02,0.37205439805984497
6844,183.88380245129133,1,0,238,0.02,0.349248468875885
6845,188.97992358446513,1,0,252,0.02,0.3494218587875366
6846,191.10661540428657,1,0,231,0.02,0.34104523062705994
6847,186.62903639078533,1,0,251,0.02,0.339643657207489
6848,199.62826879898574,1,0,252,0.02,0.33063188195228577
6849,183.11289708376322,1,0,251,0.02,0.3336784839630127
6850,201.8387072634736,1,0,282,0.02,0.34222593903541565
6851,197.61794645706675,1,0,271,0.02,0.3307124674320221
6852,191.80548075119518,1,0,236,0.02,0.3363288938999176
6853,169.35313498894234,1,0,267,0.02,0.3469153344631195
6854,179.09170200109872,1,0,223,0.02,0.33147725462913513
6855,185.67897120873,1,0,239,0.02,0.3379562795162201
6856,207.22159432808422,1,0,239,0.02,0.3473004996776581
6857,191.1425197307255,1,0,247,0.02,0.342069149017334
6858,22.84517684380077,0,0,300,0.02,0.3564048707485199
6859,184.07666152239238,1,0,247,0.02,0.3452373743057251
6860,200.04571952740218,1,0,247,0.02,0.33626919984817505
6861,187.79892294645703,1,0,253,0.02,0.31967201828956604
6862,187.21099073330424,1,0,251,0.02,0.33745139837265015
6863,170.42276295423898,1,0,270,0.02,0.32871201634407043
6864,202.14275140047465,1,0,259,0.02,0.33121490478515625
6865,186.3218588995973,1,0,246,0.02,0.33643803000450134
6866,179.8324725174943,1,0,246,0.02,0.3487846255302429
6867,196.76223692179116,1,0,253,0.02,0.33884352445602417
6868,196.78280198971294,1,0,230,0.02,0.3344985842704773
6869,198.55971424341595,1,0,253,0.02,0.3469741940498352
6870,25.37456256786845,0,0,300,0.02,0.3590584397315979
6871,200.7397355437318,1,0,240,0.02,0.33696886897087097
6872,188.82429213444254,1,0,233,0.02,0.34162604808807373
6873,199.5984736132661,1,0,247,0.02,0.34228435158729553
6874,196.26844477415477,1,0,242,0.02,0.34479156136512756
6875,191.1216231195118,1,0,248,0.02,0.332293301820755
6876,182.8425428382542,1,0,242,0.02,0.33706337213516235
6877,172.1690260163929,1,0,277,0.02,0.3304425776004791
6878,190.74151391745005,1,0,250,0.02,0.33902427554130554
6879,202.84759537935648,1,0,248,0.02,0.33750391006469727
6880,186.71099073330424,1,0,253,0.02,0.33745139837265015
6881,199.62826879898574,1,0,252,0.02,0.33063188195228577
6882,188.46870237589272,1,0,264,0.02,0.34222716093063354
6883,207.40119549990095,1,0,239,0.02,0.33660387992858887
6884,198.87824867487348,1,0,250,0.02,0.3448405861854553
6885,203.92215456724557,1,0,264,0.02,0.3438641130924225
6886,189.18225415150187,1,0,256,0.02,0.3471355438232422
6887,189.8309424662629,1,0,262,0.02,0.349167138338089
6888,188.9423892903367,1,0,240,0.02,0.3438054323196411
6889,172.97304603338628,1,0,276,0.02,0.3486412465572357
6890,205.71214286566175,1,0,267,0.02,0.33886703848838806
6891,199.5396152520219,1,0,240,0.02,0.33449894189834595
6892,173.79328179121407,1,0,282,0.02,0.338582307100296
6893,170.9296412936833,1,0,241,0.02,0.34028875827789307
6894,184.7637343637135,1,0,250,0.02,0.34426549077033997
6895,189.12485297918712,1,0,220,0.02,0.3406895101070404
6896,200.08611250639353,1,0,245,0.02,0.3303746283054352
6897,187.1284676686909,1,0,249,0.02,0.3380821645259857
6898,180.90713370085155,1,0,245,0.02,0.3426193296909332
6899,189.64057682276166,1,0,250,0.02,0.3417585492134094
6900,180.934351723198,1,0,273,0.02,0.3458148241043091
6901,190.0547055077592,1,0,252,0.02,0.3382263779640198
6902,183.77172683477792,1,0,248,0.02,0.3414710462093353
6903,199.44006482839976,1,0,258,0.02,0.3443865478038788
6904,195.12940259853863,1,0,256,0.02,0.3303484320640564
6905,191.09586802721415,1,0,248,0.02,0.33543574810028076
6906,197.92183676163222,1,0,257,0.02,0.3372398912906647
6907,197.5516561436692,1,0,250,0.02,0.34148871898651123
6908,189.84372380972303,1,0,247,0.02,0.33597180247306824
6909,201.18356310606396,1,0,244,0.02,0.33351197838783264
6910,187.62517291784678,1,0,257,0.02,0.3356095254421234
6911,198.0570448772099,1,0,230,0.02,0.33093786239624023
6912,190.2983573842088,1,0,246,0.02,0.34231340885162354
6913,184.77624087730902,1,0,271,0.02,0.3486388623714447
6914,188.66793321848306,1,0,255,0.02,0.33741945028305054
6915,213.5311761069337,1,0,259,0.02,0.3466087281703949
6916,190.4125985566761,1,0,281,0.02,0.34954944252967834
6917,188.7254771844532,1,0,263,0.02,0.33882978558540344
6918,207.01140163818857,1,0,254,0.02,0.33484867215156555
6919,202.3137853566792,1,0,274,0.02,0.3367527425289154
6920,179.53409876108554,1,0,270,0.02,0.34587806463241577
6921,179.0023247234013,1,0,248,0.02,0.34711790084838867
6922,202.7085813657429,1,0,248,0.02,0.33055374026298523
6923,186.95869760752117,1,0,242,0.02,0.34222835302352905
6924,196.59118049860393,1,0,248,0.02,0.34160763025283813
6925,167.74081156492625,1,0,249,0.02,0.34669986367225647
6926,181.31779007673651,1,0,265,0.02,0.3449552357196808
6927,189.4880945277253,1,0,247,0.02,0.3423791229724884
6928,191.85956104040537,1,0,225,0.02,0.342012494802475
6929,185.3662633252183,1,0,272,0.02,0.33533692359924316
6930,188.66688963175213,1,0,251,0.02,0.3301803469657898
6931,190.0625032893803,1,0,231,0.02,0.3445732593536377
6932,193.47077689091228,1,0,229,0.02,0.3425048589706421
6933,182.22113364935316,1,0,262,0.02,0.3416193425655365
6934,186.31580242554207,1,0,278,0.02,0.34874847531318665
6935,199.12206908464825,1,0,244,0.02,0.34138548374176025
6936,190.56809452772532,1,0,246,0.02,0.3423791229724884
6937,185.02849819580575,1,0,234,0.02,0.3405745327472687
6938,182.1145524334947,1,0,288,0.02,0.33576464653015137
6939,-2.979896393618383,0,0,300,0.02,0.657673180103302
6940,8.982665376663153,0,0,300,0.02,0.649333655834198
6941,167.82084554911052,1,0,246,0.02,0.3491913676261902
6942,181.81787249485512,1,0,242,0.02,0.3482309579849243
6943,175.0649016420033,1,0,235,0.02,0.33897367119789124
6944,179.78963151216897,1,0,279,0.02,0.34699487686157227
6945,191.18539267460366,1,0,234,0.02,0.3413509130477905
6946,191.79309708992503,1,0,236,0.02,0.349424809217453
6947,167.7666504073182,1,0,287,0.02,0.3377401530742645
6948,190.00265156031045,1,0,228,0.02,0.3462398648262024
6949,191.3177260677006,1,0,258,0.02,0.33826756477355957
6950,198.910141608719,1,0,251,0.02,0.3468673527240753
6951,191.19434230247992,1,0,271,0.02,0.3366135060787201
6952,212.40629935503398,1,0,247,0.02,0.3428279161453247
6953,185.95163209835553,1,0,230,0.02,0.34229105710983276
6954,191.21879941860695,1,0,255,0.02,0.33549922704696655
6955,172.0484955573121,1,0,261,0.02,0.3447788655757904
6956,181.98017795801553,1,0,270,0.02,0.34435826539993286
6957,193.20875567833446,1,0,237,0.02,0.33801016211509705
6958,185.1715009331742,1,0,265,0.02,0.34152752161026
6959,196.0186657659199,1,0,256,0.02,0.33053264021873474
6960,190.93661586523447,1,0,233,0.02,0.3452487885951996
6961,173.2652848807957,1,0,233,0.02,0.3338778614997864
6962,184.2309513974229,1,0,249,0.02,0.3466649055480957
6963,197.45169154882822,1,0,255,0.02,0.3414798676967621
6964,193.44321277857216,1,0,243,0.02,0.3410995602607727
6965,194.6498970262196,1,0,257,0.02,0.3477248251438141
6966,191.46406047264594,1,0,236,0.02,0.3316839635372162
6967,207.79223941564953,1,0,237,0.02,0.3363429009914398
6968,199.16020010233316,1,0,247,0.02,0.3368527293205261
6969,169.08339184999855,1,0,278,0.02,0.3460547924041748
6970,184.122151916031,1,0,222,0.02,0.3363647758960724
6971,185.04034403562937,1,0,254,0.02,0.3493167459964752
6972,198.45490272442365,1,0,251,0.02,0.34147340059280396
6973,189.36595064878856,1,0,219,0.02,0.3379150927066803
6974,188.69782331705485,1,0,252,0.02,0.3399469256401062
6975,191.6145906631138,1,0,254,0.02,0.34905141592025757
6976,191.6056609765675,1,0,227,0.02,0.331283837556839
6977,192.75522700230144,1,0,230,0.02,0.34889233112335205
6978,203.27023507515455,1,0,248,0.02,0.34014031291007996
6979,205.26474825779462,1,0,238,0.02,0.34901201725006104
6980,190.37471221844214,1,0,251,0.02,0.3390210270881653
6981,193.80018236875924,1,0,246,0.02,0.3443571627140045
6982,190.72848628441355,1,0,256,0.02,0.34307751059532166
6983,193.31494952599073,1,0,235,0.02,0.32896170020103455
6984,186.49371197144055,1,0,232,0.02,0.34927108883857727
6985,187.72048508564495,1,0,238,0.02,0.3475778102874756
6986,193.35597571770214,1,0,234,0.02,0.3387051522731781
6987,199.06261080662276,1,0,254,0.02,0.3420463800430298
6988,186.58815660715493,1,0,255,0.02,0.3348636031150818
6989,181.89613867044838,1,0,251,0.02,0.34536808729171753
6990,191.8578217116978,1,0,234,0.02,0.3482436537742615
6991,185.63048004389202,1,0,245,0.02,0.34678274393081665
6992,173.0149751687089,1,0,225,0.02,0.340658962726593
6993,183.74072560549172,1,0,253,0.02,0.3442213535308838
6994,191.64809452772533,1,0,245,0.02,0.3423791229724884
6995,196.47055570999643,1,0,260,0.02,0.3300601541996002
6996,193.51859153986368,1,0,245,0.02,0.34975486993789673
6997,197.63777820030714,1,0,243,0.02,0.348254531621933
6998,197.10932926893625,1,0,261,0.02,0.33457043766975403
6999,182.32579426527414,1,0,266,0.02,0.34295418858528137
