episode,reward,success,collision,steps,epsilon,final_distance
0,-57.77228808482607,0,0,300,0.995,8.131542205810547
1,-47.42256488800037,0,0,300,0.990025,7.511282444000244
2,-69.50696136474588,0,0,300,0.985074875,6.993480682373047
3,-53.6090153121947,0,0,300,0.9801495006250001,7.634507656097412
4,-50.43685817718495,0,0,300,0.9752487531218751,6.218429088592529
5,-50.869115935167876,0,0,300,0.9703725093562657,6.999956130981445
6,-64.28573650360093,0,0,300,0.9655206468094844,7.172868251800537
7,-54.63027089039342,0,0,300,0.960693043575437,7.479737281799316
8,-42.03864859660592,0,0,300,0.9558895783575597,7.1447224617004395
9,-57.26822559356675,0,0,300,0.9511101304657719,6.924112796783447
10,-56.17298419952383,0,0,300,0.946354579813443,7.796492099761963
11,-46.492743911743084,0,0,300,0.9416228069143757,6.776371955871582
12,-47.52347190856925,0,0,300,0.9369146928798039,6.471735954284668
13,-46.67762692371863,0,0,300,0.9322301194154049,6.803415298461914
14,-59.02430110057315,0,0,300,0.9275689688183278,6.607548713684082
15,-42.13253528594962,0,0,300,0.9229311239742362,5.6562676429748535
16,-61.27366531372056,0,0,300,0.918316468354365,6.696832656860352
17,-44.738312712511636,0,0,300,0.9137248860125932,5.99455451965332
18,-50.03190746307361,0,0,300,0.9091562615825302,7.315953731536865
19,-45.325420761108326,0,0,300,0.9046104802746175,7.462710380554199
20,-50.01387930949651,0,0,300,0.9000874278732445,5.872337818145752
21,-50.92317520141593,0,0,300,0.8955869907338783,7.281587600708008
22,-54.80235130310049,0,0,300,0.8911090557802088,6.491175651550293
23,-62.929248046874854,0,0,300,0.8866535105013078,6.6146240234375
24,-125.25069969177225,0,0,300,0.8822202429488013,5.0353498458862305
25,-45.73068984985345,0,0,300,0.8778091417340573,7.195344924926758
26,-56.549980888366605,0,0,300,0.8734200960253871,5.89499044418335
27,-48.199900093078526,0,0,300,0.8690529955452602,6.629950046539307
28,-52.43260807037343,0,0,300,0.8647077305675338,5.246304035186768
29,-55.76080825805652,0,0,300,0.8603841919146962,6.24040412902832
30,-55.08917530059802,0,0,300,0.8560822709551227,6.254587650299072
31,-43.6360135269164,0,0,300,0.851801859600347,5.558006763458252
32,-44.17436266978708,0,0,300,0.8475428503023453,6.452579498291016
33,-47.144145079455036,0,0,300,0.8433051360508336,6.907470703125
34,-52.99706329345693,0,0,300,0.8390886103705794,6.178531646728516
35,-54.083343048095614,0,0,300,0.8348931673187264,6.781671524047852
36,-50.264622955322146,0,0,300,0.8307187014821328,6.992311477661133
37,-62.13053920745835,0,0,300,0.8265651079747222,6.425269603729248
38,-47.713221397399785,0,0,300,0.8224322824348486,4.686610698699951
39,-51.64673027038564,0,0,300,0.8183201210226743,7.153365135192871
40,-52.663121910095086,0,0,300,0.8142285204175609,6.221560955047607
41,-45.928700934252404,0,0,300,0.810157377815473,6.329748630523682
42,-44.470856734118136,0,0,300,0.8061065909263957,7.070826530456543
43,-41.871974936327575,0,0,300,0.8020760579717637,6.061385631561279
44,-45.68449726104727,0,0,300,0.798065677681905,5.642248630523682
45,-55.35256053924547,0,0,300,0.7940753492934954,6.416280269622803
46,-52.23449405670153,0,0,300,0.7901049725470279,7.44724702835083
47,-212.21140190124498,0,1,289,0.7861544476842928,4.500700950622559
48,-35.94070175170894,0,0,300,0.7822236754458713,4.830350875854492
49,-45.929481154284105,0,0,300,0.778312557068642,6.770138740539551
50,-54.74649360656728,0,0,300,0.7744209942832988,5.233246803283691
51,-43.65742084503164,0,0,300,0.7705488893118823,6.718710422515869
52,-42.49007579803461,0,0,300,0.7666961448653229,5.635037899017334
53,-45.694436674913995,0,0,300,0.7628626641409962,5.652616500854492
54,-40.515768538317346,0,0,300,0.7590483508202912,5.623282432556152
55,-29.344717826843205,0,0,300,0.7552531090661897,5.502358913421631
56,-40.39390612681833,0,0,300,0.7514768435208588,7.562351226806641
57,-43.435116195678646,0,0,300,0.7477194593032545,5.0175580978393555
58,-38.07437107086173,0,0,300,0.7439808620067382,5.927185535430908
59,-56.42014713287342,0,0,300,0.7402609576967045,6.360073566436768
60,-31.829517631530685,0,0,300,0.736559652908221,5.274758815765381
61,-39.29890850067136,0,0,300,0.7328768546436799,5.509454250335693
62,-44.16441001892076,0,0,300,0.7292124703704616,7.382205009460449
63,-43.625988693237225,0,0,300,0.7255664080186093,5.702994346618652
64,-41.25673342784371,0,0,300,0.7219385759785162,5.493764877319336
65,-42.18099886973823,0,0,300,0.7183288830986236,4.925897598266602
66,-47.039415626525766,0,0,300,0.7147372386831305,5.3797078132629395
67,-50.09756518443552,0,0,300,0.7111635524897149,5.414180755615234
68,-34.27213697433471,0,0,300,0.7076077347272662,2.9860684871673584
69,-44.92518451690665,0,0,300,0.7040696960536299,6.822592258453369
70,-43.20710643768304,0,0,300,0.7005493475733617,6.933553218841553
71,-52.62773776133973,0,0,300,0.697046600835495,6.059267044067383
72,-35.66159392436471,0,0,300,0.6935613678313175,5.696195125579834
73,-40.41655493815865,0,0,300,0.6900935609921609,5.573675632476807
74,-40.56824690898383,0,0,300,0.6866430931872001,6.119521617889404
75,-41.63272334178413,0,0,300,0.6832098777212641,5.681759834289551
76,-39.66894092559806,0,0,300,0.6797938283326578,6.134470462799072
77,-40.91613585551702,0,0,300,0.6763948591909945,5.293466091156006
78,-43.14672443389884,0,0,300,0.6730128848950395,6.463362216949463
79,-43.91504356384269,0,0,300,0.6696478204705644,6.347521781921387
80,-44.39714480479683,0,0,300,0.6662995813682115,5.563970565795898
81,-35.78662189483639,0,0,300,0.6629680834613705,5.723310947418213
82,-44.1604352100703,0,0,300,0.6596532430440636,5.945615768432617
83,-42.0396178054809,0,0,300,0.6563549768288433,5.8798089027404785
84,-41.86289188385007,0,0,300,0.653073201944699,5.321445941925049
85,-78.83114883422837,0,0,300,0.6498078359349755,4.305574417114258
86,-34.93843433380123,0,0,300,0.6465587967553006,4.859217166900635
87,-44.45275440216055,0,0,300,0.6433260027715241,7.526377201080322
88,-34.665646086535105,0,0,300,0.6401093727576664,5.198221206665039
89,-32.124483375549296,0,0,300,0.6369088258938781,5.422241687774658
90,-36.70628089030708,0,0,300,0.6337242817644086,5.128538608551025
91,-33.37367583354441,0,0,300,0.6305556603555866,5.552236080169678
92,-28.377723227343253,0,0,300,0.6274028820538087,5.054259777069092
93,-35.14454910278316,0,0,300,0.6242658676435396,4.962274551391602
94,-35.185505599975514,0,0,300,0.6211445383053219,5.482752799987793
95,-40.913926391601514,0,0,300,0.6180388156137953,5.316963195800781
96,-36.08848163604731,0,0,300,0.6149486215357263,5.434240818023682
97,-31.46407100677485,0,0,300,0.6118738784280476,5.622035503387451
98,-40.7328163441035,0,0,300,0.6088145090359074,5.671806335449219
99,-31.04317543029785,0,0,300,0.6057704364907278,4.911587715148926
100,-38.49296924591057,0,0,300,0.6027415843082742,5.136484622955322
101,-34.575950690111775,0,0,300,0.5997278763867329,5.123373508453369
102,-37.971515388488704,0,0,300,0.5967292370047992,5.375757694244385
103,-135.831174583435,0,0,300,0.5937455908197752,4.805587291717529
104,-36.82063151439154,0,0,300,0.5907768628656763,5.275713920593262
105,-35.52320072174067,0,0,300,0.5878229785513479,5.151600360870361
106,-28.43281337738035,0,0,300,0.5848838636585911,5.1064066886901855
107,-32.22014529307812,0,0,300,0.5819594443402982,4.945470809936523
108,-40.46647331237782,0,0,300,0.5790496471185967,5.123236656188965
109,-30.195840845904076,0,0,300,0.5761543988830038,2.9633185863494873
110,-35.09307941436763,0,0,300,0.5732736268885887,5.376539707183838
111,-40.30840446472158,0,0,300,0.5704072587541458,4.89420223236084
112,-143.4312309559201,0,0,300,0.567555222460375,4.871013641357422
113,-31.035765181383788,0,0,300,0.5647174463480732,5.3832807540893555
114,-36.62901184082029,0,0,300,0.5618938591163328,5.704505920410156
115,-29.693628798327087,0,0,300,0.5590843898207511,5.712212562561035
116,-32.974592810473126,0,0,300,0.5562889678716474,4.792694568634033
117,-31.43640544891348,0,0,300,0.5535075230322891,5.578202724456787
118,-31.45108577728267,0,0,300,0.5507399854171277,5.115542888641357
119,-25.911103630065906,0,0,300,0.547986285490042,3.755551815032959
120,-29.048486022949184,0,0,300,0.5452463540625918,5.384243011474609
121,-32.28564245223993,0,0,300,0.5425201222922789,3.232821226119995
122,-27.644625453948965,0,0,300,0.5398075216808175,3.6823127269744873
123,-39.51917136271923,0,0,300,0.5371084840724134,4.56498384475708
124,-30.293306083679134,0,0,300,0.5344229416520513,5.0366530418396
125,-35.27304813385008,0,0,300,0.531750826943791,5.526524066925049
126,-35.62236834605658,0,0,300,0.5290920728090721,5.176582336425781
127,-20.808537131151876,0,0,300,0.5264466124450268,5.209666728973389
128,-32.66024330139158,0,0,300,0.5238143793828016,5.190121650695801
129,-38.211221542358345,0,0,300,0.5211953074858876,4.935610771179199
130,-111.2462081527709,0,0,300,0.5185893309484582,4.893104076385498
131,-30.23433813095095,0,0,300,0.5159963842937159,3.447169065475464
132,-36.10797740936274,0,0,300,0.5134164023722473,5.2939887046813965
133,-29.79879894256586,0,0,300,0.510849320360386,5.199399471282959
134,-40.29197859843696,0,0,300,0.5082950737585841,4.391387462615967
135,-29.253861971697507,0,0,300,0.5057535983897912,3.462329149246216
136,-33.12261268615719,0,0,300,0.5032248303978422,5.451306343078613
137,-102.11931002696467,0,0,300,0.500708706245853,4.365053176879883
138,-36.04901674270624,0,0,300,0.4982051627146237,3.8845083713531494
139,-21.0902667148921,0,0,300,0.49571413690105054,2.410531520843506
140,-27.199387675127696,0,0,300,0.4932355662165453,2.9050920009613037
141,-71.60971197128285,0,0,300,0.4907693883854626,3.6348559856414795
142,-24.415856628417913,0,0,300,0.4883155414435353,5.067928314208984
143,-37.793836860656725,0,0,300,0.4858739637363176,4.256918430328369
144,-31.904190330505322,0,0,300,0.483444593917636,5.3120951652526855
145,-34.50932910919185,0,0,300,0.4810273709480478,5.614664554595947
146,-23.65551268657174,0,0,300,0.47862223409330756,5.01315450668335
147,-195.73723396301358,0,0,300,0.47622912292284103,4.698616981506348
148,-52.78275923808544,0,0,300,0.4738479773082268,4.9867777824401855
149,-27.779639731249485,0,0,300,0.47147873742168567,5.255218029022217
150,-44.35598689158883,0,0,300,0.46912134373457726,4.8933916091918945
151,-19.37172032435868,0,0,300,0.46677573701590436,3.0512583255767822
152,-60.54194949229685,0,0,300,0.46444185833082485,4.776372909545898
153,-20.929004878997784,0,0,300,0.46211964903917074,2.8545024394989014
154,-33.969580383300745,0,0,300,0.4598090507939749,5.874790191650391
155,-247.71542306900022,0,1,274,0.457510005540005,1.627711534500122
156,-64.5460639484736,0,0,300,0.45522245551230495,4.868430137634277
157,-39.99157256206008,0,0,300,0.4529463432347434,4.27118444442749
158,-29.967888594469752,0,0,300,0.4506816115185697,4.729342460632324
159,-47.01284670909374,0,0,300,0.4484282034609769,4.251821517944336
160,-31.182436904907235,0,0,300,0.446186062443672,3.8612184524536133
161,-38.22448894500726,0,0,300,0.4439551321314536,5.502244472503662
162,-40.709254980883294,0,0,300,0.4417353564707963,4.600025653839111
163,-38.48956897735595,0,0,300,0.43952667968844233,4.6047844886779785
164,-38.28143474578855,0,0,300,0.43732904629000013,5.530717372894287
165,-32.918548117479986,0,0,300,0.4351424010585501,4.324672222137451
166,-135.00471418380738,0,1,241,0.43296668905325736,2.0373570919036865
167,-25.217121810913074,0,0,300,0.43080185560799106,2.998560905456543
168,-55.19552641948192,0,0,300,0.4286478463299511,4.313161373138428
169,-28.330743217468257,0,0,300,0.42650460709830135,3.965371608734131
170,-46.9221236419677,0,0,300,0.42437208406280985,4.851061820983887
171,-46.958781004748,0,0,300,0.4222502236424958,4.724788665771484
172,-27.529656677246077,0,0,300,0.42013897252428334,5.624828338623047
173,-30.782340736389123,0,0,300,0.4180382776616619,5.28117036819458
174,-28.775265227160144,0,0,300,0.4159480862733536,4.253030776977539
175,-21.29393340190381,0,0,300,0.41386834584198684,5.512364864349365
176,-25.188963900408453,0,0,300,0.4117990041127769,3.9598801136016846
177,-30.276984596252415,0,0,300,0.40974000909221303,4.438492298126221
178,-25.451423492431616,0,0,300,0.40769130904675194,3.0557117462158203
179,-30.500465660095166,0,0,300,0.40565285250151817,5.110232830047607
180,-28.117259035906446,0,0,300,0.4036245882390106,2.924027681350708
181,-214.5858556938182,0,0,300,0.4016064652978155,3.1829278469085693
182,-27.8832494735718,0,0,300,0.3995984329713264,4.091624736785889
183,-22.17677880366772,0,0,300,0.3976004408064698,3.4537875652313232
184,-157.9410039051387,0,1,172,0.39561243860243744,5.035900115966797
185,-21.462048598131872,0,0,300,0.3936343764094253,4.066422462463379
186,-17.641335308551877,0,0,300,0.39166620452737816,0.32066765427589417
187,-141.63065435409547,0,1,219,0.3897078735047413,2.4303271770477295
188,-27.05070194244383,0,0,300,0.3877593341372176,2.855350971221924
189,-18.45559126933548,0,0,300,0.3858205374665315,4.0631937980651855
190,-32.48910076141357,0,0,300,0.38389143477919885,3.834550380706787
191,-22.4572954281184,0,0,300,0.3819719776053028,3.594045877456665
192,-19.464988479614288,0,0,300,0.3800621177172763,3.852494239807129
193,-25.89731809616087,0,0,300,0.37816180712868996,2.8386590480804443
194,-20.34071180343626,0,0,300,0.37627099809304654,2.5603559017181396
195,-120.26070838928213,0,0,300,0.3743896431025813,3.1003541946411133
196,-21.85998637279006,0,0,300,0.37251769488706843,3.2653913497924805
197,-17.22517586787672,0,0,300,0.3706551064126331,2.9779860973358154
198,-225.87532314300577,0,0,300,0.36880183088056995,2.7676615715026855
199,-19.913484306335434,0,0,300,0.3669578217261671,3.3467421531677246
200,-32.314249525866195,0,0,300,0.36512303261753626,2.5225229263305664
201,-23.151891918182365,0,0,300,0.3632974174544486,3.9659459590911865
202,-31.16172096252441,0,0,300,0.3614809303671764,3.970860481262207
203,-29.36272552490233,0,0,300,0.3596735257153405,4.041362762451172
204,-16.376648436388695,0,0,300,0.3578751580867638,4.053722381591797
205,-31.083091640472336,0,0,300,0.35608578229633,3.841545820236206
206,-419.11819149017475,0,0,300,0.3543053533848483,4.67909574508667
207,-22.626612567901585,0,0,300,0.35253382661792404,3.6133062839508057
208,-19.829094142913803,0,0,300,0.3507711574848344,3.804547071456909
209,-19.207220287322997,0,0,300,0.34901730169741024,2.993610143661499
210,-33.439466543993646,0,0,300,0.3472722151889232,4.555131435394287
211,-25.26458618164061,0,0,300,0.3455358541129786,5.5222930908203125
212,-18.365020961761473,0,0,300,0.3438081748424137,3.5725104808807373
213,-24.825046072802238,0,0,300,0.3420891339682016,4.777921199798584
214,-157.20159918864695,0,1,245,0.3403786882983606,4.311197757720947
215,-20.10793305476639,0,0,300,0.3386767948568688,2.9193646907806396
216,-59.97198665618888,0,0,300,0.33698341088258443,3.5459933280944824
217,-25.79237480163573,0,0,300,0.3352984938281715,3.546187400817871
218,-21.449141712188705,0,0,300,0.33362200135903064,3.6145708560943604
219,-23.32439395904537,0,0,300,0.33195389135223546,5.552196979522705
220,-25.32042499542237,0,0,300,0.3302941218954743,4.930212497711182
221,-20.875687332153287,0,0,300,0.32864265128599696,5.82784366607666
222,-78.04293783187866,0,0,300,0.326999438029567,2.731468915939331
223,-64.6130292423579,0,0,300,0.3253644408394192,4.051912784576416
224,-23.84801599502566,0,0,300,0.3237376186352221,2.8140079975128174
225,-10.455981464385992,0,0,300,0.322118930542046,3.117990732192993
226,-19.364923686981214,0,0,300,0.32050833588933575,3.0724618434906006
227,-23.494836397967056,0,0,300,0.31890579420988907,3.0828163623809814
228,-21.056370268664093,0,0,300,0.3173112652388396,2.893583297729492
229,-19.716326313018797,0,0,300,0.3157247089126454,2.5681631565093994
230,-146.25630820354,0,0,300,0.3141460853680822,3.4335522651672363
231,-24.749174385070802,0,0,300,0.3125753549412418,3.2345871925354004
232,-25.478216181597425,0,0,300,0.31101247816653554,3.104506254196167
233,-125.21610070308162,0,0,300,0.30945741577570285,2.9734485149383545
234,-13.299421577453616,0,0,300,0.3079101286968243,3.0097107887268066
235,-48.28268117904657,0,0,300,0.3063705780533402,2.7913405895233154
236,-15.76900407791139,0,0,300,0.30483872516307353,2.7745020389556885
237,-8.781553478240976,0,0,300,0.3033145315372582,3.2807767391204834
238,-136.1235928916931,0,1,199,0.3017979588795719,3.4167964458465576
239,-90.1134868343683,0,0,300,0.30028896908517405,2.892141580581665
240,-22.032508135637983,0,0,300,0.2987875242397482,3.7616522312164307
241,-22.556988726458275,0,0,300,0.29729358661854943,2.643892526626587
242,-16.926216869354256,0,0,300,0.29580711868545667,2.823108434677124
243,-25.129413367113756,0,0,300,0.2943280830920294,4.310104846954346
244,-12.44313028335573,0,0,300,0.29285644267656924,2.5815651416778564
245,-31.903704405626918,0,0,300,0.2913921604631864,4.6972503662109375
246,-56.802634421190795,0,0,300,0.28993519966087045,4.17671537399292
247,-55.514980192980445,0,0,300,0.2884855236625661,4.442888259887695
248,-16.77605131149295,0,0,300,0.28704309604425327,2.24802565574646
249,-13.766209135851613,0,0,300,0.285607880564032,2.248502731323242
250,-21.33140660365555,0,0,300,0.28417984116121187,3.0311014652252197
251,-8.819874296984421,0,0,300,0.2827589419554058,2.7753353118896484
252,-20.093780784606924,0,0,300,0.28134514724562876,2.906890392303467
253,-15.101278572082554,0,0,300,0.2799384215094006,2.4106392860412598
254,-15.692258902392139,0,0,300,0.27853872940185365,5.181527614593506
255,-12.427291460833287,0,0,300,0.27714603575484437,3.049043893814087
256,-13.412260065874799,0,0,300,0.2757603055760701,3.071528196334839
257,-25.036037178039507,0,0,300,0.2743815040481898,4.908018589019775
258,-11.399965296587675,0,0,300,0.2730095965279488,2.565380811691284
259,-12.393293867907264,0,0,300,0.27164454854530906,2.562045097351074
260,-28.308022509417224,0,0,300,0.2702863258025825,2.519409418106079
261,-18.665658206939707,0,0,300,0.2689348941735696,2.7228291034698486
262,-14.751210280260782,0,0,300,0.26759021970270175,1.711003303527832
263,-20.95055362701414,0,0,300,0.2662522686041882,2.86527681350708
264,-19.138867865404816,0,0,300,0.2649210072611673,4.9348320960998535
265,-18.451699943542483,0,0,300,0.26359640222486147,3.1158499717712402
266,-21.65257427215577,0,0,300,0.26227842021373715,4.216287136077881
267,-21.36361381530762,0,0,300,0.2609670281126685,3.0718069076538086
268,-12.03081390380862,0,0,300,0.25966219297210513,2.405406951904297
269,-16.520083694458023,0,0,300,0.2583638820072446,2.120041847229004
270,-16.589265079498333,0,0,300,0.2570720625972084,1.6846325397491455
271,-12.454116354784706,0,0,300,0.25578670228422234,3.092456340789795
272,-11.432133884429945,0,0,300,0.25450776877280124,2.106066942214966
273,-18.925839911303243,0,0,300,0.2532352299289372,2.8283181190490723
274,-15.838079662323022,0,0,300,0.2519690537792925,2.809039831161499
275,-26.876764984130855,0,0,300,0.2507092085103961,4.32838249206543
276,-17.467376079559326,0,0,300,0.2494556624678441,2.063688039779663
277,-13.950678081512455,0,0,300,0.24820838415550486,2.8653390407562256
278,-18.747834454378822,0,0,300,0.24696734223472733,1.739315390586853
279,-20.60751486857864,0,0,300,0.2457325055235537,2.1691555976867676
280,-69.06002543528996,0,0,300,0.24450384299593592,4.0354108810424805
281,-34.444179725646926,0,0,300,0.24328132378095624,4.372089862823486
282,-10.748868675231938,0,0,300,0.24206491716205145,2.264434337615967
283,-47.83730957031232,0,0,300,0.2408545925762412,4.80865478515625
284,-18.10966571807864,0,0,300,0.23965031961336,3.8848328590393066
285,-12.655225009918219,0,0,300,0.2384520680152932,2.7176125049591064
286,-10.851731033325196,0,0,300,0.23725980767521673,2.8158655166625977
287,-15.70673323710892,0,0,300,0.23607350863684065,3.2187647819519043
288,-24.112748947143565,0,0,300,0.23489314109365644,3.8863744735717773
289,-12.812418471178747,0,0,300,0.23371867538818816,2.7716073989868164
290,-10.023358135223397,0,0,300,0.23255008201124722,2.8716790676116943
291,-13.858797083697066,0,0,300,0.231387331601191,2.7947967052459717
292,-11.267670421600355,0,0,300,0.23023039494318503,3.993835210800171
293,-20.989865790209517,0,0,300,0.2290792429684691,4.860331058502197
294,-27.076788749694796,0,0,300,0.22793384675362674,3.868394374847412
295,-13.226631908416765,0,0,300,0.22679417751985861,3.973315954208374
296,-18.394501219591856,0,0,300,0.22566020663225933,3.0626487731933594
297,-17.87072707255812,0,0,300,0.22453190559909803,3.8007616996765137
298,-133.1652059173584,0,1,140,0.22340924607110255,3.852602958679199
299,-215.78149404525794,0,0,300,0.22229219984074702,3.690747022628784
300,-16.366312037310376,0,0,300,0.2211807388415433,2.0485541820526123
301,-19.4653048618648,0,0,300,0.22007483514733558,4.098050594329834
302,-10.436929435729976,0,0,300,0.2189744609715989,2.1084647178649902
303,-13.272589217028369,0,0,300,0.2178795886667409,4.001692771911621
304,-16.157953948974633,0,0,300,0.2167901907234072,3.9689769744873047
305,-145.56316020965573,0,1,174,0.21570623976979014,3.641580104827881
306,-17.617607803344736,0,0,300,0.21462770857094118,3.1988039016723633
307,-8.95914942821001,0,0,300,0.21355457002808648,2.8149728775024414
308,-17.00027450561526,0,0,300,0.21248679717794605,4.330137252807617
309,-189.9813314056415,0,0,300,0.21142436319205632,4.960665702819824
310,-16.97472068786624,0,0,300,0.21036724137609603,4.3773603439331055
311,-8.79531428337097,0,0,300,0.20931540516921554,1.7876571416854858
312,-21.64171287536617,0,0,300,0.20826882814336947,4.7108564376831055
313,-14.2436864089966,0,0,300,0.20722748400265262,4.511843204498291
314,-18.111274128756328,0,0,300,0.20619134658263935,1.8610352277755737
315,-12.355061321258564,0,0,300,0.20516038984972615,2.0375306606292725
316,-11.56385066986084,0,0,300,0.2041345879004775,2.14192533493042
317,-9.948558102450107,0,0,300,0.2031139149609751,1.8396772146224976
318,-10.045342751345357,0,0,300,0.20209834538617025,1.8580695390701294
319,-13.627809257507327,0,0,300,0.2010878536592394,1.703904628753662
320,-11.500110597610485,0,0,300,0.2000824143909432,1.6400552988052368
321,-16.997348814010643,0,0,300,0.19908200231898848,1.85867440700531
322,-12.018491954803492,0,0,300,0.19808659230739353,1.8992459774017334
323,-6.436131982803333,0,0,300,0.19709615934585656,1.5780659914016724
324,-9.528179140090941,0,0,300,0.19611067854912728,1.6540895700454712
325,-12.621332417330484,0,0,300,0.19513012515638165,1.676064372062683
326,-15.588953266939901,0,0,300,0.19415447453059972,1.6598747968673706
327,-10.522962894439704,0,0,300,0.19318370215794672,1.5914814472198486
328,-9.302433223724362,0,0,300,0.192217783647157,1.5412166118621826
329,-13.431624003252713,0,0,300,0.1912566947289212,1.5512101650238037
330,-13.775748939514184,0,0,300,0.1903004112552766,5.27787446975708
331,-10.561302747726447,0,0,300,0.18934890919900021,1.6106513738632202
332,-11.5947754096985,0,0,300,0.18840216465300522,1.6873877048492432
333,-25.44520015716552,0,0,300,0.18746015382974018,5.372600078582764
334,-11.42439940452575,0,0,300,0.1865228530605915,1.5721997022628784
335,-11.635628710589168,0,0,300,0.18559023879528855,1.6832125186920166
336,-12.360452623367308,0,0,300,0.1846622876013121,1.5702263116836548
337,-13.347575635910033,0,0,300,0.18373897616330553,1.563787817955017
338,-13.484104843139663,0,0,300,0.182820281282489,1.6320524215698242
339,-11.474882812500018,0,0,300,0.18190617987607657,1.62744140625
340,-13.162790746688874,0,0,300,0.18099664897669618,1.4713953733444214
341,-15.197274752459293,0,0,300,0.1800916657318127,2.934035539627075
342,-58.27853965759275,0,0,300,0.17919120740315364,4.639269828796387
343,-33.53431583404531,0,0,300,0.17829525136613786,3.387157917022705
344,-11.871020861468086,0,0,300,0.17740377510930716,2.2709085941314697
345,-287.13633270263745,0,0,300,0.17651675623376062,3.2181663513183594
346,-11.38783598502609,0,0,300,0.1756341724525918,0.9993161559104919
347,-37.98613185008499,0,0,300,0.17475600159032884,4.768464088439941
348,-8.294935731887822,0,0,300,0.17388222158237718,1.5074678659439087
349,-16.02014085769653,0,0,300,0.1730128104744653,1.4000704288482666
350,-9.508112697601307,0,0,300,0.17214774642209296,1.6140563488006592
351,-9.148459644317628,0,0,300,0.1712870076899825,1.4642298221588135
352,-11.438277568817139,0,0,300,0.17043057265153258,1.5491387844085693
353,-12.294331998825085,0,0,300,0.16957841978827493,1.5371659994125366
354,-9.201486558914167,0,0,300,0.16873052768933355,1.4907432794570923
355,-5.88910743713377,0,0,300,0.1678868750508869,1.3345537185668945
356,-12.570871897539828,0,0,300,0.16704744067563246,1.6208341121673584
357,-12.444107980728143,0,0,300,0.1662122034722543,1.6120539903640747
358,-17.208120079040537,0,0,300,0.16538114245489302,5.494060039520264
359,-6.382775754928596,0,0,300,0.16455423674261854,1.5813878774642944
360,-7.320500345230107,0,0,300,0.16373146555890544,1.5502501726150513
361,-8.547727794647205,0,0,300,0.16291280823111093,1.6638638973236084
362,-16.235818595886265,0,0,300,0.16209824418995536,5.007909297943115
363,-16.080990524292012,0,0,300,0.16128775296900558,6.430495262145996
364,-18.171131401062,0,0,300,0.16048131420416054,6.445565700531006
365,-17.133134155273446,0,0,300,0.15967890763313974,6.426567077636719
366,-20.972437591552705,0,0,300,0.15888051309497406,5.876218795776367
367,-16.68435123443605,0,0,300,0.1580861105294992,6.202175617218018
368,-16.32677889903519,0,0,300,0.1572956799768517,6.528787612915039
369,-7.222961635589599,0,0,300,0.15650920157696743,1.5014808177947998
370,-17.397301406860365,0,0,300,0.1557266555690826,5.588650703430176
371,-18.748109550476084,0,0,300,0.1549480222912372,5.764054775238037
372,-13.88099104960893,0,0,300,0.15417328217978102,5.775893688201904
373,-19.150655479431144,0,0,300,0.1534024157688821,6.465327739715576
374,-19.3830506515503,0,0,300,0.1526354036900377,6.5815253257751465
375,-10.27271581729386,0,0,300,0.1518722266715875,1.5017560720443726
376,-19.103015433153864,0,0,300,0.15111286553822956,4.916905879974365
377,-13.355316649279352,0,0,300,0.15035730121053842,5.543056488037109
378,-17.521252165636785,0,0,300,0.14960551470448571,5.12602424621582
379,-21.606939383349108,0,0,300,0.14885748713096328,5.1388678550720215
380,-161.38564730723866,0,0,300,0.14811319969530845,5.058221817016602
381,-16.80707141876221,0,0,300,0.1473726336968319,5.2935357093811035
382,-12.46513786315919,0,0,300,0.14663577052834775,5.03256893157959
383,-68.44245841979965,0,0,300,0.14590259167570602,5.081229209899902
384,-16.168065338134785,0,0,300,0.1451730787173275,5.444032669067383
385,-9.098283530077671,0,0,300,0.14444721332374086,2.2945399284362793
386,-148.65533843994132,0,1,206,0.14372497725712216,4.497669219970703
387,-135.22721214294432,0,1,78,0.14300635237083656,4.513606071472168
388,-233.10350482940774,0,0,300,0.14229132060898236,4.961752414703369
389,-40.28005664825433,0,0,300,0.14157986400593744,5.050028324127197
390,-20.284113807678235,0,0,300,0.14087196468590776,4.932056903839111
391,-74.98229938507075,0,0,300,0.14016760486247823,4.9611496925354
392,-14.269318313598651,0,0,300,0.13946676683816583,5.024659156799316
393,-13.327397833666563,0,0,300,0.138769433003975,5.529097080230713
394,-14.58075416564947,0,0,300,0.13807558583895513,3.850377082824707
395,-25.314602355957014,0,0,300,0.13738520790976036,4.917301177978516
396,-9.292470245361333,0,0,300,0.13669828187021155,1.506235122680664
397,-8.587343703112344,0,0,300,0.13601479046086049,1.6590700149536133
398,-70.16529014587395,0,0,300,0.1353347165085562,4.942645072937012
399,-19.17332388003803,0,0,300,0.1346580429260134,1.4520601034164429
400,-31.654965553283656,0,0,300,0.13398475271138335,4.997482776641846
401,-8.367249698638924,0,0,300,0.13331482894782642,1.573624849319458
402,-8.272907744250038,0,0,300,0.13264825480308728,1.501852035522461
403,-10.533176689147961,0,0,300,0.13198501352907185,4.626588344573975
404,-9.141620368957517,0,0,300,0.1313250884614265,0.9608101844787598
405,-9.196309576830588,0,0,300,0.13066846301911936,1.4635529518127441
406,-7.482760201296544,0,0,300,0.13001512070402377,1.6067782640457153
407,-8.070402593612677,0,0,300,0.12936504510050365,1.4252012968063354
408,-14.526588793597004,0,0,300,0.12871821987500112,1.4486925601959229
409,-27.94192385753125,0,0,300,0.12807462877562611,1.716360092163086
410,-5.230808467864995,0,0,300,0.12743425563174798,1.5054042339324951
411,-9.402256937026975,0,0,300,0.12679708435358925,1.5911284685134888
412,-6.439890395006864,0,0,300,0.1261630989318213,1.585343360900879
413,-7.319936485290534,0,0,300,0.1255322834371622,1.5499682426452637
414,-7.2335779953002985,0,0,300,0.12490462201997637,1.4767889976501465
415,-207.0853055071845,0,0,300,0.1242800989098765,0.4826527535915375
416,-7.661435252031991,0,0,300,0.12365869841532712,2.136115789413452
417,-9.482988805770852,0,0,300,0.12304040492325048,1.631494402885437
418,-8.407449017367103,0,0,300,0.12242520289863423,1.5691226720809937
419,-11.642837553024279,0,0,300,0.12181307688414106,1.681418776512146
420,-6.534615306854252,0,0,300,0.12120401149972035,1.627307653427124
421,-66.2045003803584,0,0,300,0.12059799144222175,1.3776483535766602
422,-4.105105848312375,0,0,300,0.11999500148501063,1.442552924156189
423,-3.23969146728516,0,0,300,0.11939502647758558,1.5098457336425781
424,-5.954845438799596,0,0,300,0.11879805134519765,1.3428208827972412
425,-5.998580665588384,0,0,300,0.11820406108847166,1.3892903327941895
426,-6.920362443923951,0,0,300,0.1176130407830293,0.8501812219619751
427,-9.171785564422617,0,0,300,0.11702497557911415,1.4758927822113037
428,-10.14395734786988,0,0,300,0.11643985070121858,1.4619786739349365
429,-8.376686344942781,0,0,300,0.11585765144771248,1.5537413358688354
430,-5.1012282085418725,0,0,300,0.11527836319047392,1.440614104270935
431,-5.022614212036135,0,0,300,0.11470197137452155,1.4013071060180664
432,-9.862635145983429,0,0,300,0.11412846151764894,1.2967157363891602
433,-5.847692976793963,0,0,300,0.1135578192100607,1.2892446517944336
434,-6.8674173458430365,0,0,300,0.11299003011401039,1.2991068363189697
435,-7.359154473147121,0,0,300,0.11242507996344034,1.5449753999710083
436,-12.292084942660075,0,0,300,0.11186295456362313,1.511440634727478
437,-4.216305704116822,0,0,300,0.11130363979080501,1.4981528520584106
438,-149.5152592849741,0,0,300,0.11074712159185099,4.997629642486572
439,-7.436031312942507,0,0,300,0.11019338598389174,1.6080156564712524
440,-7.377578984102937,0,0,300,0.10964241905397228,1.5541876554489136
441,-8.039648981094354,0,0,300,0.10909420695870241,1.4098244905471802
442,-5.456354112625124,0,0,300,0.1085487359239089,1.618177056312561
443,-5.222025127410894,0,0,300,0.10800599224428936,1.5010125637054443
444,-7.981886358261116,0,0,300,0.10746596228306791,0.8809431791305542
445,-9.443593711853035,0,0,300,0.10692863247165257,1.6117968559265137
446,-3.380161219439233,0,0,300,0.1063939893092943,0.8454787731170654
447,-5.883621106943819,0,0,300,0.10586201936274783,0.8072087168693542
448,-3.1559327507019006,0,0,300,0.10533270926593409,0.9079663753509521
449,-3.084421764216157,0,0,300,0.10480604571960442,0.9076090455055237
450,-4.9511037778854385,0,0,300,0.1042820154910064,0.8655518889427185
451,-6.114509553909305,0,0,300,0.10376060541355137,1.4472547769546509
452,-7.109933824539189,0,0,300,0.1032418023864836,1.4449669122695923
453,-6.4529683693263244,0,0,300,0.10272559337455119,0.5918823480606079
454,-5.88784576495621,0,0,300,0.10221196540767843,1.3093210458755493
455,-4.546560831865975,0,0,300,0.10170090558064004,1.1086785793304443
456,-7.759145508608537,0,0,300,0.10119240105273684,0.7449709177017212
457,-12.302773923873918,0,0,300,0.10068643904747315,1.5413869619369507
458,-9.634455771446234,0,0,300,0.10018300685223579,0.707227885723114
459,-6.8366536808013905,0,0,300,0.0996820918179746,0.8083268404006958
460,-10.523601503372202,0,0,300,0.09918368135888474,1.1518007516860962
461,-7.34906002998352,0,0,300,0.09868776295209031,1.0645300149917603
462,-6.010209293365449,0,0,300,0.09819432413732986,0.8951046466827393
463,-4.599507580599513,0,0,300,0.09770335251664321,0.6651519536972046
464,-7.881094466051767,0,0,300,0.09721483575406,0.8059453964233398
465,-10.818066130480506,0,0,300,0.09672876157528969,1.2744312286376953
466,-4.897335420450885,0,0,300,0.09624511776741324,0.8140658736228943
467,-8.554364414215087,0,0,300,0.09576389217857617,2.667182207107544
468,-6.430056543350213,0,0,300,0.09528507271768329,1.6050282716751099
469,-4.938315124511718,0,0,300,0.09480864735409487,0.8591575622558594
470,-9.56144381602737,0,0,300,0.0943346041173244,1.1461200714111328
471,-5.861057491302487,0,0,300,0.09386293109673778,2.320528745651245
472,-6.9601931285858205,0,0,300,0.09339361644125409,1.3700965642929077
473,-3.214234481653897,0,0,300,0.09292664835904782,0.9725154042243958
474,-5.291357289156643,0,0,300,0.09246201511725258,1.011076807975769
475,-5.215358643531787,0,0,300,0.09199970504166631,0.9676793217658997
476,-10.785299483141635,0,0,300,0.09153970651645797,2.1680479049682617
477,-3.90496612628432,0,0,300,0.09108200798387568,0.8178812265396118
478,-4.416009603342741,0,0,300,0.0906265979439563,0.9234029650688171
479,-3.2668537807464415,0,0,300,0.09017346495423652,1.02342689037323
480,-4.868672819137573,0,0,300,0.08972259762946533,0.8243364095687866
481,-3.638014565310207,0,0,300,0.089273984641318,1.1844054460525513
482,-4.849965600967406,0,0,300,0.0888276147181114,1.2849828004837036
483,-4.177468362650602,0,0,300,0.08838347664452084,0.8641323447227478
484,-8.1366966923091,0,0,300,0.08794155926129824,1.253746509552002
485,-3.1809869718551647,0,0,300,0.08750185146499175,0.9804934859275818
486,-2.214275184473725,0,0,300,0.08706434220766679,0.8825357556343079
487,-2.7781329830500816,0,0,300,0.08662902049662846,0.7244646549224854
488,-5.006623892784116,0,0,300,0.08619587539414532,0.8633119463920593
489,-5.257528849444122,0,0,300,0.08576489601717459,0.9641625881195068
490,-3.7083182438227777,0,0,300,0.08533607153708872,0.7195572853088379
491,-3.7870069845530683,0,0,300,0.08490939117940327,0.7589016556739807
492,-25.61945855220288,0,0,300,0.08448484422350626,1.4951274394989014
493,-5.116919647059164,0,0,300,0.08406242000238873,0.9238579869270325
494,-6.0321523006770335,0,0,300,0.08364210790237678,0.8214743137359619
495,-3.866572947502136,0,0,300,0.0832238973628649,0.8232864737510681
496,-1.874795408248908,0,0,300,0.08280777787605056,0.8273977041244507
497,-3.4433750820159896,0,0,300,0.08239373898667031,1.1116875410079956
498,-4.738214503130611,0,0,300,0.08198177029173696,0.7345054149627686
499,-6.769145698547373,0,0,300,0.08157186144027828,0.7745728492736816
500,-6.885612555346227,0,0,300,0.0811640021330769,0.7782044410705566
501,-5.913976578712468,0,0,300,0.08075818212241151,0.8169882893562317
502,-55.142440795898366,0,0,300,0.08035439121179945,4.071220397949219
503,-9.310431128344273,0,0,300,0.07995261925574046,4.96061372756958
504,-6.104326100349421,0,0,300,0.07955285615946175,0.9421630501747131
505,-3.880532712936399,0,0,300,0.07915509187866444,0.8302663564682007
506,-5.990160294375143,0,0,300,0.07875931641927113,0.830478310585022
507,-4.066528291702274,0,0,300,0.07836551983717477,0.9232641458511353
508,-15.653341780504924,0,0,300,0.07797369223798889,4.692069053649902
509,-13.075460166931174,0,0,300,0.07758382377679894,4.927730083465576
510,-13.6280374145508,0,0,300,0.07719590465791494,5.084018707275391
511,-14.265785598754897,0,0,300,0.07680992513462537,4.932892799377441
512,-15.444059104919459,0,0,300,0.07642587550895225,5.612029552459717
513,-13.356894980272994,0,0,300,0.07604374613140748,5.0438456535339355
514,-12.00875320434572,0,0,300,0.07566352740075044,5.304376602172852
515,-10.256611671447772,0,0,300,0.07528520976374668,4.458305835723877
516,-13.174466934204123,0,0,300,0.07490878371492794,4.417233467102051
517,-74.03679069519018,0,0,300,0.0745342397963533,4.848395347595215
518,-14.006123924255387,0,0,300,0.07416156859737154,4.8030619621276855
519,-22.220906944274876,0,0,300,0.07379076075438468,5.000453472137451
520,-13.301203460693374,0,0,300,0.07342180695061275,5.54060173034668
521,-15.522181044420938,0,0,300,0.07305469791585968,5.12648868560791
522,-13.17273590087893,0,0,300,0.07268942442628039,5.476367950439453
523,-10.261088858446815,0,0,300,0.07232597730414898,4.99594259262085
524,-14.684280662536645,0,0,300,0.07196434741762824,5.2021403312683105
525,-11.259835730395059,0,0,300,0.0716045256805401,4.995316028594971
526,-13.30233145793414,0,0,300,0.0712465030521374,5.016563892364502
527,-17.33341551860311,0,0,300,0.0708902705368767,5.532105922698975
528,-15.305946837267642,0,0,300,0.07053581918419231,5.51837158203125
529,-14.216307373046899,0,0,300,0.07018314008827135,5.4981536865234375
530,-13.460124702453642,0,0,300,0.06983222438783,5.620062351226807
531,-11.585457335314498,0,0,300,0.06948306326589085,5.6581268310546875
532,-14.567570219835991,0,0,300,0.0691356479495614,5.64918327331543
533,-15.698463172912628,0,0,300,0.06878996970981359,5.739231586456299
534,-11.891395301818859,0,0,300,0.06844601986126451,5.335697650909424
535,-12.588715820312517,0,0,300,0.06810378976195819,5.65435791015625
536,-10.932361335754404,0,0,300,0.0677632708131484,5.356180667877197
537,-13.944656105041515,0,0,300,0.06742445445908266,5.862328052520752
538,-15.892058105468767,0,0,300,0.06708733218678724,5.836029052734375
539,-11.964851866564493,0,0,300,0.0667518955258533,5.8478240966796875
540,-16.985308180651398,0,0,300,0.06641813604822402,5.8580522537231445
541,-16.937643538317435,0,0,300,0.0660860453679829,5.834219932556152
542,-14.923256407580118,0,0,300,0.06575561514114299,5.8270263671875
543,-14.039485998949758,0,0,300,0.06542683706543727,5.8551411628723145
544,-12.930717001757364,0,0,300,0.06509970288011008,5.830756664276123
545,-12.973620901903848,0,0,300,0.06477420436570952,5.852208614349365
546,-20.925737113952618,0,0,300,0.06445033334388098,5.852868556976318
547,-10.851274223327646,0,0,300,0.06412808167716157,5.815637111663818
548,-13.92402812957765,0,0,300,0.06380744126877576,5.852014064788818
549,-14.997695456347206,0,0,300,0.06348840406243188,5.864245891571045
550,-15.962176810106975,0,0,300,0.06317096204211972,5.846486568450928
551,-16.912726135253916,0,0,300,0.06285510723190912,5.846363067626953
552,-14.898490638732925,0,0,300,0.06254083169574957,5.839245319366455
553,-17.93541118621826,0,0,300,0.062228127537270826,5.857705593109131
554,-12.587763853869202,0,0,300,0.06191698689958447,5.129280090332031
555,-9.797402869066923,0,0,300,0.061607401965086545,5.264099597930908
556,-11.879652510485386,0,0,300,0.06129936495526111,5.305224418640137
557,-13.03419829448198,0,0,300,0.0609928681304848,5.382497310638428
558,-13.578594894409205,0,0,300,0.060687903789832374,5.67929744720459
559,-10.79319144328568,0,0,300,0.06038446427088321,5.261993885040283
560,-14.055334578356488,0,0,300,0.06008254194952879,5.393065452575684
561,-12.599802703857442,0,0,300,0.05978212923978115,5.689901351928711
562,-14.690103378295914,0,0,300,0.05948321859358224,5.175051689147949
563,-9.097552032470727,0,0,300,0.05918580250061433,4.438776016235352
564,-20.84237052043408,0,0,300,0.058889873488111255,4.786583423614502
565,-9.824246893725123,0,0,300,0.058595424120670696,5.27752161026001
566,-19.204518585205058,0,0,300,0.05830244700006734,4.962259292602539
567,-3.0083925437927244,0,0,300,0.058010934765067,0.8941962718963623
568,-3.0606181335449185,0,0,300,0.05772088009124167,0.9203090667724609
569,-15.30381728251909,0,0,300,0.05743227569078546,5.517306804656982
570,-9.68681892871857,0,0,300,0.05714511431233153,0.7334094643592834
571,-4.036732048988341,0,0,300,0.05685938874076987,0.9083660244941711
572,-2.803365917205817,0,0,300,0.056575091797066025,0.7916829586029053
573,-15.359519805908233,0,0,300,0.056292216338080694,5.509759902954102
574,-4.397844143709869,0,0,300,0.05601075525639029,0.5343202352523804
575,-15.193254004320865,0,0,300,0.05573070148010834,5.462025165557861
576,-10.571016998291025,0,0,300,0.0554520479727078,5.175508499145508
577,-4.143902788958284,0,0,300,0.05517478773284426,0.9373495578765869
578,-4.933981270790103,0,0,300,0.05489891379418004,0.85699063539505
579,-4.918870936236115,0,0,300,0.05462441922520914,0.8248336315155029
580,-0.8777968986842165,0,0,300,0.0543512971290831,0.804296612739563
581,-4.813784809112552,0,0,300,0.05407954064343768,0.7968924045562744
582,-4.966169663271623,0,0,300,0.05380914294022049,1.3184829950332642
583,-1.6062108564376636,0,0,300,0.05354009722551939,0.6631054282188416
584,-1.801918892860404,0,0,300,0.05327239673939179,0.7609594464302063
585,-14.335688323974624,0,0,300,0.053006034755694834,7.057844161987305
586,-3.4060685118052643,0,0,300,0.052741004581916356,0.5384324193000793
587,-3.8306630563735915,0,0,300,0.052477299559006776,0.8053315281867981
588,-2.797129522165976,0,0,300,0.052214913061211746,0.7639629244804382
589,-2.6177219255778508,0,0,300,0.05195383849590569,0.6742591261863708
590,-4.5615732773158255,0,0,300,0.05169406930342616,1.1461848020553589
591,-2.783247123560631,0,0,300,0.05143559895690903,0.7570217251777649
592,-1.552523079714488,0,0,300,0.051178420962124486,0.5516597032546997
593,-1.4015718801829353,0,0,300,0.05092252885731386,0.5661841034889221
594,-2.2255828094482326,0,0,300,0.05066791621302729,1.002791404724121
595,-3.806714068255154,0,0,300,0.05041457663196215,0.7687551975250244
596,-3.7717836006495586,0,0,300,0.050162503748802344,1.251289963722229
597,-1.8879875048014831,0,0,300,0.05,0.8093919157981873
598,-2.6971223457667493,0,0,300,0.05,0.7139593362808228
599,-3.075326028666211,0,0,300,0.05,0.8130611777305603
600,-3.239308619499196,0,0,300,0.05,0.9196543097496033
601,-2.3062097462031588,0,0,300,0.05,0.9285030364990234
602,-3.02030838569136,0,0,300,0.05,0.8755523562431335
603,-5.829477678141316,0,0,300,0.05,0.7801370024681091
604,-4.804878722033227,0,0,300,0.05,0.7678375244140625
605,-4.001366586685182,0,0,300,0.05,0.8906832933425903
606,-0.7746097524973865,0,0,300,0.05,0.7227030396461487
607,-1.1169383811950473,0,0,300,0.05,0.9184691905975342
608,-2.973236413001994,0,0,300,0.05,0.8766182065010071
609,-3.6238348197937014,0,0,300,0.05,0.7019174098968506
610,-5.781670876345367,0,0,300,0.05,0.7262336015701294
611,-4.98355198939772,0,0,300,0.05,0.8571741580963135
612,-1.8725418138503998,0,0,300,0.05,0.7962709069252014
613,-2.834013710818023,0,0,300,0.05,0.7824050188064575
614,-1.5628047092768678,0,0,300,0.05,0.6468005180358887
615,-3.754043823084559,0,0,300,0.05,0.6824200749397278
616,-3.011693716845241,0,0,300,0.05,0.7512450218200684
617,-4.9450651415202165,0,0,300,0.05,0.7179307341575623
618,-1.4165659054133624,0,0,300,0.05,0.573681116104126
619,-16.361756057739274,0,0,300,0.05,7.070878028869629
620,-3.1973879345271174,0,0,300,0.05,0.8440921306610107
621,-4.173540416559903,0,0,300,0.05,0.8621683716773987
622,-1.8838645847651656,0,0,300,0.05,0.7173304557800293
623,-2.8853056144714313,0,0,300,0.05,0.8326528072357178
624,-4.461949892840116,0,0,300,0.05,0.5663731098175049
625,-2.4178407478332304,0,0,300,0.05,0.568920373916626
626,-2.3497688825938194,0,0,300,0.05,0.48028260469436646
627,-3.2394248326632478,0,0,300,0.05,0.4551105797290802
628,-1.2047794771194351,0,0,300,0.05,0.9923897385597229
629,-4.730970269045559,0,0,300,0.05,0.670883297920227
630,-1.335125656127928,0,0,300,0.05,0.5575628280639648
631,-5.4912381847712775,0,0,300,0.05,0.581017255783081
632,-2.2192674954745293,0,0,300,0.05,0.44503191113471985
633,-1.3437575753543045,0,0,300,0.05,0.4772769510746002
634,-5.383866201243133,0,0,300,0.05,0.5573312640190125
635,-5.657034998736109,0,0,300,0.05,0.6339156627655029
636,-3.617947283587184,0,0,300,0.05,0.58437180519104
637,-2.8355375583979723,0,0,300,0.05,0.7231669425964355
638,-3.7861631019923396,0,0,300,0.05,0.7584797143936157
639,-3.5525049877166768,0,0,300,0.05,0.6662524938583374
640,-14.513286124071827,0,0,300,0.05,6.62204122543335
641,-2.6477957677841153,0,0,300,0.05,0.7138978838920593
642,-6.750600547790515,0,0,300,0.05,0.7653002738952637
643,-3.860201625823975,0,0,300,0.05,0.7901008129119873
644,-1.7949531984329081,0,0,300,0.05,0.7874765992164612
645,-6.537516127428742,0,0,300,0.05,1.1341562271118164
646,-3.74710274775955,0,0,300,0.05,0.7389495372772217
647,-1.897093386650095,0,0,300,0.05,0.8385466933250427
648,-3.540579171180722,0,0,300,0.05,0.6602895855903625
649,-2.673748044967641,0,0,300,0.05,0.6968740224838257
650,-1.8180954170227106,0,0,300,0.05,0.7990477085113525
651,-1.6547587823867886,0,0,300,0.05,0.7173793911933899
652,-5.9839289291712765,0,0,300,0.05,0.8573626279830933
653,-3.925320397219387,0,0,300,0.05,0.8280583620071411
654,-8.162357579073618,0,0,300,0.05,0.44657695293426514
655,-3.149562726816858,0,0,300,0.05,0.9401795268058777
656,-2.7003932857513524,0,0,300,0.05,0.6801966428756714
657,-3.047304601669294,0,0,300,0.05,0.9136523008346558
658,-11.796203880310088,0,0,300,0.05,5.758101940155029
659,-1.7722649860382176,0,0,300,0.05,0.746132493019104
660,-2.9221768045425462,0,0,300,0.05,0.7910884022712708
661,-4.853040070533757,0,0,300,0.05,0.8165200352668762
662,-2.0342096376418914,0,0,300,0.05,0.8771048188209534
663,-4.845031170845029,0,0,300,0.05,0.7825155854225159
664,-1.8645290994644181,0,0,300,0.05,0.7622645497322083
665,-2.7340229463577224,0,0,300,0.05,0.7570114731788635
666,-2.4175655555724984,0,0,300,0.05,0.5987827777862549
667,-4.8556290968272355,0,0,300,0.05,0.7932127118110657
668,-2.494933815002448,0,0,300,0.05,1.1374669075012207
669,-2.69477355082959,0,0,300,0.05,1.0327849388122559
670,-2.2254624470088027,0,0,300,0.05,0.9781293869018555
671,-1.337115020751946,0,0,300,0.05,0.5585575103759766
672,-6.5805676086756915,0,0,300,0.05,0.6556819677352905
673,-3.3614060592651356,0,0,300,0.05,1.0707030296325684
674,-2.9806780529022165,0,0,300,0.05,0.8803390264511108
675,-3.6917726477000397,0,0,300,0.05,0.681284487247467
676,-4.914917646250459,0,0,300,0.05,0.6728569865226746
677,95.80659459114077,1,0,296,0.05,0.08670270442962646
678,-2.582976885637958,0,0,300,0.05,0.6268866062164307
679,-3.892147074541744,0,0,300,0.05,0.811471700668335
680,-2.5094657047602813,0,0,300,0.05,0.6201310157775879
681,-0.6558844431254414,0,0,300,0.05,0.5433403849601746
682,-2.9595966442439265,0,0,300,0.05,0.8451964855194092
683,-3.4237095220896916,0,0,300,0.05,0.5772529244422913
684,-16.668095656237327,0,0,300,0.05,0.6694459915161133
685,-3.2728369911524937,0,0,300,0.05,0.9718166589736938
686,-2.4909823616358806,0,0,300,0.05,1.080889344215393
687,-30.793778429827398,0,0,300,0.05,1.2622873783111572
688,-3.172373782000274,0,0,300,0.05,0.951585054397583
689,-5.476273746490472,0,0,300,0.05,0.6281368732452393
690,-3.795067139467922,0,0,300,0.05,0.7329317331314087
691,-2.871255765757295,0,0,300,0.05,0.8010260462760925
692,-0.9506969165802074,0,0,300,0.05,0.8653484582901001
693,-2.134372682571389,0,0,300,0.05,0.9571863412857056
694,-5.413972674212189,0,0,300,0.05,0.92238450050354
695,-3.6995761108398417,0,0,300,0.05,1.2397880554199219
696,-1.425094695091257,0,0,300,0.05,0.6025473475456238
697,-2.517298942408289,0,0,300,0.05,0.564047634601593
698,-4.6555875547740175,0,0,300,0.05,0.5731919407844543
699,-1.352318377494819,0,0,300,0.05,0.566159188747406
700,-13.67435309410098,0,0,300,0.05,0.7271765470504761
701,-5.495536576113436,0,0,300,0.05,1.1131664514541626
702,-2.622841010889738,0,0,300,0.05,0.6768186688423157
703,-14.872510643005393,0,0,300,0.05,6.8262553215026855
704,-6.04885303576919,0,0,300,0.05,1.2098246812820435
705,-3.5803023290634144,0,0,300,0.05,0.6801511645317078
706,-14.575782737731945,0,0,300,0.05,6.057891368865967
707,-1.3777852161738413,0,0,300,0.05,1.054290771484375
708,-2.1120340927455175,0,0,300,0.05,0.9214152097702026
709,-3.7948491287231434,0,0,300,0.05,1.2874245643615723
710,-4.155607473850254,0,0,300,0.05,0.22780373692512512
711,-3.7097619485855104,0,0,300,0.05,0.7448809742927551
712,-3.4948750789973246,0,0,300,0.05,0.5528357028961182
713,-2.5931904419276384,0,0,300,0.05,0.6619933843612671
714,-2.800199042162616,0,0,300,0.05,0.7654976844787598
715,-4.798261375427251,0,0,300,0.05,0.789130687713623
716,-5.795946092605569,0,0,300,0.05,1.2879730463027954
717,-3.671649427413928,0,0,300,0.05,0.7258247137069702
718,-6.898208112716662,0,0,300,0.05,0.8391040563583374
719,-2.654837102890019,0,0,300,0.05,0.7174185514450073
720,-4.085840946039884,0,0,300,0.05,0.8483186364173889
721,-2.948564182123869,0,0,300,0.05,0.8396802544593811
722,-3.0037397201869216,0,0,300,0.05,0.8072680234909058
723,-2.854278751215667,0,0,300,0.05,0.7625375390052795
724,-3.071288886866279,0,0,300,0.05,0.8110426068305969
725,-6.898502951464375,0,0,300,0.05,0.7546496391296387
726,-6.730932780108172,0,0,300,0.05,0.7008645534515381
727,-3.1838347395274367,0,0,300,0.05,0.9273155331611633
728,-1.9686989744517345,0,0,300,0.05,0.6697476506233215
729,-4.640179701647489,0,0,300,0.05,1.6554880142211914
730,-2.194442044100492,0,0,300,0.05,1.4626191854476929
731,-2.720279188156132,0,0,300,0.05,1.250139594078064
732,-2.5371031864497278,0,0,300,0.05,1.6339497566223145
733,-2.615758429369643,0,0,300,0.05,1.6732773780822754
734,-2.8073763950679016,0,0,300,0.05,1.2690863609313965
735,-3.2873151016235274,0,0,300,0.05,1.5336575508117676
736,-5.326244602999416,0,0,300,0.05,1.0285204648971558
737,-7.916984529495226,0,0,300,0.05,1.3484922647476196
738,-2.5352029514312764,0,0,300,0.05,1.6576014757156372
739,-5.167809735140528,0,0,300,0.05,1.4493030309677124
740,-2.172864924273213,0,0,300,0.05,1.4518306255340576
741,-2.5392546367645252,0,0,300,0.05,1.1596273183822632
742,-3.0976960094783,0,0,300,0.05,0.8242461681365967
743,-4.179102841219632,0,0,300,0.05,0.8649495840072632
744,-2.8528394182536316,0,0,300,0.05,0.7618178725242615
745,-4.154557476839749,0,0,300,0.05,0.9426769018173218
746,-2.3644251306864934,0,0,300,0.05,0.5176107287406921
747,-2.4627651882171677,0,0,300,0.05,0.6213825941085815
748,-4.721453042030322,0,0,300,0.05,0.7507265210151672
749,-2.029860380491945,0,0,300,0.05,0.29032835364341736
750,-121.13271253585816,0,1,281,0.05,2.601356267929077
751,-2.458221145472243,0,0,300,0.05,0.5645087361335754
752,92.24072762846949,1,0,282,0.05,0.18963618576526642
753,94.76608587026595,1,0,288,0.05,0.27695706486701965
754,-4.001965771517483,0,0,300,0.05,0.866381049156189
755,-5.75440347989532,0,0,300,0.05,0.21259990334510803
756,-3.7146705102920476,0,0,300,0.05,0.7473352551460266
757,-3.30719352801773,0,0,300,0.05,1.018994927406311
758,92.3557694864273,1,0,275,0.05,0.30711525678634644
759,-1.8870890196177557,0,0,300,0.05,0.7489426732063293
760,-7.226743068695054,0,0,300,0.05,0.4433715343475342
761,-4.200187416076656,0,0,300,0.05,0.9900937080383301
762,-1.3581271227214093,0,0,300,0.05,0.4844617247581482
763,94.51698541800049,1,0,291,0.05,0.33190545439720154
764,-3.7678125580165096,0,0,300,0.05,0.7193044424057007
765,-3.716142006716455,0,0,300,0.05,1.1934691667556763
766,99.36185608068972,1,0,254,0.05,0.33447012305259705
767,97.64289018630981,1,0,270,0.05,0.2885549068450928
768,-8.542002907595379,0,0,300,0.05,0.3963996171951294
769,-1.5273410987853748,0,0,300,0.05,1.1536705493927002
770,99.74272039929893,1,0,271,0.05,0.1890379637479782
771,98.72424288511276,1,0,289,0.05,0.2728785574436188
772,-2.5282380636546216,0,0,300,0.05,0.569517195224762
773,101.97958429018526,1,0,262,0.05,0.32560601830482483
774,-3.446604080996244,0,0,300,0.05,0.5587002038955688
775,-9.003536940417018,0,0,300,0.05,0.747166633605957
776,-4.134488196372991,0,0,300,0.05,0.9572440981864929
777,-9.201898580393529,0,0,300,0.05,0.9063474535942078
778,-4.106071562767035,0,0,300,0.05,0.9430357813835144
779,-6.444985214075769,0,0,300,0.05,0.49789077043533325
780,-2.619651408195489,0,0,300,0.05,0.6998257040977478
781,-4.59143108924362,0,0,300,0.05,0.6311137080192566
782,-1.8031483602523901,0,0,300,0.05,0.7915741801261902
783,-3.0447864246368455,0,0,300,0.05,0.9123932123184204
784,-5.047684441408842,0,0,300,0.05,1.3892403841018677
785,-12.403995512327883,0,0,300,0.05,0.4173959195613861
786,-28.024162740707343,0,0,300,0.05,0.9020813703536987
787,-5.293334732851716,0,0,300,0.05,1.0120655298233032
788,-1.100461926460239,0,0,300,0.05,0.8802309632301331
789,-1.574259172281956,0,0,300,0.05,0.6525277495384216
790,-4.902544270357818,0,0,300,0.05,1.816670298576355
791,93.82910238305595,1,0,292,0.05,0.12084697186946869
792,-1.8852189882609542,0,0,300,0.05,0.8080076575279236
793,-4.349962682723998,0,0,300,0.05,1.0649813413619995
794,-4.255064736208638,0,0,300,0.05,1.49293053150177
795,-6.1103642090174715,0,0,300,0.05,1.920580267906189
796,-8.254096756777471,0,0,300,0.05,1.9924465417861938
797,-3.4249053104731537,0,0,300,0.05,1.0778508186340332
798,-3.2293149336192273,0,0,300,0.05,0.9800556302070618
799,-5.983155499300684,0,0,300,0.05,0.8569759130477905
800,-8.552811928591439,0,0,300,0.05,0.6118041276931763
801,-0.11289122819901261,0,0,300,0.05,0.44644561409950256
802,-1.9708245706558274,0,0,300,0.05,0.8754122853279114
803,-3.0135756921768184,0,0,300,0.05,0.7467878460884094
804,-2.4229030323028593,0,0,300,0.05,1.1014515161514282
805,-5.605717868804928,0,0,300,0.05,1.6928589344024658
806,-2.543304948806769,0,0,300,0.05,1.6316524744033813
807,-3.665808449587554,0,0,300,0.05,1.6983023881912231
808,-5.908124218783113,0,0,300,0.05,1.8194602727890015
809,-6.487875194549566,0,0,300,0.05,1.6339375972747803
810,-6.843279848894804,0,0,300,0.05,1.7870380878448486
811,-2.024432249865271,0,0,300,0.05,1.3476142883300781
812,-4.945452700457299,0,0,300,0.05,1.8381245136260986
813,-6.017830343246457,0,0,300,0.05,1.89891517162323
814,-6.498356552124029,0,0,300,0.05,1.6391782760620117
815,-5.5313413246485785,0,0,300,0.05,1.6310688257217407
816,-4.05485297282669,0,0,300,0.05,1.892824649810791
817,-8.989342699846944,0,0,300,0.05,1.3600695133209229
818,-4.4497108173370234,0,0,300,0.05,1.614855408668518
819,-8.712897072634423,0,0,300,0.05,1.7218466997146606
820,-115.61004863739012,0,1,146,0.05,2.6250243186950684
821,-5.566175528368674,0,0,300,0.05,1.618485927581787
822,-4.664924631914808,0,0,300,0.05,1.6978604793548584
823,-3.3759998989105235,0,0,300,0.05,1.5779999494552612
824,-4.7224190338465775,0,0,300,0.05,1.7266076803207397
825,-5.984851847490987,0,0,300,0.05,1.8578240871429443
826,-1.1431775999069245,0,0,300,0.05,0.9615887999534607
827,-3.1441283329341054,0,0,300,0.05,0.937462329864502
828,-1.7166564655303995,0,0,300,0.05,0.5983282327651978
829,-2.563413568339083,0,0,300,0.05,0.6171049475669861
830,-5.16593731006117,0,0,300,0.05,1.8883668184280396
831,-14.716598997912172,0,0,300,0.05,2.2236976623535156
832,-3.675938855013575,0,0,300,0.05,0.7033675909042358
833,-3.8498373134943966,0,0,300,0.05,1.7903168201446533
834,-3.1351275157928282,0,0,300,0.05,1.9575637578964233
835,-9.513859444460602,0,0,300,0.05,0.4123278856277466
836,-4.785991798243258,0,0,300,0.05,0.7583940625190735
837,98.2332979718831,1,0,263,0.05,0.1437491774559021
838,-2.796219201087956,0,0,300,0.05,0.7881096005439758
839,-5.05455045779675,0,0,300,0.05,0.1226733922958374
840,-14.817400632700657,0,0,300,0.05,0.6240984797477722
841,96.6259974137929,1,0,270,0.05,0.3023994565010071
842,-2.3108566713333025,0,0,300,0.05,0.5454283356666565
843,-2.3387071522090106,0,0,300,0.05,0.4447517395019531
844,-4.306546696028438,0,0,300,0.05,0.48867151141166687
845,-4.05397004922363,0,0,300,0.05,0.3923831880092621
846,101.83933732668429,1,0,264,0.05,0.3457295000553131
847,-3.3442947347972067,0,0,300,0.05,0.507545530796051
848,-4.651093811988831,0,0,300,0.05,0.7155469059944153
849,-1.6367461395263663,0,0,300,0.05,0.7083730697631836
850,98.14711759487656,1,0,284,0.05,0.16183936595916748
851,98.81420319239166,1,0,265,0.05,0.3332965672016144
852,100.92652944485216,1,0,264,0.05,0.3021334409713745
853,-5.441574588916022,0,0,300,0.05,0.05618545785546303
854,101.24710877100495,1,0,257,0.05,0.31684377789497375
855,101.9522282854703,1,0,264,0.05,0.28928402066230774
856,99.03198613643646,1,0,264,0.05,0.2440069317817688
857,102.52043246746065,1,0,252,0.05,0.29978376626968384
858,-3.4660460662841825,0,0,300,0.05,0.6230230331420898
859,-5.086477287611693,0,0,300,0.05,0.37863680720329285
860,-8.691284612617237,0,0,300,0.05,0.0910404697060585
861,-3.098930382728581,0,0,300,0.05,0.8494651913642883
862,101.25323453108341,1,0,258,0.05,0.28878089785575867
863,99.30469588756561,1,0,276,0.05,0.3076520562171936
864,-37.98073500474416,0,0,300,0.05,0.23576566576957703
865,-4.021563955149377,0,0,300,0.05,0.8461801409721375
866,-2.0212044382095296,0,0,300,0.05,0.8406022191047668
867,-2.3311022138595567,0,0,300,0.05,0.935551106929779
868,99.10421413342026,1,0,281,0.05,0.2882910966873169
869,99.6067257475853,1,0,252,0.05,0.2566371262073517
870,-2.9498781824111946,0,0,300,0.05,0.8049390912055969
871,-3.172850093841559,0,0,300,0.05,0.8564250469207764
872,-4.539300646781924,0,0,300,0.05,0.5996503233909607
873,-1.135683741569501,0,0,300,0.05,0.8978418707847595
874,-6.696362225613324,0,0,300,0.05,0.06357927620410919
875,-5.664896536371425,0,0,300,0.05,0.017846431583166122
876,-5.720844853422353,0,0,300,0.05,0.04582059010863304
877,-7.403125907382685,0,0,300,0.05,0.06696111708879471
878,-3.205232272944178,0,0,300,0.05,0.9680142998695374
879,-28.48100753307342,0,0,300,0.05,0.9505037665367126
880,-2.729978211722106,0,0,300,0.05,0.20038726925849915
881,-3.173237026533804,0,0,300,0.05,0.3320166766643524
882,-3.175381746292084,0,0,300,0.05,0.9176908731460571
883,-3.895490617752069,0,0,300,0.05,0.8377453088760376
884,-9.669438300928807,0,0,300,0.05,0.5501173138618469
885,-2.2404674347254705,0,0,300,0.05,0.9256318807601929
886,-5.14224817752838,0,0,300,0.05,0.8711240887641907
887,-6.641236425242154,0,0,300,0.05,0.06601637601852417
888,-1.1256068038940208,0,0,300,0.05,0.9228034019470215
889,-9.49012709458803,0,0,300,0.05,0.08046171069145203
890,-3.071822667121892,0,0,300,0.05,0.8359113335609436
891,-194.74789336204583,0,0,300,0.05,1.733946681022644
892,-6.702745773396223,0,0,300,0.05,0.18677105009555817
893,-4.745719530782426,0,0,300,0.05,0.028257928788661957
894,-7.1093152817103595,0,0,300,0.05,0.8600558042526245
895,-6.214896145662986,0,0,300,0.05,0.38284623622894287
896,-29.154883633455917,0,0,300,0.05,1.9428399801254272
897,102.29906634807588,1,0,256,0.05,0.31046682596206665
898,-3.26758503516647,0,0,300,0.05,0.8191906809806824
899,-4.2524352312087945,0,0,300,0.05,0.9262176156044006
900,-5.3669992876052905,0,0,300,0.05,0.9234996438026428
901,-3.0412788629531913,0,0,300,0.05,0.820639431476593
902,-4.227629446983333,0,0,300,0.05,0.9138147234916687
903,-2.114293422698964,0,0,300,0.05,0.8871467113494873
904,-1.9694655799865706,0,0,300,0.05,0.8147327899932861
905,-16.409748135409068,0,0,300,0.05,0.9202722311019897
906,-4.010118666491226,0,0,300,0.05,0.7804574966430664
907,-176.93804862976083,0,0,300,0.05,2.329024314880371
908,-7.743041615686139,0,0,300,0.05,0.05691897124052048
909,-3.460255442461697,0,0,300,0.05,0.9455258846282959
910,-0.933635621070847,0,0,300,0.05,0.8268178105354309
911,-4.727501296997071,0,0,300,0.05,0.6637506484985352
912,-8.651207924685197,0,0,300,0.05,0.5710021257400513
913,-4.9213642692566,0,0,300,0.05,0.7306821346282959
914,-1.9752183818817237,0,0,300,0.05,0.8176091909408569
915,-4.090917491912832,0,0,300,0.05,0.8454587459564209
916,-3.059397964477533,0,0,300,0.05,0.8896989822387695
917,101.52248385667801,1,0,270,0.05,0.3487580716609955
918,-1.961382236480713,0,0,300,0.05,0.8106911182403564
919,-2.562950339317326,0,0,300,0.05,0.6114751696586609
920,98.41327454248932,1,0,252,0.05,0.32876089215278625
921,-1.0275318241119242,0,0,300,0.05,0.7837659120559692
922,-20.296654071807843,0,0,300,0.05,0.47832703590393066
923,-1.7392404937744137,0,0,300,0.05,0.699620246887207
924,-2.8703027009964064,0,0,300,0.05,0.7351513504981995
925,-1.8500180482864401,0,0,300,0.05,0.725009024143219
926,-2.633866453170773,0,0,300,0.05,0.6169332265853882
927,-2.748062872886642,0,0,300,0.05,0.6740314364433289
928,-4.47778171142074,0,0,300,0.05,0.9542890191078186
929,-3.7427864313125636,0,0,300,0.05,0.6713932156562805
930,-1.846314811706532,0,0,300,0.05,0.7231574058532715
931,-1.8523254632949877,0,0,300,0.05,0.7261627316474915
932,-217.30913719177238,0,1,279,0.05,2.3595685958862305
933,-1.7764086389541418,0,0,300,0.05,0.7182043194770813
934,-3.728500928878789,0,0,300,0.05,0.6942504644393921
935,-2.9991281890868877,0,0,300,0.05,0.829564094543457
936,-1.1516018724441297,0,0,300,0.05,0.8458009362220764
937,-3.0640537977218365,0,0,300,0.05,0.8320268988609314
938,-8.404353614649509,0,0,300,0.05,0.8875749707221985
939,-4.725959091186524,0,0,300,0.05,0.7229795455932617
940,-3.4855433662745634,0,0,300,0.05,0.928169846534729
941,-2.8343324899673488,0,0,300,0.05,0.7171662449836731
942,-4.250844798088077,0,0,300,0.05,0.8954223990440369
943,-3.7727292442321807,0,0,300,0.05,0.7163646221160889
944,-5.612994279861451,0,0,300,0.05,0.6364971399307251
945,-0.9374424457549813,0,0,300,0.05,0.7687212228775024
946,-0.9956833362579187,0,0,300,0.05,0.7978416681289673
947,-0.657546367645249,0,0,300,0.05,0.6587731838226318
948,-2.082543935775754,0,0,300,0.05,0.8712719678878784
949,-2.5398274620387284,0,0,300,0.05,0.9553118944168091
950,-3.7753232955932403,0,0,300,0.05,0.6876616477966309
951,-1.8388071298599067,0,0,300,0.05,0.7194035649299622
952,-6.988836131095889,0,0,300,0.05,0.7644180655479431
953,-7.4772835977885395,0,0,300,0.05,0.48403996229171753
954,-4.791679644584655,0,0,300,0.05,0.6958398222923279
955,-3.8580566263198883,0,0,300,0.05,0.6990283131599426
956,-7.912234279713365,0,0,300,0.05,0.2315153032541275
957,-8.85168981552125,0,0,300,0.05,2.92584490776062
958,-1.7319092941284173,0,0,300,0.05,0.605954647064209
959,-4.164372882843017,0,0,300,0.05,0.8521864414215088
960,-3.550859179496759,0,0,300,0.05,0.6054295897483826
961,-11.419211207232193,0,0,300,0.05,0.4250037670135498
962,-9.487988413176247,0,0,300,0.05,0.48939236998558044
963,-4.469473899602891,0,0,300,0.05,0.12473694980144501
964,-2.5437615776061793,0,0,300,0.05,0.6018807888031006
965,-2.0467913961410407,0,0,300,0.05,0.7933956980705261
966,-14.502516566118931,0,0,300,0.05,0.4666564464569092
967,-2.6163134582850565,0,0,300,0.05,0.553554892539978
968,-1.4251765298843362,0,0,300,0.05,0.5725882649421692
969,-1.8351589794966805,0,0,300,0.05,0.2229776531457901
970,-3.370886769294738,0,0,300,0.05,0.5154433846473694
971,-6.273680896759039,0,0,300,0.05,0.5268404483795166
972,-13.573808109364249,0,0,300,0.05,0.09230221807956696
973,-4.995559099516599,0,0,300,0.05,0.27317771315574646
974,-3.3575279196116616,0,0,300,0.05,0.5141621232032776
975,-4.800595293841095,0,0,300,0.05,1.7656958103179932
976,-4.786726246676166,0,0,300,0.05,1.7587612867355347
977,-4.706192503771514,0,0,300,0.05,1.7184944152832031
978,-5.675694881281565,0,0,300,0.05,0.5532456040382385
979,-5.6240405448290955,0,0,300,0.05,0.05741843581199646
980,-11.521737285456394,0,0,300,0.05,0.5962668061256409
981,-18.15416974624131,0,0,300,0.05,0.9124830365180969
982,-0.34921229918927466,0,0,300,0.05,0.540004312992096
983,-3.759522285461429,0,0,300,0.05,0.7097611427307129
984,-4.37348464012145,0,0,300,0.05,0.54674232006073
985,99.42562371015549,1,0,232,0.05,0.34718814492225647
986,-1.4160977888107251,0,0,300,0.05,0.568048894405365
987,-5.393638939857479,0,0,300,0.05,0.5868194699287415
988,-7.722498427233438,0,0,300,0.05,0.7266473770141602
989,-76.63394223292796,0,0,300,0.05,1.3823692798614502
990,-23.74038663943741,0,0,300,0.05,1.78559148311615
991,-1.291992397308337,0,0,300,0.05,0.5359961986541748
992,-5.774232278666213,0,0,300,0.05,0.7525143027305603
993,-8.003181706270883,0,0,300,0.05,0.866989016532898
994,-12.290928662619322,0,0,300,0.05,0.39086249470710754
995,-6.954718352160183,0,0,300,0.05,0.7227573394775391
996,0.20437719861536285,0,0,300,0.05,0.20320956408977509
997,-7.228097077212043,0,0,300,0.05,0.799446702003479
998,-7.349657240709991,0,0,300,0.05,0.9502267837524414
999,-4.507359232902524,0,0,300,0.05,0.5836796164512634
1000,-0.7617257841441252,0,0,300,0.05,0.12626105546951294
1001,-6.516747053465579,0,0,300,0.05,0.44377169013023376
1002,-1.340569229125969,0,0,300,0.05,0.5602846145629883
1003,-4.322818766436306,0,0,300,0.05,0.5268075466156006
1004,-3.0281335171076833,0,0,300,0.05,0.31946492195129395
1005,-6.3036088037490865,0,0,300,0.05,0.5118044018745422
1006,-4.573150096735675,0,0,300,0.05,0.5019732117652893
1007,-3.298050312995916,0,0,300,0.05,0.5090251564979553
1008,-2.874756722054208,0,0,300,0.05,0.15277652442455292
1009,98.14203532457351,1,0,239,0.05,0.3139823377132416
1010,-16.359941568374644,0,0,300,0.05,1.009970784187317
1011,-2.270282120704645,0,0,300,0.05,0.5251410603523254
1012,-13.666736869812016,0,0,300,0.05,5.193368434906006
1013,-6.3316405105590805,0,0,300,0.05,0.525820255279541
1014,-0.576463955840785,0,0,300,0.05,0.06363014131784439
1015,0.1629452947762517,0,0,300,0.05,0.22392551600933075
1016,-4.97948804338905,0,0,300,0.05,0.20514218509197235
1017,-3.210804672241208,0,0,300,0.05,1.4954023361206055
1018,-1.3124309492111204,0,0,300,0.05,0.5462154746055603
1019,-1.4334472084045244,0,0,300,0.05,0.5467236042022705
1020,-0.5171538257598864,0,0,300,0.05,0.5885769128799438
1021,-0.20940789699552603,0,0,300,0.05,0.4947039484977722
1022,-6.180904536247258,0,0,300,0.05,0.4504522681236267
1023,-4.562273856005378,0,0,300,0.05,0.4665350914001465
1024,-4.556897726058958,0,0,300,0.05,0.60844886302948
1025,-2.9975146293640176,0,0,300,0.05,0.7987573146820068
1026,-0.8014773368835367,0,0,300,0.05,0.7007386684417725
1027,-2.8501988887786878,0,0,300,0.05,0.7250994443893433
1028,-1.0139678955078029,0,0,300,0.05,0.8069839477539062
1029,-1.9211563062667845,0,0,300,0.05,0.7005781531333923
1030,-1.7711860132217188,0,0,300,0.05,0.6255930066108704
1031,-3.6860993146896384,0,0,300,0.05,0.6430496573448181
1032,-5.476007132530204,0,0,300,0.05,0.5980035662651062
1033,-4.657492723464964,0,0,300,0.05,0.6587463617324829
1034,-8.029019180140235,0,0,300,0.05,0.2899077534675598
1035,-1.3454268884658591,0,0,300,0.05,0.5627134442329407
1036,-3.0893320473048407,0,0,300,0.05,0.3200641870498657
1037,-15.450544681549074,0,0,300,0.05,0.5552723407745361
1038,-1.8232229566574,0,0,300,0.05,0.6816114783287048
1039,-8.403862681388874,0,0,300,0.05,0.5319313406944275
1040,-8.293311386108389,0,0,300,0.05,0.5066556930541992
1041,-1.8928159805152134,0,0,300,0.05,0.22180615365505219
1042,-2.578548794588775,0,0,300,0.05,0.0946725606918335
1043,-0.3943805980682161,0,0,300,0.05,0.5571902990341187
1044,-4.342463335990907,0,0,300,0.05,0.4412316679954529
1045,-4.3526042803141785,0,0,300,0.05,0.5417003035545349
1046,-2.367233662605293,0,0,300,0.05,0.5436168313026428
1047,-0.5284787654876488,0,0,300,0.05,0.5642393827438354
1048,-3.9925374031066934,0,0,300,0.05,0.7962687015533447
1049,-7.022432584762563,0,0,300,0.05,0.7512162923812866
1050,-2.330150337219246,0,0,300,0.05,0.5550751686096191
1051,-1.466484723887161,0,0,300,0.05,0.44864052534103394
1052,-1.7091650056839032,0,0,300,0.05,0.7145825028419495
1053,100.74463396787645,1,0,247,0.05,0.31268301606178284
1054,-2.6059986066818106,0,0,300,0.05,0.6929993033409119
1055,-3.81333914279935,0,0,300,0.05,0.7666695713996887
1056,-3.5375387676570105,0,0,300,0.05,0.5141675472259521
1057,-4.468407659530643,0,0,300,0.05,0.5942038297653198
1058,-1.644700908660891,0,0,300,0.05,0.6223504543304443
1059,-1.9666574239730754,0,0,300,0.05,0.7833287119865417
1060,-7.478642578921039,0,0,300,0.05,0.9247194528579712
1061,-4.755903063616487,0,0,300,0.05,0.5933496952056885
1062,-4.649852919778558,0,0,300,0.05,0.10032462328672409
1063,-70.4129063034056,0,0,300,0.05,4.886453151702881
1064,-3.7338840055465723,0,0,300,0.05,0.7269420027732849
1065,-2.0788481839510813,0,0,300,0.05,0.2848222553730011
1066,-2.3433026933669905,0,0,300,0.05,0.5016513466835022
1067,-13.655752192339639,0,0,300,0.05,1.1932742595672607
1068,-3.624268913269045,0,0,300,0.05,0.6121344566345215
1069,-1.0127985095977863,0,0,300,0.05,0.7763992547988892
1070,-0.8801956415176164,0,0,300,0.05,0.7400978207588196
1071,-6.091905604204851,0,0,300,0.05,2.911350965499878
1072,-4.168700333437634,0,0,300,0.05,1.269748330116272
1073,-5.60116943836211,0,0,300,0.05,0.6905847191810608
1074,-2.4490916442871047,0,0,300,0.05,0.6145458221435547
1075,-0.24497255802154771,0,0,300,0.05,0.5124862790107727
1076,-10.60101020812991,0,0,300,0.05,4.860505104064941
1077,-2.4441513729095328,0,0,300,0.05,0.612075686454773
1078,0.1694471804287978,0,0,300,0.05,0.1906745731830597
1079,-2.2488169384002634,0,0,300,0.05,0.5144084692001343
1080,-1.2706124790522577,0,0,300,0.05,0.380704402923584
1081,-0.7485313653945983,0,0,300,0.05,0.6742656826972961
1082,-2.4314128740641583,0,0,300,0.05,0.9311046004295349
1083,-5.881281014284816,0,0,300,0.05,0.626038670539856
1084,-3.7237781389567424,0,0,300,0.05,0.727287232875824
1085,-5.605315266451569,0,0,300,0.05,0.51805579662323
1086,-6.586405630907746,0,0,300,0.05,0.9786009788513184
1087,-3.5263637932154794,0,0,300,0.05,0.538580060005188
1088,-2.4777115297317494,0,0,300,0.05,0.6288557648658752
1089,-3.1314615821838356,0,0,300,0.05,0.835730791091919
1090,-5.124768019518583,0,0,300,0.05,0.8077821731567383
1091,-3.5706012802335785,0,0,300,0.05,0.06069880351424217
1092,-2.0322650130602793,0,0,300,0.05,0.32153066992759705
1093,-2.7091031750056422,0,0,300,0.05,0.6899497509002686
1094,-3.700117917060853,0,0,300,0.05,0.740058958530426
1095,-4.898675442537988,0,0,300,0.05,0.6947358846664429
1096,0.20349603334930588,0,0,300,0.05,0.20365014672279358
1097,-3.390078078112338,0,0,300,0.05,0.5604372024536133
1098,-0.07005346377820536,0,0,300,0.05,0.34042489528656006
1099,-3.647061796188352,0,0,300,0.05,0.7135308980941772
1100,-3.5980854137751734,0,0,300,0.05,0.6644408702850342
1101,-4.840377411842347,0,0,300,0.05,0.6901887059211731
1102,-2.600218505859371,0,0,300,0.05,0.6901092529296875
1103,-2.433346043429097,0,0,300,0.05,0.5820711851119995
1104,-1.3910523756358402,0,0,300,0.05,0.5609243512153625
1105,-7.019367166361541,0,0,300,0.05,0.8450817465782166
1106,-5.427700038752285,0,0,300,0.05,0.8992481827735901
1107,-2.7455875357005346,0,0,300,0.05,0.7081919312477112
1108,-3.6773630483958413,0,0,300,0.05,0.7040796875953674
1109,-1.3775601991030646,0,0,300,0.05,0.43417826294898987
1110,-1.7707326650619464,0,0,300,0.05,0.6853663325309753
1111,-6.106520949206057,0,0,300,0.05,0.7686586380004883
1112,99.83059896707535,1,0,289,0.05,0.24970051646232605
1113,-3.631023708185879,0,0,300,0.05,0.590910017490387
1114,-1.8321286495539832,0,0,300,0.05,0.7214624881744385
1115,90.57354875326156,1,0,274,0.05,0.22322562336921692
1116,-5.1371064496040315,0,0,300,0.05,0.4585532248020172
1117,-1.2532339199397229,0,0,300,0.05,0.49201512336730957
1118,-2.405118794441231,0,0,300,0.05,0.5925593972206116
1119,-3.745538006624905,0,0,300,0.05,1.7381671667099
1120,-5.660152922472682,0,0,300,0.05,1.695474624633789
1121,-10.520296778678903,0,0,300,0.05,0.590148389339447
1122,-14.486805047988904,0,0,300,0.05,0.5734025239944458
1123,-17.66271069049835,0,0,300,0.05,0.631355345249176
1124,-16.346457390785222,0,0,300,0.05,0.5332286953926086
1125,-17.596924448013308,0,0,300,0.05,0.5984622240066528
1126,-13.401409764289868,0,0,300,0.05,0.440704882144928
1127,-1.3374721050262461,0,0,300,0.05,0.46873605251312256
1128,-2.115050513744361,0,0,300,0.05,0.2975252568721771
1129,-2.368358275890359,0,0,300,0.05,0.45417913794517517
1130,-1.2252151584625144,0,0,300,0.05,0.3826075792312622
1131,-1.1493799924850439,0,0,300,0.05,0.3746899962425232
1132,-1.2785774731636053,0,0,300,0.05,0.46928873658180237
1133,-3.5080353260040287,0,0,300,0.05,0.5540176630020142
1134,-4.3798586416244545,0,0,300,0.05,0.5499293208122253
1135,-4.421124663352972,0,0,300,0.05,0.5405623316764832
1136,-3.6211192274093595,0,0,300,0.05,0.6405596137046814
1137,98.15139320611955,1,0,300,0.05,0.2843033969402313
1138,-55.422857771715776,0,0,300,0.05,1.576827049255371
1139,-7.274317235946659,0,0,300,0.05,1.5271586179733276
1140,-1.93217608451843,0,0,300,0.05,1.3560880422592163
1141,-6.488055019378664,0,0,300,0.05,1.604027509689331
1142,-5.5131399345397964,0,0,300,0.05,1.6465699672698975
1143,-3.0236396892878656,0,0,300,0.05,1.3772180080413818
1144,-6.9904789638519285,0,0,300,0.05,1.8852394819259644
1145,-4.478054552078247,0,0,300,0.05,1.5990272760391235
1146,-3.580282182693481,0,0,300,0.05,1.6801410913467407
1147,-5.349122734069797,0,0,300,0.05,1.564561367034912
1148,-4.3420011711120425,0,0,300,0.05,1.5610005855560303
1149,96.9622792673111,1,0,283,0.05,0.3038603663444519
1150,-161.19333965301513,0,1,281,0.05,1.3116698265075684
1151,-2.706275362968435,0,0,300,0.05,0.5931376814842224
1152,89.64709927558899,1,0,289,0.05,0.31145036220550537
1153,-27.104682455858878,0,0,300,0.05,2.9177393913269043
1154,97.58537647247316,1,0,270,0.05,0.31731176376342773
1155,-3.2795949864387595,0,0,300,0.05,0.4997974932193756
1156,-3.9599143159389443,0,0,300,0.05,0.2199571579694748
1157,-13.152178840637228,0,0,300,0.05,5.2860894203186035
1158,-4.13255604982376,0,0,300,0.05,0.4262780249118805
1159,-6.263636856079107,0,0,300,0.05,0.4918184280395508
1160,-2.2250129890441994,0,0,300,0.05,0.5025064945220947
1161,-3.227070240974426,0,0,300,0.05,0.47353512048721313
1162,-13.71801802635196,0,0,300,0.05,0.24900901317596436
1163,-134.14745659431,0,0,300,0.05,0.9091264605522156
1164,-5.491423635482788,0,0,300,0.05,0.605711817741394
1165,-4.644692683219903,0,0,300,0.05,0.6223463416099548
1166,-3.69710686206818,0,0,300,0.05,0.6485534310340881
1167,-4.980809004306793,0,0,300,0.05,0.3804045021533966
1168,-13.134679050445547,0,0,300,0.05,0.9573395252227783
1169,-1.224936919212332,0,0,300,0.05,0.32246845960617065
1170,-2.4102949190139697,0,0,300,0.05,0.5651474595069885
1171,-3.2926838684081967,0,0,300,0.05,1.5063419342041016
1172,-3.617544184527125,0,0,300,0.05,1.6741702556610107
1173,-2.267496674060828,0,0,300,0.05,0.49374833703041077
1174,-36.657393455505364,0,0,300,0.05,2.8286967277526855
1175,-1.7771842145919703,0,0,300,0.05,0.71859210729599
1176,-3.156932125887597,0,0,300,0.05,1.4438642263412476
1177,-0.8390819072723378,0,0,300,0.05,0.7195409536361694
1178,-5.382638897895825,0,0,300,0.05,0.5213194489479065
1179,-4.299135587215425,0,0,300,0.05,0.4195677936077118
1180,-0.7321290016174232,0,0,300,0.05,0.6660645008087158
1181,-2.411669759750351,0,0,300,0.05,0.5658348798751831
1182,-3.4747347497940124,0,0,300,0.05,0.5673673748970032
1183,-9.678738613128667,0,0,300,0.05,2.079369306564331
1184,-3.8433115720748936,0,0,300,0.05,0.7216557860374451
1185,-4.385698766708372,0,0,300,0.05,1.582849383354187
1186,-2.0349962329864586,0,0,300,0.05,0.7874981164932251
1187,-3.6317483997344895,0,0,300,0.05,0.5858741998672485
1188,-11.852565298876513,0,0,300,0.05,4.791680812835693
1189,-0.563120741844184,0,0,300,0.05,0.5215603709220886
1190,-1.702482485771184,0,0,300,0.05,0.6512412428855896
1191,-2.6223219823837174,0,0,300,0.05,0.551160991191864
1192,-2.2968347287178097,0,0,300,0.05,0.418417364358902
1193,-1.6281852340698313,0,0,300,0.05,0.5840926170349121
1194,99.83039066076279,1,0,265,0.05,0.34980466961860657
1195,-2.157744786739353,0,0,300,0.05,0.3488723933696747
1196,-37.0650256729125,0,0,300,0.05,4.852512836456299
1197,-8.384503924846644,0,0,300,0.05,0.4922519624233246
1198,-10.052095413208013,0,0,300,0.05,3.026047706604004
1199,-10.619765663146985,0,0,300,0.05,0.6098828315734863
1200,-7.727444911003106,0,0,300,0.05,0.6637224555015564
1201,-9.664060974121101,0,0,300,0.05,0.6320304870605469
1202,-4.626624466180798,0,0,300,0.05,0.2033122330904007
1203,-9.768866386413588,0,0,300,0.05,0.7144331932067871
1204,-10.740715470314038,0,0,300,0.05,0.7003577351570129
1205,-3.9850743627548293,0,0,300,0.05,0.7625371813774109
1206,-3.7478764343261806,0,0,300,0.05,0.7339382171630859
1207,-4.707192087173456,0,0,300,0.05,0.653596043586731
1208,95.28365827322006,1,0,278,0.05,0.26817086338996887
1209,-3.5522392034530643,0,0,300,0.05,0.576119601726532
1210,-3.172927701473237,0,0,300,0.05,0.38646385073661804
1211,-2.537639880180359,0,0,300,0.05,0.5688199400901794
1212,-3.519442825317382,0,0,300,0.05,0.6197214126586914
1213,-1.3297709512710647,0,0,300,0.05,0.5248854756355286
1214,-7.356838788986214,0,0,300,0.05,0.508419394493103
1215,-3.325545396804797,0,0,300,0.05,0.4927726984024048
1216,-18.119687407016762,0,0,300,0.05,0.4198437035083771
1217,-16.10409071922303,0,0,300,0.05,0.41204535961151123
1218,100.26129971901445,1,0,285,0.05,0.10974830389022827
1219,-6.392941322326667,0,0,300,0.05,0.5264706611633301
1220,-6.221661298275,0,0,300,0.05,0.47083064913749695
1221,-6.408925142288213,0,0,300,0.05,0.534462571144104
1222,-4.268010404109953,0,0,300,0.05,0.4640052020549774
1223,-4.3145559096336195,0,0,300,0.05,0.48727795481681824
1224,-2.2921015882492157,0,0,300,0.05,0.47605079412460327
1225,-1.5335172080993533,0,0,300,0.05,0.5967586040496826
1226,-2.44352283477784,0,0,300,0.05,0.521761417388916
1227,-3.0519821906089786,0,0,300,0.05,0.35599109530448914
1228,-1.9078352093696551,0,0,300,0.05,0.2539176046848297
1229,-7.593897609710702,0,0,300,0.05,0.6569488048553467
1230,-0.7569456934928916,0,0,300,0.05,0.1784728467464447
1231,-55.34294967651362,0,0,300,0.05,5.021474838256836
1232,-5.081858427524559,0,0,300,0.05,0.4309292137622833
1233,-3.6323942184448215,0,0,300,0.05,0.6161971092224121
1234,-2.8298393726348863,0,0,300,0.05,0.7149196863174438
1235,-2.311790611743932,0,0,300,0.05,0.4858953058719635
1236,-4.312949271202085,0,0,300,0.05,0.5464746356010437
1237,-10.943974227905283,0,0,300,0.05,5.361987113952637
1238,-0.2933138275146365,0,0,300,0.05,0.4766569137573242
1239,-3.820910477638237,0,0,300,0.05,0.7104552388191223
1240,-3.457839450836188,0,0,300,0.05,0.4989197254180908
1241,-5.9698990869522195,0,0,300,0.05,0.34494954347610474
1242,-4.930962648391716,0,0,300,0.05,0.7954813241958618
1243,-4.022841184139249,0,0,300,0.05,0.37142059206962585
1244,-2.8445726299285785,0,0,300,0.05,0.7522863149642944
1245,-6.854145537218779,0,0,300,0.05,0.29247093200683594
1246,-3.4461407327651856,0,0,300,0.05,0.5530703663825989
1247,-5.385257265567788,0,0,300,0.05,0.46262863278388977
1248,-3.2881897401809734,0,0,300,0.05,0.5340948700904846
1249,-41.67606922149657,0,0,300,0.05,5.108034610748291
1250,-25.790423698425187,0,0,300,0.05,4.9852118492126465
1251,-3.065929365158072,0,0,300,0.05,1.6829646825790405
1252,-7.0905903816223095,0,0,300,0.05,1.8452951908111572
1253,-15.233849792480466,0,0,300,0.05,4.976924896240234
1254,-2.0478431892395115,0,0,300,0.05,0.413921594619751
1255,-4.100396583876304,0,0,300,0.05,0.41559645533561707
1256,-6.160596282482128,0,0,300,0.05,0.4702981412410736
1257,-11.115260810852067,0,0,300,0.05,5.447630405426025
1258,-3.4308251428604186,0,0,300,0.05,0.5754125714302063
1259,-1.4764552927017243,0,0,300,0.05,0.5082276463508606
1260,-1.3617569494247508,0,0,300,0.05,0.5408784747123718
1261,-4.049958851337433,0,0,300,0.05,0.35497942566871643
1262,-79.21564364512876,0,0,300,0.05,4.853219985961914
1263,-32.13820052226515,0,0,300,0.05,4.814498424530029
1264,-8.513539019427084,0,0,300,0.05,2.032167673110962
1265,-1.3225489521026568,0,0,300,0.05,0.49127447605133057
1266,-3.0079663062095636,0,0,300,0.05,0.3339831531047821
1267,-6.114812641143783,0,0,300,0.05,0.4174063205718994
1268,102.17513578414919,1,0,262,0.05,0.25243210792541504
1269,-9.177166519165038,0,0,300,0.05,3.0585832595825195
1270,-12.165662193298372,0,0,300,0.05,6.38283109664917
1271,-5.235667841434473,0,0,300,0.05,0.3278339207172394
1272,-4.182803356647493,0,0,300,0.05,0.3914016783237457
1273,-144.35616886138916,0,1,187,0.05,2.24308443069458
1274,-2.3259982085228006,0,0,300,0.05,0.4329991042613983
1275,-3.6492166574809253,0,0,300,0.05,0.6300064921379089
1276,-10.667564411163337,0,0,300,0.05,0.573782205581665
1277,-4.754367895922386,0,0,300,0.05,0.7125821113586426
1278,-7.554825077056902,0,0,300,0.05,3.3974125385284424
1279,-5.806959877810193,0,0,300,0.05,1.2688781023025513
1280,-6.5057708215713514,0,0,300,0.05,0.49288541078567505
1281,-11.41326292991639,0,0,300,0.05,0.5366314649581909
1282,-16.175485689640045,0,0,300,0.05,0.3277428448200226
1283,-5.309811432361617,0,0,300,0.05,0.3949057161808014
1284,99.5023888395217,1,0,300,0.05,0.11420374363660812
1285,-3.8496208405494716,0,0,300,0.05,0.1948104202747345
1286,-1.8084814651820407,0,0,300,0.05,0.26963889598846436
1287,0.05470350265502821,0,0,300,0.05,0.36264824867248535
1288,-1.8554565227031785,0,0,300,0.05,0.1977282613515854
1289,-8.796102466583266,0,0,300,0.05,3.928051233291626
1290,-1.2295598371836636,0,0,300,0.05,0.8301780819892883
1291,-20.084083137512202,0,0,300,0.05,5.0120415687561035
1292,-18.93837165832518,0,0,300,0.05,4.969185829162598
1293,-0.7848327445983941,0,0,300,0.05,0.25241637229919434
1294,-18.051602187952728,0,0,300,0.05,0.8011992573738098
1295,-3.836945782503812,0,0,300,0.05,1.783871054649353
1296,-16.89521342833967,0,0,300,0.05,0.7230048775672913
1297,-21.353394584655728,0,0,300,0.05,4.886697292327881
1298,-1.6312176044795244,0,0,300,0.05,0.621006965637207
1299,-4.8150698002192724,0,0,300,0.05,0.7129330635070801
1300,-7.490430965423585,0,0,300,0.05,3.425215482711792
1301,-5.36260731697083,0,0,300,0.05,0.3913036584854126
1302,-2.7958793123576324,0,0,300,0.05,0.7333378195762634
1303,-3.9005770166727856,0,0,300,0.05,0.7856866717338562
1304,-3.183949118456571,0,0,300,0.05,0.8973727226257324
1305,-5.9429612787577835,0,0,300,0.05,0.7468788027763367
1306,-0.2038882684707678,0,0,300,0.05,0.4919441342353821
1307,-2.7690888150546247,0,0,300,0.05,0.2499425709247589
1308,-3.466602401733374,0,0,300,0.05,0.4433012008666992
1309,-2.098773376941683,0,0,300,0.05,0.25938668847084045
1310,-3.8842373132705648,0,0,300,0.05,0.24211865663528442
1311,-2.0484901857376125,0,0,300,0.05,0.26424509286880493
1312,-2.4133106184005713,0,0,300,0.05,0.5966553092002869
1313,-2.05209227561951,0,0,300,0.05,0.2960461378097534
1314,-4.22581907272339,0,0,300,0.05,0.38290953636169434
1315,99.8093924832344,1,0,285,0.05,0.33030375838279724
1316,-5.61234852790833,0,0,300,0.05,0.1961742639541626
1317,-8.498757624626155,0,0,300,0.05,0.5493788123130798
1318,-15.500044670104987,0,0,300,0.05,0.5800223350524902
1319,-9.243773782253268,0,0,300,0.05,0.4218868911266327
1320,-7.920460846424079,0,0,300,0.05,0.2902304232120514
1321,-3.27924468040465,0,0,300,0.05,0.37962234020233154
1322,-0.6923310561988006,0,0,300,0.05,0.21156369149684906
1323,-4.21043004751204,0,0,300,0.05,0.3752150237560272
1324,-1.7204867315292331,0,0,300,0.05,0.2502433657646179
1325,-2.6623085701465565,0,0,300,0.05,0.16115428507328033
1326,-2.6727901315689055,0,0,300,0.05,0.6063950657844543
1327,-2.1707408666610384,0,0,300,0.05,0.3853704333305359
1328,-3.07627262830732,0,0,300,0.05,0.30813631415367126
1329,-1.4678014183044157,0,0,300,0.05,0.5639007091522217
1330,-3.8804657745361006,0,0,300,0.05,0.3002328872680664
1331,-3.2262411355972302,0,0,300,0.05,0.4131205677986145
1332,-1.4859950256347505,0,0,300,0.05,0.1329975128173828
1333,97.7080126718667,1,0,291,0.05,0.2363918274641037
1334,96.26645417968302,1,0,300,0.05,0.23217107355594635
1335,98.54447348276642,1,0,272,0.05,0.29316142201423645
1336,98.70209155241518,1,0,269,0.05,0.2893523871898651
1337,-4.471703739166262,0,0,300,0.05,0.6258518695831299
1338,101.63580805222063,1,0,251,0.05,0.2724941372871399
1339,103.00312740087513,1,0,243,0.05,0.3134362995624542
1340,-5.4724737366053775,0,0,300,0.05,1.4216350317001343
1341,-1.9236601694437911,0,0,300,0.05,0.8272282481193542
1342,-2.0409708078715574,0,0,300,0.05,0.8258835673332214
1343,-23.093482445082397,0,0,300,0.05,0.4121393859386444
1344,-17.00344875335695,0,0,300,0.05,0.3617243766784668
1345,99.94676140705614,1,0,264,0.05,0.29201745986938477
1346,100.46946496486667,1,0,273,0.05,0.3002675175666809
1347,-6.885780805349312,0,0,300,0.05,0.242890402674675
1348,-130.39366187175247,0,1,104,0.05,6.372229099273682
1349,-3.4157374811172545,0,0,300,0.05,0.5978687405586243
1350,102.7455234662679,1,0,247,0.05,0.3176364302635193
1351,-14.62265295585129,0,0,300,0.05,0.6467246413230896
1352,-17.78969813426465,0,0,300,0.05,0.7602472305297852
1353,-20.80965674956772,0,0,300,0.05,0.7702265381813049
1354,-17.406812439760863,0,0,300,0.05,0.5688043832778931
1355,-29.058071800074295,0,0,300,0.05,0.8644340634346008
1356,-24.934680233797717,0,0,300,0.05,0.8327382802963257
1357,-17.282673387527474,0,0,300,0.05,0.5013366937637329
1358,-4.038444648585032,0,0,300,0.05,0.8846204876899719
1359,-18.493234940371245,0,0,300,0.05,0.5820156335830688
1360,-6.281749969324774,0,0,300,0.05,0.946273148059845
1361,-2.1441267212244943,0,0,300,0.05,0.9074615240097046
1362,-3.426360011896819,0,0,300,0.05,0.9585781693458557
1363,-5.26965904792282,0,0,300,0.05,0.9402276873588562
1364,-5.067449699244229,0,0,300,0.05,0.8991230130195618
1365,-4.154957838854516,0,0,300,0.05,0.912877082824707
1366,-1.9849532945964035,0,0,300,0.05,0.8578748106956482
1367,-2.196454773745247,0,0,300,0.05,0.9636255502700806
1368,-3.1092293365809516,0,0,300,0.05,0.9200128316879272
1369,-4.218338852724723,0,0,300,0.05,0.9145675897598267
1370,-5.998457283973669,0,0,300,0.05,0.8892286419868469
1371,-5.604552274546357,0,0,300,0.05,0.6076743006706238
1372,-2.1420182299613755,0,0,300,0.05,0.46100911498069763
1373,-5.046928296885205,0,0,300,0.05,0.8888623118400574
1374,-4.2887837600707925,0,0,300,0.05,0.5343918800354004
1375,-4.021137009463028,0,0,300,0.05,0.8759666681289673
1376,-1.338864155611718,0,0,300,0.05,0.5048302412033081
1377,-1.3960686635971145,0,0,300,0.05,0.5880343317985535
1378,-2.1982730110499635,0,0,300,0.05,0.9345346689224243
1379,-4.115659724077911,0,0,300,0.05,0.42322802543640137
1380,-2.080573569140168,0,0,300,0.05,0.4056849479675293
1381,-3.378941388130188,0,0,300,0.05,0.579470694065094
1382,-6.088088302612294,0,0,300,0.05,0.9040441513061523
1383,-4.069393883547508,0,0,300,0.05,0.9000951051712036
1384,-3.134831791720108,0,0,300,0.05,0.8728140592575073
1385,-4.409768671989418,0,0,300,0.05,0.5948843359947205
1386,-1.3395172071456853,0,0,300,0.05,0.5597586035728455
1387,-4.008400530815118,0,0,300,0.05,0.39420026540756226
1388,-3.2021305068347194,0,0,300,0.05,0.4664634168148041
1389,-2.087364287376413,0,0,300,0.05,0.4336821436882019
1390,-0.9725348663330056,0,0,300,0.05,0.3762674331665039
1391,-3.16966296275589,0,0,300,0.05,0.9502296447753906
1392,-3.862398653030396,0,0,300,0.05,0.7911993265151978
1393,-8.115093250274667,0,0,300,0.05,3.797546625137329
1394,-6.960521574816445,0,0,300,0.05,2.165658950805664
1395,-3.4098224353790156,0,0,300,0.05,0.5949112176895142
1396,-8.115157018503869,0,0,300,0.05,0.9229766726493835
1397,-2.0238996847483723,0,0,300,0.05,0.877348005771637
1398,-2.943460594019615,0,0,300,0.05,0.8371284604072571
1399,-8.059125328063972,0,0,300,0.05,3.8295626640319824
1400,-9.099526367187504,0,0,300,0.05,4.31976318359375
1401,-10.262688541412361,0,0,300,0.05,3.9313442707061768
1402,-8.262252826690673,0,0,300,0.05,3.871126413345337
1403,-12.123137550354006,0,0,300,0.05,4.271568775177002
1404,-2.670557346343987,0,0,300,0.05,0.6652786731719971
1405,-5.310107718310078,0,0,300,0.05,0.5204520225524902
1406,-3.434129010042877,0,0,300,0.05,0.5824626684188843
1407,-18.060766487121548,0,0,300,0.05,4.390383243560791
1408,-3.058235953650207,0,0,300,0.05,0.39451614022254944
1409,-1.4547358417510916,0,0,300,0.05,0.5573679208755493
1410,-5.500455107688902,0,0,300,0.05,0.5802275538444519
1411,-2.5463021659850975,0,0,300,0.05,0.6031510829925537
1412,-13.511753644943246,0,0,300,0.05,0.5858768224716187
1413,-1.8067292737960885,0,0,300,0.05,0.6133646368980408
1414,-2.7846319246292186,0,0,300,0.05,0.6023159623146057
1415,-7.564081083140101,0,0,300,0.05,0.6474387049674988
1416,-4.481888022422793,0,0,300,0.05,0.5709440112113953
1417,-5.844916945299827,0,0,300,0.05,0.7278566360473633
1418,-4.557785759768213,0,0,300,0.05,0.6442910432815552
1419,-0.779972453117359,0,0,300,0.05,0.6299862265586853
1420,-4.381752968630508,0,0,300,0.05,1.9362746477127075
1421,-2.7916987848281765,0,0,300,0.05,0.785849392414093
1422,-3.811468668780056,0,0,300,0.05,0.7411324977874756
1423,-3.9345609052989152,0,0,300,0.05,0.8326786160469055
1424,-2.638882369995101,0,0,300,0.05,0.7094411849975586
1425,-17.343840013346384,0,0,300,0.05,0.5373181700706482
1426,99.20471085786819,1,0,279,0.05,0.3126445710659027
1427,-21.45412828922272,0,0,300,0.05,0.5270641446113586
1428,-8.015473928451543,0,0,300,0.05,0.33773696422576904
1429,-8.054109184741977,0,0,300,0.05,0.38705459237098694
1430,-5.913726420402533,0,0,300,0.05,0.3468632102012634
1431,-7.453184146881108,0,0,300,0.05,0.46659207344055176
1432,-14.150175600051881,0,0,300,0.05,0.43508780002593994
1433,-14.48539521694183,0,0,300,0.05,0.5426976084709167
1434,-2.983486144542663,0,0,300,0.05,0.35174307227134705
1435,-0.5643602848052682,0,0,300,0.05,0.5821801424026489
1436,-2.8387559962272504,0,0,300,0.05,0.3093779981136322
1437,-3.401615749201472,0,0,300,0.05,0.5662060379981995
1438,-1.6013774442672557,0,0,300,0.05,0.5106887221336365
1439,-2.7087624931335355,0,0,300,0.05,0.6843812465667725
1440,-1.0656209874152893,0,0,300,0.05,0.39281049370765686
1441,-2.2574515032768327,0,0,300,0.05,0.4887257516384125
1442,-2.4036140608787213,0,0,300,0.05,0.41180703043937683
1443,-2.6070352983474705,0,0,300,0.05,0.5435176491737366
1444,-2.4354617810249146,0,0,300,0.05,0.48773089051246643
1445,-1.5484134786340649,0,0,300,0.05,0.01960490271449089
1446,-3.4944424867629906,0,0,300,0.05,0.5472212433815002
1447,-3.9352881026268025,0,0,300,0.05,0.35764405131340027
1448,0.05238619565966662,0,0,300,0.05,0.3338069021701813
1449,-1.8057010483741454,0,0,300,0.05,0.292850524187088
1450,88.39187061945466,1,0,256,0.05,0.26946285367012024
1451,-12.226173133850118,0,0,300,0.05,5.503086566925049
1452,-17.71713668902843,0,0,300,0.05,0.6939665079116821
1453,-27.172493882975292,0,0,300,0.05,0.9216451048851013
1454,-4.301212135157285,0,0,300,0.05,0.9260042309761047
1455,-5.491363516649932,0,0,300,0.05,0.8710799217224121
1456,-1.3426860578867827,0,0,300,0.05,0.9167411923408508
1457,-1.2967736434936306,0,0,300,0.05,0.5383868217468262
1458,-4.483702073893276,0,0,300,0.05,0.6072492003440857
1459,-2.54266198635102,0,0,300,0.05,0.5413309931755066
1460,-1.8311843355509678,0,0,300,0.05,0.7509903311729431
1461,-3.6169326408717075,0,0,300,0.05,0.673864483833313
1462,-3.7468075235697977,0,0,300,0.05,0.7088019251823425
1463,-14.514567942619337,0,0,300,0.05,0.6472839713096619
1464,-3.507518421015446,0,0,300,0.05,0.6191573739051819
1465,-1.5143110807749833,0,0,300,0.05,0.5625537037849426
1466,-0.7466727161407131,0,0,300,0.05,0.7033363580703735
1467,-2.6444313629481444,0,0,300,0.05,0.687613844871521
1468,-4.346996720633242,0,0,300,0.05,0.35889652371406555
1469,-117.90496988137674,0,0,300,0.05,0.31788310408592224
1470,-0.6634281587600365,0,0,300,0.05,0.7217140793800354
1471,-0.7837813003870844,0,0,300,0.05,0.7572888135910034
1472,-2.766501755714422,0,0,300,0.05,0.7732508778572083
1473,-5.445084185600287,0,0,300,0.05,0.6125420928001404
1474,-5.930065298080441,0,0,300,0.05,0.7650326490402222
1475,-1.7059750660273445,0,0,300,0.05,0.7183856964111328
1476,-1.721708388328545,0,0,300,0.05,0.2508541941642761
1477,-1.35710266113278,0,0,300,0.05,0.5385513305664062
1478,100.6206386637688,1,0,272,0.05,0.24968066811561584
1479,-0.07067943175763547,0,0,300,0.05,0.34073787927627563
1480,-6.8736866815898106,0,0,300,0.05,0.8022415041923523
1481,-2.6599643286082086,0,0,300,0.05,0.6353803277015686
1482,-1.674017996788026,0,0,300,0.05,0.7270089983940125
1483,-94.55459118922664,0,0,300,0.05,0.6426937580108643
1484,-2.2933170437812813,0,0,300,0.05,0.44665852189064026
1485,-5.980346980890949,0,0,300,0.05,0.765571653842926
1486,-0.1788142633437762,0,0,300,0.05,0.4794071316719055
1487,-0.2273129959914048,0,0,300,0.05,0.1490546613931656
1488,-4.2111260994288395,0,0,300,0.05,0.47096121311187744
1489,-3.12133500099181,0,0,300,0.05,0.45066750049591064
1490,-1.1586962652206432,0,0,300,0.05,0.46934813261032104
1491,-1.2835806043955627,0,0,300,0.05,0.41718846559524536
1492,98.69407472133639,1,0,270,0.05,0.2629626393318176
1493,-1.7066563253614475,0,0,300,0.05,0.0387263260781765
1494,-3.267463930449215,0,0,300,0.05,0.46913012862205505
1495,-0.5755655956268289,0,0,300,0.05,0.027782797813415527
1496,-0.19915350198743365,0,0,300,0.05,0.33957675099372864
1497,-2.601846778392785,0,0,300,0.05,0.10092338919639587
1498,99.39144767622021,1,0,263,0.05,0.06467432528734207
1499,-3.5854085725545577,0,0,300,0.05,0.03270428627729416
1500,99.06692516326903,1,0,262,0.05,0.2765374183654785
1501,100.10626417110235,1,0,250,0.05,0.06226607784628868
1502,97.33458725333217,1,0,298,0.05,0.24270637333393097
1503,-1.358811988234522,0,0,300,0.05,0.03940599411725998
1504,101.89617611289027,1,0,231,0.05,0.13691194355487823
1505,99.62235233306885,1,0,235,0.05,0.17382383346557617
1506,-1.0561378860473556,0,0,300,0.05,0.8580689430236816
1507,98.2100344822791,1,0,269,0.05,0.03538092225790024
1508,-327.1150855636606,0,0,300,0.05,2.327542781829834
1509,0.5426764947176062,0,0,300,0.05,0.08866175264120102
1510,100.48960378289225,1,0,237,0.05,0.1901981085538864
1511,95.1994818401337,1,0,237,0.05,0.3352590799331665
1512,98.52124255418778,1,0,237,0.05,0.17437872290611267
1513,95.69251975536346,1,0,255,0.05,0.13874012231826782
1514,104.13902527491123,1,0,226,0.05,0.11588552594184875
1515,-10.480145941576692,0,0,300,0.05,5.605471134185791
1516,-3.09650583744048,0,0,300,0.05,0.25825291872024536
1517,96.2809506607056,1,0,282,0.05,0.1695246696472168
1518,-11.610463138818751,0,0,300,0.05,0.13523156940937042
1519,97.25111929297448,1,0,263,0.05,0.15944035351276398
1520,99.82311775803569,1,0,232,0.05,0.1484411209821701
1521,97.35404127955441,1,0,280,0.05,0.18297936022281647
1522,100.5335657966137,1,0,238,0.05,0.14321710169315338
1523,99.96723746180537,1,0,229,0.05,0.15138126909732819
1524,98.28612872481347,1,0,242,0.05,0.16693563759326935
1525,-2.058718274435733,0,0,300,0.05,0.39475730061531067
1526,-3.525541723966591,0,0,300,0.05,0.15277086198329926
1527,101.26918726086616,1,0,244,0.05,0.12540636956691742
1528,-4.104687343439753,0,0,300,0.05,0.4177418351173401
1529,97.00104295730591,1,0,287,0.05,0.1844785213470459
1530,98.21546430110931,1,0,238,0.05,0.302267849445343
1531,0.49766607299450333,0,0,300,0.05,0.021166963502764702
1532,-1.5663305028292809,0,0,300,0.05,0.148563414812088
1533,102.03575884819034,1,0,227,0.05,0.1671205759048462
1534,99.54845447063448,1,0,238,0.05,0.13577276468276978
1535,-15.624090901613247,0,0,300,0.05,0.08204545080661774
1536,99.40058732151985,1,0,240,0.05,0.15970633924007416
1537,99.21662296772003,1,0,224,0.05,0.15168851613998413
1538,100.576444349885,1,0,238,0.05,0.12177782505750656
1539,100.86083371758464,1,0,231,0.05,0.154583141207695
1540,-5.494628558954917,0,0,300,0.05,0.11271244287490845
1541,97.9999031674862,1,0,227,0.05,0.1850484162569046
1542,97.3877978426218,1,0,262,0.05,0.11610107868909836
1543,99.53364961028102,1,0,259,0.05,0.1481751948595047
1544,97.44911441326141,1,0,240,0.05,0.1354427933692932
1545,100.58572524905208,1,0,235,0.05,0.19213737547397614
1546,-0.24943945862349365,0,0,300,0.05,0.01471972931176424
1547,98.74548670172695,1,0,232,0.05,0.18725664913654327
1548,-4.649874517619605,0,0,300,0.05,0.034937258809804916
1549,100.72390419105557,1,0,237,0.05,0.07844606786966324
1550,97.73665761828423,1,0,275,0.05,0.14667119085788727
1551,98.22118008852006,1,0,238,0.05,0.299409955739975
1552,96.86591910839081,1,0,252,0.05,0.12704044580459595
1553,98.61102002978325,1,0,235,0.05,0.17948998510837555
1554,96.37948725342753,1,0,283,0.05,0.09525637328624725
1555,96.49734407484533,1,0,261,0.05,0.08632796257734299
1556,93.56259260892868,1,0,291,0.05,0.3037036955356598
1557,99.85531084656718,1,0,249,0.05,0.20734457671642303
1558,99.31849446713926,1,0,266,0.05,0.05075276643037796
1559,94.22695584455994,1,0,262,0.05,0.20192024111747742
1560,94.50606141805649,1,0,251,0.05,0.331969290971756
1561,-8.63985345318911,0,0,300,0.05,0.0299267265945673
1562,-1.584151726663082,0,0,300,0.05,0.03207586333155632
1563,97.58459868252278,1,0,238,0.05,0.11770065873861313
1564,100.00723923563959,1,0,231,0.05,0.08138038218021393
1565,100.23673618555071,1,0,258,0.05,0.29163190722465515
1566,97.4689679515362,1,0,238,0.05,0.1755160242319107
1567,-4.54336887508631,0,0,300,0.05,0.04168443754315376
1568,95.92963436663152,1,0,274,0.05,0.04518281668424606
1569,98.13964837908745,1,0,245,0.05,0.16517581045627594
1570,99.93625046730043,1,0,244,0.05,0.2918747663497925
1571,-11.495834963023658,0,0,300,0.05,0.047917481511831284
1572,98.5312389266491,1,0,236,0.05,0.19438053667545319
1573,99.783102132082,1,0,233,0.05,0.14344893395900726
1574,90.50667988816767,1,0,278,0.05,0.16205821931362152
1575,94.14634963393212,1,0,262,0.05,0.23682518303394318
1576,98.32276489853858,1,0,262,0.05,0.14861755073070526
1577,-19.561750746369366,0,0,300,0.05,0.05087537318468094
1578,98.57084986090662,1,0,237,0.05,0.14957506954669952
1579,96.65476867675781,1,0,275,0.05,0.15761566162109375
1580,-6.583906207680687,0,0,300,0.05,0.031953103840351105
1581,98.75612085580828,1,0,232,0.05,0.18193957209587097
1582,99.97401743948463,1,0,231,0.05,0.09799128025770187
1583,-1.6467732134461417,0,0,300,0.05,0.033386606723070145
1584,97.64881911993027,1,0,235,0.05,0.16059044003486633
1585,98.4860724461079,1,0,237,0.05,0.1919637769460678
1586,97.19745732665062,1,0,246,0.05,0.11127133667469025
1587,98.34191861867905,1,0,260,0.05,0.18904069066047668
1588,-9.894288473925336,0,0,300,0.05,5.102542400360107
1589,97.55619069457055,1,0,257,0.05,0.1569046527147293
1590,-11.45533085902664,0,0,300,0.05,3.5930635929107666
1591,99.01115826487542,1,0,248,0.05,0.154420867562294
1592,-4.420628564357758,0,0,300,0.05,0.4203142821788788
1593,-17.76338648438453,0,0,300,0.05,0.21169324219226837
1594,95.40660752177239,1,0,261,0.05,0.13169623911380768
1595,-2.591342237293709,0,0,300,0.05,0.03567111864686012
1596,96.54337011098863,1,0,256,0.05,0.18831494450569153
1597,90.45911898136139,1,0,294,0.05,0.2804405093193054
1598,96.43140145659447,1,0,257,0.05,0.21929927170276642
1599,-9.582254619598379,0,0,300,0.05,3.6811273097991943
1600,100.12664094686512,1,0,240,0.05,0.2966795265674591
1601,-0.2801827464997881,0,0,300,0.05,0.03009137324988842
1602,94.18202319264412,1,0,267,0.05,0.09398840367794037
1603,-7.605710353851318,0,0,300,0.05,3.632855176925659
1604,99.72923345908525,1,0,299,0.05,0.02038327045738697
1605,97.36643079042436,1,0,260,0.05,0.17678460478782654
1606,98.5491768848896,1,0,256,0.05,0.18541155755519867
1607,98.09404677420854,1,0,252,0.05,0.012976612895727158
1608,97.24612111568452,1,0,243,0.05,0.16193944215774536
1609,-3.477662735781366,0,0,300,0.05,0.894229531288147
1610,-18.47145023345947,0,0,300,0.05,4.035725116729736
1611,-1.6507188892364562,0,0,300,0.05,0.0953594446182251
1612,95.64629283666612,1,0,275,0.05,0.1618535816669464
1613,95.42091657638551,1,0,259,0.05,0.17454171180725098
1614,-12.594495509266858,0,0,300,0.05,0.037247754633426666
1615,96.49584493160248,1,0,280,0.05,0.11207753419876099
1616,96.19357383966445,1,0,263,0.05,0.18821308016777039
1617,98.01211279153824,1,0,267,0.05,0.17894360423088074
1618,-17.429692287147024,0,0,300,0.05,0.04484614357352257
1619,-10.583286028802382,0,0,300,0.05,0.031643014401197433
1620,-1.529492258131514,0,0,300,0.05,0.03474612906575203
1621,-2.7773398375511102,0,0,300,0.05,0.15866991877555847
1622,94.73159229278565,1,0,292,0.05,0.19420385360717773
1623,-10.585179367661448,0,0,300,0.05,0.09258968383073807
1624,98.34174831032756,1,0,261,0.05,0.16412584483623505
1625,-4.588484015762808,0,0,300,0.05,0.03424200788140297
1626,97.09395488023759,1,0,264,0.05,0.21302255988121033
1627,95.92303838253021,1,0,269,0.05,0.1734808087348938
1628,97.31851754009723,1,0,264,0.05,0.10074122995138168
1629,-45.721061297258956,0,0,300,0.05,2.6959288120269775
1630,98.15666415214541,1,0,239,0.05,0.30666792392730713
1631,100.78294540166857,1,0,228,0.05,0.2685272991657257
1632,99.93107490062717,1,0,231,0.05,0.11946254968643188
1633,97.77218893885612,1,0,233,0.05,0.14890553057193756
1634,96.22215057879689,1,0,268,0.05,0.04892471060156822
1635,98.75065217137336,1,0,258,0.05,0.034673914313316345
1636,95.95864744901658,1,0,244,0.05,0.2806762754917145
1637,-4.643382282853107,0,0,300,0.05,0.03169114142656326
1638,-23.54909580111503,0,0,300,0.05,0.044547900557518005
1639,-0.6242481637000691,0,0,300,0.05,0.02212408185005188
1640,99.57714459419252,1,0,230,0.05,0.32142770290374756
1641,97.68948077678682,1,0,252,0.05,0.2152596116065979
1642,-8.587065685987458,0,0,300,0.05,0.03353284299373627
1643,97.01445081353188,1,0,247,0.05,0.1777745932340622
1644,-201.33299659729,0,1,217,0.05,2.4214982986450195
1645,-1.4084614703058846,0,0,300,0.05,0.034230735152959824
1646,97.52991921424866,1,0,238,0.05,0.1450403928756714
1647,98.29681071758272,1,0,245,0.05,0.08659464120864868
1648,96.62033329725266,1,0,236,0.05,0.14983335137367249
1649,97.6878767502308,1,0,234,0.05,0.1660616248846054
1650,-6.288872280418885,0,0,300,0.05,0.03443614020943642
1651,81.67989257991312,1,0,277,0.05,0.09505371004343033
1652,100.66277363121513,1,0,238,0.05,0.07861318439245224
1653,-1.587460052669021,0,0,300,0.05,0.033730026334524155
1654,-2.623799395263183,0,0,300,0.05,0.05189969763159752
1655,98.60586451411247,1,0,239,0.05,0.08206774294376373
1656,-5.3067768451571276,0,0,300,0.05,0.04338842257857323
1657,-10.646587857902063,0,0,300,0.05,0.03329392895102501
1658,100.87273872315888,1,0,234,0.05,0.07363063842058182
1659,-0.4649338513612615,0,0,300,0.05,0.03246692568063736
1660,-3.2004066848754693,0,0,300,0.05,0.28020334243774414
1661,-302.3832623394353,0,0,300,0.05,2.967029333114624
1662,98.51524177908898,1,0,278,0.05,0.152379110455513
1663,-9.632296380102618,0,0,300,0.05,0.056148190051317215
1664,-3.592825171053396,0,0,300,0.05,0.03641258552670479
1665,-2.7130711865424852,0,0,300,0.05,0.0965355932712555
1666,-13.430366430580618,0,0,300,0.05,0.045183215290308
1667,96.52287250876428,1,0,275,0.05,0.22356374561786652
1668,97.73704928278923,1,0,250,0.05,0.24147535860538483
1669,-3.3043291115760667,0,0,300,0.05,0.33216455578804016
1670,-3.801059955358511,0,0,300,0.05,0.20052997767925262
1671,-17.670092097520847,0,0,300,0.05,0.10504604876041412
1672,98.43975936889647,1,0,257,0.05,0.2151203155517578
1673,-7.645095201134684,0,0,300,0.05,0.03254760056734085
1674,-2.5878973123431197,0,0,300,0.05,0.03394865617156029
1675,97.98236070990562,1,0,249,0.05,0.1438196450471878
1676,99.22148873925212,1,0,242,0.05,0.19925563037395477
1677,96.78000217199329,1,0,252,0.05,0.1699989140033722
1678,100.41295925498012,1,0,238,0.05,0.20352037250995636
1679,-7.525407936573035,0,0,300,0.05,0.09270396828651428
1680,-30.206818294525092,0,0,300,0.05,2.7534091472625732
1681,91.23143848896028,1,0,285,0.05,0.11928075551986694
1682,-114.77763542175292,0,1,143,0.05,1.8438177108764648
1683,-6.545722416639329,0,0,300,0.05,0.042861208319664
1684,99.59256197333339,1,0,236,0.05,0.16371901333332062
1685,-1.6155957485735337,0,0,300,0.05,0.01779787428677082
1686,-11.459289007982964,0,0,300,0.05,0.885042667388916
1687,-5.15240055163832,0,0,300,0.05,1.7915984392166138
1688,98.8479477953911,1,0,244,0.05,0.3360261023044586
1689,-0.5191944384574723,0,0,300,0.05,0.4395972192287445
1690,96.22861743688583,1,0,243,0.05,0.17069128155708313
1691,100.0657757353783,1,0,226,0.05,0.1771121323108673
1692,-83.9676381309839,0,0,300,0.05,1.1692172288894653
1693,94.5571413588524,1,0,292,0.05,0.28142932057380676
1694,-4.554257282614711,0,0,300,0.05,0.07712864130735397
1695,-17.6307561761141,0,0,300,0.05,0.08537808805704117
1696,94.28449240446093,1,0,260,0.05,0.2177537977695465
1697,-9.536368017992718,0,0,300,0.05,2.073582172393799
1698,97.81935177564624,1,0,246,0.05,0.30032411217689514
1699,97.05836057186127,1,0,242,0.05,0.28081971406936646
1700,98.9924389231205,1,0,251,0.05,0.11878053843975067
1701,-23.438566636443166,0,0,300,0.05,0.04928331822156906
1702,96.65940299749374,1,0,250,0.05,0.28029850125312805
1703,99.09834624648097,1,0,246,0.05,0.1608268767595291
1704,-6.603128720521932,0,0,300,0.05,0.04156436026096344
1705,100.6986623835564,1,0,236,0.05,0.11066880822181702
1706,-4.407373663187021,0,0,300,0.05,0.03368683159351349
1707,94.19023455838233,1,0,246,0.05,0.12028088420629501
1708,-1.4897540402412275,0,0,300,0.05,0.4848770201206207
1709,93.1288587999344,1,0,282,0.05,0.2455706000328064
1710,100.80006959557537,1,0,232,0.05,0.15996520221233368
1711,98.31136007785797,1,0,244,0.05,0.1343199610710144
1712,-127.57885048945853,0,0,300,0.05,1.794823408126831
1713,96.37648522973063,1,0,240,0.05,0.17175738513469696
1714,99.89360723018649,1,0,230,0.05,0.1631963849067688
1715,99.41097657839327,1,0,235,0.05,0.2849098742008209
1716,-14.491072253882894,0,0,300,0.05,0.04553612694144249
1717,100.96669553637506,1,0,229,0.05,0.1516522318124771
1718,94.61156410396103,1,0,279,0.05,0.07921794801950455
1719,97.89397086381915,1,0,244,0.05,0.34301456809043884
1720,98.15766421973706,1,0,267,0.05,0.10616789013147354
1721,94.7705136013031,1,0,248,0.05,0.2747431993484497
1722,97.3027333688736,1,0,238,0.05,0.2586333155632019
1723,99.54712146083384,1,0,218,0.05,0.14183743298053741
1724,73.09065999507906,1,0,284,0.05,0.21467000246047974
1725,100.29237013578418,1,0,237,0.05,0.2888149321079254
1726,91.05423849642278,1,0,251,0.05,0.05788075178861618
1727,98.5220879149437,1,0,236,0.05,0.19895604252815247
1728,96.09819657683374,1,0,246,0.05,0.1909017115831375
1729,-11.976573038897243,0,0,300,0.05,2.0836846828460693
1730,97.47577296614647,1,0,239,0.05,0.14711351692676544
1731,98.14761477828029,1,0,245,0.05,0.1611926108598709
1732,-14.576299775838855,0,0,300,0.05,0.028149887919425964
1733,94.21730784893039,1,0,246,0.05,0.10134607553482056
1734,-4.592079330682734,0,0,300,0.05,0.03603966534137726
1735,-9.627852192721102,0,0,300,0.05,1.9393242597579956
1736,99.42939702391625,1,0,238,0.05,0.19530148804187775
1737,-12.589105282425889,0,0,300,0.05,0.034552641212940216
1738,-3.6014325982332074,0,0,300,0.05,0.07071629911661148
1739,97.18259138584136,1,0,248,0.05,0.06870430707931519
1740,99.07346402674912,1,0,251,0.05,0.04826798662543297
1741,99.60407160699368,1,0,263,0.05,0.012964196503162384
1742,-4.91983195781705,0,0,300,0.05,0.7899159789085388
1743,-8.773724818229644,0,0,300,0.05,0.6868624091148376
1744,-3.4496025431156103,0,0,300,0.05,0.08480127155780792
1745,-3.0919167709350326,0,0,300,0.05,0.9359583854675293
1746,93.52055692195896,1,0,292,0.05,0.29972153902053833
1747,-2.08047506332397,0,0,300,0.05,0.9302375316619873
1748,-3.8443745088577135,0,0,300,0.05,0.8121872544288635
1749,98.31773124456407,1,0,276,0.05,0.3011343777179718
1750,90.09451501846316,1,0,287,0.05,0.16774249076843262
1751,-2.0667470979690328,0,0,300,0.05,0.8933735489845276
1752,-2.0401159628245598,0,0,300,0.05,0.8854561448097229
1753,-1.6927845942974142,0,0,300,0.05,0.05639229714870453
1754,101.77267356634144,1,0,254,0.05,0.12366321682929993
1755,-2.195042996406565,0,0,300,0.05,0.9575214982032776
1756,95.65692998647691,1,0,289,0.05,0.3365350067615509
1757,97.01257489442827,1,0,261,0.05,0.3287125527858734
1758,97.56594377875332,1,0,295,0.05,0.20202811062335968
1759,-3.0018729877471984,0,0,300,0.05,0.8909364938735962
1760,-3.121692628860469,0,0,300,0.05,0.9508463144302368
1761,99.75080530315638,1,0,298,0.05,0.03459734842181206
1762,-4.92951882918808,0,0,300,0.05,0.8301575779914856
1763,94.88497594118118,1,0,265,0.05,0.29251202940940857
1764,-2.009272603988652,0,0,300,0.05,0.8646363019943237
1765,95.40471251726152,1,0,274,0.05,0.30764374136924744
1766,99.0357900810242,1,0,262,0.05,0.29210495948791504
1767,97.03854972600939,1,0,283,0.05,0.29572513699531555
1768,94.28774556636812,1,0,300,0.05,0.2161272168159485
1769,-45.4328916653009,0,0,300,0.05,1.9318439960479736
1770,97.0532893371582,1,0,281,0.05,0.30835533142089844
1771,-4.776991815567022,0,0,300,0.05,0.7784959077835083
1772,95.66596712589264,1,0,269,0.05,0.3020164370536804
1773,95.66504706859588,1,0,269,0.05,0.3024764657020569
1774,93.68560738086701,1,0,268,0.05,0.3171963095664978
1775,-1.070966749191262,0,0,300,0.05,0.8954833745956421
1776,-4.087216467857364,0,0,300,0.05,0.9336082339286804
1777,96.88758266687395,1,0,263,0.05,0.34120866656303406
1778,-4.858783574104308,0,0,300,0.05,0.8193917870521545
1779,97.29823835611343,1,0,259,0.05,0.23588082194328308
1780,96.33682671904563,1,0,258,0.05,0.24158664047718048
1781,96.29297917604447,1,0,257,0.05,0.28851041197776794
1782,98.69358071804047,1,0,250,0.05,0.26320964097976685
1783,93.12813696384431,1,0,300,0.05,0.29593151807785034
1784,-204.35931164821196,0,0,300,0.05,1.5150539875030518
1785,-159.81420526504513,0,1,284,0.05,2.607102632522583
1786,-3.8097493612766344,0,0,300,0.05,0.2348746806383133
1787,96.95605410456658,1,0,246,0.05,0.23197294771671295
1788,100.13749895811084,1,0,241,0.05,0.26625052094459534
1789,99.31865207672122,1,0,236,0.05,0.3006739616394043
1790,97.39236353158954,1,0,256,0.05,0.26381823420524597
1791,97.08683577299118,1,0,260,0.05,0.3165821135044098
1792,96.99032099962234,1,0,244,0.05,0.2648395001888275
1793,-38.07595514377084,0,0,300,0.05,1.163375735282898
1794,94.91424610137939,1,0,264,0.05,0.30287694931030273
1795,95.79270065546035,1,0,248,0.05,0.26364967226982117
1796,93.62711344480516,1,0,291,0.05,0.27144327759742737
1797,94.5361742925644,1,0,252,0.05,0.29191285371780396
1798,98.44547585964203,1,0,256,0.05,0.2372620701789856
1799,99.12348994731904,1,0,240,0.05,0.2982550263404846
1800,97.8632431459427,1,0,246,0.05,0.278378427028656
1801,97.66734789133072,1,0,251,0.05,0.2513260543346405
1802,97.20293964266779,1,0,261,0.05,0.2335301786661148
1803,94.71726259469986,1,0,290,0.05,0.2813687026500702
1804,96.00710757493974,1,0,244,0.05,0.2564462125301361
1805,96.73118520498278,1,0,248,0.05,0.2944073975086212
1806,91.49057532072068,1,0,273,0.05,0.2897123396396637
1807,99.31366819858553,1,0,258,0.05,0.2531659007072449
1808,97.45833549022674,1,0,255,0.05,0.2558322548866272
1809,97.15598688840868,1,0,261,0.05,0.25700655579566956
1810,99.81911696910862,1,0,249,0.05,0.22544151544570923
1811,99.74465817332272,1,0,250,0.05,0.2376709133386612
1812,97.77936399698258,1,0,268,0.05,0.27031800150871277
1813,97.78025079488758,1,0,248,0.05,0.26987460255622864
1814,94.64738386392597,1,0,292,0.05,0.23630806803703308
1815,100.25962533473972,1,0,239,0.05,0.25518733263015747
1816,94.68983565727738,1,0,255,0.05,0.14548033475875854
1817,65.87589116811753,1,0,264,0.05,0.3220544159412384
1818,-36.49659877777093,0,0,300,0.05,3.218299388885498
1819,-5.630298486551965,0,0,300,0.05,0.9405474066734314
1820,95.19004872560501,1,0,260,0.05,0.2649756371974945
1821,-5.250343756675725,0,0,300,0.05,0.3351718783378601
1822,95.51173158407212,1,0,294,0.05,0.2541342079639435
1823,-13.43896841128804,0,0,300,0.05,1.8448823690414429
1824,-2.1494296503066854,0,0,300,0.05,0.9647148251533508
1825,98.04591555118562,1,0,243,0.05,0.26204222440719604
1826,97.01914627075195,1,0,263,0.05,0.27542686462402344
1827,99.2429715585709,1,0,259,0.05,0.2635142207145691
1828,97.34574867010119,1,0,258,0.05,0.23712566494941711
1829,93.87089995861054,1,0,266,0.05,0.27455002069473267
1830,94.01527024030686,1,0,263,0.05,0.2773648798465729
1831,-2.0560618742319963,0,0,300,0.05,0.8934291005134583
1832,98.19782383561135,1,0,261,0.05,0.2360880821943283
1833,95.60034067153931,1,0,273,0.05,0.23482966423034668
1834,-4.138158519268032,0,0,300,0.05,0.30907925963401794
1835,94.7742473435402,1,0,267,0.05,0.2978763282299042
1836,-4.4380371737480155,0,0,300,0.05,0.4290185868740082
1837,-2.0412659239769044,0,0,300,0.05,0.2606329619884491
1838,97.16323970079422,1,0,281,0.05,0.25338014960289
1839,-6.1666320729255615,0,0,300,0.05,0.2933160364627838
1840,96.59893268823623,1,0,273,0.05,0.2655336558818817
1841,95.5438006591797,1,0,293,0.05,0.26309967041015625
1842,96.26950669407844,1,0,280,0.05,0.22524665296077728
1843,-2.8740606570243816,0,0,300,0.05,0.2670303285121918
1844,-31.63934098800153,0,0,300,0.05,0.9450686573982239
1845,98.8563774418831,1,0,244,0.05,0.3318112790584564
1846,-2.559648447832799,0,0,300,0.05,0.9352223873138428
1847,97.50684210777287,1,0,275,0.05,0.23157894611358643
1848,-0.8594286545130648,0,0,300,0.05,0.7951124906539917
1849,99.03208250522617,1,0,243,0.05,0.2689587473869324
1850,96.27156806111337,1,0,260,0.05,0.22421596944332123
1851,-13.009266548952763,0,0,300,0.05,1.1600314378738403
1852,93.71525972604752,1,0,247,0.05,0.32737013697624207
1853,96.13918199062348,1,0,259,0.05,0.31540900468826294
1854,91.65448989152908,1,0,269,0.05,0.3377550542354584
1855,-5.919947297573099,0,0,300,0.05,0.3499736487865448
1856,98.72747834444048,1,0,249,0.05,0.2712608277797699
1857,98.93527879238133,1,0,244,0.05,0.2923606038093567
1858,97.94915754079818,1,0,243,0.05,0.34042122960090637
1859,98.0970417690277,1,0,261,0.05,0.286479115486145
1860,-33.320668507418105,0,0,300,0.05,1.2557324171066284
1861,-9.85632997512822,0,0,300,0.05,3.398164987564087
1862,-39.50214245796181,0,0,300,0.05,0.6110712289810181
1863,-15.042080669403134,0,0,300,0.05,0.3810403347015381
1864,-6.7379907902095075,0,0,300,0.05,2.0243935585021973
1865,-4.010974522433001,0,0,300,0.05,1.1908854246139526
1866,-7.639869589805597,0,0,300,0.05,0.5599347949028015
1867,-6.060537657737732,0,0,300,0.05,0.30026882886886597
1868,98.14007612586022,1,0,282,0.05,0.23996193706989288
1869,-4.983301491737358,0,0,300,0.05,0.8816507458686829
1870,-6.360718966326417,0,0,300,0.05,1.925757646560669
1871,90.4299272374299,1,0,299,0.05,0.17543454468250275
1872,-5.5965579295158285,0,0,300,0.05,0.4782789647579193
1873,-5.357148663997629,0,0,300,0.05,0.3885743319988251
1874,-15.40450072368123,0,0,300,0.05,5.447648525238037
1875,-35.12426398356874,0,0,300,0.05,2.0675301551818848
1876,-14.42086768229939,0,0,300,0.05,5.455832004547119
1877,-5.856527595520016,0,0,300,0.05,0.28826379776000977
1878,-10.853842612108934,0,0,300,0.05,3.1123194694519043
1879,-11.485469694933627,0,0,300,0.05,5.428133010864258
1880,-17.42660445292923,0,0,300,0.05,5.4887003898620605
1881,-14.368802146911639,0,0,300,0.05,4.8944010734558105
1882,-101.75322267532356,0,0,300,0.05,1.7666113376617432
1883,-73.75271369934059,0,0,300,0.05,5.11635684967041
1884,-21.65891273498532,0,0,300,0.05,5.039456367492676
1885,-19.69720996856688,0,0,300,0.05,5.028604984283447
1886,-23.80897605895983,0,0,300,0.05,4.9644880294799805
1887,-160.69630363464353,0,1,101,0.05,4.083151817321777
1888,-10.793547402224275,0,0,300,0.05,1.7621718645095825
1889,-4.780421028933246,0,0,300,0.05,1.7556086778640747
1890,-19.36721935272212,0,0,300,0.05,4.983609676361084
1891,-11.415859489440926,0,0,300,0.05,5.067929744720459
1892,-150.23523036956828,0,0,300,0.05,4.9076151847839355
1893,-13.376841278076187,0,0,300,0.05,5.078420639038086
1894,-12.14439704895021,0,0,300,0.05,4.932198524475098
1895,-11.986924858093268,0,0,300,0.05,5.383462429046631
1896,-15.079276256561306,0,0,300,0.05,2.9496381282806396
1897,-10.325524063110365,0,0,300,0.05,5.052762031555176
1898,-22.84115097045896,0,0,300,0.05,4.310575485229492
1899,-11.54257175445557,0,0,300,0.05,5.161285877227783
1900,-14.343363304138192,0,0,300,0.05,4.911681652069092
1901,-13.173358078002936,0,0,300,0.05,5.526679039001465
1902,-18.240734786987293,0,0,300,0.05,5.010367393493652
1903,-11.89435085296632,0,0,300,0.05,4.277175426483154
1904,-12.320908813476569,0,0,300,0.05,5.020454406738281
1905,-9.663503379821782,0,0,300,0.05,5.221751689910889
1906,-10.147590370178232,0,0,300,0.05,4.963795185089111
1907,-11.017840414047251,0,0,300,0.05,0.3689202070236206
1908,-17.43635498046876,0,0,300,0.05,5.038177490234375
1909,-14.26948501586916,0,0,300,0.05,4.87474250793457
1910,-10.63718670248986,0,0,300,0.05,0.14859335124492645
1911,-21.72839499553174,0,0,300,0.05,5.22959566116333
1912,-46.69190258026121,0,0,300,0.05,5.375951290130615
1913,-19.3239702987671,0,0,300,0.05,4.921985149383545
1914,-17.37484077453616,0,0,300,0.05,4.917420387268066
1915,-48.17930732727047,0,0,300,0.05,4.909653663635254
1916,-14.273156623840359,0,0,300,0.05,4.896578311920166
1917,-11.464313011169446,0,0,300,0.05,4.992156505584717
1918,-13.892378540039127,0,0,300,0.05,5.836189270019531
1919,-15.079097862243634,0,0,300,0.05,4.979548931121826
1920,-28.367372360229457,0,0,300,0.05,5.013686180114746
1921,-17.709439010620116,0,0,300,0.05,5.244719505310059
1922,-10.148847312927261,0,0,300,0.05,4.964423656463623
1923,-13.213413725695348,0,0,300,0.05,4.972105026245117
1924,-23.482402534484805,0,0,300,0.05,5.131201267242432
1925,-14.268354903063516,0,0,300,0.05,4.999575614929199
1926,-11.38524219512941,0,0,300,0.05,5.582621097564697
1927,-10.690614233813031,0,0,300,0.05,5.710705280303955
1928,-11.976276884875041,0,0,300,0.05,5.853536605834961
1929,-10.504038344225625,0,0,300,0.05,5.617417335510254
1930,-12.807454596361849,0,0,300,0.05,5.769125461578369
1931,-12.345562667846707,0,0,300,0.05,5.56278133392334
1932,-14.398538322448758,0,0,300,0.05,5.589269161224365
1933,-12.310017119250045,0,0,300,0.05,5.020406723022461
1934,-10.37488509257767,0,0,300,0.05,5.052840709686279
1935,-14.330083580017105,0,0,300,0.05,5.055041790008545
1936,-13.188157768249539,0,0,300,0.05,5.484078884124756
1937,-12.695008765063024,0,0,300,0.05,5.712902545928955
1938,-12.586969642639163,0,0,300,0.05,5.65348482131958
1939,-12.03694106181596,0,0,300,0.05,5.38386869430542
1940,-11.04604217529298,0,0,300,0.05,5.413021087646484
1941,-13.197557182312012,0,0,300,0.05,4.988778591156006
1942,-11.309292326769567,0,0,300,0.05,5.520044326782227
1943,-14.091956740221743,0,0,300,0.05,3.851376533508301
1944,-12.377219687304237,0,0,300,0.05,5.0540080070495605
1945,-11.60961581309768,0,0,300,0.05,4.170206069946289
1946,-9.274032325744633,0,0,300,0.05,5.0270161628723145
1947,-10.023041458129889,0,0,300,0.05,5.401520729064941
1948,-12.70179987987014,0,0,300,0.05,5.2162981033325195
1949,-11.129961081347197,0,0,300,0.05,5.400378704071045
1950,-10.45564350128174,0,0,300,0.05,5.057821750640869
1951,-10.209372053942419,0,0,300,0.05,5.470084190368652
1952,-93.13357517242393,0,0,300,0.05,4.956787586212158
1953,-18.265546332201684,0,0,300,0.05,4.998171329498291
1954,-15.34037086486819,0,0,300,0.05,5.560185432434082
1955,-10.051046104431164,0,0,300,0.05,4.915523052215576
1956,-13.018536300659209,0,0,300,0.05,5.39926815032959
1957,-12.19783374786378,0,0,300,0.05,4.988916873931885
1958,-12.695155630907758,0,0,300,0.05,5.212975978851318
1959,-21.149645538330027,0,0,300,0.05,4.964822769165039
1960,-12.22688723643753,0,0,300,0.05,4.978841781616211
1961,-11.287652702331552,0,0,300,0.05,5.5338263511657715
1962,-14.156679840087925,0,0,300,0.05,5.468339920043945
1963,-17.44462020874023,0,0,300,0.05,4.932310104370117
1964,-3.311324711641979,0,0,300,0.05,1.8410605192184448
1965,97.52000795125961,1,0,251,0.05,0.3249960243701935
1966,96.96351959228515,1,0,264,0.05,0.2782402038574219
1967,98.15655306100845,1,0,240,0.05,0.2817234694957733
1968,97.644995470047,1,0,249,0.05,0.31250226497650146
1969,97.59844604253769,1,0,250,0.05,0.3107769787311554
1970,96.87774565935135,1,0,265,0.05,0.29612717032432556
1971,95.81695301055908,1,0,268,0.05,0.251523494720459
1972,-2.9110951042175337,0,0,300,0.05,0.22554755210876465
1973,97.87167510509491,1,0,245,0.05,0.29916244745254517
1974,-250.95367158889775,0,1,235,0.05,2.2818357944488525
1975,100.4740601372719,1,0,234,0.05,0.27296993136405945
1976,-226.21167748530942,0,0,300,0.05,2.7612369060516357
1977,-5.3897949624061505,0,0,300,0.05,0.4048974812030792
1978,95.95813097476959,1,0,244,0.05,0.28093451261520386
1979,95.04704580783843,1,0,261,0.05,0.34147709608078003
1980,98.99787308692933,1,0,244,0.05,0.26106345653533936
1981,-4.575354334115969,0,0,300,0.05,0.11767716705799103
1982,100.21601242542269,1,0,238,0.05,0.30199378728866577
1983,97.67154774188995,1,0,250,0.05,0.2742261290550232
1984,100.12862156152727,1,0,241,0.05,0.2706892192363739
1985,98.97065904855728,1,0,245,0.05,0.24967047572135925
1986,100.19168407440188,1,0,238,0.05,0.31415796279907227
1987,96.20209570646286,1,0,239,0.05,0.28395214676856995
1988,97.64294181585313,1,0,251,0.05,0.26352909207344055
1989,98.1312991452217,1,0,258,0.05,0.3443504273891449
1990,100.20841427564623,1,0,239,0.05,0.28079286217689514
1991,-4.679419451555934,0,0,300,0.05,1.995107889175415
1992,100.74492452859879,1,0,246,0.05,0.3375377357006073
1993,-10.80970415115358,0,0,300,0.05,3.2348520755767822
1994,98.54820136308672,1,0,251,0.05,0.3408993184566498
1995,97.70053131103515,1,0,248,0.05,0.3097343444824219
1996,96.24043404340745,1,0,277,0.05,0.3447829782962799
1997,90.3629634785652,1,0,281,0.05,0.18351826071739197
1998,97.69413723468782,1,0,249,0.05,0.2879313826560974
1999,99.03810183286669,1,0,241,0.05,0.34594908356666565
2000,96.9981357383728,1,0,242,0.05,0.34093213081359863
2001,100.16196300506594,1,0,239,0.05,0.304018497467041
2002,98.90277455568314,1,0,246,0.05,0.258612722158432
2003,-3.5093251633644043,0,0,300,0.05,0.4646625816822052
2004,93.09173658648996,1,0,266,0.05,0.16952987015247345
2005,98.11801687002182,1,0,240,0.05,0.30099156498908997
2006,100.47787917375567,1,0,233,0.05,0.2960604131221771
2007,99.07548784732819,1,0,242,0.05,0.272256076335907
2008,95.25965204397706,1,0,263,0.05,0.1605721414089203
2009,97.345720846653,1,0,274,0.05,0.3371395766735077
2010,100.0355714392662,1,0,241,0.05,0.3172142803668976
2011,98.47282053947448,1,0,234,0.05,0.27358973026275635
2012,96.22539509932069,1,0,257,0.05,0.2977006137371063
2013,-1.3933516907691954,0,0,300,0.05,0.4066758453845978
2014,98.99718385457994,1,0,242,0.05,0.31140807271003723
2015,-3.4004801678657497,0,0,300,0.05,0.4102400839328766
2016,90.9713239121437,1,0,283,0.05,0.32933804392814636
2017,98.81950238466264,1,0,245,0.05,0.3252488076686859
2018,97.88545433998107,1,0,246,0.05,0.26727283000946045
2019,96.68267412304878,1,0,271,0.05,0.24366293847560883
2020,97.6051347088814,1,0,251,0.05,0.2824326455593109
2021,98.97125453472138,1,0,243,0.05,0.29937273263931274
2022,97.74019224166871,1,0,248,0.05,0.2899038791656494
2023,99.83730587482455,1,0,245,0.05,0.31634706258773804
2024,99.46996703863144,1,0,235,0.05,0.2500164806842804
2025,92.02940284729004,1,0,262,0.05,0.29529857635498047
2026,98.97912784337998,1,0,244,0.05,0.2704360783100128
2027,98.2999012184143,1,0,255,0.05,0.3350493907928467
2028,-6.77356513261796,0,0,300,0.05,0.12678256630897522
2029,99.3898284006119,1,0,254,0.05,0.3450857996940613
2030,99.10452273607257,1,0,240,0.05,0.30773863196372986
2031,98.80818824291231,1,0,246,0.05,0.30590587854385376
2032,99.05096989393235,1,0,242,0.05,0.28451505303382874
2033,98.55470484018326,1,0,232,0.05,0.28264757990837097
2034,100.20507474660876,1,0,239,0.05,0.28246262669563293
2035,98.73578109264373,1,0,249,0.05,0.2671094536781311
2036,93.98513394753009,1,0,261,0.05,0.34783118963241577
2037,99.94207777500155,1,0,244,0.05,0.28896111249923706
2038,98.8962467622757,1,0,245,0.05,0.2868766188621521
2039,99.27721887350083,1,0,237,0.05,0.296390563249588
2040,97.89694084644317,1,0,244,0.05,0.31152957677841187
2041,99.05695050477983,1,0,242,0.05,0.28152474761009216
2042,99.23534917354584,1,0,237,0.05,0.3173254132270813
2043,101.49003672122956,1,0,232,0.05,0.3149816393852234
2044,95.33739863157273,1,0,256,0.05,0.2913006842136383
2045,97.20278896808624,1,0,239,0.05,0.28360551595687866
2046,99.87609978437426,1,0,244,0.05,0.32195010781288147
2047,-7.095626919269561,0,0,300,0.05,0.4078134596347809
2048,95.28433457136154,1,0,255,0.05,0.3428327143192291
2049,-3.3649867939949014,0,0,300,0.05,0.3924933969974518
2050,96.98180764198304,1,0,262,0.05,0.3490961790084839
2051,98.47555970668792,1,0,252,0.05,0.3222201466560364
2052,96.97358619689942,1,0,242,0.05,0.32320690155029297
2053,98.419063539505,1,0,255,0.05,0.27546823024749756
2054,96.97259617567063,1,0,263,0.05,0.2987019121646881
2055,87.56394712209702,1,0,291,0.05,0.3330264389514923
2056,93.84990140676499,1,0,245,0.05,0.34004929661750793
2057,-24.059238462448153,0,0,300,0.05,0.38961923122406006
2058,88.9885407614708,1,0,282,0.05,0.34572961926460266
2059,-26.037975337505365,0,0,300,0.05,0.3489876687526703
2060,90.54009950876237,1,0,273,0.05,0.2649502456188202
2061,-29.01797917366029,0,0,300,0.05,0.36898958683013916
2062,88.11868503570558,1,0,280,0.05,0.3306574821472168
2063,79.17298235177994,1,0,299,0.05,0.32850882411003113
2064,81.01666044473647,1,0,282,0.05,0.33166977763175964
2065,-23.88780942678454,0,0,300,0.05,0.3339047133922577
2066,85.19909066438674,1,0,278,0.05,0.34045466780662537
2067,-28.02218231439594,0,0,300,0.05,0.37109115719795227
2068,90.37901008844375,1,0,273,0.05,0.34549495577812195
2069,91.94596094369888,1,0,263,0.05,0.34201952815055847
2070,97.75483113050463,1,0,247,0.05,0.3075844347476959
2071,-0.3471865224838007,0,0,300,0.05,0.38359326124191284
2072,98.98791066566973,1,0,244,0.05,0.27144283056259155
2073,98.1214710187912,1,0,260,0.05,0.29926449060440063
2074,91.8256875769284,1,0,265,0.05,0.3275543749332428
2075,-12.265737612247467,0,0,300,0.05,0.3728688061237335
2076,-22.095321323871595,0,0,300,0.05,0.3776606619358063
2077,86.38448549985885,1,0,294,0.05,0.3477572500705719
2078,-26.20897230386734,0,0,300,0.05,0.46448615193367004
2079,92.27831063985825,1,0,256,0.05,0.3208446800708771
2080,90.08520743131638,1,0,260,0.05,0.34739628434181213
2081,-20.912847125530234,0,0,300,0.05,0.25642356276512146
2082,92.8604773569107,1,0,265,0.05,0.3347613215446472
2083,97.64644928693771,1,0,249,0.05,0.3117753565311432
2084,101.4547202062607,1,0,233,0.05,0.3076398968696594
2085,97.18288008451461,1,0,261,0.05,0.27355995774269104
2086,100.37859726667403,1,0,233,0.05,0.3457013666629791
2087,96.00927121162415,1,0,263,0.05,0.28036439418792725
2088,96.31084489981201,1,0,256,0.05,0.3099757134914398
2089,99.29009137630464,1,0,256,0.05,0.34495431184768677
2090,98.91778906106948,1,0,244,0.05,0.30110546946525574
2091,97.72100584030152,1,0,246,0.05,0.34949707984924316
2092,91.76864200115203,1,0,287,0.05,0.3306789994239807
2093,98.40152544498446,1,0,233,0.05,0.334237277507782
2094,90.97091198444369,1,0,263,0.05,0.3295440077781677
2095,92.40596606016162,1,0,274,0.05,0.3370169699192047
2096,-1.3647083806991591,0,0,300,0.05,0.39235419034957886
2097,95.81494611024857,1,0,247,0.05,0.27752694487571716
2098,96.6930568408966,1,0,249,0.05,0.2884715795516968
2099,98.65178473472595,1,0,249,0.05,0.3391076326370239
2100,98.2266429320958,1,0,238,0.05,0.30207669734954834
2101,95.64326890230178,1,0,269,0.05,0.31336554884910583
2102,92.16936917781831,1,0,259,0.05,0.33031541109085083
2103,91.53530274788406,1,0,250,0.05,0.3477467894554138
2104,90.7418248693135,1,0,286,0.05,0.31448572874069214
2105,-7.927350373268126,0,0,300,0.05,0.3536751866340637
2106,94.63382205247879,1,0,250,0.05,0.32308897376060486
2107,95.89317239999772,1,0,264,0.05,0.3434138000011444
2108,-8.960133583545687,0,0,300,0.05,0.3700667917728424
2109,91.30889705896377,1,0,256,0.05,0.3355514705181122
2110,96.18296458005906,1,0,259,0.05,0.32351770997047424
2111,94.68377221981554,1,0,247,0.05,0.34851205348968506
2112,94.82730236768724,1,0,265,0.05,0.32134881615638733
2113,98.76914429187777,1,0,247,0.05,0.3004278540611267
2114,99.22772318840028,1,0,238,0.05,0.2961384057998657
2115,96.0963613677025,1,0,260,0.05,0.34181931614875793
2116,94.53615229288606,1,0,250,0.05,0.347322016954422
2117,-14.955466837882998,0,0,300,0.05,0.3677334189414978
2118,-14.981788129806526,0,0,300,0.05,0.3808940649032593
2119,-28.123576309680956,0,0,300,0.05,0.39178815484046936
2120,-26.00319895029069,0,0,300,0.05,0.36159947514533997
2121,-9.795640797615041,0,0,300,0.05,0.28782039880752563
2122,-20.190874302387268,0,0,300,0.05,0.3954371511936188
2123,-10.106310694217674,0,0,300,0.05,0.41315534710884094
2124,96.0224861160901,1,0,263,0.05,0.27915510535240173
2125,-4.940092236995698,0,0,300,0.05,0.3600461184978485
2126,101.20985768318178,1,0,241,0.05,0.26007115840911865
2127,96.16898901939393,1,0,259,0.05,0.33050549030303955
2128,98.37784190893173,1,0,234,0.05,0.3210790455341339
2129,99.00880807161333,1,0,242,0.05,0.3055959641933441
2130,96.35385745286942,1,0,257,0.05,0.25807127356529236
2131,96.80169198989869,1,0,246,0.05,0.3391540050506592
2132,96.1116975736618,1,0,239,0.05,0.3291512131690979
2133,97.30188338041306,1,0,256,0.05,0.3390583097934723
2134,96.48477591991424,1,0,254,0.05,0.2676120400428772
2135,98.02195752382278,1,0,243,0.05,0.2740212380886078
2136,97.98179752985504,1,0,242,0.05,0.3244993984699249
2137,97.68056761741639,1,0,247,0.05,0.3447161912918091
2138,-1.3477045464515478,0,0,300,0.05,0.3838522732257843
2139,95.73081000566482,1,0,249,0.05,0.2695949971675873
2140,97.73312419811755,1,0,246,0.05,0.3488360643386841
2141,96.59652386426926,1,0,251,0.05,0.2867380678653717
2142,99.51724332094193,1,0,252,0.05,0.3013783395290375
2143,101.57735880136492,1,0,229,0.05,0.34632059931755066
2144,98.08216726303101,1,0,242,0.05,0.26891636848449707
2145,98.76046349525453,1,0,249,0.05,0.2547682523727417
2146,98.65668044805527,1,0,231,0.05,0.25665977597236633
2147,96.7153554034233,1,0,248,0.05,0.30232229828834534
2148,99.04886775732041,1,0,242,0.05,0.285566121339798
2149,98.32826020240783,1,0,234,0.05,0.34586989879608154
2150,96.9733989906311,1,0,283,0.05,0.29830050468444824
2151,97.24179809808732,1,0,237,0.05,0.3141009509563446
2152,95.44113357543948,1,0,274,0.05,0.31943321228027344
2153,91.66207702636717,1,0,289,0.05,0.33396148681640625
2154,92.63297075748443,1,0,288,0.05,0.343514621257782
2155,95.68538499355319,1,0,248,0.05,0.3473075032234192
2156,85.5537492442131,1,0,291,0.05,0.3381253778934479
2157,91.21568071365357,1,0,297,0.05,0.3271596431732178
2158,-27.318779969215427,0,0,300,0.05,0.45938998460769653
2159,92.63341124534607,1,0,249,0.05,0.34829437732696533
2160,-13.29924514293671,0,0,300,0.05,0.44962257146835327
2161,90.38236619710923,1,0,254,0.05,0.3488169014453888
2162,-24.17195626974109,0,0,300,0.05,0.4459781348705292
2163,-25.139325647354124,0,0,300,0.05,0.429662823677063
2164,86.20329303026199,1,0,278,0.05,0.3383534848690033
2165,92.15137495279312,1,0,259,0.05,0.33931252360343933
2166,87.68077689886093,1,0,288,0.05,0.3496115505695343
2167,-22.09873958826068,0,0,300,0.05,0.3493697941303253
2168,-21.057436854839334,0,0,300,0.05,0.4187184274196625
2169,-28.08391227960589,0,0,300,0.05,0.37195613980293274
2170,95.9183091711998,1,0,264,0.05,0.3008454144001007
2171,88.6001193356514,1,0,271,0.05,0.28494033217430115
2172,-12.800624217987071,0,0,300,0.05,0.23031210899353027
2173,80.05777761459353,1,0,300,0.05,0.33111119270324707
2174,99.74373018264772,1,0,247,0.05,0.31313490867614746
2175,98.71645130634309,1,0,249,0.05,0.2767743468284607
2176,96.55017916679382,1,0,251,0.05,0.3099104166030884
2177,95.93484872102738,1,0,242,0.05,0.34257563948631287
2178,93.08762845277786,1,0,260,0.05,0.3461857736110687
2179,90.74847286224366,1,0,287,0.05,0.34076356887817383
2180,87.99900723258523,1,0,289,0.05,0.1408945471048355
2181,90.63105006694795,1,0,269,0.05,0.3494749665260315
2182,87.08864387750624,1,0,300,0.05,0.34567806124687195
2183,91.34765383481981,1,0,275,0.05,0.34117308259010315
2184,89.44226302901772,1,0,275,0.05,0.23926664888858795
2185,93.53965221802262,1,0,250,0.05,0.3455720543861389
2186,101.72726251284152,1,0,232,0.05,0.17176690697669983
2187,83.47126953125,1,0,291,0.05,0.349365234375
2188,92.13546635389329,1,0,259,0.05,0.34726682305336
2189,92.48761522054673,1,0,252,0.05,0.3461923897266388
2190,-11.071374208927162,0,0,300,0.05,0.42568710446357727
2191,100.27419170856477,1,0,235,0.05,0.34790414571762085
2192,92.69901550531387,1,0,268,0.05,0.31049224734306335
2193,94.85963031530382,1,0,265,0.05,0.33518484234809875
2194,-21.067327291965512,0,0,300,0.05,0.4236636459827423
2195,-18.008893461227423,0,0,300,0.05,0.3944467306137085
2196,-16.257938768863703,0,0,300,0.05,0.458969384431839
2197,97.71403778076173,1,0,248,0.05,0.3329811096191406
2198,-11.046789078712479,0,0,300,0.05,0.3833945393562317
2199,-9.262281916141516,0,0,300,0.05,0.401140958070755
2200,97.48262398958207,1,0,252,0.05,0.3186880052089691
2201,94.6677490782738,1,0,290,0.05,0.2761254608631134
2202,-5.398383929729455,0,0,300,0.05,0.37919196486473083
2203,-10.148083770275116,0,0,300,0.05,0.374041885137558
2204,92.04264302968981,1,0,264,0.05,0.2386784851551056
2205,93.90948796987533,1,0,263,0.05,0.33025601506233215
2206,94.12484187602998,1,0,238,0.05,0.34757906198501587
2207,91.39234652996063,1,0,295,0.05,0.31882673501968384
2208,92.87360966920853,1,0,283,0.05,0.3481951653957367
2209,94.28039607524872,1,0,295,0.05,0.34480196237564087
2210,96.28509395837784,1,0,257,0.05,0.29245302081108093
2211,92.23082441806794,1,0,278,0.05,0.29458779096603394
2212,98.4876997303963,1,0,251,0.05,0.3411501348018646
2213,-6.798377627134342,0,0,300,0.05,0.19918881356716156
2214,91.4938194823265,1,0,273,0.05,0.2880902588367462
2215,91.51828954935074,1,0,271,0.05,0.32585522532463074
2216,-10.046431982517248,0,0,300,0.05,0.3232159912586212
2217,98.73689780950548,1,0,246,0.05,0.3415510952472687
2218,96.2392098736763,1,0,256,0.05,0.34039506316185
2219,-11.961328470706935,0,0,300,0.05,0.28066423535346985
2220,92.14632327079774,1,0,278,0.05,0.33683836460113525
2221,96.85352291584014,1,0,244,0.05,0.33323854207992554
2222,92.12425286293029,1,0,258,0.05,0.3478735685348511
2223,81.07128014087678,1,0,279,0.05,0.349359929561615
2224,93.42259610414504,1,0,253,0.05,0.323701947927475
2225,93.47170500278473,1,0,251,0.05,0.3491474986076355
2226,86.87495846271514,1,0,263,0.05,0.34752076864242554
2227,93.27876207351684,1,0,255,0.05,0.34561896324157715
2228,93.04309963146714,1,0,260,0.05,0.3438483476638794
2229,96.7233251166344,1,0,246,0.05,0.34833744168281555
2230,96.63580251455308,1,0,248,0.05,0.34209874272346497
2231,97.42252462625503,1,0,252,0.05,0.3487376868724823
2232,100.17442261695864,1,0,237,0.05,0.3477886915206909
2233,91.49448002735642,1,0,297,0.05,0.19315814971923828
2234,94.05078324794772,1,0,260,0.05,0.33460837602615356
2235,93.37282744169238,1,0,255,0.05,0.29858627915382385
2236,96.27138435125352,1,0,257,0.05,0.32930782437324524
2237,86.93019854545594,1,0,282,0.05,0.3449007272720337
2238,85.62960959196093,1,0,268,0.05,0.3451952040195465
2239,88.87819499492647,1,0,263,0.05,0.3459025025367737
2240,95.46704647064209,1,0,275,0.05,0.2514767646789551
2241,87.82420947074891,1,0,264,0.05,0.3478952646255493
2242,96.88573587656023,1,0,243,0.05,0.3421320617198944
2243,92.440191860199,1,0,252,0.05,0.3399040699005127
2244,95.7702877831459,1,0,245,0.05,0.34985610842704773
2245,101.02173344612123,1,0,261,0.05,0.3241332769393921
2246,81.72758994817734,1,0,286,0.05,0.3462050259113312
2247,100.41873640537261,1,0,233,0.05,0.3256317973136902
2248,86.32210053920745,1,0,274,0.05,0.34894973039627075
2249,87.37740588903429,1,0,273,0.05,0.3462970554828644
2250,90.255970723629,1,0,258,0.05,0.2820146381855011
2251,88.22912196636199,1,0,276,0.05,0.34543901681900024
2252,92.06911950826647,1,0,262,0.05,0.2754402458667755
2253,99.3212532949448,1,0,257,0.05,0.2743733525276184
2254,99.17145066976549,1,0,237,0.05,0.3492746651172638
2255,94.63147819757461,1,0,248,0.05,0.34426090121269226
2256,89.8246219944954,1,0,264,0.05,0.3476890027523041
2257,101.5794483613968,1,0,229,0.05,0.3452758193016052
2258,87.02074369907379,1,0,280,0.05,0.34962815046310425
2259,92.57410796403886,1,0,249,0.05,0.34794601798057556
2260,94.27620151758194,1,0,235,0.05,0.34689924120903015
2261,98.07496901273727,1,0,239,0.05,0.3475154936313629
2262,80.70414874076843,1,0,290,0.05,0.2579256296157837
2263,93.17803388357164,1,0,257,0.05,0.3459830582141876
2264,89.07162304639816,1,0,259,0.05,0.3491884768009186
2265,100.04520771026614,1,0,240,0.05,0.33739614486694336
2266,101.13096733808518,1,0,239,0.05,0.3195163309574127
2267,-14.98577626943588,0,0,300,0.05,0.2928881347179413
2268,86.7720589351654,1,0,265,0.05,0.34897053241729736
2269,96.72547565221787,1,0,246,0.05,0.3472621738910675
2270,100.34081327438356,1,0,257,0.05,0.26459336280822754
2271,87.97764925479888,1,0,261,0.05,0.3461753726005554
2272,86.1759305548668,1,0,277,0.05,0.3470347225666046
2273,94.17105733871462,1,0,257,0.05,0.3494713306427002
2274,101.07158205032349,1,0,240,0.05,0.32420897483825684
2275,-24.039544074535357,0,0,300,0.05,0.37977203726768494
2276,74.4010547566414,1,0,294,0.05,0.33947262167930603
2277,78.77117034912109,1,0,285,0.05,0.3494148254394531
2278,100.29334727048874,1,0,235,0.05,0.3383263647556305
2279,94.37264812707902,1,0,253,0.05,0.348675936460495
2280,96.72387639999393,1,0,246,0.05,0.34806180000305176
2281,95.16912892580032,1,0,240,0.05,0.27543553709983826
2282,78.67834426879887,1,0,289,0.05,0.29582786560058594
2283,90.17589705705643,1,0,257,0.05,0.3470514714717865
2284,101.37556166172028,1,0,253,0.05,0.34721916913986206
2285,82.57804163217546,1,0,269,0.05,0.3459791839122772
2286,-3.8269570982456016,0,0,300,0.05,0.18347854912281036
2287,93.32484306812287,1,0,254,0.05,0.3475784659385681
2288,82.78133180856706,1,0,285,0.05,0.34433409571647644
2289,82.87434316396715,1,0,283,0.05,0.3478284180164337
2290,-26.909743936061833,0,0,300,0.05,0.34487196803092957
2291,86.72537533760072,1,0,286,0.05,0.347312331199646
2292,97.73178178230792,1,0,246,0.05,0.34950727224349976
2293,92.41074969927338,1,0,273,0.05,0.33502331376075745
2294,92.43578471104172,1,0,252,0.05,0.3475058078765869
2295,93.13810208559036,1,0,260,0.05,0.2909489572048187
2296,98.88813188791276,1,0,245,0.05,0.2909340560436249
2297,-2.787376273870444,0,0,300,0.05,0.13368813693523407
2298,-2.581776814460758,0,0,300,0.05,0.5008884072303772
2299,96.73698919534685,1,0,247,0.05,0.31650540232658386
2300,95.90737267255783,1,0,264,0.05,0.3063136637210846
2301,-4.576701160669319,0,0,300,0.05,0.11835058033466339
2302,99.84481163740158,1,0,224,0.05,0.3375941812992096
2303,-21.140711865425107,0,0,300,0.05,0.34035593271255493
2304,95.8466406416893,1,0,247,0.05,0.26167967915534973
2305,96.22717436075213,1,0,259,0.05,0.27141281962394714
2306,96.80485593795777,1,0,247,0.05,0.28257203102111816
2307,-25.462284813723272,0,0,300,0.05,0.5965405702590942
2308,97.65519836664203,1,0,250,0.05,0.28240081667900085
2309,95.4770622444153,1,0,254,0.05,0.2714688777923584
2310,86.68189447641373,1,0,287,0.05,0.3440527617931366
2311,94.94122356653213,1,0,243,0.05,0.3443882167339325
2312,88.45745361328126,1,0,253,0.05,0.336273193359375
2313,95.2071497988701,1,0,257,0.05,0.33142510056495667
2314,84.88491255760192,1,0,283,0.05,0.34254372119903564
2315,95.39970184087754,1,0,253,0.05,0.3351490795612335
2316,95.27295938253405,1,0,255,0.05,0.34852030873298645
2317,87.99868438959122,1,0,261,0.05,0.3356578052043915
2318,96.2263183426857,1,0,256,0.05,0.34684082865715027
2319,87.88570386886596,1,0,263,0.05,0.3421480655670166
2320,101.57002489089967,1,0,231,0.05,0.2999875545501709
2321,95.9281524372101,1,0,242,0.05,0.3459237813949585
2322,94.52107116699219,1,0,250,0.05,0.34946441650390625
2323,92.47366319417955,1,0,251,0.05,0.34816840291023254
2324,84.93155371665955,1,0,282,0.05,0.34422314167022705
2325,80.57971795320513,1,0,289,0.05,0.3451410233974457
2326,85.07866113344697,1,0,280,0.05,0.32606759667396545
2327,93.57926623344422,1,0,251,0.05,0.29536688327789307
2328,-21.120949118137357,0,0,300,0.05,0.4204745590686798
2329,88.72291944742204,1,0,266,0.05,0.3485402762889862
2330,97.17018502473832,1,0,237,0.05,0.3499074876308441
2331,-17.955025460720062,0,0,300,0.05,0.30751273036003113
2332,94.29007552385329,1,0,256,0.05,0.314962238073349
2333,98.18874519586564,1,0,237,0.05,0.34062740206718445
2334,99.76175491333007,1,0,246,0.05,0.32912254333496094
2335,90.15983309904603,1,0,278,0.05,0.3354816138744354
2336,96.52552357435226,1,0,250,0.05,0.3472382128238678
2337,93.37476009845733,1,0,253,0.05,0.3476199507713318
2338,94.37750329494479,1,0,254,0.05,0.3212483525276184
2339,95.23913294792176,1,0,258,0.05,0.29043352603912354
2340,97.04648956775665,1,0,240,0.05,0.3367552161216736
2341,95.63408698558807,1,0,249,0.05,0.31795650720596313
2342,96.55557000160219,1,0,272,0.05,0.2822149991989136
2343,96.58075925827028,1,0,250,0.05,0.31962037086486816
2344,97.60455629348758,1,0,250,0.05,0.3077218532562256
2345,98.05370304107667,1,0,260,0.05,0.3331484794616699
2346,91.65293923139572,1,0,270,0.05,0.2835303843021393
2347,91.33310911178589,1,0,275,0.05,0.31844544410705566
2348,98.68522322893145,1,0,248,0.05,0.3173883855342865
2349,96.82337896347046,1,0,246,0.05,0.2983105182647705
2350,96.61509481191635,1,0,250,0.05,0.30245259404182434
2351,-9.933553905487068,0,0,300,0.05,0.3567769527435303
2352,89.59567077875137,1,0,289,0.05,0.33716461062431335
2353,-7.967244408130647,0,0,300,0.05,0.2536222040653229
2354,101.58731468439103,1,0,229,0.05,0.34134265780448914
2355,96.14345843315125,1,0,258,0.05,0.33827078342437744
2356,-18.111018800735476,0,0,300,0.05,0.3555094003677368
2357,-23.077347602844256,0,0,300,0.05,0.36867380142211914
2358,-2.9780896520614673,0,0,300,0.05,0.2590448260307312
2359,-8.002408468723297,0,0,300,0.05,0.30120423436164856
2360,99.17424875020981,1,0,237,0.05,0.3478756248950958
2361,96.47350530147553,1,0,251,0.05,0.34824734926223755
2362,100.68891041994095,1,0,227,0.05,0.34054479002952576
2363,87.35626526594162,1,0,274,0.05,0.33186736702919006
2364,99.99479441165924,1,0,241,0.05,0.33760279417037964
2365,95.62144572257996,1,0,248,0.05,0.349277138710022
2366,97.52425453186035,1,0,250,0.05,0.3478727340698242
2367,100.04669454813006,1,0,240,0.05,0.3366527259349823
2368,86.07020149707793,1,0,261,0.05,0.32989925146102905
2369,93.74531655788424,1,0,247,0.05,0.34234172105789185
2370,87.8012408542633,1,0,267,0.05,0.31437957286834717
2371,-14.02023282527925,0,0,300,0.05,0.3701164126396179
2372,-7.97697374343873,0,0,300,0.05,0.37848687171936035
2373,97.7224413585663,1,0,246,0.05,0.3487793207168579
2374,97.46516710042957,1,0,252,0.05,0.32741644978523254
2375,-15.042692096233381,0,0,300,0.05,0.41134604811668396
2376,87.18003534793854,1,0,277,0.05,0.3449823260307312
2377,92.98299550533297,1,0,282,0.05,0.3185022473335266
2378,95.0352612566948,1,0,241,0.05,0.31736937165260315
2379,-28.355313845476818,0,0,300,0.05,0.5130550861358643
2380,-17.792212138971998,0,0,300,0.05,0.7615042328834534
2381,-13.125806002616883,0,0,300,0.05,0.42290300130844116
2382,98.59367940584687,1,0,249,0.05,0.3435584604740143
2383,95.08642456054687,1,0,260,0.05,0.3167877197265625
2384,90.86079320430756,1,0,265,0.05,0.3046033978462219
2385,99.30919157981872,1,0,237,0.05,0.2804042100906372
2386,86.06589833021162,1,0,280,0.05,0.3270508348941803
2387,99.53669266859558,1,0,230,0.05,0.34705182909965515
2388,97.12229523181915,1,0,240,0.05,0.2988523840904236
2389,-15.582273330688487,0,0,300,0.05,0.6211366653442383
2390,-19.475664864382473,0,0,300,0.05,0.6032305955886841
2391,-9.984794764518734,0,0,300,0.05,0.3523973822593689
2392,-8.204341797828684,0,0,300,0.05,0.46217089891433716
2393,99.53068778634074,1,0,238,0.05,0.14465610682964325
2394,-12.59078642398118,0,0,300,0.05,0.035393211990594864
2395,100.31262409210206,1,0,237,0.05,0.2786879539489746
2396,-3.3776591658592,0,0,300,0.05,0.4888295829296112
2397,-18.96794911861419,0,0,300,0.05,0.3139745593070984
2398,99.40541991154221,1,0,233,0.05,0.3376882076263428
2399,90.02067121982576,1,0,260,0.05,0.3496643900871277
2400,-24.524728620052354,0,0,300,0.05,0.06236431002616882
2401,-11.680504494905481,0,0,300,0.05,0.1402522474527359
2402,96.18910637060672,1,0,298,0.05,0.32084497809410095
2403,-8.008425028324135,0,0,300,0.05,0.3942125141620636
2404,-2.8244901013374335,0,0,300,0.05,0.30224505066871643
2405,89.73845416466263,1,0,266,0.05,0.3461710810661316
2406,102.17980631748706,1,0,243,0.05,0.20049500465393066
2407,99.60944382667542,1,0,251,0.05,0.2802780866622925
2408,-22.395070262751307,0,0,300,0.05,0.5329332947731018
2409,-9.48945898612471,0,0,300,0.05,0.5801276564598083
2410,97.8968278423932,1,0,263,0.05,0.34198424220085144
2411,95.00158266544342,1,0,261,0.05,0.3342086672782898
2412,-18.963066072463988,0,0,300,0.05,0.37153303623199463
2413,-15.328895815214842,0,0,300,0.05,0.49984607100486755
2414,-14.396221290430756,0,0,300,0.05,0.5635088086128235
2415,-22.32394602775571,0,0,300,0.05,0.5219730138778687
2416,-2.779514815807332,0,0,300,0.05,0.21975740790367126
2417,-6.287188911437997,0,0,300,0.05,0.44359445571899414
2418,-5.142494699954986,0,0,300,0.05,0.3412473499774933
2419,-2.342234687805179,0,0,300,0.05,0.3811173439025879
2420,-8.242771120071415,0,0,300,0.05,0.5113855600357056
2421,-6.465046892962184,0,0,300,0.05,0.59792160987854
2422,-7.563589225611421,0,0,300,0.05,0.6471927762031555
2423,100.13801933050156,1,0,258,0.05,0.3409903347492218
2424,90.81742856899766,1,0,284,0.05,0.3266838788986206
2425,-15.2399832844734,0,0,300,0.05,0.4199916422367096
2426,94.75205957094697,1,0,285,0.05,0.33436837792396545
2427,97.23727609077959,1,0,277,0.05,0.3217601180076599
2428,94.45889430761338,1,0,252,0.05,0.3305528461933136
2429,-2.08088877439499,0,0,300,0.05,0.3704443871974945
2430,96.3996534506467,1,0,272,0.05,0.33557143807411194
2431,100.16496545791628,1,0,238,0.05,0.3275172710418701
2432,87.92671268979576,1,0,268,0.05,0.17204181849956512
2433,-27.878873589834896,0,0,300,0.05,0.21483495831489563
2434,98.74128657976657,1,0,266,0.05,0.3147548735141754
2435,84.55495786825685,1,0,296,0.05,0.1879192292690277
2436,94.0356500641492,1,0,280,0.05,0.3475731313228607
2437,-10.604305832386022,0,0,300,0.05,0.16215291619300842
2438,-2.3848388957977322,0,0,300,0.05,0.40241944789886475
2439,94.78297078132628,1,0,247,0.05,0.293514609336853
2440,98.20255244175463,1,0,256,0.05,0.3341219425201416
2441,96.07114890018967,1,0,258,0.05,0.3498237133026123
2442,90.19158058325317,1,0,280,0.05,0.26960787177085876
2443,-2.623268089294411,0,0,300,0.05,0.5816340446472168
2444,91.46561958312988,1,0,274,0.05,0.2771902084350586
2445,102.9638551425934,1,0,242,0.05,0.3280724287033081
2446,102.02029356479645,1,0,240,0.05,0.3498532176017761
2447,100.1577343416214,1,0,238,0.05,0.33113282918930054
2448,93.61340041319399,1,0,252,0.05,0.2586979568004608
2449,100.6399241757393,1,0,248,0.05,0.34003791213035583
2450,101.13351877450943,1,0,239,0.05,0.31824061274528503
2451,99.64790013551712,1,0,250,0.05,0.2860499322414398
2452,101.76827191829683,1,0,247,0.05,0.300864040851593
2453,99.73118385235337,1,0,253,0.05,0.17480623722076416
2454,-8.49413658618927,0,0,300,0.05,0.427068293094635
2455,-15.57423772811889,0,0,300,0.05,0.5871188640594482
2456,91.37786634365585,1,0,272,0.05,0.34646499156951904
2457,99.4530842343953,1,0,231,0.05,0.3338560461997986
2458,84.7624567369607,1,0,270,0.05,0.20416979491710663
2459,101.33514037887126,1,0,241,0.05,0.17282797396183014
2460,95.85987163940933,1,0,247,0.05,0.26046234369277954
2461,100.00940882682801,1,0,262,0.05,0.30529558658599854
2462,101.15983756939441,1,0,238,0.05,0.33547937870025635
2463,96.93152035872009,1,0,242,0.05,0.3196379840373993
2464,98.6244081926346,1,0,248,0.05,0.34779590368270874
2465,-5.345432775020597,0,0,300,0.05,0.3827163875102997
2466,96.50846616188555,1,0,254,0.05,0.2611650824546814
2467,100.02248817841081,1,0,241,0.05,0.3291540741920471
2468,99.34497454563645,1,0,233,0.05,0.33791089057922363
2469,100.14323487440613,1,0,238,0.05,0.3437807261943817
2470,98.20655543009308,1,0,256,0.05,0.33212044835090637
2471,98.25925575891999,1,0,235,0.05,0.3307702839374542
2472,99.52522145032883,1,0,251,0.05,0.32238927483558655
2473,100.80759844303132,1,0,245,0.05,0.3312007784843445
2474,101.32410964488983,1,0,235,0.05,0.32294517755508423
2475,102.0495848552373,1,0,240,0.05,0.3406057357788086
2476,-9.222746033668521,0,0,300,0.05,0.35137301683425903
2477,-4.311656374931316,0,0,300,0.05,0.3958281874656677
2478,-5.082737767696384,0,0,300,0.05,0.3413688838481903
2479,96.3895942131665,1,0,252,0.05,0.3406010568141937
2480,99.13704384088517,1,0,258,0.05,0.3414780795574188
2481,98.79916111628081,1,0,244,0.05,0.3358176052570343
2482,95.12508524815112,1,0,262,0.05,0.2528555393218994
2483,92.27530877113342,1,0,256,0.05,0.3223456144332886
2484,96.86616690874101,1,0,244,0.05,0.32691654562950134
2485,95.41760705868272,1,0,255,0.05,0.2815946340560913
2486,88.60232650200393,1,0,250,0.05,0.3142349123954773
2487,92.77358978191879,1,0,265,0.05,0.3236032724380493
2488,93.63006790399551,1,0,269,0.05,0.31996604800224304
2489,96.33228268782167,1,0,238,0.05,0.24925681948661804
2490,95.81921319166688,1,0,244,0.05,0.3257915675640106
2491,94.05039199749497,1,0,243,0.05,0.2652021646499634
2492,93.25360522985459,1,0,256,0.05,0.33319738507270813
2493,98.8414804649353,1,0,245,0.05,0.31425976753234863
2494,90.20861965815094,1,0,256,0.05,0.3310883343219757
2495,94.4428411078453,1,0,252,0.05,0.3385794460773468
2496,75.951968793073,1,0,286,0.05,0.20941376686096191
2497,95.829370392957,1,0,247,0.05,0.2757129669189453
2498,91.49477629820373,1,0,255,0.05,0.243010014295578
2499,93.27951465050249,1,0,254,0.05,0.3456408381462097
2500,97.37539805332689,1,0,237,0.05,0.2526991367340088
2501,-12.855212538242341,0,0,300,0.05,0.28760626912117004
2502,90.92856949090958,1,0,262,0.05,0.3457152545452118
2503,89.87768031755954,1,0,262,0.05,0.34655800461769104
2504,95.15788668552902,1,0,241,0.05,0.26145482063293457
2505,92.97049241781234,1,0,262,0.05,0.3247537910938263
2506,95.26856861829759,1,0,256,0.05,0.32571569085121155
2507,88.66881318807602,1,0,269,0.05,0.30059340596199036
2508,94.05048614263536,1,0,282,0.05,0.28475692868232727
2509,92.03799170414474,1,0,261,0.05,0.32140231132507324
2510,96.27668247938158,1,0,256,0.05,0.32165876030921936
2511,94.0308300511029,1,0,243,0.05,0.27498313784599304
2512,95.97048479715852,1,0,241,0.05,0.32515576481819153
2513,-4.381000838279734,0,0,300,0.05,0.46050041913986206
2514,92.31113521575928,1,0,256,0.05,0.30443239212036133
2515,95.73290555874377,1,0,245,0.05,0.34394538402557373
2516,92.17929792801408,1,0,256,0.05,0.3457491993904114
2517,91.55888400793074,1,0,271,0.05,0.3055579960346222
2518,-32.86636188944314,0,0,300,0.05,0.20857910811901093
2519,94.63609394589929,1,0,276,0.05,0.1473511904478073
2520,76.01466612378626,1,0,287,0.05,0.18306510150432587
2521,-29.869102687439653,0,0,300,0.05,0.17994950711727142
2522,95.58815350929765,1,0,248,0.05,0.3413214087486267
2523,95.34381080071,1,0,236,0.05,0.26349276304244995
2524,-32.80332175215218,0,0,300,0.05,0.17705903947353363
2525,87.99051231304674,1,0,261,0.05,0.3451420068740845
2526,94.10324391285447,1,0,263,0.05,0.23877620697021484
2527,94.3596543264389,1,0,254,0.05,0.3301728367805481
2528,90.64647892236711,1,0,270,0.05,0.286760538816452
2529,95.30653122226268,1,0,281,0.05,0.1871325522661209
2530,-9.54794454693795,0,0,300,0.05,0.16397227346897125
2531,95.96549806753664,1,0,264,0.05,0.28264912962913513
2532,-7.197372856936187,0,0,300,0.05,0.37408459186553955
2533,94.26203958511354,1,0,256,0.05,0.3289802074432373
2534,90.93680935621262,1,0,262,0.05,0.341595321893692
2535,91.81225338697433,1,0,265,0.05,0.32887330651283264
2536,88.03160307804613,1,0,259,0.05,0.34459662437438965
2537,92.0842196957257,1,0,286,0.05,0.17328831553459167
2538,80.26069347421199,1,0,282,0.05,0.18505142629146576
2539,-23.892399252257068,0,0,300,0.05,0.19159778952598572
2540,93.26789484182862,1,0,259,0.05,0.25645074248313904
2541,-8.900041253170698,0,0,300,0.05,0.19541878998279572
2542,-2.238102049827581,0,0,300,0.05,0.5090510249137878
2543,89.0706262485173,1,0,260,0.05,0.33008503913879395
2544,-31.689674532017445,0,0,300,0.05,0.15023542940616608
2545,88.43516056696444,1,0,275,0.05,0.2728178799152374
2546,94.59031884829074,1,0,250,0.05,0.32023873925209045
2547,86.6140905213356,1,0,269,0.05,0.3279547393321991
2548,-29.792067977986058,0,0,300,0.05,0.17143215239048004
2549,91.68501259485748,1,0,267,0.05,0.3178918659687042
2550,86.8544948410988,1,0,285,0.05,0.3077525794506073
2551,98.18426681915788,1,0,237,0.05,0.34826475381851196
2552,93.06518440405398,1,0,260,0.05,0.33280596137046814
2553,92.64030015627414,1,0,271,0.05,0.27024808526039124
2554,95.82084431171418,1,0,264,0.05,0.3495778441429138
2555,95.01059985319644,1,0,246,0.05,0.2100982367992401
2556,96.54846654653551,1,0,251,0.05,0.31076672673225403
2557,95.51945170879367,1,0,275,0.05,0.22527414560317993
2558,91.8963303256035,1,0,265,0.05,0.31683483719825745
2559,90.4862982348588,1,0,296,0.05,0.22224904596805573
2560,95.17951506535083,1,0,261,0.05,0.2506406307220459
2561,96.45493534326555,1,0,255,0.05,0.2575323283672333
2562,92.53341109037399,1,0,253,0.05,0.29829445481300354
2563,93.3712082695961,1,0,254,0.05,0.3243958652019501
2564,97.64215614000825,1,0,247,0.05,0.3393200933933258
2565,-23.025414884886448,0,0,300,0.05,0.258105605840683
2566,95.04365849653749,1,0,261,0.05,0.3185689151287079
2567,88.96120161533355,1,0,263,0.05,0.30439919233322144
2568,94.75745022773744,1,0,248,0.05,0.3112748861312866
2569,-28.076423852443675,0,0,300,0.05,0.39821192622184753
2570,-25.851313474974358,0,0,300,0.05,0.2010549008846283
2571,96.78866727510957,1,0,247,0.05,0.2960645258426666
2572,-15.245979042053214,0,0,300,0.05,0.5129895210266113
2573,-29.033959935507497,0,0,300,0.05,0.38237813115119934
2574,74.60377643585208,1,0,291,0.05,0.3131117820739746
2575,93.87604979077842,1,0,266,0.05,0.24737326800823212
2576,90.93056245008972,1,0,287,0.05,0.22511693835258484
2577,86.34291670481232,1,0,279,0.05,0.21893981099128723
2578,-11.99386862039565,0,0,300,0.05,0.3869343101978302
2579,-6.180352578959191,0,0,300,0.05,0.4555744528770447
2580,87.79141430059936,1,0,284,0.05,0.33969101309776306
2581,-11.108860612711622,0,0,300,0.05,0.2998284697532654
2582,-9.835094753107747,0,0,300,0.05,0.19294553995132446
2583,95.70704590240983,1,0,250,0.05,0.2618752121925354
2584,96.68047845760849,1,0,266,0.05,0.3451589345932007
2585,-17.998020537695616,0,0,300,0.05,0.3344084322452545
2586,100.26900530020266,1,0,236,0.05,0.3308955132961273
2587,96.64304477135211,1,0,251,0.05,0.26887577772140503
2588,89.13751874128845,1,0,259,0.05,0.3216387927532196
2589,91.41531917015578,1,0,273,0.05,0.33273857831954956
2590,89.87961402654648,1,0,245,0.05,0.29519298672676086
2591,97.16337039629488,1,0,238,0.05,0.33371296525001526
2592,97.45181994596987,1,0,255,0.05,0.26448819041252136
2593,94.24916825453309,1,0,259,0.05,0.26581403613090515
2594,96.91279745260745,1,0,266,0.05,0.25899943709373474
2595,98.08264008919268,1,0,239,0.05,0.34907811880111694
2596,97.18181853453189,1,0,260,0.05,0.2744888961315155
2597,95.53308865547181,1,0,250,0.05,0.3434556722640991
2598,88.4692215816167,1,0,275,0.05,0.25578737258911133
2599,97.64080598831178,1,0,250,0.05,0.3195970058441162
2600,85.43978382825851,1,0,274,0.05,0.3201080858707428
2601,96.055063585439,1,0,239,0.05,0.332866370677948
2602,95.82297979752093,1,0,265,0.05,0.3289082646369934
2603,89.96828636089829,1,0,288,0.05,0.18125498294830322
2604,95.77446300268176,1,0,248,0.05,0.3027684986591339
2605,94.53238420009616,1,0,271,0.05,0.3188078999519348
2606,97.94113469521072,1,0,241,0.05,0.33983081579208374
2607,95.7299527422574,1,0,250,0.05,0.25042179226875305
2608,93.36546173810959,1,0,275,0.05,0.3022691309452057
2609,90.78396431922913,1,0,286,0.05,0.318017840385437
2610,81.75815472761661,1,0,289,0.05,0.2613207995891571
2611,74.51983450809983,1,0,295,0.05,0.23048090934753418
2612,85.6398625032094,1,0,273,0.05,0.22046691179275513
2613,91.14665859500435,1,0,263,0.05,0.2170688658952713
2614,78.45656759262087,1,0,293,0.05,0.3067162036895752
2615,-23.995039846897114,0,0,300,0.05,0.3275199234485626
2616,90.26454438129929,1,0,297,0.05,0.30812597274780273
2617,99.7694954196599,1,0,225,0.05,0.3256504535675049
2618,91.98464305559664,1,0,262,0.05,0.32307663559913635
2619,81.87644896984102,1,0,286,0.05,0.3017755150794983
2620,-9.88463762720559,0,0,300,0.05,0.2177169770002365
2621,91.17840610901385,1,0,280,0.05,0.27619510889053345
2622,-2.5019340618464545,0,0,300,0.05,0.6163651943206787
2623,98.16374483585359,1,0,260,0.05,0.30812758207321167
2624,96.39207635680702,1,0,257,0.05,0.24435998499393463
2625,94.70720274607208,1,0,267,0.05,0.3367967903614044
2626,81.51973356167343,1,0,292,0.05,0.30553138256073
2627,-18.044282208285058,0,0,300,0.05,0.387539267539978
2628,-18.27649027904005,0,0,300,0.05,0.47364330291748047
2629,-24.738204241594985,0,0,300,0.05,0.6145002841949463
2630,-7.637851420244905,0,0,300,0.05,0.5943238735198975
2631,-18.41127277453872,0,0,300,0.05,0.5710345506668091
2632,98.70522579431534,1,0,270,0.05,0.28738710284233093
2633,-12.03430874188874,0,0,300,0.05,0.38255253434181213
2634,93.73536042372254,1,0,269,0.05,0.2427179515361786
2635,96.14745075225831,1,0,258,0.05,0.3362746238708496
2636,-28.393515138626082,0,0,300,0.05,0.5567575693130493
2637,95.65219882249833,1,0,255,0.05,0.15890058875083923
2638,-0.5098536777496102,0,0,300,0.05,0.4649268388748169
2639,-7.9945098193499735,0,0,300,0.05,0.27265307307243347
2640,-11.567561336359692,0,0,300,0.05,0.619178831577301
2641,98.64777174154787,1,0,253,0.05,0.2165122926235199
2642,-13.970073015689868,0,0,300,0.05,0.3750365078449249
2643,98.75139073292281,1,0,249,0.05,0.26470279693603516
2644,-7.008711428642274,0,0,300,0.05,0.3943557143211365
2645,-15.147943882942188,0,0,300,0.05,0.43397194147109985
2646,-27.558110900721267,0,0,300,0.05,0.6144536137580872
2647,-20.37567940235136,0,0,300,0.05,0.5478397011756897
2648,-16.278966038227086,0,0,300,0.05,0.49948301911354065
2649,100.81099418878557,1,0,266,0.05,0.3345029056072235
2650,-19.10274973392487,0,0,300,0.05,0.41137486696243286
2651,-8.982026607990262,0,0,300,0.05,0.38101330399513245
2652,-7.4474761199951,0,0,300,0.05,0.6137380599975586
2653,-5.775191317400666,0,0,300,0.05,0.2529938220977783
2654,-4.781930413246134,0,0,300,0.05,0.2209652066230774
2655,95.88915068626405,1,0,263,0.05,0.34042465686798096
2656,84.52950578451157,1,0,292,0.05,0.2952471077442169
2657,94.68794823408126,1,0,268,0.05,0.31602588295936584
2658,82.28072481632232,1,0,297,0.05,0.32463759183883667
2659,85.26618825674058,1,0,257,0.05,0.33190587162971497
2660,101.20305358886719,1,0,237,0.05,0.33347320556640625
2661,93.88856822967529,1,0,263,0.05,0.3407158851623535
2662,-18.95642688989641,0,0,300,0.05,0.3682134449481964
2663,-20.041938395500175,0,0,300,0.05,0.41096919775009155
2664,-8.099848333201153,0,0,300,0.05,0.8253223299980164
2665,-8.108233056068432,0,0,300,0.05,0.3241165280342102
2666,99.22792475938797,1,0,257,0.05,0.321037620306015
2667,-4.457507390975928,0,0,300,0.05,0.4687536954879761
2668,92.1287171316147,1,0,278,0.05,0.34564143419265747
2669,94.24124429941178,1,0,256,0.05,0.33937785029411316
2670,79.26616775274277,1,0,277,0.05,0.33191612362861633
2671,93.62695027112962,1,0,268,0.05,0.3465248644351959
2672,95.57948821941879,1,0,291,0.05,0.3006540536880493
2673,-12.186196172237402,0,0,300,0.05,0.3930980861186981
2674,89.52245485901832,1,0,255,0.05,0.2237725704908371
2675,-22.96971908092497,0,0,300,0.05,0.3448595404624939
2676,-18.00242337703705,0,0,300,0.05,0.39121168851852417
2677,-10.05102469921113,0,0,300,0.05,0.3255123496055603
2678,-3.7742134642600993,0,0,300,0.05,0.27710673213005066
2679,-20.85929781516524,0,0,300,0.05,0.705047070980072
2680,-9.772293334803328,0,0,300,0.05,0.6915448307991028
2681,-0.3720386314391931,0,0,300,0.05,0.5460193157196045
2682,-1.4470909500121845,0,0,300,0.05,0.5535454750061035
2683,-10.939308910369883,0,0,300,0.05,0.3296544551849365
2684,100.07268783251313,1,0,238,0.05,0.3490542471408844
2685,97.14716347614792,1,0,278,0.05,0.34181642532348633
2686,-9.891275913319324,0,0,300,0.05,0.19103612005710602
2687,-9.219018467268674,0,0,300,0.05,0.44490739703178406
2688,94.58244043747453,1,0,291,0.05,0.29917794466018677
2689,-9.863789710602486,0,0,300,0.05,0.20729301869869232
2690,86.68238814274338,1,0,287,0.05,0.31920409202575684
2691,96.13618225018054,1,0,261,0.05,0.27230703830718994
2692,-12.252174082598405,0,0,300,0.05,0.4014852046966553
2693,-17.487470210394587,0,0,300,0.05,0.4891332685947418
2694,-12.984225594997387,0,0,300,0.05,0.292112797498703
2695,-24.164065371355736,0,0,300,0.05,0.4474308490753174
2696,-1.017121391296365,0,0,300,0.05,0.7185606956481934
2697,-11.31061401844026,0,0,300,0.05,0.5153070092201233
2698,-9.24537202835084,0,0,300,0.05,0.512686014175415
2699,-2.5620731401443275,0,0,300,0.05,0.6410365700721741
2700,-4.7926265629145615,0,0,300,0.05,1.6717114448547363
2701,-8.150811638832097,0,0,300,0.05,0.40540581941604614
2702,-18.44630599578354,0,0,300,0.05,0.5285511612892151
2703,-4.011971795558919,0,0,300,0.05,0.3059858977794647
2704,82.75279852310685,1,0,288,0.05,0.28899890184402466
2705,-20.997901206812568,0,0,300,0.05,0.8043487668037415
2706,-15.12613585710525,0,0,300,0.05,0.45306792855262756
2707,-12.038086621761332,0,0,300,0.05,0.379043310880661
2708,-10.595357547602378,0,0,300,0.05,0.6630769371986389
2709,-15.273261915049282,0,0,300,0.05,0.5020291209220886
2710,-10.365960608324743,0,0,300,0.05,0.5483784675598145
2711,-3.070674897036276,0,0,300,0.05,0.2807356119155884
2712,94.15487493753433,1,0,259,0.05,0.33756253123283386
2713,-14.187543056011219,0,0,300,0.05,0.3637715280056
2714,-7.1384430789947295,0,0,300,0.05,0.3992215394973755
2715,-20.403969192504878,0,0,300,0.05,0.5019845962524414
2716,-7.195971996784206,0,0,300,0.05,0.4879859983921051
2717,-10.113098266920755,0,0,300,0.05,0.33194729685783386
2718,-12.980375788211832,0,0,300,0.05,0.26018789410591125
2719,-11.169915230274183,0,0,300,0.05,0.4749576151371002
2720,-9.51007720470429,0,0,300,0.05,0.5850386023521423
2721,-10.478704781532292,0,0,300,0.05,0.6293523907661438
2722,-11.430827822685256,0,0,300,0.05,0.5454139113426208
2723,-10.814592804908763,0,0,300,0.05,0.23729640245437622
2724,92.43373145341873,1,0,274,0.05,0.32313427329063416
2725,-10.180271874270163,0,0,300,0.05,0.45553410053253174
2726,91.7951651620865,1,0,286,0.05,0.3424174189567566
2727,88.18764472484591,1,0,298,0.05,0.3461776375770569
2728,103.73263233184817,1,0,227,0.05,0.34868383407592773
2729,-6.017294254302974,0,0,300,0.05,0.33864712715148926
2730,101.35413866758347,1,0,237,0.05,0.2579306662082672
2731,98.37430060068635,1,0,276,0.05,0.2782478630542755
2732,-6.816343750953666,0,0,300,0.05,0.7381718754768372
2733,-8.335705184936526,0,0,300,0.05,0.4678525924682617
2734,-5.24198987007142,0,0,300,0.05,0.8609949350357056
2735,-5.156276231608108,0,0,300,0.05,0.8835362792015076
2736,-2.420530767440787,0,0,300,0.05,0.600265383720398
2737,-12.638807716369637,0,0,300,0.05,4.8494038581848145
2738,-3.7996604545924346,0,0,300,0.05,0.7652283906936646
2739,-7.843504877090465,0,0,300,0.05,0.811752438545227
2740,-5.808965335688302,0,0,300,0.05,0.7698808312416077
2741,-4.492946515879349,0,0,300,0.05,0.6118714213371277
2742,-5.315222411155683,0,0,300,0.05,0.5176112055778503
2743,-11.253247204622953,0,0,300,0.05,0.9020217657089233
2744,-2.503433357081126,0,0,300,0.05,0.6171148419380188
2745,98.72941978136566,1,0,247,0.05,0.32568827271461487
2746,-2.593514404296866,0,0,300,0.05,0.5667572021484375
2747,-6.495589938163751,0,0,300,0.05,0.5777949690818787
2748,-4.728465466499312,0,0,300,0.05,0.7242327332496643
2749,-3.3546774625778033,0,0,300,0.05,0.4773387312889099
2750,-2.359812082052229,0,0,300,0.05,0.06990604102611542
2751,97.10374311178923,1,0,291,0.05,0.033128444105386734
2752,-4.91618860801192,0,0,300,0.05,0.8234924674034119
2753,-5.856960444450382,0,0,300,0.05,0.7884802222251892
2754,-4.063702951273646,0,0,300,0.05,0.8972496390342712
2755,-3.3362718923899832,0,0,300,0.05,0.5335341095924377
2756,-4.6443699884414675,0,0,300,0.05,0.6821849942207336
2757,-4.24493880113098,0,0,300,0.05,0.4878675639629364
2758,-14.334305973052993,0,0,300,0.05,0.5571529865264893
2759,-5.770081014633176,0,0,300,0.05,0.7750405073165894
2760,100.16356383085252,1,0,281,0.05,0.2532180845737457
2761,-14.792284971079543,0,0,300,0.05,0.7015406489372253
2762,-12.193263355097507,0,0,300,0.05,0.8720298409461975
2763,98.54585294882324,1,0,250,0.05,0.3424716889858246
2764,-2.286096544265752,0,0,300,0.05,0.5330482721328735
2765,-8.704623775482169,0,0,300,0.05,0.5623118877410889
2766,-5.105385962328629,0,0,300,0.05,0.8280911445617676
2767,-17.704433093867006,0,0,300,0.05,0.7176147103309631
2768,92.65008613586426,1,0,270,0.05,0.2849569320678711
2769,-18.763566380343153,0,0,300,0.05,0.6871813535690308
2770,-12.388150401911476,0,0,300,0.05,0.5294733643531799
2771,-8.553359571299268,0,0,300,0.05,0.5520779490470886
2772,-27.163616566658014,0,0,300,0.05,0.44180828332901
2773,-11.739680834612571,0,0,300,0.05,0.7052385807037354
2774,-24.737494593462653,0,0,300,0.05,0.6741454601287842
2775,97.1696740579605,1,0,279,0.05,0.3001629710197449
2776,-7.3344436367366,0,0,300,0.05,0.5026199817657471
2777,91.63184146404267,1,0,291,0.05,0.2690792679786682
2778,-8.526108513674442,0,0,300,0.05,0.6284524202346802
2779,-6.837068444094376,0,0,300,0.05,0.7239323854446411
2780,-11.636291151842803,0,0,300,0.05,0.6235437393188477
2781,-8.444465943178843,0,0,300,0.05,0.5576311349868774
2782,-13.957374663352976,0,0,300,0.05,0.8686873316764832
2783,-13.924348893961644,0,0,300,0.05,0.7375726103782654
2784,-11.584402644634253,0,0,300,0.05,0.09220132231712341
2785,92.37916405916214,1,0,279,0.05,0.19541797041893005
2786,98.67256841182709,1,0,270,0.05,0.2737157940864563
2787,-6.092492237091055,0,0,300,0.05,0.22624611854553223
2788,91.93837075948716,1,0,282,0.05,0.34081462025642395
2789,97.19772853374481,1,0,279,0.05,0.286135733127594
2790,-4.219221794605257,0,0,300,0.05,0.40961089730262756
2791,90.28100005865096,1,0,256,0.05,0.34949997067451477
2792,86.83126458644868,1,0,285,0.05,0.3193677067756653
2793,-38.99524244785305,0,0,300,0.05,0.3876212239265442
2794,-32.91661182165145,0,0,300,0.05,0.34830591082572937
2795,87.28861282348635,1,0,296,0.05,0.34569358825683594
2796,-19.01939334869384,0,0,300,0.05,0.30969667434692383
2797,-4.939423170089706,0,0,300,0.05,0.29971158504486084
2798,82.28835568904879,1,0,296,0.05,0.34582215547561646
2799,-17.254935352802278,0,0,300,0.05,0.4874676764011383
2800,-21.07659795761109,0,0,300,0.05,0.398298978805542
2801,92.48273087024688,1,0,273,0.05,0.3236345648765564
2802,85.1821184206009,1,0,258,0.05,0.34894078969955444
2803,101.1856849241257,1,0,238,0.05,0.3471575379371643
2804,89.63883623043564,1,0,268,0.05,0.34598004817962646
2805,92.18898773670197,1,0,278,0.05,0.34550613164901733
2806,-4.348140926361092,0,0,300,0.05,0.564070463180542
2807,-17.076666326522833,0,0,300,0.05,0.4283331632614136
2808,-24.940705866813644,0,0,300,0.05,0.36035293340682983
2809,97.26275038877993,1,0,256,0.05,0.33402296900749207
2810,99.14773846387864,1,0,278,0.05,0.3361307680606842
2811,-20.278286348185254,0,0,300,0.05,0.5045413374900818
2812,-16.065695667266848,0,0,300,0.05,0.33284783363342285
2813,100.7321587340024,1,0,267,0.05,0.3243187963962555
2814,-8.919062028727273,0,0,300,0.05,0.8249291777610779
2815,-18.174712386131286,0,0,300,0.05,0.4173561930656433
2816,-14.069162438711837,0,0,300,0.05,0.3999793827533722
2817,-18.21131553411484,0,0,300,0.05,0.3756577670574188
2818,-7.231100168228132,0,0,300,0.05,0.4455500841140747
2819,-2.3466351842880293,0,0,300,0.05,0.44331759214401245
2820,92.27815451184776,1,0,300,0.05,0.22632090747356415
2821,-9.96402582645417,0,0,300,0.05,0.3720129132270813
2822,95.39237862984209,1,0,296,0.05,0.2692088484764099
2823,100.98928455829622,1,0,241,0.05,0.3403577208518982
2824,-7.016920755705573,0,0,300,0.05,0.3738585412502289
2825,-9.193913669586186,0,0,300,0.05,0.4869568347930908
2826,94.18952707211044,1,0,279,0.05,0.2956346273422241
2827,-0.5902924251556405,0,0,300,0.05,0.6851462125778198
2828,-6.156487195491794,0,0,300,0.05,0.4382435977458954
2829,-14.013842375278484,0,0,300,0.05,0.39692118763923645
2830,-2.4714963030815,0,0,300,0.05,0.4757481515407562
2831,-7.802429513931278,0,0,300,0.05,0.6112147569656372
2832,-8.44578870058058,0,0,300,0.05,0.46289435029029846
2833,-7.147823352813705,0,0,300,0.05,0.31391167640686035
2834,98.01760484695436,1,0,284,0.05,0.25119757652282715
2835,99.46131366014482,1,0,252,0.05,0.32934316992759705
2836,-14.122776172161116,0,0,300,0.05,0.33138808608055115
2837,-18.035609929561613,0,0,300,0.05,0.3778049647808075
2838,95.4077316359666,1,0,297,0.05,0.23653234541416168
2839,99.72992072820666,1,0,266,0.05,0.34503963589668274
2840,-10.64051558494566,0,0,300,0.05,0.5602577924728394
2841,95.54162705659867,1,0,293,0.05,0.26418647170066833
2842,-2.580988894304958,0,0,300,0.05,0.6558926105499268
2843,-5.855377402305601,0,0,300,0.05,0.2576887011528015
2844,-4.964243495464331,0,0,300,0.05,0.2821217477321625
2845,-10.122818429470062,0,0,300,0.05,0.30140921473503113
2846,-2.331490646204687,0,0,300,0.05,0.5311434864997864
2847,-0.47127325137588555,0,0,300,0.05,0.5710347890853882
2848,-2.643718333244326,0,0,300,0.05,0.7118591666221619
2849,-7.744410128593454,0,0,300,0.05,0.7622050642967224
2850,-7.281437216601086,0,0,300,0.05,1.856116771697998
2851,-4.05319475253553,0,0,300,0.05,1.1519955396652222
2852,-17.796797757944788,0,0,300,0.05,0.7037970423698425
2853,-8.667042026519773,0,0,300,0.05,2.9535210132598877
2854,-21.757039194903086,0,0,300,0.05,0.683917760848999
2855,-5.757221699557031,0,0,300,0.05,1.6240090131759644
2856,-18.797490125498506,0,0,300,0.05,0.704143226146698
2857,-4.694679827690116,0,0,300,0.05,0.7373399138450623
2858,-30.197411242327394,0,0,300,0.05,0.8741037845611572
2859,-5.0223841675135725,0,0,300,0.05,1.7565902471542358
2860,98.68443119684724,1,0,291,0.05,0.24818256497383118
2861,-6.700306778750152,0,0,300,0.05,0.655551552772522
2862,-12.883384886583999,0,0,300,0.05,0.7170906066894531
2863,-13.732161885103912,0,0,300,0.05,0.6714791059494019
2864,-8.626412158808435,0,0,300,0.05,0.6186042428016663
2865,-3.6011132907867474,0,0,300,0.05,0.6905566453933716
2866,-6.139500027498932,0,0,300,0.05,0.8751481771469116
2867,-9.043099234900216,0,0,300,0.05,0.38694778084754944
2868,-5.504169579348287,0,0,300,0.05,1.4374829530715942
2869,-6.396575422286982,0,0,300,0.05,0.5882877111434937
2870,-8.12765796025726,0,0,300,0.05,0.42922714352607727
2871,-11.31659796476365,0,0,300,0.05,0.4882989823818207
2872,-15.543734993934635,0,0,300,0.05,0.6018674969673157
2873,-5.590685492357921,0,0,300,0.05,0.600740909576416
2874,-10.698485618433674,0,0,300,0.05,0.6546409726142883
2875,-12.838964110216805,0,0,300,0.05,0.7248802185058594
2876,-13.953319555124967,0,0,300,0.05,0.7820579409599304
2877,-5.025954604944912,0,0,300,0.05,0.7583754658699036
2878,-11.805840860209202,0,0,300,0.05,0.7683185935020447
2879,-3.611753249168373,0,0,300,0.05,0.605876624584198
2880,-13.5638689430568,0,0,300,0.05,0.5573326349258423
2881,91.50564210812121,1,0,290,0.05,0.332577109336853
2882,-7.375387458801258,0,0,300,0.05,0.5476937294006348
2883,-27.141885343393994,0,0,300,0.05,0.8463408350944519
2884,81.75459268808363,1,0,270,0.05,0.23270365595817566
2885,102.27476073026659,1,0,238,0.05,0.2726196348667145
2886,97.49478538751602,1,0,294,0.05,0.26260730624198914
2887,-4.916871869564046,0,0,300,0.05,0.2584359347820282
2888,102.26421420097353,1,0,236,0.05,0.32789289951324463
2889,73.52011956691749,1,0,294,0.05,0.24994021654129028
2890,-2.911993339061734,0,0,300,0.05,0.13599666953086853
2891,100.83664113998414,1,0,248,0.05,0.24167943000793457
2892,98.47029674768447,1,0,233,0.05,0.2998516261577606
2893,102.2068246123195,1,0,269,0.05,0.031587693840265274
2894,99.39410108427076,1,0,242,0.05,0.08834762126207352
2895,-8.048535432815537,0,0,300,0.05,0.3542677164077759
2896,97.59618193626406,1,0,253,0.05,0.23690903186798096
2897,-18.845122249126447,0,0,300,0.05,0.31256112456321716
2898,95.62320205092432,1,0,292,0.05,0.24839897453784943
2899,94.85109995722772,1,0,269,0.05,0.20945002138614655
2900,95.80402611970902,1,0,267,0.05,0.31298694014549255
2901,99.69955898046494,1,0,248,0.05,0.31022050976753235
2902,-5.0119480156898435,0,0,300,0.05,0.3359740078449249
2903,87.1635686647892,1,0,284,0.05,0.17821566760540009
2904,97.98289649009706,1,0,241,0.05,0.34355175495147705
2905,100.51996122568846,1,0,262,0.05,0.050019387155771255
2906,102.11682829380037,1,0,220,0.05,0.301585853099823
2907,100.96886035084725,1,0,232,0.05,0.10556982457637787
2908,97.86588455915454,1,0,254,0.05,0.10705772042274475
2909,99.38486066639423,1,0,244,0.05,0.09756966680288315
2910,96.44913002967837,1,0,255,0.05,0.26043498516082764
2911,101.12260522365571,1,0,239,0.05,0.32369738817214966
2912,98.02569896697999,1,0,243,0.05,0.27215051651000977
2913,83.14744725942612,1,0,280,0.05,0.28627637028694153
2914,-7.316180186271665,0,0,300,0.05,0.36809009313583374
2915,97.70550460338593,1,0,248,0.05,0.30724769830703735
2916,-50.10797378540027,0,0,300,0.05,0.9439868927001953
2917,97.42763487219813,1,0,278,0.05,0.19618256390094757
2918,-7.490760903954495,0,0,300,0.05,0.07538045197725296
2919,-2.5202212148904692,0,0,300,0.05,0.09011060744524002
2920,96.81068742394449,1,0,270,0.05,0.20465628802776337
2921,-5.375938297510146,0,0,300,0.05,0.07796914875507355
2922,95.43556872725487,1,0,298,0.05,0.19221563637256622
2923,95.6393130671978,1,0,292,0.05,0.24034346640110016
2924,-16.83364715814591,0,0,300,0.05,0.24682357907295227
2925,102.10945788145067,1,0,240,0.05,0.30527105927467346
2926,89.56741921424864,1,0,296,0.05,0.1762903928756714
2927,102.04228478193285,1,0,242,0.05,0.2888576090335846
2928,98.36644337892534,1,0,256,0.05,0.27677831053733826
2929,99.9097754073143,1,0,245,0.05,0.28011229634284973
2930,103.09788717746734,1,0,244,0.05,0.2110564112663269
2931,100.40346955776214,1,0,237,0.05,0.233265221118927
2932,101.26231395721437,1,0,237,0.05,0.30384302139282227
2933,102.82233904719354,1,0,229,0.05,0.2238304764032364
2934,84.0609815132618,1,0,285,0.05,0.20450924336910248
2935,104.25149226903915,1,0,218,0.05,0.284253865480423
2936,103.9720993232727,1,0,224,0.05,0.27395033836364746
2937,103.40560636043548,1,0,235,0.05,0.2821968197822571
2938,101.58030194798974,1,0,254,0.05,0.22524718940258026
2939,101.29261309027673,1,0,260,0.05,0.21369345486164093
2940,100.33805093288423,1,0,235,0.05,0.31597453355789185
2941,102.19546933293346,1,0,241,0.05,0.23726533353328705
2942,97.82671202222376,1,0,249,0.05,0.19704215228557587
2943,-7.648027458786941,0,0,300,0.05,0.12401372939348221
2944,101.96169812798502,1,0,246,0.05,0.2291509360074997
2945,102.3518261086941,1,0,238,0.05,0.23408694565296173
2946,101.28817636489867,1,0,238,0.05,0.2659118175506592
2947,102.45920089006425,1,0,235,0.05,0.25539955496788025
2948,83.8796244454384,1,0,289,0.05,0.1951877772808075
2949,0.02474085092546248,0,0,300,0.05,0.2876295745372772
2950,92.35315083384515,1,0,279,0.05,0.20842458307743073
2951,-10.012262015342708,0,0,300,0.05,0.8661310076713562
2952,96.87182366728784,1,0,295,0.05,0.07908816635608673
2953,86.40716874122619,1,0,297,0.05,0.23141562938690186
2954,-4.125355989932997,0,0,300,0.05,0.45267799496650696
2955,100.47108705759051,1,0,254,0.05,0.2744564712047577
2956,101.54285885810854,1,0,254,0.05,0.23857057094573975
2957,-12.468856358528134,0,0,300,0.05,0.5344281792640686
2958,-4.878759355545046,0,0,300,0.05,0.829379677772522
2959,-7.266568127474521,0,0,300,0.05,0.9086822271347046
2960,-9.021375127634712,0,0,300,0.05,0.8460857272148132
2961,-9.981244926452648,0,0,300,0.05,5.050622463226318
2962,-7.574599585533144,0,0,300,0.05,0.557299792766571
2963,-16.687197179794293,0,0,300,0.05,0.7335985898971558
2964,-6.29805219491453,0,0,300,0.05,0.42442426085472107
2965,-5.194580083689414,0,0,300,0.05,0.402688205242157
2966,-6.010684685707096,0,0,300,0.05,0.21534234285354614
2967,-9.183235293230748,0,0,300,0.05,0.8970158100128174
2968,-3.589716564020825,0,0,300,0.05,0.6602564454078674
2969,-17.3231169041011,0,0,300,0.05,0.46695661544799805
2970,-9.358589732646923,0,0,300,0.05,0.47929486632347107
2971,-5.432829209170075,0,0,300,0.05,0.5518127679824829
2972,-7.439999705157002,0,0,300,0.05,0.5253980159759521
2973,-9.40921349128219,0,0,300,0.05,0.5400049090385437
2974,-8.424753137430871,0,0,300,0.05,0.5477747321128845
2975,-6.243030087947848,0,0,300,0.05,0.33151504397392273
2976,97.6176464867592,1,0,290,0.05,0.3011767566204071
2977,-7.695948001146318,0,0,300,0.05,0.17797400057315826
2978,-12.503868000209335,0,0,300,0.05,0.051934000104665756
2979,-20.68075093269349,0,0,300,0.05,0.17037546634674072
2980,-13.702350136041634,0,0,300,0.05,0.18117506802082062
2981,-8.535449059009542,0,0,300,0.05,0.157724529504776
2982,-13.557500850558275,0,0,300,0.05,0.10875042527914047
2983,-16.67340510725975,0,0,300,0.05,0.16670255362987518
2984,-1.057079522609702,0,0,300,0.05,0.38853976130485535
2985,-10.233376446566309,0,0,300,0.05,0.892086386680603
2986,-10.138867083391883,0,0,300,0.05,0.8448317050933838
2987,-6.030328756174759,0,0,300,0.05,0.8205625414848328
2988,-4.03539239048957,0,0,300,0.05,0.22769619524478912
2989,100.41509785175326,1,0,259,0.05,0.17745107412338257
2990,-17.492073055505774,0,0,300,0.05,0.07603652775287628
2991,-3.6951488312098557,0,0,300,0.05,0.6529725790023804
2992,-10.905606094202705,0,0,300,0.05,0.7282012104988098
2993,-6.5726797842979385,0,0,300,0.05,0.11633989214897156
2994,-9.033379049301146,0,0,300,0.05,0.9066895246505737
2995,-20.735482299327856,0,0,300,0.05,0.16774114966392517
2996,100.90251301050188,1,0,246,0.05,0.2587434947490692
2997,-2.3172460508346453,0,0,300,0.05,0.5486230254173279
2998,-8.617127174139018,0,0,300,0.05,0.10856358706951141
2999,-8.46747611006233,0,0,300,0.05,0.09913621842861176
