episode,reward,success,collision,steps,epsilon,final_distance
0,-86.77464416503908,0,0,206,0.999,7.436161041259766
1,-45.39426791270704,0,0,98,0.998001,7.378766059875488
2,-92.31899314880367,0,0,265,0.997002999,6.564748287200928
3,-47.46746498107909,0,0,102,0.996005996001,7.601866245269775
4,-65.15400772094725,0,0,177,0.995009990004999,7.338501930236816
5,-56.39272727966309,0,0,139,0.994014980014994,7.1856818199157715
6,-56.26304023742671,0,0,147,0.993020965034979,7.2082600593566895
7,-56.87798019409177,0,0,80,0.9920279440699441,8.04199504852295
8,-52.63730690002437,0,0,151,0.9910359161258742,6.7293267250061035
9,-48.43763328552244,0,0,111,0.9900448802097482,7.419408321380615
10,-52.406131896972624,0,0,127,0.9890548353295385,7.374032974243164
11,-81.56025390624998,0,0,151,0.988065780494209,8.0025634765625
12,-79.67054672241211,0,0,97,0.9870777147137147,8.180136680603027
13,-71.33041748046872,0,0,116,0.986090636999001,7.9976043701171875
14,-43.16696189880369,0,0,80,0.9851045463620021,7.731740474700928
15,-50.5976136779785,0,0,90,0.98411944181564,7.809403419494629
16,-64.66758178710936,0,0,99,0.9831353223738244,8.106895446777344
17,-69.04683799743654,0,0,179,0.9821521870514506,7.149209499359131
18,-54.481868896484364,0,0,80,0.9811700348643991,7.767967224121094
19,-64.34224632263182,0,0,172,0.9801888648295347,7.265561580657959
20,-96.09635437011718,0,0,80,0.9792086759647052,8.304088592529297
21,-63.815878677368154,0,0,131,0.9782294672887405,7.816469669342041
22,-55.52801330566406,0,0,81,0.9772512378214517,7.737003326416016
23,-57.870532073974594,0,0,93,0.9762739865836303,7.895133018493652
24,-49.60081199645995,0,0,88,0.9752977125970467,7.57770299911499
25,-56.180665588378886,0,0,121,0.9743224148844496,7.395166397094727
26,-80.7708454895019,0,0,300,0.9733480924695651,6.547711372375488
27,-80.8099398803711,0,0,300,0.9723747443770956,6.697484970092773
28,-79.41421727100874,0,0,238,0.9714023696327185,7.158355236053467
29,-89.98125805775192,0,0,264,0.9704309672630859,6.897615432739258
30,-89.40693821827439,0,0,298,0.9694605362958227,6.441535472869873
31,-73.15358497619629,0,0,300,0.9684910757595269,5.658396244049072
32,-70.49629524230961,0,0,300,0.9675225846837673,6.991573810577393
33,-60.04126037597656,0,0,99,0.9665550620990835,7.475315093994141
34,-66.38087944030764,0,0,119,0.9655885070369844,7.710219860076904
35,-45.529623841443325,0,0,80,0.9646229185299474,7.672206878662109
36,-54.437110519409174,0,0,80,0.9636582956114175,7.959277629852295
37,-71.4172213745117,0,0,160,0.9626946373158061,7.64930534362793
38,-80.84792057911423,0,0,300,0.9617319426784903,6.859281063079834
39,-82.42878242492674,0,0,120,0.9607702107358118,7.9296956062316895
40,-51.514457244873014,0,0,121,0.959809440525076,7.436114311218262
41,-54.64074722290037,0,0,132,0.9588496310845509,7.620186805725098
42,-68.73782867431638,0,0,184,0.9578907814534664,7.636957168579102
43,-48.442856063842754,0,0,88,0.9569328906720129,7.550714015960693
44,-52.64198806762693,0,0,128,0.9559759577813409,7.340497016906738
45,-46.010797805786126,0,0,82,0.9550199818235596,7.547699451446533
46,-46.3613269805908,0,0,81,0.9540649618417361,7.765331745147705
47,-59.25723693847655,0,0,151,0.9531108968798944,7.256809234619141
48,-60.312327986559566,0,0,151,0.9521577859830145,7.293281078338623
49,-58.58344886779783,0,0,133,0.9512056281970315,7.025862216949463
50,-57.12669235229491,0,0,80,0.9502544225688344,7.8291730880737305
51,-63.950956344604464,0,0,210,0.9493041681462656,6.737739086151123
52,-75.07438659667969,0,0,80,0.9483548639781193,8.081096649169922
53,-46.914481811523416,0,0,81,0.9474065091141411,7.558620452880859
54,-40.51634269714354,0,0,87,0.946459102605027,7.614085674285889
55,-42.24080680847166,0,0,88,0.9455126435024219,7.50020170211792
56,-92.04864959716792,0,0,269,0.9445671308589195,6.937162399291992
57,-47.2751892852783,0,0,104,0.9436225637280606,7.53629732131958
58,-66.9122410583496,0,0,81,0.9426789411643326,7.895560264587402
59,-51.77169746398923,0,0,113,0.9417362622231683,7.3954243659973145
60,-90.04182617187499,0,0,273,0.9407945259609451,7.46795654296875
61,-68.671204880872,0,0,300,0.9398537314349842,6.087602138519287
62,-71.93655731201167,0,0,300,0.9389138777035492,5.91663932800293
63,-41.24212913513182,0,0,84,0.9379749638258457,7.548032283782959
64,-40.56325553894041,0,0,84,0.9370369888620198,7.643313884735107
65,-82.46342376708978,0,0,300,0.9360999518731578,6.168355941772461
66,-42.66823959350583,0,0,95,0.9351638519212846,7.729559898376465
67,-70.09744644165032,0,0,300,0.9342286880693633,6.649361610412598
68,-70.80532214244337,0,0,300,0.933294459381294,6.08152961730957
69,-52.533964385986295,0,0,119,0.9323611649219127,7.385991096496582
70,-56.19895083507032,0,0,123,0.9314288037569908,7.154936790466309
71,-67.87518402099604,0,0,300,0.9304973749532338,6.603796005249023
72,-51.322590103149395,0,0,100,0.9295668775782806,7.4581475257873535
73,-42.85449501037597,0,0,80,0.9286373107007023,7.723623752593994
74,-44.828759841918924,0,0,82,0.9277086733900016,7.599689960479736
75,-87.3263541706417,0,0,257,0.9267809647166116,6.416787624359131
76,-47.39543014526366,0,0,106,0.925854183751895,7.646357536315918
77,-87.98183219909669,0,0,289,0.9249283295681431,6.07545804977417
78,-66.0434774017334,0,0,97,0.9240034012385749,7.79586935043335
79,-56.72871025085446,0,0,145,0.9230793978373364,7.037177562713623
80,-81.09070320129393,0,0,242,0.9221563184394991,6.847675800323486
81,-85.12695506175486,0,0,256,0.9212341621210596,7.021937847137451
82,-68.8799575336787,0,0,203,0.9203129279589385,6.880188465118408
83,-83.02180099487303,0,0,300,0.9193926150309796,6.630450248718262
84,-85.48005989074701,0,0,300,0.9184732224159486,6.987514972686768
85,-68.01472323497268,0,0,80,0.9175547491935327,8.081379890441895
86,-62.660541915893546,0,0,162,0.9166371944443392,7.627635478973389
87,-70.49113276561232,0,0,300,0.9157205572498949,6.362982273101807
88,-43.75788810729978,0,0,91,0.914804836692645,7.431972026824951
89,-57.52237190246578,0,0,169,0.9138900318559524,7.095592975616455
90,-46.583690719604476,0,0,92,0.9129761418240965,7.438422679901123
91,-76.99807192882034,0,0,300,0.9120631656822724,6.367217063903809
92,-68.6473596954346,0,0,197,0.9111511025165902,7.076839923858643
93,-65.72223526000974,0,0,167,0.9102399514140735,6.728058815002441
94,-75.8998375701904,0,0,300,0.9093297114626595,6.642459392547607
95,-75.69067222595214,0,0,300,0.9084203817511969,7.280168056488037
96,-61.56104911804196,0,0,180,0.9075119613694457,6.917762279510498
97,-78.11086337169138,0,0,228,0.9066044494080763,6.670414924621582
98,-42.304541091918935,0,0,84,0.9056978449586682,7.706135272979736
99,-54.842392578125,0,0,108,0.9047921471137096,7.42559814453125
100,-82.27206527709959,0,0,214,0.9038873549665959,6.788016319274902
101,-70.03156474193068,0,0,202,0.9029834676116293,7.0605902671813965
102,-35.869040938219754,0,0,85,0.9020804841440176,7.472459316253662
103,-48.454246292114235,0,0,142,0.9011784036598737,7.0485615730285645
104,-70.62579940795898,0,0,300,0.9002772252562138,5.533949851989746
105,-81.80216769298043,0,0,265,0.8993769480309576,6.250741004943848
106,-74.76626884460445,0,0,300,0.8984775710829266,5.849067211151123
107,-60.32681884765623,0,0,300,0.8975790935118436,6.6692047119140625
108,-78.55517929077149,0,0,229,0.8966815144183318,6.593794822692871
109,-36.207255888781276,0,0,80,0.8957848329039134,7.599513053894043
110,-62.32810516357419,0,0,160,0.8948890480710096,7.219526290893555
111,-76.41496569713087,0,0,300,0.8939941590229386,6.583940505981445
112,-44.81606135447951,0,0,95,0.8931001648639156,7.3642144203186035
113,-49.48966517528029,0,0,137,0.8922070646990518,7.207615375518799
114,-97.3071648701045,0,0,300,0.8913148576343527,6.1469902992248535
115,-46.708915786743155,0,0,109,0.8904235427767183,7.032228946685791
116,-72.00157333374021,0,0,193,0.8895331192339416,6.872893333435059
117,-69.15029281616208,0,0,210,0.8886435861147077,6.240073204040527
118,-46.306475219726536,0,0,116,0.887754942528593,7.061618804931641
119,-39.170576858520505,0,0,80,0.8868671875860644,7.592644214630127
120,-84.44354187011716,0,0,300,0.8859803203984784,6.520885467529297
121,-78.74182749827835,0,0,243,0.88509434007808,6.7431559562683105
122,-50.76674568176267,0,0,110,0.8842092457380019,7.161686420440674
123,-48.688299636840796,0,0,91,0.8833250364922639,7.739574909210205
124,-79.7878162384033,0,0,245,0.8824417114557717,6.70945405960083
125,-70.03545295715327,0,0,300,0.8815592697443159,6.54136323928833
126,-66.0422033691406,0,0,163,0.8806777104745716,7.275550842285156
127,-56.47053314208981,0,0,163,0.8797970327640969,6.865133285522461
128,-48.87964938243362,0,0,103,0.8789172357313328,7.472611427307129
129,-47.97340351978804,0,0,101,0.8780383184956015,7.478151798248291
130,-59.438020964464855,0,0,300,0.8771602801771059,6.164704322814941
131,-75.84106486400096,0,0,300,0.8762831198969288,6.287965297698975
132,-61.252279387316406,0,0,150,0.8754068367770318,6.783268928527832
133,-85.59097755432126,0,0,300,0.8745314299402548,4.927744388580322
134,-63.10000297546389,0,0,300,0.8736568985103146,5.657500743865967
135,-75.08279304504397,0,0,300,0.8727832416118043,6.258198261260986
136,-49.974665069580055,0,0,117,0.8719104583701925,7.3311662673950195
137,-57.24635498046872,0,0,148,0.8710385479118223,6.9565887451171875
138,-57.07152671813961,0,0,155,0.8701675093639105,7.217881679534912
139,-60.70101638793945,0,0,162,0.8692973418545467,6.810254096984863
140,-53.32826797485349,0,0,141,0.8684280445126921,7.414566993713379
141,-43.69685272216796,0,0,88,0.8675596164681794,7.539213180541992
142,-62.14411845286818,0,0,168,0.8666920568517111,7.8087286949157715
143,-56.91020179748536,0,0,123,0.8658253647948594,7.100050449371338
144,-50.692498092651334,0,0,138,0.8649595394300645,7.515624523162842
145,-69.96895759582522,0,0,300,0.8640945798906344,5.322239398956299
146,-78.30006500244141,0,0,207,0.8632304853107438,7.585016250610352
147,-44.94426620483397,0,0,110,0.862367254825433,7.328566551208496
148,-61.26515823364259,0,0,81,0.8615048875706075,7.9262895584106445
149,-58.622859268188456,0,0,136,0.8606433826830369,7.398214817047119
150,-61.94518615722656,0,0,300,0.8597827393003539,5.981296539306641
151,-61.147095565795894,0,0,155,0.8589229565610536,7.129273891448975
152,-46.0576683807373,0,0,80,0.8580640336044925,7.656917095184326
153,-54.189383544921874,0,0,89,0.857205969570888,7.662345886230469
154,-86.34417961120606,0,0,249,0.8563487636013172,6.653544902801514
155,-74.37807914733882,0,0,300,0.8554924148377159,5.914519786834717
156,-63.6986791229248,0,0,300,0.8546369224228781,6.197169780731201
157,-57.52187245289354,0,0,145,0.8537822855004553,7.025269031524658
158,-74.30824394226076,0,0,300,0.8529285032149548,5.7145609855651855
159,-65.74940536499022,0,0,300,0.8520755747117399,5.567351341247559
160,-71.5056944274902,0,0,249,0.8512234991370281,5.928923606872559
161,-70.18274200439456,0,0,173,0.8503722756378911,6.825685501098633
162,-74.917938414416,0,0,223,0.8495219033622532,6.867183685302734
163,-66.32715171813959,0,0,300,0.8486723814588909,5.909287929534912
164,-71.80121482849115,0,0,300,0.847823709077432,5.852803707122803
165,-72.6855955799433,0,0,300,0.8469758853683546,6.15159797668457
166,-83.94164184570316,0,0,254,0.8461289094829862,6.287910461425781
167,-44.52665283203123,0,0,129,0.8452827805735033,6.8766632080078125
168,-39.736912260851575,0,0,80,0.8444374977929298,7.616927146911621
169,-60.576977721056615,0,0,300,0.8435930602951368,6.206943511962891
170,-54.55774554332227,0,0,108,0.8427494672348417,7.552135467529297
171,-81.1079322346065,0,0,242,0.8419067177676068,6.612182140350342
172,-52.145037765502906,0,0,127,0.8410648110498392,7.068759441375732
173,-70.0143272693965,0,0,197,0.8402237462387894,7.193780899047852
174,-39.12674667358398,0,0,80,0.8393835224925505,7.651686668395996
175,-78.36332026561232,0,0,278,0.838544138970058,5.861029148101807
176,-51.04152183532712,0,0,155,0.8377055948310879,6.935380458831787
177,-62.008904342651334,0,0,166,0.8368678892362568,6.657226085662842
178,-66.86958262523144,0,0,300,0.8360310213470206,5.847594738006592
179,-55.401668243408196,0,0,162,0.8351949903256736,6.742917060852051
180,-62.95788055419922,0,0,168,0.8343597953353479,7.161970138549805
181,-63.69921081542965,0,0,192,0.8335254355400126,6.567302703857422
182,-51.26986175537108,0,0,109,0.8326919101044725,7.489965438842773
183,-43.72074503978224,0,0,108,0.831859218194368,7.065385341644287
184,-55.65509185791012,0,0,167,0.8310273589761736,7.576272964477539
185,-68.02567805369829,0,0,300,0.8301963316171974,5.844118595123291
186,-41.47378280639648,0,0,81,0.8293661352855802,7.548445701599121
187,-68.59016818126169,0,0,300,0.8285367691502946,6.78524112701416
188,-42.57408314625288,0,0,100,0.8277082323811443,7.568321704864502
189,-52.94229629516598,0,0,133,0.8268805241487632,7.103074073791504
190,-42.61111022949218,0,0,123,0.8260536436246144,6.647777557373047
191,-63.65136116027836,0,0,300,0.8252275899809898,5.18034029006958
192,-43.00604159434767,0,0,127,0.8244023623910088,6.7942094802856445
193,-77.21533409118646,0,0,300,0.8235779600286178,6.138833522796631
194,-51.989337844848606,0,0,108,0.8227543820685892,7.454834461212158
195,-61.34397468566891,0,0,151,0.8219316276865206,7.185993671417236
196,-161.73847190856938,0,0,300,0.8211096960588341,4.704617977142334
197,-49.10262947082518,0,0,96,0.8202885863627752,7.638157367706299
198,-66.9273763275146,0,0,227,0.8194682977764125,6.279344081878662
199,-40.8329889678955,0,0,108,0.818648829478636,6.960747241973877
200,-56.46757476806639,0,0,187,0.8178301806491574,6.259393692016602
201,-47.6962427051875,0,0,98,0.8170123504685082,7.2617597579956055
202,-79.87671589771769,0,0,249,0.8161953381180397,6.346479892730713
203,-61.541024322509806,0,0,300,0.8153791427799216,5.480256080627441
204,-46.00303482055662,0,0,88,0.8145637636371417,7.62825870513916
205,-60.184949264526324,0,0,158,0.8137491998735046,6.956237316131592
206,-67.22801280101267,0,0,193,0.812935450673631,7.304702281951904
207,-75.01040400584668,0,0,231,0.8121225152229574,5.7778000831604
208,-69.36416007995606,0,0,300,0.8113103927077344,5.961040019989014
209,-76.09527587890624,0,0,80,0.8104990823150267,7.9613189697265625
210,-67.12896690368652,0,0,300,0.8096885832327116,5.507241725921631
211,-75.49342364390814,0,0,300,0.8088788946494789,6.011054992675781
212,-40.96996826171873,0,0,82,0.8080700157548294,7.4449920654296875
213,-49.86993685801954,0,0,99,0.8072619457390746,7.675183296203613
214,-64.7670318897578,0,0,196,0.8064546837933355,7.444457054138184
215,-61.5839956196162,0,0,168,0.8056482291095421,6.633697986602783
216,-82.7489436340332,0,0,263,0.8048425808804326,7.357235908508301
217,-59.29269920349118,0,0,157,0.8040377382995522,7.295674800872803
218,-64.66581192016599,0,0,218,0.8032337005612527,6.253952980041504
219,-54.04166216929884,0,0,127,0.8024304668606914,7.7081146240234375
220,-44.07518569946289,0,0,91,0.8016280363938307,7.476296424865723
221,-70.84295738220213,0,0,300,0.8008264083574369,6.553239345550537
222,-76.52285720825193,0,0,300,0.8000255819490795,6.313214302062988
223,-207.07538665771483,0,1,277,0.7992255563671304,4.483846664428711
224,-71.98360824584964,0,0,300,0.7984263308107633,5.870902061462402
225,-55.93041766246289,0,0,115,0.7976279044799526,7.447803497314453
226,-77.62850143432615,0,0,281,0.7968302765754727,6.152125358581543
227,-50.55220820506544,0,0,116,0.7960334462988972,7.318251132965088
228,-80.85565200805664,0,0,250,0.7952374128525983,5.54891300201416
229,-52.08682414134472,0,0,136,0.7944421754397457,7.091905117034912
230,-64.53690368652342,0,0,300,0.7936477332643059,5.179225921630859
231,-45.73050872802733,0,0,116,0.7928540855310416,7.327627182006836
232,-72.40163604736328,0,0,300,0.7920612314455105,6.24540901184082
233,-64.59667190551764,0,0,300,0.7912691702140651,5.9391679763793945
234,-57.2848765095088,0,0,159,0.790477901043851,7.026418209075928
235,-70.65397964477533,0,0,300,0.7896874231428072,5.760994911193848
236,-68.87109458923338,0,0,196,0.7888977357196644,6.99777364730835
237,-87.59109446605173,0,0,281,0.7881088379839447,5.40297269821167
238,-45.251284866332995,0,0,81,0.7873207291459607,7.555321216583252
239,-45.962257843017554,0,0,110,0.7865334084168147,7.4330644607543945
240,-53.8207653045654,0,0,300,0.7857468750083979,5.130191326141357
241,-40.99445597728226,0,0,97,0.7849611281333895,7.141313076019287
242,-66.84953715404005,0,0,300,0.784176167005256,6.76758337020874
243,-51.73422007640333,0,0,137,0.7833919908382508,7.2312541007995605
244,-77.75730987548826,0,0,251,0.7826085988474126,5.94932746887207
245,-43.24008044322463,0,0,96,0.7818259902485653,7.222719192504883
246,-45.62309489329786,0,0,107,0.7810441642583167,7.065972805023193
247,-45.21916908264157,0,0,88,0.7802631200940584,7.5697922706604
248,-41.977053833007815,0,0,90,0.7794828569739644,7.631763458251953
249,-64.88782440185547,0,0,300,0.7787033741169904,6.194456100463867
250,-59.66899528503414,0,0,164,0.7779246707428734,6.692248821258545
251,-70.21905700683588,0,0,259,0.7771467460721305,5.824764251708984
252,-56.65141693115232,0,0,151,0.7763695993260584,7.060354232788086
253,-53.95231498718259,0,0,153,0.7755932297267324,7.140578746795654
254,-67.45289070129392,0,0,195,0.7748176364970056,6.970722675323486
255,-59.394366103014626,0,0,191,0.7740428188605086,6.576290607452393
256,-40.56723475535842,0,0,105,0.7732687760416481,7.57700777053833
257,-97.27408195495599,0,0,300,0.7724955072656065,4.941020488739014
258,-62.79550364573926,0,0,209,0.7717230117583408,6.126574993133545
259,-44.737283706665025,0,0,100,0.7709512887465825,7.37182092666626
260,-55.14023353576655,0,0,190,0.7701803374578359,5.84255838394165
261,-48.91703005870314,0,0,119,0.7694101571203781,7.424456596374512
262,-79.63725212097161,0,0,300,0.7686407469632577,6.27681303024292
263,-61.705849227905276,0,0,85,0.7678721062162944,7.786462306976318
264,-61.18221210479732,0,0,300,0.7671042341100781,3.985553026199341
265,-36.21051948547363,0,0,83,0.766337129875968,7.507629871368408
266,-53.998104095458956,0,0,171,0.7655707927460921,6.062026023864746
267,-62.64416320800778,0,0,300,0.764805221953346,5.391040802001953
268,-71.91551803588864,0,0,300,0.7640404167313927,5.668879508972168
269,-63.14081382751461,0,0,300,0.7632763763146613,6.160203456878662
270,-65.66607098499802,0,0,300,0.7625130999383466,6.281318664550781
271,-58.61450637817379,0,0,300,0.7617505868384082,4.743626594543457
272,-60.13486877441402,0,0,300,0.7609888362515699,5.743717193603516
273,-69.39734828074903,0,0,300,0.7602278474153183,5.879536151885986
274,-48.934192457995124,0,0,109,0.759467619567903,7.22124719619751
275,-46.62123837391402,0,0,92,0.7587081519483351,7.557610511779785
276,-54.60199455261231,0,0,300,0.7579494437963867,5.952998638153076
277,-72.91985099792478,0,0,300,0.7571914943525904,5.184962749481201
278,-56.47847167968748,0,0,116,0.7564343028582378,7.327117919921875
279,-107.24394149780264,0,0,300,0.7556778685553796,5.010985374450684
280,-65.52607765197756,0,0,300,0.7549221906868242,5.281519412994385
281,-37.746177397570335,0,0,87,0.7541672684961374,7.694243431091309
282,-62.85500643809765,0,0,206,0.7534131012276413,6.4664506912231445
283,-48.60364204406736,0,0,125,0.7526596881264136,7.073410511016846
284,-235.72128379821774,0,1,209,0.7519070284382872,4.022820949554443
285,-79.81667243957517,0,0,275,0.7511551214098489,5.486668109893799
286,-73.92994326671096,0,0,300,0.750403966288439,4.995184898376465
287,-58.42238604625196,0,0,151,0.7496535623221505,7.010795593261719
288,-61.49946563720702,0,0,300,0.7489039087598284,5.454866409301758
289,-57.5299102314326,0,0,203,0.7481550048510686,6.030176639556885
290,-40.06913638194534,0,0,95,0.7474068498462175,7.264983177185059
291,-58.41664919932815,0,0,169,0.7466594429963713,7.139361381530762
292,-61.261156997680615,0,0,219,0.745912783553375,5.512789249420166
293,-80.56662185668945,0,0,280,0.7451668707698216,6.996655464172363
294,-70.48465396007036,0,0,300,0.7444217038990517,6.678862571716309
295,-44.85781890869139,0,0,80,0.7436772821951526,7.509454727172852
296,-56.653926773071255,0,0,300,0.7429336049129575,4.683481693267822
297,-49.63805221557616,0,0,117,0.7421906713080445,7.037013053894043
298,-83.18280799865718,0,0,300,0.7414484806367364,5.463201999664307
299,-51.4013668823242,0,0,115,0.7407070321560997,7.180341720581055
300,-63.92542366027833,0,0,199,0.7399663251239436,7.47135591506958
301,-79.10926531871283,0,0,266,0.7392263587988196,6.215015411376953
302,-92.95966357310742,0,0,300,0.7384871324400207,4.877614974975586
303,-39.95153106689452,0,0,108,0.7377486453075807,7.452882766723633
304,-139.8773626708985,0,0,300,0.737010896662273,3.4218406677246094
305,-52.76418757518263,0,0,132,0.7362738857656108,7.251245975494385
306,-54.31895884593458,0,0,172,0.7355376118798452,6.242438793182373
307,-48.43193224986524,0,0,109,0.7348020742679654,7.283182144165039
308,-58.30639793395994,0,0,152,0.7340672721936974,7.44659948348999
309,-67.92950747569532,0,0,300,0.7333332049215037,5.860075950622559
310,-62.98051882823436,0,0,214,0.7325998717165821,5.927828788757324
311,-64.38322647094724,0,0,300,0.7318672718448656,5.825806617736816
312,-54.9117461689326,0,0,184,0.7311354045730207,7.063135623931885
313,-73.68908015330763,0,0,233,0.7304042691684477,6.942469120025635
314,-64.69989237864938,0,0,300,0.7296738648992792,5.335172176361084
315,-227.79903106689449,0,1,231,0.7289441910343799,6.562257766723633
316,-114.80326171874994,0,0,300,0.7282152468433455,4.2108154296875
317,-157.7505393981934,0,0,300,0.7274870315965022,4.28763484954834
318,-119.95379855235537,0,0,300,0.7267595445649057,4.856148719787598
319,-55.94088256835935,0,0,174,0.7260327850203407,6.077720642089844
320,-170.7430842590332,0,1,169,0.7253067522353204,4.480771064758301
321,-271.4699518585205,0,1,228,0.724581445483085,4.494987964630127
322,-41.7524118041992,0,0,114,0.723856864037602,6.885602951049805
323,-115.29723983764644,0,0,300,0.7231330071735643,4.809309959411621
324,-65.49578776439165,0,0,300,0.7224098741663908,5.021646022796631
325,-70.11433802684274,0,0,300,0.7216874642922244,5.498783588409424
326,-75.49974334716794,0,0,300,0.7209657768279322,6.154935836791992
327,-121.89540145874014,0,0,300,0.7202448110511043,4.416350364685059
328,-72.80284449656932,0,0,300,0.7195245662400531,5.0809102058410645
329,-47.999937315783214,0,0,122,0.7188050416738131,6.992683410644531
330,-49.79191635131835,0,0,141,0.7180862366321393,7.14047908782959
331,-39.86517794688674,0,0,90,0.7173681503955072,7.56899356842041
332,-67.74102809031935,0,0,300,0.7166507822451117,5.8029561042785645
333,-37.54178909301757,0,0,94,0.7159341314628666,7.1879472732543945
334,-71.30812205394237,0,0,253,0.7152181973314037,5.602229595184326
335,-64.38128497203319,0,0,203,0.7145029791340722,6.650520324707031
336,-73.56620590209957,0,0,300,0.7137884761549381,5.974051475524902
337,-72.38766230662787,0,0,290,0.7130746876787832,5.372114658355713
338,-44.33202830394239,0,0,132,0.7123616129911045,6.353206157684326
339,-44.72747462352248,0,0,115,0.7116492513781133,7.197067737579346
340,-41.57734710693359,0,0,109,0.7109376021267352,7.189336776733398
341,-43.34884681701661,0,0,114,0.7102266645246085,7.11221170425415
342,-58.642506531873025,0,0,190,0.7095164378600839,7.180427551269531
343,-73.01383143504596,0,0,300,0.7088069214222238,5.861156940460205
344,-56.213492308459,0,0,300,0.7080981145008015,5.323572158813477
345,-55.74362510681149,0,0,165,0.7073900163863007,7.075906276702881
346,-63.52621192932124,0,0,300,0.7066826263699144,5.706552982330322
347,-50.57176783641309,0,0,139,0.7059759437435444,7.070641040802002
348,-87.96462059020999,0,0,267,0.7052699677998009,5.05365514755249
349,-106.48998634338368,0,0,300,0.704564697832001,4.829996585845947
350,-195.27506358226276,0,0,299,0.7038601331341691,4.923964977264404
351,-89.05172409057613,0,0,300,0.7031562730010349,5.352931022644043
352,-78.63133212169137,0,0,261,0.7024531167280339,6.415532112121582
353,-51.783075180053686,0,0,151,0.7017506636113059,7.360768795013428
354,-57.622871551513704,0,0,300,0.7010489129476946,5.490717887878418
355,-69.54929637034861,0,0,300,0.7003478640347469,5.950023174285889
356,-68.91956820567583,0,0,300,0.6996475161707122,6.565091133117676
357,-64.38210063060248,0,0,300,0.6989478686545415,5.643224239349365
358,-55.694806166491226,0,0,300,0.698248920785887,5.278900623321533
359,-52.74799319346877,0,0,150,0.6975506718651011,7.257197380065918
360,-65.71817492564644,0,0,300,0.6968531211932361,5.367242813110352
361,-45.98267558177443,0,0,120,0.6961562680720428,7.173367977142334
362,-55.60446429332221,0,0,300,0.6954601118039707,6.148815155029297
363,-70.04373687744139,0,0,300,0.6947646516921667,5.150934219360352
364,-69.05973200877638,0,0,300,0.6940698870404746,5.812632083892822
365,-65.97858241160841,0,0,300,0.6933758171534341,5.79734468460083
366,-67.49496231079098,0,0,300,0.6926824413362807,6.723740577697754
367,-42.827873535156215,0,0,137,0.6919897588949444,7.0644683837890625
368,-66.73119949340817,0,0,210,0.6912977691360495,5.185299873352051
369,-67.42967051585643,0,0,300,0.6906064713669134,6.245116710662842
370,-47.98871162414549,0,0,142,0.6899158648955466,7.052177906036377
371,-69.75021507263185,0,0,300,0.689225949030651,5.932553768157959
372,-130.25034942626942,0,0,300,0.6885367230816204,4.587587356567383
373,-67.73167991638185,0,0,300,0.6878481863585387,5.745419979095459
374,-63.59994250377145,0,0,226,0.6871603381721801,5.320184707641602
375,-68.50868011474604,0,0,223,0.686473177834008,6.062170028686523
376,-200.6065560150146,0,1,225,0.685786704656174,4.069139003753662
377,-61.30425349315138,0,0,300,0.6851009179515178,4.908762454986572
378,-58.41051623424027,0,0,300,0.6844158170335664,5.795328140258789
379,-58.075089140734384,0,0,300,0.6837314012165328,5.286471366882324
380,-94.24751884460446,0,0,276,0.6830476698153162,4.794379711151123
381,-39.641815443834986,0,0,104,0.6823646221455009,7.278152942657471
382,-54.240060149035145,0,0,196,0.6816822575233553,6.8552141189575195
383,-82.1862427520751,0,0,266,0.6810005752658319,6.439060688018799
384,-55.99677055358889,0,0,300,0.680319574690566,5.516692638397217
385,-148.15634605407723,0,0,300,0.6796392551158754,4.734086513519287
386,-53.52048091014359,0,0,300,0.6789596158607596,5.367819309234619
387,-106.49051239013662,0,0,300,0.6782806562448989,4.93012809753418
388,-70.22160586436715,0,0,280,0.677602375588654,5.593100547790527
389,-49.39004794200393,0,0,155,0.6769247732130653,7.055211067199707
390,-53.83180743297066,0,0,300,0.6762478484398523,5.565650939941406
391,-64.78418869018554,0,0,300,0.6755716005914124,5.711047172546387
392,-225.4293496704101,0,1,254,0.674896028990821,4.479837417602539
393,-60.789279280504886,0,0,300,0.6742211329618302,4.617518901824951
394,-81.7057493766122,0,0,296,0.6735469118288684,5.528539180755615
395,-104.7103623962402,0,0,247,0.6728733649170395,4.875090599060059
396,-36.37930549621582,0,0,114,0.6722004915521225,6.747326374053955
397,-68.64491462707514,0,0,300,0.6715282910605703,6.411228656768799
398,-80.92648254394531,0,0,299,0.6708567627695098,5.704120635986328
399,-54.704059706530245,0,0,300,0.6701859060067403,5.521214008331299
400,-45.8778679188105,0,0,300,0.6695157201007336,4.472166061401367
401,-59.61236987193551,0,0,300,0.6688462043806328,5.625791549682617
402,-62.78982417186236,0,0,300,0.6681773581762521,5.090155124664307
403,-55.34768061717476,0,0,300,0.6675091808180759,5.447119235992432
404,-52.82436671336619,0,0,300,0.6668416716372578,5.853790760040283
405,-94.25935882568356,0,0,300,0.6661748299656206,4.517339706420898
406,-70.53799705505368,0,0,300,0.6655086551356549,5.621999263763428
407,-39.949614028930654,0,0,90,0.6648431464805192,7.492403507232666
408,-185.97343112071502,0,0,300,0.6641783033340387,4.863556861877441
409,-56.66835642894242,0,0,300,0.6635141250307047,5.099788188934326
410,-230.69688240051266,0,1,176,0.662850610905674,4.509220600128174
411,-90.11098162730664,0,0,300,0.6621877602947683,5.107944488525391
412,-224.1711122894287,0,1,204,0.6615255725344735,4.482778072357178
413,-63.337124052843826,0,0,300,0.660864046961939,5.221980094909668
414,-60.435769500732405,0,0,179,0.660203182914977,7.1864423751831055
415,-103.65213607788083,0,0,300,0.6595429797320621,4.728034019470215
416,-49.619346876940426,0,0,139,0.6588834367523301,6.460035800933838
417,-108.29115725596877,0,0,271,0.6582245533155777,5.192988395690918
418,-103.92331698497264,0,0,210,0.6575663287622622,4.9710283279418945
419,-72.6349327087402,0,0,278,0.6569087624334999,5.546233177185059
420,-100.98851356506336,0,0,300,0.6562518536710664,5.034628391265869
421,-52.50856692393751,0,0,188,0.6555956018173954,5.7323408126831055
422,-70.35133395274606,0,0,300,0.654940006215578,5.685532569885254
423,-232.67640373229978,0,1,224,0.6542850662093624,4.489100933074951
424,-65.74707138061527,0,0,300,0.6536307811431531,5.219267845153809
425,-52.715164976915965,0,0,300,0.65297715036201,5.718990325927734
426,-75.65316421508795,0,0,300,0.6523241732116479,4.958291053771973
427,-270.5618788909912,0,1,282,0.6516718490384363,4.522969722747803
428,-85.30674708445997,0,0,219,0.6510201771893979,5.229385852813721
429,-83.81311988830568,0,0,239,0.6503691570122084,5.265779972076416
430,-188.66392555236814,0,1,174,0.6497187878551962,4.503481388092041
431,-68.32292961120605,0,0,300,0.649069069067341,4.270732402801514
432,-207.78159912109373,0,1,232,0.6484199999982736,4.4878997802734375
433,-58.01773646434277,0,0,300,0.6477715799982753,6.182133197784424
434,-54.933374892077126,0,0,156,0.647123808418277,7.228542804718018
435,-47.627528487047854,0,0,116,0.6464766846098587,7.139581203460693
436,-50.989121932983366,0,0,119,0.6458302079252489,7.36728048324585
437,-88.18435168345896,0,0,300,0.6451843777173236,4.981287002563477
438,-143.85964096069327,0,0,265,0.6445391933396063,4.93241024017334
439,-72.20865107615919,0,0,288,0.6438946541462667,7.047361850738525
440,-48.67269648631542,0,0,188,0.6432507594921204,5.318373203277588
441,-187.11267608642578,0,1,187,0.6426075087326283,4.480669021606445
442,-51.525563430786065,0,0,300,0.6419649012238956,5.206390857696533
443,-196.19929832458496,0,1,175,0.6413229363226717,4.50232458114624
444,-296.14834323883053,0,1,278,0.640681613386349,3.9970858097076416
445,-215.89537490844728,0,1,186,0.6400409317729626,4.501343727111816
446,-173.5402064514161,0,0,300,0.6394008908411897,4.567551612854004
447,-87.4029991912841,0,0,256,0.6387614899503485,5.280749797821045
448,-115.30890200694525,0,0,287,0.6381227284603982,5.142424583435059
449,-60.481810942492224,0,0,300,0.6374846057319378,5.833151817321777
450,-129.60079066356147,0,0,300,0.6368471211262058,4.792896747589111
451,-71.63750407298527,0,0,300,0.6362102740050796,6.227075099945068
452,-124.1963496398925,0,0,300,0.6355740637310745,4.7940874099731445
453,-41.204091063341814,0,0,108,0.6349384896673435,7.36372184753418
454,-62.07219447215528,0,0,300,0.6343035511776761,5.605747699737549
455,-69.14072792053223,0,0,248,0.6336692476264985,5.305181980133057
456,-44.75327972412108,0,0,148,0.6330355783788719,6.115819931030273
457,-52.927080489000915,0,0,300,0.632402542800493,5.454469203948975
458,-277.421628341675,0,0,277,0.6317701402576925,4.765407085418701
459,-50.57842514038085,0,0,123,0.6311383701174348,7.339606285095215
460,-112.54380619049064,0,0,300,0.6305072317473174,3.9809515476226807
461,-78.11984263499714,0,0,300,0.6298767245155701,5.062659740447998
462,-251.89182800292969,0,1,235,0.6292468477910546,4.487957000732422
463,-60.06311065673831,0,0,300,0.6286176009432635,6.49827766418457
464,-122.82477401733388,0,0,300,0.6279889833423202,4.458693504333496
465,-72.32905502319332,0,0,283,0.6273609943589779,5.59476375579834
466,-74.7447412109375,0,0,220,0.6267336333646188,7.183685302734375
467,-66.68721527099605,0,0,242,0.6261068997312542,5.499303817749023
468,-88.65163391113276,0,0,300,0.6254807928315229,4.867908477783203
469,-42.37614868164061,0,0,125,0.6248553120386914,7.349037170410156
470,-145.5116513061523,0,0,300,0.6242304567266527,3.745412826538086
471,-115.10238883972163,0,0,300,0.623606226269926,5.34309720993042
472,-152.54597839355466,0,0,209,0.6229826200436561,4.863994598388672
473,-71.40857521057129,0,0,267,0.6223596374236124,5.499643802642822
474,-194.92064773559585,0,0,300,0.6217372777861888,3.825161933898926
475,-173.18848274230947,0,0,283,0.6211155405084027,4.802120685577393
476,-109.44249740600578,0,0,300,0.6204944249678943,4.133124351501465
477,-166.77140510559076,0,0,300,0.6198739305429264,4.222851276397705
478,-140.7045495899532,0,0,300,0.6192540566123834,4.788836479187012
479,-122.75110794067378,0,0,238,0.6186348025557711,4.935276985168457
480,-143.37068954467767,0,0,276,0.6180161677532153,5.115172386169434
481,-271.07194839477535,0,0,300,0.6173981515854621,4.615487098693848
482,-227.8289282989502,0,1,194,0.6167807534338766,4.502232074737549
483,-56.52372279246781,0,0,300,0.6161639726804428,5.716129779815674
484,-193.38015335083006,0,1,162,0.6155478087077623,4.4875383377075195
485,-323.7130807876587,0,1,206,0.6149322608990545,3.765770196914673
486,-222.63471476634493,0,0,300,0.6143173286381555,4.863877773284912
487,-183.615290145874,0,1,193,0.6137030113095173,4.471322536468506
488,-280.72911094665534,0,1,238,0.6130893082982078,4.497277736663818
489,-67.42203506469724,0,0,300,0.6124762189899097,5.583008766174316
490,-59.760848875841816,0,0,159,0.6118637427709198,6.53291130065918
491,-58.917411375841816,0,0,300,0.6112518790281489,5.71455192565918
492,-243.18600128173824,0,1,243,0.6106406271491208,4.48900032043457
493,-51.702682371935566,0,0,163,0.6100299865219717,6.143369674682617
494,-293.46176058848846,0,0,289,0.6094199565354498,4.783139228820801
495,-57.79949977000683,0,0,300,0.6088105365789144,5.4425740242004395
496,-51.86036097606152,0,0,300,0.6082017260423355,4.620289325714111
497,-76.29968669017286,0,0,300,0.6075935243162931,5.130120754241943
498,-129.74151420593262,0,0,298,0.6069859307919768,5.122878551483154
499,-75.82729408264163,0,0,218,0.6063789448611848,5.5268235206604
500,-178.87674842834483,0,0,300,0.6057725659163237,4.816687107086182
501,-53.32911911010737,0,0,300,0.6051667933504074,3.3572797775268555
502,-72.26368739207714,0,0,300,0.6045616265570569,5.433620929718018
503,-59.96253364562988,0,0,300,0.6039570649304998,5.008133411407471
504,-70.33907669067374,0,0,300,0.6033531078655693,5.227269172668457
505,-94.30003990173344,0,0,206,0.6027497547577038,4.91500997543335
506,-157.7845440673828,0,1,114,0.602147005002946,4.488636016845703
507,-63.84296351512402,0,0,259,0.6015448579979431,5.693439960479736
508,-131.9601983173701,0,0,300,0.6009433131399452,4.69774866104126
509,-48.71080635070798,0,0,190,0.6003423698268052,5.557701587677002
510,-190.31211387634292,0,0,300,0.5997420274569785,4.673028469085693
511,-290.4287435150147,0,1,261,0.5991422854295215,4.504685878753662
512,-57.078056945800725,0,0,263,0.598543143144092,5.422014236450195
513,-206.42825691223163,0,0,275,0.5979446000009478,4.814564228057861
514,-55.75228477478025,0,0,204,0.5973466554009469,5.560571193695068
515,-48.14204177856443,0,0,106,0.596749308745546,7.135510444641113
516,-189.80522750854493,0,0,300,0.5961525594368005,4.8288068771362305
517,-66.2496574695918,0,0,239,0.5955564068773637,5.29011344909668
518,-48.00022944529985,0,0,300,0.5949608504704863,5.162756443023682
519,-292.5110060882568,0,1,238,0.5943658896200158,4.510251522064209
520,-62.82995532115431,0,0,300,0.5937715237303958,6.272687911987305
521,-84.31438650131217,0,0,300,0.5931777522066654,1.981096625328064
522,-193.20892471313476,0,1,166,0.5925845744544587,4.504731178283691
523,-156.9162415313721,0,0,300,0.5919919898800042,4.759060382843018
524,-47.578973388671855,0,0,205,0.5913999978901242,5.432243347167969
525,-105.51097087860101,0,0,300,0.590808597892234,3.9902427196502686
526,-63.34623878478998,0,0,300,0.5902177892943418,5.54155969619751
527,-92.40279212951663,0,0,186,0.5896275715050474,4.87319803237915
528,-162.2580162811279,0,0,270,0.5890379439335424,5.082004070281982
529,-329.1343986042352,0,0,286,0.5884489059896089,4.806298732757568
530,-107.94707931518553,0,0,232,0.5878604570836192,5.139269828796387
531,-163.19195106506345,0,0,299,0.5872725966265356,4.790487766265869
532,-70.01004745483397,0,0,300,0.5866853240299091,4.810011863708496
533,-60.84122772216793,0,0,300,0.5860986387058792,5.785306930541992
534,-47.734315977892585,0,0,300,0.5855125400671733,5.591278076171875
535,-202.31001861572264,0,1,188,0.5849270275271061,4.495004653930664
536,-217.20050636291498,0,1,261,0.584342100499579,4.82262659072876
537,-60.56244651794433,0,0,300,0.5837577583990794,5.223111629486084
538,-144.57156855662797,0,0,300,0.5831740006406804,3.685591220855713
539,-98.11213175853216,0,0,300,0.5825908266400397,4.795732021331787
540,-153.61289840698254,0,0,300,0.5820082358133997,4.7632246017456055
541,-158.97323242187497,0,0,300,0.5814262275775862,4.95330810546875
542,-99.8164594268798,0,0,300,0.5808448013500086,4.576614856719971
543,-285.5957052612306,0,1,236,0.5802639565486586,4.463926315307617
544,-71.84138442993158,0,0,273,0.57968369259211,5.83034610748291
545,-389.31231082916275,0,1,290,0.5791040088995179,3.9805777072906494
546,-82.40009757995604,0,0,300,0.5785249048906184,5.107524394989014
547,-52.24458717346194,0,0,300,0.5779463799857277,3.1886467933654785
548,-50.37439601024117,0,0,300,0.577368433605742,5.673798084259033
549,-74.32060145457713,0,0,273,0.5767910651721362,5.205349445343018
550,-99.26704279979201,0,0,300,0.576214274106964,4.9594597816467285
551,-139.94911476135252,0,0,276,0.5756380598328571,4.872278690338135
552,-166.80045580943562,0,0,300,0.5750624217730242,4.947813034057617
553,-173.34973239898713,0,0,300,0.5744873593512512,3.649933099746704
554,-62.298457794189424,0,0,300,0.5739128719918999,5.967114448547363
555,-184.3620573719355,0,0,291,0.573338959119908,4.858213424682617
556,-159.00700691223142,0,0,280,0.572765620160788,5.431751728057861
557,-63.391004867553676,0,0,242,0.5721928545406272,5.392751216888428
558,-158.69834686279296,0,0,228,0.5716206616860866,5.047086715698242
559,-151.68700340271,0,0,300,0.5710490410244006,4.85175085067749
560,-70.04135678211708,0,0,265,0.5704779919833761,6.080140113830566
561,-58.771175413927736,0,0,212,0.5699075139913927,5.807992935180664
562,-127.48874214172356,0,0,280,0.5693376064774013,4.989685535430908
563,-134.42391558726757,0,0,300,0.5687682688709239,4.863677978515625
564,-247.53122055053737,0,0,300,0.5681995006020529,4.290305137634277
565,-168.5525786590578,0,0,300,0.5676313011014509,4.458144664764404
566,-163.5239876262334,0,0,300,0.5670636698003494,4.920797824859619
567,-200.2828466796875,0,1,236,0.5664966061305491,4.385711669921875
568,-62.72119891246287,0,0,274,0.5659301095244186,5.897998809814453
569,-36.134527435302736,0,0,101,0.5653641794148941,7.161131858825684
570,-141.09791183471665,0,0,242,0.5647988152354793,4.961977958679199
571,-147.31791137695308,0,0,259,0.5642340164202437,5.144477844238281
572,-152.6851660919189,0,0,300,0.5636697824038235,4.741291522979736
573,-57.43266136169429,0,0,203,0.5631061126214196,5.653165340423584
574,-126.18160408020015,0,0,300,0.5625430065087982,4.750401020050049
575,-53.261033630371045,0,0,212,0.5619804635022894,5.540258407592773
576,-153.08740287780756,0,0,300,0.561418483038787,4.506850719451904
577,-57.08376467784376,0,0,300,0.5608570645557482,5.298640251159668
578,-53.378433151245076,0,0,300,0.5602962074911925,5.802108287811279
579,-184.59203346252477,0,0,300,0.5597359112837013,4.3780083656311035
580,-286.3872183990478,0,0,300,0.5591761753724176,4.304304599761963
581,-46.365558700561486,0,0,164,0.5586169991970452,6.633889675140381
582,-56.50939555247754,0,0,182,0.5580583821978482,6.262547969818115
583,-141.70017021179217,0,0,300,0.5575003238156504,3.005042552947998
584,-48.89151153564446,0,0,300,0.5569428234918348,5.385377883911133
585,-212.6723033905029,0,1,210,0.5563858806683429,4.493075847625732
586,-205.30819343566912,0,0,266,0.5558294947876746,5.017048358917236
587,-64.84720654408004,0,0,300,0.5552736652928869,4.851602554321289
588,-102.19120704650877,0,0,181,0.5547183916275941,5.142801761627197
589,-57.343238143920935,0,0,300,0.5541636732359665,5.453309535980225
590,-172.31548252979798,0,0,300,0.5536095095627305,4.728671550750732
591,-53.04812709808345,0,0,300,0.5530559000531677,2.157031774520874
592,-322.02996414184577,0,1,233,0.5525028441531146,4.462491035461426
593,-67.41428276062013,0,0,300,0.5519503413089615,4.676070690155029
594,-136.300269499621,0,0,296,0.5513983909676525,4.225266456604004
595,-161.45898162841797,0,0,265,0.5508469925766849,4.772245407104492
596,-134.60187492370602,0,0,268,0.5502961455841082,4.812968730926514
597,-125.8232911976191,0,0,300,0.5497458494385241,4.918521881103516
598,-62.50185256958004,0,0,212,0.5491961035890855,5.4229631423950195
599,-105.55160998424024,0,0,232,0.5486469074854965,5.138101577758789
600,-60.84522440989942,0,0,300,0.548098260578011,5.139005184173584
601,-92.94347926219429,0,0,300,0.547550162317433,4.9935688972473145
602,-47.69833895762892,0,0,165,0.5470026121551156,6.804783821105957
603,-48.65908218383787,0,0,94,0.5464556095429605,7.412270545959473
604,-186.2620079509404,0,0,300,0.5459091539334175,4.942802906036377
605,-165.2488506317139,0,0,300,0.5453632447794842,4.924712657928467
606,-59.637611083984375,0,0,300,0.5448178815347047,3.0519027709960938
607,-62.33123062133783,0,0,300,0.54427306365317,5.525307655334473
608,-82.86676185607912,0,0,300,0.5437287905895168,5.234190464019775
609,-64.61892601013182,0,0,196,0.5431850617989273,5.227231502532959
610,-49.162890014648454,0,0,300,0.5426418767371284,5.463222503662109
611,-69.109088973999,0,0,258,0.5420992348603912,6.319772243499756
612,-58.84701400756832,0,0,300,0.5415571356255309,5.88425350189209
613,-112.89178019603222,0,0,300,0.5410155784899053,4.768144130706787
614,-52.81928169250489,0,0,203,0.5404745629114154,5.174820423126221
615,-176.1123390197755,0,0,262,0.539934088348504,5.090584754943848
616,-48.843309889635755,0,0,192,0.5393941542601555,5.456026554107666
617,-78.95994433482619,0,0,274,0.5388547601058953,5.840185165405273
618,-59.15016998291011,0,0,196,0.5383159053457894,5.377542495727539
619,-61.66344851573439,0,0,300,0.5377775894404436,5.428561210632324
620,-66.15615509033202,0,0,256,0.5372398118510032,5.544038772583008
621,-104.65935565074413,0,0,300,0.5367025720391522,5.097537994384766
622,-141.33504348754883,0,0,300,0.536165869467113,5.068760871887207
623,-40.28019511302443,0,0,98,0.5356297035976458,7.162747859954834
624,-112.802539473376,0,0,300,0.5350940738940482,5.040833950042725
625,-53.07337245067095,0,0,300,0.5345589798201541,5.368542194366455
626,-64.48847941478223,0,0,255,0.534024420840334,6.297318935394287
627,-80.54922416687008,0,0,300,0.5334903964194936,5.442306041717529
628,-38.76854751586913,0,0,111,0.5329569060230741,7.134636878967285
629,-75.50213783264147,0,0,300,0.532423949117051,3.8930344581604004
630,-53.64743022044626,0,0,300,0.531891525167934,5.399556636810303
631,-56.768547850451185,0,0,248,0.5313596336427661,6.044836044311523
632,-59.428411712646444,0,0,225,0.5308282740091232,5.672102928161621
633,-104.62848823547357,0,0,300,0.5302974457351142,4.799622058868408
634,-191.26926872253432,0,0,296,0.5297671482893791,5.012317180633545
635,-65.91748210906984,0,0,300,0.5292373811410898,2.486870527267456
636,-50.80443804820508,0,0,300,0.5287081437599487,5.90380859375
637,-63.81236495971674,0,0,241,0.5281794356161887,5.415591239929199
638,-61.5318273456904,0,0,260,0.5276512561805725,5.470655918121338
639,-41.75349772532912,0,0,168,0.5271236049243919,5.403573513031006
640,-71.18578926086423,0,0,292,0.5265964813194676,5.8814473152160645
641,-53.98794601440427,0,0,167,0.5260698848381481,6.314486503601074
642,-94.70503794749708,0,0,300,0.5255438149533099,4.893958568572998
643,-261.1461012268067,0,0,281,0.5250182711383566,4.97652530670166
644,-129.702518157959,0,0,238,0.5244932528672183,4.880629539489746
645,-56.61224594116206,0,0,300,0.5239687596143511,6.240561485290527
646,-112.94361826976268,0,0,296,0.5234447908547367,5.178603649139404
647,-153.06897155761723,0,0,229,0.522921346063882,4.849742889404297
648,-227.8099441822383,0,0,300,0.522398424717818,4.567685127258301
649,-52.9680826099727,0,0,300,0.5218760262931003,5.7547197341918945
650,-43.64241088867184,0,0,300,0.5213541502668072,5.250602722167969
651,-52.408110656738266,0,0,300,0.5208327961165404,5.09202766418457
652,-51.74888781627153,0,0,300,0.5203119633204238,5.487421035766602
653,-160.82034759521474,0,0,285,0.5197916513571034,4.817586898803711
654,-125.09406272888181,0,0,227,0.5192718597057463,4.856015682220459
655,-233.8012628467892,0,0,271,0.5187525878460405,4.825514793395996
656,-226.98648585399133,0,0,277,0.5182338352581944,4.646820545196533
657,-95.89693862915036,0,0,219,0.5177156014229363,5.144234657287598
658,-57.7112798603389,0,0,300,0.5171978858215134,5.053019046783447
659,-221.4306053161621,0,1,186,0.5166806879356919,4.507651329040527
660,-56.26411987304682,0,0,300,0.5161640072477562,5.188529968261719
661,-45.19391993602251,0,0,300,0.5156478432405085,5.473679065704346
662,-217.56486186107128,0,1,290,0.515132195397268,4.491414546966553
663,-77.5336003875732,0,0,218,0.5146170632018707,5.2434000968933105
664,-77.71702921946975,0,0,219,0.5141024461386688,5.144456386566162
665,-55.100985641479426,0,0,300,0.5135883436925301,5.370246410369873
666,-130.5421931751582,0,0,300,0.5130747553488376,4.820747375488281
667,-98.08613006591789,0,0,300,0.5125616805934888,4.979032516479492
668,-66.11094424327347,0,0,300,0.5120491189128954,4.90793514251709
669,-56.03507164001459,0,0,224,0.5115370697939825,5.501267910003662
670,-90.59635928233598,0,0,233,0.5110255327241885,5.139288902282715
671,-196.77850047191157,0,0,300,0.5105145071914643,3.8398241996765137
672,-45.92165209849804,0,0,136,0.5100039926842729,6.973112106323242
673,-93.39140597423041,0,0,300,0.5094939886915886,4.993050575256348
674,-233.2009956653926,0,1,215,0.508984494702897,4.490447998046875
675,-80.27754466136426,0,0,250,0.508475510208194,6.837085247039795
676,-98.4545983036371,0,0,300,0.5079670346979859,3.7063486576080322
677,-300.857460192042,0,0,300,0.5074590676632879,4.611466884613037
678,-86.45116107066602,0,0,300,0.5069516085956246,5.067989349365234
679,-53.86761469920606,0,0,300,0.506444656987029,5.102102756500244
680,-282.29483169555664,0,1,289,0.505938212330042,4.08870792388916
681,-48.699327803454096,0,0,150,0.505432274117712,6.522531032562256
682,-102.0251089477539,0,0,300,0.5049268418435943,4.096277236938477
683,-294.89148493846386,0,1,289,0.5044219150017507,4.480570316314697
684,-240.60484062194814,0,1,270,0.5039174930867489,2.6237101554870605
685,-70.05061709483596,0,0,296,0.5034135755936622,5.105353355407715
686,-103.8965481185912,0,0,300,0.5029101620180685,3.326637029647827
687,-138.49333190917963,0,0,300,0.5024072518560504,4.560832977294922
688,-63.864221297106454,0,0,226,0.5019048446041944,6.661254405975342
689,-51.934270582995175,0,0,300,0.5014029397595902,5.24126672744751
690,-155.34770827372998,0,0,300,0.5009015368198305,3.9471261501312256
691,-43.37266075134276,0,0,190,0.5004006352830107,5.438165187835693
692,-130.01675270080563,0,0,194,0.4999002346477277,5.009188175201416
693,-67.47341369628904,0,0,300,0.49940033441307996,4.933353424072266
694,-123.10868041992182,0,0,300,0.49890093407866687,5.044670104980469
695,-63.528153715929705,0,0,300,0.4984020331445882,4.927237510681152
696,-212.54378147125237,0,1,251,0.4979036311114436,2.1484453678131104
697,-103.43405990600581,0,0,273,0.4974057274803321,4.783514976501465
698,-60.5728106983516,0,0,300,0.49690832175285177,3.940901756286621
699,-56.23243441661328,0,0,215,0.4964114134310989,5.393307685852051
700,-129.6166929920527,0,0,291,0.4959150020176678,5.096872329711914
701,-93.35529940684759,0,0,300,0.49541908701565013,4.6040239334106445
702,-62.5640169819209,0,0,300,0.49492366792863446,5.408703327178955
703,-130.87119380076848,0,0,292,0.4944287442607058,5.237997531890869
704,-45.8169254597041,0,0,125,0.4939343155164451,7.094430446624756
705,-65.73033907969919,0,0,262,0.4934403812009287,4.672783851623535
706,-84.680541640124,0,0,300,0.4929469408197278,4.697834491729736
707,-173.2887395008419,0,0,300,0.49245399387890804,4.80488395690918
708,-81.25241500854492,0,0,300,0.4919615398850291,4.7331037521362305
709,-93.34335970958193,0,0,300,0.4914695783451441,4.771039009094238
710,-77.9399676807734,0,0,300,0.4909781087667989,4.28269100189209
711,-53.62988848765821,0,0,300,0.4904871306580321,4.667671203613281
712,-127.67884689331049,0,0,275,0.4899966435273741,4.842211723327637
713,-83.94154907226556,0,0,300,0.4895066468838467,4.607887268066406
714,-265.2526888275147,0,0,228,0.48901714023696286,4.828172206878662
715,-122.15918830871578,0,0,265,0.4885281230967259,4.967297077178955
716,-102.03477958679198,0,0,201,0.48803959497362914,5.186194896697998
717,-56.57368522644039,0,0,300,0.4875515553786555,4.940921306610107
718,-85.23397303660839,0,0,300,0.48706400382327686,5.11619234085083
719,-278.01050025939946,0,1,193,0.4865769398194536,4.4851250648498535
720,-154.23777061462408,0,0,300,0.48609036287963414,4.981942653656006
721,-299.7255174255373,0,0,236,0.48560427251675453,4.766379356384277
722,-260.760732345581,0,1,215,0.48511866824423777,4.520183086395264
723,-105.2502000427246,0,0,212,0.4846335495759935,5.060050010681152
724,-47.42299151500196,0,0,300,0.4841489160264175,5.790946960449219
725,-210.34306419372552,0,1,291,0.4836647671103911,4.1782660484313965
726,-42.237636061510756,0,0,90,0.4831811023432807,7.502108097076416
727,-195.8375085743284,0,0,300,0.4826979212409374,3.1720762252807617
728,-111.25372825622551,0,0,272,0.48221522331969646,5.0984320640563965
729,-148.68407608032226,0,0,212,0.48173300809637676,4.918519020080566
730,-51.22593630870313,0,0,300,0.48125127508828036,4.894183158874512
731,-319.6111376190184,0,0,300,0.48077002381319206,4.780284404754639
732,-53.16957575877631,0,0,300,0.48028925378937887,4.710093021392822
733,-48.76565063476559,0,0,300,0.47980896453558947,4.533912658691406
734,-87.10277972300975,0,0,300,0.4793291555710539,4.810894012451172
735,-210.01076396068066,0,0,298,0.47884982641548285,4.6053900718688965
736,-41.154220076403284,0,0,300,0.47837097658906735,4.9812541007995605
737,-72.14776782115428,0,0,300,0.47789260561247826,4.837141036987305
738,-52.20891464233403,0,0,300,0.4774147130068658,5.207228660583496
739,-89.92222003062692,0,0,300,0.4769372982938589,4.655754089355469
740,-126.11444145202637,0,0,281,0.47646036099556505,4.951110363006592
741,-47.29042770385741,0,0,300,0.47598390063456947,5.1301069259643555
742,-328.3464619739864,0,0,300,0.4755079167339349,4.6568145751953125
743,-303.7147070606563,0,0,286,0.47503240881720094,4.696375846862793
744,-213.05301605224608,0,1,179,0.47455737640838375,4.485754013061523
745,-74.62355331420892,0,0,300,0.47408281903197536,4.770888328552246
746,-143.241802444458,0,0,300,0.47360873621294336,4.062950611114502
747,-133.21978820800777,0,0,300,0.4731351274767304,4.894947052001953
748,-79.27930895884964,0,0,229,0.4726619923492537,5.400026321411133
749,-51.46107017517084,0,0,300,0.47218933035690447,4.335267543792725
750,-333.85749137878423,0,1,190,0.47171714102654755,4.494372844696045
751,-53.0434820850703,0,0,193,0.471245423885521,5.378569602966309
752,-85.70459999084471,0,0,217,0.47077417846163544,5.141149997711182
753,-84.59674797058098,0,0,300,0.4703034042831738,4.561686992645264
754,-139.27629524230952,0,0,269,0.46983310087889063,4.991573810577393
755,-46.79133936961626,0,0,300,0.46936326777801174,4.828033924102783
756,-206.04242549022183,0,0,272,0.4688939045102337,4.79580545425415
757,-177.17504776000987,0,0,291,0.4684250106057235,4.636261940002441
758,-95.12250071605175,0,0,300,0.46795658559511777,4.76332426071167
759,-55.992302322387694,0,0,232,0.46748862900952265,5.585575580596924
760,-57.298818435668906,0,0,300,0.4670211403805131,5.052204608917236
761,-199.65780197143576,0,0,226,0.4665541192401326,4.699450492858887
762,-74.5443502807617,0,0,219,0.4660875651208925,5.03858757019043
763,-71.71818629344433,0,0,300,0.4656214775557716,4.6997456550598145
764,-283.3349136352541,0,0,280,0.46515585607821586,4.796228408813477
765,-49.50797309875486,0,0,157,0.46469070022213765,7.151993274688721
766,-242.92700592041012,0,1,203,0.4642260095219155,4.129251480102539
767,-256.5390124042842,0,0,300,0.4637617835123936,4.202452182769775
768,-182.2571163471553,0,1,216,0.46329802172888124,4.491978168487549
769,-63.15233634948729,0,0,300,0.46283472370715234,5.103084087371826
770,-162.5609261322021,0,0,300,0.46237188898344517,4.845231533050537
771,-136.37294776916502,0,0,261,0.4619095170944617,5.13573694229126
772,-38.85230090220898,0,0,300,0.46144760757736725,5.705774307250977
773,-131.98536181529488,0,0,300,0.46098615996978987,4.681539535522461
774,-94.8569936545663,0,0,260,0.46052517380982005,4.973850250244141
775,-213.45683703502164,0,0,300,0.4600646486360102,4.711908340454102
776,-40.714893751940444,0,0,107,0.4596045839873742,7.318922519683838
777,-57.553061828613245,0,0,180,0.45914497940338683,5.17326545715332
778,-44.22041656494139,0,0,194,0.4586858344239834,5.550104141235352
779,-325.65019580841084,0,1,272,0.45822714858955943,3.732548952102661
780,-350.1220955189082,0,0,300,0.45776892144096987,4.670722961425781
781,-96.3096457672119,0,0,159,0.4573111525195289,5.1099114418029785
782,-43.81209991455077,0,0,112,0.4568538413670094,7.645524978637695
783,-87.30429374694823,0,0,250,0.4563969875256424,4.9835734367370605
784,-156.19090904235833,0,0,300,0.45594059053811675,4.0127272605896
785,-58.976182937622085,0,0,300,0.45548464994757865,4.119045734405518
786,-197.90684626658913,0,0,291,0.45502916529763104,4.854410648345947
787,-218.05841296275605,0,0,300,0.45457413613233344,4.717302322387695
788,-61.78197662353515,0,0,300,0.4541195619962011,5.277994155883789
789,-204.60435882568356,0,0,300,0.4536654424342049,4.673589706420898
790,-115.42965275684855,0,0,300,0.45321177699177073,4.904714107513428
791,-50.086539154052716,0,0,207,0.452758565214779,5.426634788513184
792,-89.62461277882129,0,0,216,0.4523058066495642,5.040954113006592
793,-115.95642005920395,0,0,300,0.45185350084291465,3.3966050148010254
794,-91.57018463134766,0,0,195,0.4514016473420717,5.225046157836914
795,-207.03160484313983,0,0,300,0.45095024569472963,4.987901210784912
796,-254.09243407329046,0,1,222,0.4504992954490349,3.7333076000213623
797,-195.36198387146004,0,0,289,0.45004879615358584,4.81549596786499
798,-43.96302482604979,0,0,157,0.44959874735743227,5.560756206512451
799,-213.12185699462907,0,0,266,0.4491491486100748,5.137964248657227
800,-306.8101401519771,0,0,300,0.44869999946146477,4.322535037994385
801,-124.12985153198234,0,0,232,0.4482512994620033,4.8574628829956055
802,-164.16578849792484,0,0,223,0.4478030481625413,5.143947124481201
803,-123.78841358184812,0,0,282,0.44735524511437874,3.807103395462036
804,-106.72498669544726,0,0,217,0.4469078898692644,4.958547592163086
805,-45.22869529724114,0,0,300,0.4464609819793951,2.5821738243103027
806,-224.6105637359619,0,1,177,0.44601452099741573,4.4701409339904785
807,-49.12931073109176,0,0,174,0.4455685064764183,5.314628601074219
808,-76.36992835998538,0,0,181,0.4451229379699419,5.092482089996338
809,-91.27888228496036,0,0,300,0.44467781503197196,3.6249196529388428
810,-132.0838500976562,0,0,217,0.44423313721693997,4.9084625244140625
811,-122.68944079478706,0,0,300,0.44378890407972305,4.777559280395508
812,-188.19037264903525,0,0,267,0.44334511517564335,4.8727922439575195
813,-286.7815427398683,0,0,288,0.4429017700604677,4.955385684967041
814,-275.1437569721554,0,0,290,0.44245886829040726,4.818638324737549
815,-172.4846226970341,0,0,300,0.44201640942211684,4.8159565925598145
816,-281.6484619140627,0,0,272,0.44157439301269474,4.699615478515625
817,-198.32902209361532,0,0,300,0.44113281861968207,5.037454605102539
818,-244.44260261535644,0,1,182,0.4406916858010624,4.053150653839111
819,-306.9868261718747,0,0,300,0.4402509941152613,4.81170654296875
820,-50.30337734222407,0,0,300,0.43981074312114604,3.7758443355560303
821,-34.1993667602539,0,0,300,0.4393709323780249,3.9373416900634766
822,-62.47394771575923,0,0,300,0.4389315614456469,3.8184869289398193
823,-78.21588885386913,0,0,300,0.43849262988420123,4.396671295166016
824,-107.76451698303225,0,0,234,0.438054137254317,4.838629245758057
825,-107.47839793284862,0,0,300,0.4376160831170627,4.219798564910889
826,-86.74629130443066,0,0,300,0.43717846703394564,4.3967719078063965
827,-291.53183387756343,0,1,281,0.4367412885669117,4.510458469390869
828,-318.4279628372188,0,0,300,0.4363045472783448,3.8419907093048096
829,-48.53500681956741,0,0,300,0.43586824273106645,4.616450786590576
830,-84.68899253845214,0,0,158,0.4354323744883354,5.037248134613037
831,-225.8180363758418,0,1,191,0.43499694211384704,4.49970817565918
832,-67.81526820262405,0,0,169,0.4345619451717332,4.909016132354736
833,-66.54528182983394,0,0,300,0.43412738322656147,4.588820457458496
834,-72.81039233287305,0,0,264,0.4336932558433349,4.025297164916992
835,-175.33961044311516,0,1,216,0.43325956258749154,2.0574026107788086
836,-48.31374262889356,0,0,300,0.43282630302490405,4.578634738922119
837,-77.45339495738476,0,0,300,0.43239347672187917,4.031047821044922
838,-87.17622462352247,0,0,300,0.4319610832451573,4.876755237579346
839,-155.05933093150577,0,0,274,0.43152912216191214,5.265031814575195
840,-156.163965882459,0,0,229,0.4310975930397502,5.120792388916016
841,-101.56331199645992,0,0,201,0.43066649544671043,4.96832799911499
842,-37.363707228502925,0,0,300,0.4302358289512637,4.671125888824463
843,-212.5038016041134,0,0,300,0.4298055931223125,4.868649482727051
844,-94.30206271251171,0,0,300,0.42937578752919014,4.95821475982666
845,-117.22950694163768,0,0,246,0.4289464117416609,5.062575817108154
846,-245.46574961741908,0,0,300,0.42851746532991924,4.771636486053467
847,-133.13011767466992,0,0,269,0.42808894786458934,4.900228500366211
848,-40.624060698351514,0,0,300,0.42766085891672473,4.386214256286621
849,-49.95817545970409,0,0,300,0.427233198057808,5.289742946624756
850,-180.07666697581755,0,0,300,0.4268059648597502,4.854365825653076
851,-130.27498431285355,0,0,209,0.4263791588948904,4.828945159912109
852,-328.85944590648177,0,1,290,0.42595277973599555,4.500060558319092
853,-195.4974120330812,0,0,300,0.42552682695625954,4.794353008270264
854,-80.64856155395506,0,0,300,0.4251013001293033,4.5796403884887695
855,-214.87623759349322,0,0,300,0.424676198829174,4.9142584800720215
856,-52.36800349315134,0,0,300,0.4242515226303448,5.619699954986572
857,-89.12610995372265,0,0,233,0.42382727110771445,5.4367265701293945
858,-86.6180847167969,0,0,274,0.4234034438366067,5.204521179199219
859,-41.869308119616136,0,0,300,0.4229800403927701,3.807526111602783
860,-247.36404846191402,0,1,235,0.42255706035237733,4.471012115478516
861,-223.20263676563772,0,0,300,0.42213450329202495,5.102960109710693
862,-50.70813850402822,0,0,300,0.4217123687887329,4.60453462600708
863,-97.69634277343751,0,0,178,0.4212906564199442,4.844085693359375
864,-36.209611998400355,0,0,300,0.42086936576352424,4.022602081298828
865,-190.89576479991425,0,0,300,0.4204484963977607,4.666640281677246
866,-41.861394271850585,0,0,178,0.42002804790136294,5.6253485679626465
867,-158.90832270701853,0,0,300,0.4196080198534616,4.877279758453369
868,-256.94382983287306,0,1,238,0.4191884118336081,4.406156539916992
869,-158.8986389160156,0,0,230,0.41876922342177453,4.924659729003906
870,-74.50013473510737,0,0,300,0.41835045419835276,4.3050336837768555
871,-52.60363449096676,0,0,300,0.4179321037441544,3.990908622741699
872,-119.9514152526855,0,0,300,0.41751417164041027,4.937853813171387
873,-279.3040645893428,0,1,294,0.41709665746876984,4.491215229034424
874,-168.18867594798542,0,0,256,0.4166795608113011,4.714868068695068
875,-170.08988627513378,0,1,186,0.41626288125048977,5.060170650482178
876,-38.312541656494126,0,0,300,0.41584661836923925,4.533135414123535
877,-60.77095114787545,0,0,300,0.41543077175087,2.5354368686676025
878,-58.36995997508498,0,0,186,0.41501534097911913,5.115189075469971
879,-40.816595564684604,0,0,164,0.41460032563814003,5.386847972869873
880,-136.40536425670118,0,0,300,0.4141857253125019,3.6040401458740234
881,-60.535878020128905,0,0,300,0.41377153958718943,3.861668586730957
882,-92.93713607788084,0,0,300,0.4133577680476022,4.321784019470215
883,-143.59557044982904,0,0,235,0.4129444102795546,5.053892612457275
884,-178.60144160350296,0,0,300,0.412531465869275,4.215559482574463
885,-52.91553965648146,0,0,300,0.41211893440340575,4.874083995819092
886,-173.95197260936249,0,0,300,0.41170681546900234,4.140692234039307
887,-59.93814074595898,0,0,272,0.41129510865353336,5.389734268188477
888,-80.28031623840332,0,0,168,0.41088381354487985,5.03757905960083
889,-206.00437899669174,0,0,300,0.410472929731335,4.321293830871582
890,-78.62021121104688,0,0,271,0.41006245680160364,5.130251884460449
891,-197.70303253173824,0,1,209,0.40965239434480205,4.22825813293457
892,-149.3945349415156,0,0,270,0.40924274195045723,4.753832817077637
893,-204.2579039470342,0,0,300,0.40883349920850676,4.5942769050598145
894,-49.64752281188963,0,0,184,0.40842466570929825,5.504380702972412
895,-185.01086067199708,0,1,134,0.40801624104358897,4.505215167999268
896,-116.79716999928024,0,0,243,0.4076082248025454,4.931593418121338
897,-47.49318621715038,0,0,300,0.4072006165777428,5.125995635986328
898,-152.82710019032027,0,0,256,0.4067934159611651,4.856575965881348
899,-89.73273368835447,0,0,182,0.4063866225452039,5.068183422088623
900,-53.488659820556606,0,0,218,0.4059802359226587,5.44466495513916
901,-216.48368190765416,0,0,300,0.40557425568673605,2.935920476913452
902,-257.3385678394652,0,0,300,0.40516868143104934,4.242341041564941
903,-109.27590873718256,0,0,203,0.4047635127496183,5.061477184295654
904,-78.8496511077881,0,0,268,0.4043587492368687,5.5224127769470215
905,-42.57657071033981,0,0,172,0.4039543904876318,5.4689435958862305
906,-39.78080988963577,0,0,154,0.4035504360971442,5.565401554107666
907,-162.59146064758318,0,0,296,0.40314688566104706,5.100365161895752
908,-70.64012695312502,0,0,187,0.402743738775386,5.34503173828125
909,-39.51359881480659,0,0,300,0.4023409950366106,4.153598785400391
910,-158.4879744251583,0,0,259,0.401938654041574,5.427192687988281
911,-99.6131610870361,0,0,241,0.4015367153875324,5.215790271759033
912,-133.2168991851807,0,0,300,0.4011351786721449,2.359224796295166
913,-42.43961235046381,0,0,300,0.40073404349347275,2.869903087615967
914,-129.77043182373046,0,0,244,0.40033330944997925,4.925107955932617
915,-112.6464815990117,0,0,198,0.39993297614052925,4.953921318054199
916,-80.28156471252439,0,0,181,0.3995330431643887,5.0078911781311035
917,-90.5838500507685,0,0,300,0.39913351012122433,4.043661594390869
918,-91.39642616271972,0,0,199,0.3987343766111031,4.859106540679932
919,-46.29476153453316,0,0,300,0.398335642234492,3.6663894653320312
920,-249.87627879222367,0,0,300,0.3979373065922575,4.739268779754639
921,-180.66392944335945,0,0,223,0.39753936928566525,5.170982360839844
922,-179.70479647716024,0,0,280,0.3971418299163796,4.8813982009887695
923,-193.25322924693555,0,1,221,0.3967446880864632,4.471006393432617
924,-153.38816760142765,0,0,226,0.3963479433983767,5.099740982055664
925,-194.73211151123047,0,1,148,0.3959515954549783,4.480527877807617
926,-145.01302909851083,0,0,300,0.39555564385952335,4.8782572746276855
927,-170.69304115295404,0,0,239,0.39516008821566384,4.905760288238525
928,-209.47078262329103,0,1,166,0.3947649281274482,4.465195655822754
929,-278.4247068786621,0,1,195,0.3943701631993207,4.496176719665527
930,-56.18167147716013,0,0,300,0.3939757930361214,4.2681169509887695
931,-220.63453867991896,0,1,185,0.3935818172430853,4.461333751678467
932,-219.97304725646978,0,0,244,0.3931882354258422,5.055761814117432
933,-174.37287109374995,0,0,238,0.39279504719041636,4.8607177734375
934,-169.84835830688473,0,0,225,0.39240225214322594,4.797089576721191
935,-43.11019065856933,0,0,172,0.39200984989108273,5.270047664642334
936,-156.78485427856447,0,0,196,0.39161784004119166,4.918713569641113
937,-178.08239143371588,0,0,225,0.39122622220115044,4.850597858428955
938,-105.76125518798828,0,0,183,0.3908349959789493,4.83531379699707
939,-144.66184695323437,0,0,265,0.3904441609829703,5.080660820007324
940,-48.38823458751175,0,0,211,0.3900537168219873,5.53975772857666
941,-64.3564438160274,0,0,195,0.3896636631051653,5.104310035705566
942,-175.18241394042974,0,0,207,0.38927399944206015,4.825603485107422
943,-322.0874456787111,0,1,259,0.3888847254426181,4.474361419677734
944,-55.29843414306638,0,0,300,0.38849584071717547,3.0421085357666016
945,-38.6289281463623,0,0,103,0.3881073448764583,6.979732036590576
946,-67.87012306213379,0,0,162,0.3877192375315819,5.115030765533447
947,-223.02957405090336,0,0,300,0.3873315182940503,4.84739351272583
948,-100.68951769908399,0,0,216,0.38694418677575626,4.930078506469727
949,-44.39546832164259,0,0,300,0.3865572425889805,4.574066162109375
950,-183.1294568165157,0,0,300,0.38617068534639154,5.015063285827637
951,-164.29149966319537,0,0,300,0.38578451466104513,4.683073997497559
952,-46.13553947448727,0,0,206,0.3853987301463841,5.361384868621826
953,-65.8035887908935,0,0,300,0.3850133314162377,4.533397197723389
954,-144.77695498546092,0,0,225,0.3846283180848215,5.041937828063965
955,-270.1757802112908,0,0,300,0.3842436897667367,4.876644134521484
956,-42.97908923228707,0,0,300,0.3838594460769699,5.437471389770508
957,-265.61030161937214,0,1,237,0.38347558663089293,4.492774486541748
958,-223.61104034423838,0,0,300,0.38309211104426205,4.65526008605957
959,-252.13822184642297,0,0,300,0.3827090189332178,4.879754543304443
960,-169.7115819080684,0,0,237,0.38232630991428457,4.62309455871582
961,-152.87519610484568,0,0,260,0.38194398360437026,5.121498107910156
962,-67.65891093333691,0,0,289,0.3815620396207659,5.177426815032959
963,-46.00504241943358,0,0,187,0.38118047758114515,5.411260604858398
964,-132.6918721477177,0,0,273,0.380799297103564,4.980268955230713
965,-200.77232157786813,0,1,209,0.3804184978064605,4.4732794761657715
966,-123.02245600779978,0,0,222,0.380038079308654,5.045813083648682
967,-33.2987961109492,0,0,300,0.3796580412293454,2.964898109436035
968,-39.494541426501,0,0,116,0.379278383188116,7.178834438323975
969,-204.18394065856944,0,0,300,0.3788991048049279,4.293485164642334
970,-48.43143275340523,0,0,185,0.37852020570012296,7.035557270050049
971,-51.284299697875916,0,0,300,0.37814168549442284,4.548574924468994
972,-163.99220698436224,0,0,300,0.3777635438089284,4.825750827789307
973,-79.33463030894724,0,0,300,0.3773857802651195,4.566356658935547
974,-29.419940787157675,0,0,300,0.37700839448485435,2.957684278488159
975,-112.69938629150387,0,0,182,0.3766313860903695,5.067346572875977
976,-331.1965702056885,0,0,262,0.37625475470427916,4.661642551422119
977,-156.07538258472943,0,0,300,0.3758784999495749,4.866146564483643
978,-118.49075233459469,0,0,234,0.3755026214496253,5.155188083648682
979,-365.83504829406763,0,1,254,0.3751271188281757,4.496262073516846
980,-76.69624069213867,0,0,218,0.3747519917093475,5.666560173034668
981,-91.46626281738278,0,0,300,0.37437723971763814,4.429065704345703
982,-87.61283474842578,0,0,159,0.37400286247792053,5.015509605407715
983,-157.77233119090528,0,0,232,0.3736288596154426,5.015781879425049
984,-124.53371493419141,0,0,300,0.37325523075582717,4.963627815246582
985,-76.95709358215332,0,0,193,0.37288197552507135,4.83677339553833
986,-296.46751658519247,0,0,300,0.37250909354954626,4.697078227996826
987,-142.37435633738954,0,0,300,0.37213658445599673,4.761288166046143
988,-40.36236618041991,0,0,153,0.3717644478715407,5.5955915451049805
989,-73.29919459422561,0,0,163,0.3713926834236692,5.067497730255127
990,-156.7378641041134,0,0,300,0.37102129074024554,4.909665107727051
991,-286.2682407673213,0,0,273,0.3706502694495053,4.607259273529053
992,-44.4676099101689,0,0,183,0.3702796191800558,5.549203395843506
993,-110.96112721363566,0,0,300,0.36990933956087574,4.697582721710205
994,-63.80899894714351,0,0,300,0.36953943022131486,4.669749736785889
995,-56.67453315734857,0,0,300,0.3691698907910935,2.973633289337158
996,-28.150281257629345,0,0,300,0.3688007209003024,2.9575703144073486
997,-283.7979856872558,0,1,300,0.36843192017940213,4.289496421813965
998,-121.49428733825675,0,0,300,0.36806348825922275,3.913571834564209
999,-187.7781876373291,0,1,197,0.3676954247709635,4.662046909332275
1000,-132.43057696422073,0,0,300,0.36732772934619257,4.375343322753906
1001,-120.80847842296092,0,0,300,0.3669604016168464,4.807318687438965
1002,-82.14791247447458,0,0,300,0.3665934412152296,4.042177200317383
1003,-82.94327097972366,0,0,232,0.3662268477740143,5.093516826629639
1004,-176.65212825775146,0,1,277,0.36586062092624033,2.403032064437866
1005,-189.44697367747756,0,1,235,0.3654947603053141,3.4544425010681152
1006,-234.70499148448457,0,0,300,0.36512926554500874,4.448946952819824
1007,-86.7044440460205,0,0,300,0.36476413627946375,5.021111011505127
1008,-55.874692526659615,0,0,300,0.3643993721431843,3.6938722133636475
1009,-108.03073466380569,0,0,178,0.36403497277104113,4.9103827476501465
1010,-155.16918968200682,0,0,300,0.3636709377982701,4.919797420501709
1011,-42.19588737487789,0,0,300,0.3633072668604718,5.286471843719482
1012,-211.4733886718751,0,0,227,0.36294395959361136,4.80584716796875
1013,-90.49083526611317,0,0,300,0.36258101563401773,4.22770881652832
1014,-216.57368850708008,0,1,133,0.3622184346183837,4.4559221267700195
1015,-64.41143023570507,0,0,300,0.36185621618376534,4.695556640625
1016,-122.21384730418656,0,0,300,0.36149435996758156,5.076160907745361
1017,-78.03515551646683,0,0,212,0.361132865607614,5.26148796081543
1018,-187.33314758300781,0,1,117,0.36077173274200636,4.505786895751953
1019,-119.38117228587595,0,0,300,0.36041096100926434,4.815492153167725
1020,-59.17876048167678,0,0,300,0.3600505500482551,5.24238920211792
1021,-44.27932726939648,0,0,300,0.35969049949820686,4.037530899047852
1022,-145.5137997730586,0,0,300,0.3593308089987087,4.911149024963379
1023,-140.47900802612295,0,0,300,0.35897147818971,4.727252006530762
1024,-278.5302698516845,0,1,257,0.3586125067115203,4.510067462921143
1025,-233.54380805969248,0,0,254,0.35825389420480874,4.990952014923096
1026,-108.53815673828127,0,0,186,0.35789564031060395,5.0745391845703125
1027,-138.54707591136423,0,0,240,0.35753774467029337,4.841968059539795
1028,-172.8322163685176,0,0,300,0.3571802069256231,4.803253173828125
1029,-87.76268908580275,0,0,166,0.3568230267186975,4.945871353149414
1030,-65.48919955333204,0,0,300,0.3564662036919788,4.267498970031738
1031,-352.33672076304896,0,1,244,0.35610973748828684,4.4418792724609375
1032,-118.65144404490914,0,0,214,0.35575362775079855,5.075560092926025
1033,-362.9647691345218,0,1,225,0.35539787412304774,3.988692283630371
1034,-288.1646506500245,0,1,211,0.3550424762489247,4.4861626625061035
1035,-377.86504516601593,0,1,225,0.3546874337726758,4.441261291503906
1036,-109.74949398914839,0,0,299,0.35433274633890316,5.087174415588379
1037,-165.14361071666212,0,0,300,0.35397841359256427,4.783601760864258
1038,-358.11280184825415,0,1,263,0.3536244351789717,4.448399543762207
1039,-122.2766206653925,0,0,300,0.35327081074379274,4.869354248046875
1040,-177.53151066700485,0,0,257,0.352917539933049,4.86517858505249
1041,-47.49267657359569,0,0,208,0.3525646223931159,5.538368225097656
1042,-88.64513224681349,0,0,198,0.3522120577707228,4.9239821434021
1043,-34.66869911193838,0,0,300,0.3518598457129521,4.332174777984619
1044,-41.20606448253121,0,0,300,0.35150798586723914,3.356715202331543
1045,-322.8449706562374,0,0,300,0.3511564778813719,4.721441745758057
1046,-180.28450225830082,0,0,300,0.3508053214034905,4.198625564575195
1047,-43.93155029296869,0,0,300,0.35045451608208705,4.3503875732421875
1048,-71.29050575256349,0,0,300,0.350104061566005,4.232626438140869
1049,-61.02262187083688,0,0,300,0.349753957504439,5.253354549407959
1050,-207.44611541748083,0,0,300,0.3494042035469346,4.694028854370117
1051,-218.91021454890694,0,1,290,0.3490547993433876,1.692752718925476
1052,-42.71621188243356,0,0,300,0.34870574454404424,4.779252052307129
1053,-151.27986460765328,0,0,281,0.3483570387995002,3.3026652336120605
1054,-56.43854613383741,0,0,300,0.3480086817607007,3.369835615158081
1055,-30.508350963592466,0,0,300,0.34766067307894,1.4720877408981323
1056,-40.116996718249,0,0,300,0.34731301240586104,4.289448261260986
1057,-61.3705943592402,0,0,300,0.3469656993934552,5.252847671508789
1058,-140.45159836769116,0,0,300,0.3466187336940617,0.68539959192276
1059,-159.7048675918579,0,1,209,0.34627211496036764,2.3662168979644775
1060,-39.105722579956,0,0,300,0.3459258428454073,4.236430644989014
1061,-212.0254587848995,0,0,300,0.34557991700256185,4.824063777923584
1062,-121.16057254552834,0,0,300,0.3452343370855593,0.6878752112388611
1063,-153.494516143799,0,0,300,0.34488910274847373,4.433629035949707
1064,-101.51584521373242,0,0,212,0.34454421364572524,4.586660385131836
1065,-111.83375735362495,0,0,300,0.3441996694320795,4.5936384201049805
1066,-44.11713566700477,0,0,300,0.34385546976264747,3.7440848350524902
1067,-75.8376348527324,0,0,300,0.34351161429288485,1.0002050399780273
1068,-38.00080841064446,0,0,300,0.34316810267859194,3.892702102661133
1069,-48.47206672668449,0,0,300,0.34282493457591334,4.345516681671143
1070,-174.88402500152588,0,1,206,0.3424821096413374,2.4960062503814697
1071,-39.58298809925583,0,0,107,0.3421396275316961,7.003047943115234
1072,-51.19634028514358,0,0,199,0.34179748790416437,5.306784152984619
1073,-53.96781601985413,0,0,300,0.3414556904162602,1.3271530866622925
1074,-45.52239207347364,0,0,189,0.34111423472584396,5.430797100067139
1075,-210.3071103668213,0,1,236,0.34077312049111813,2.1867775917053223
1076,-60.210192900500054,0,0,300,0.340432347370627,4.1177473068237305
1077,-42.60523704528806,0,0,300,0.34009191502325636,4.3288092613220215
1078,-89.19165443420407,0,0,300,0.3397518231082331,4.112913608551025
1079,-61.076560622057634,0,0,300,0.33941207128512485,4.234339237213135
1080,-272.0211463459345,0,0,300,0.3390726592138397,4.552985668182373
1081,-240.80584316253712,0,0,300,0.3387335865546259,3.1264607906341553
1082,-60.480407210192396,0,0,208,0.33839485296807126,4.937800884246826
1083,-127.47443077087401,0,0,234,0.3380564581151032,4.626107692718506
1084,-270.9185926818847,0,1,182,0.33771840165698813,4.419648170471191
1085,-51.70428245544433,0,0,300,0.33738068325533116,6.006070613861084
1086,-75.40177554210159,0,0,300,0.3370433025720758,5.300642967224121
1087,-89.38838237762452,0,0,283,0.33670625926950376,2.674595594406128
1088,-82.07478182872269,0,0,300,0.33636955301023425,4.9713945388793945
1089,-45.628691359362335,0,0,300,0.336033183457224,3.9248719215393066
1090,-66.6808140095088,0,0,223,0.3356971502737668,5.172902584075928
1091,-143.99382461547845,0,0,300,0.335361453123493,1.650956153869629
1092,-127.46258193095655,0,0,300,0.3350260916703695,3.910844564437866
1093,-48.53039599498245,0,0,300,0.33469106557869915,3.752798080444336
1094,-121.84663421630856,0,0,221,0.33435637451312045,4.631658554077148
1095,-57.163574858507815,0,0,232,0.3340220181386073,5.433592796325684
1096,-170.8155871113156,0,0,277,0.33368799612046873,4.934095859527588
1097,-213.79640480041508,0,0,242,0.33335430812434824,4.89660120010376
1098,-93.4033594512939,0,0,300,0.3330209538162239,2.4033398628234863
1099,-115.06755576213317,0,0,300,0.33268793286240766,2.9270880222320557
1100,-210.14007571300016,0,0,300,0.33235524492954527,4.8377180099487305
1101,-90.60716144561759,0,0,300,0.33202288968461574,2.109290361404419
1102,-95.97641577800233,0,0,300,0.33169086679493115,3.266803026199341
1103,-38.27291084289551,0,0,106,0.33135917592813624,7.190727710723877
1104,-220.58377197265648,0,0,300,0.3310278167522081,4.2634429931640625
1105,-205.90861145019528,0,1,285,0.3306967889354559,2.562152862548828
1106,-189.20477447509757,0,1,263,0.33036609214652046,2.213693618774414
1107,-170.4732708271358,0,0,300,0.3300357260543739,4.571016788482666
1108,-124.61798770030467,0,0,300,0.32970569032831953,5.322196006774902
1109,-111.76009989818063,0,0,300,0.3293759846379912,4.8102240562438965
1110,-47.87773692210641,0,0,300,0.3290466086533532,4.624633312225342
1111,-306.0725756367061,0,0,300,0.3287175620446999,4.685842990875244
1112,-72.00296501159667,0,0,300,0.32838884448265515,4.99074125289917
1113,-154.40111717224107,0,0,300,0.3280604556381725,4.765279293060303
1114,-402.29038958629087,0,1,299,0.32773239518253433,4.495296478271484
1115,-44.74073707580564,0,0,182,0.3274046627873518,5.467684268951416
1116,-117.85018936157219,0,0,300,0.32707725812456445,3.1100473403930664
1117,-248.64689605712908,0,0,201,0.32675018086643987,4.804224014282227
1118,-259.7445943450929,0,0,214,0.32642343068557345,4.871148586273193
1119,-77.82650706370805,0,0,225,0.3260970072548879,5.086825847625732
1120,-75.19130847056829,0,0,300,0.325770910247633,2.9280261993408203
1121,-67.12576967080162,0,0,300,0.32544513933738534,3.0210442543029785
1122,-145.52099940379583,0,0,220,0.3251196941980479,4.697948932647705
1123,-96.16571040233096,0,0,300,0.32479457450384985,3.489126682281494
1124,-163.80735145568858,0,0,300,0.324469779929346,4.486837863922119
1125,-85.88579200744626,0,0,149,0.32414531014941667,4.973948001861572
1126,-364.8014154346801,0,1,291,0.32382116483926726,4.513052940368652
1127,-121.27103854258989,0,0,212,0.323497343674428,5.000458717346191
1128,-122.06479835510244,0,0,300,0.3231738463307536,4.141199588775635
1129,-132.7605609893798,0,0,225,0.32285067248442284,4.877640247344971
1130,-114.7225667103144,0,0,228,0.3225278218119384,4.963340759277344
1131,-228.375208235583,0,1,233,0.3222052939901265,4.504001140594482
1132,-271.9717328643798,0,0,300,0.32188308869613635,4.802933216094971
1133,-224.42016537586738,0,0,232,0.3215612056074402,4.712342262268066
1134,-74.78530142863725,0,0,300,0.3212396444018328,3.8240244388580322
1135,-41.45199717601272,0,0,167,0.32091840475743094,5.638198375701904
1136,-131.48620982249705,0,0,300,0.3205974863526735,4.631751537322998
1137,-162.63452052195996,0,0,300,0.32027688886632083,4.658829212188721
1138,-203.52358004649625,0,0,274,0.3199566119774545,4.948594093322754
1139,-44.90630538940425,0,0,169,0.31963665536547703,5.331576347351074
1140,-166.11549385070805,0,0,256,0.31931701871011153,4.821373462677002
1141,-198.82903971751674,0,0,228,0.3189977016914014,4.979959011077881
1142,-114.44390246470898,0,0,208,0.31867870398971,4.928674697875977
1143,-35.01203125000001,0,0,96,0.31836002528572027,7.3955078125
1144,-38.8050820922851,0,0,300,0.31804166526043454,4.323770523071289
1145,-167.75268539428708,0,0,300,0.3177236235951741,4.853171348571777
1146,-41.075785980224595,0,0,152,0.3174058999715789,5.428946495056152
1147,-290.4174007709835,0,1,299,0.31708849407160733,4.49454927444458
1148,-105.44656236489342,0,0,218,0.31677140557753575,4.971242427825928
1149,-84.30683108409374,0,0,300,0.31645463417195824,5.084406852722168
1150,-217.09661608775596,0,0,300,0.3161381795377863,5.006853103637695
1151,-176.9094193561886,0,0,287,0.3158220413582485,4.46005392074585
1152,-168.86879595836137,0,0,292,0.3155062193168902,4.8798980712890625
1153,-168.75796638488765,0,0,300,0.31519071309757335,4.661991596221924
1154,-206.68864176829788,0,1,177,0.3148755223844758,4.487359523773193
1155,-67.04864695628616,0,0,215,0.31456064686209134,5.377360820770264
1156,-166.80107539256554,0,0,300,0.31424608621522926,4.840467929840088
1157,-48.0473491668701,0,0,168,0.31393184012901404,5.211837291717529
1158,-65.53250312805176,0,0,230,0.31361790828888503,5.5081257820129395
1159,-89.36493701934813,0,0,300,0.31330429038059615,3.478734254837036
1160,-187.9445311268184,0,0,244,0.31299098609021553,5.25383186340332
1161,-314.04713714599615,0,0,300,0.3126779951041253,4.479284286499023
1162,-159.24203753550998,0,0,300,0.31236531710902116,4.870708465576172
1163,-127.94387728770701,0,0,243,0.3120529517919121,4.903668403625488
1164,-113.89296771129102,0,0,300,0.3117408988401202,4.780941009521484
1165,-205.0616387470576,0,0,300,0.31142915794128007,4.535608768463135
1166,-266.4229475696894,0,1,177,0.31111772878333877,4.498435974121094
1167,-197.59836143493672,0,0,300,0.3108066110545554,4.914590358734131
1168,-349.1303824909542,0,1,289,0.3104958044435009,4.480294704437256
1169,-149.99871844371285,0,0,247,0.3101853086390574,4.949878692626953
1170,-254.104470549426,0,0,300,0.30987512333041833,4.696316719055176
1171,-187.44826403697456,0,0,291,0.3095652482070879,4.257265090942383
1172,-140.1104898071288,0,0,300,0.30925568295888084,4.912622451782227
1173,-184.08303866466022,0,0,300,0.308946427275922,4.9309587478637695
1174,-133.80040847778318,0,0,166,0.30863748084864606,4.857602119445801
1175,-191.50475118637075,0,1,252,0.3083288433677974,1.4436877965927124
1176,-154.44447067260754,0,0,300,0.30802051452442963,4.4161176681518555
1177,-245.0783372791621,0,1,254,0.3077124940099052,4.494783401489258
1178,-39.90214607238769,0,0,163,0.3074047815158953,5.358036518096924
1179,-413.473175048828,0,1,247,0.30709737673437937,4.493293762207031
1180,-169.00825775146498,0,0,300,0.30679027935764497,4.719564437866211
1181,-193.148666716418,0,1,167,0.3064834890782873,4.509865760803223
1182,-198.49037414550793,0,0,237,0.306177005589209,4.920093536376953
1183,-137.51093600352732,0,0,196,0.3058708285836198,4.942933082580566
1184,-136.73358482360834,0,0,184,0.30556495775503617,4.8858962059021
1185,-189.53471430858113,0,0,300,0.30525939279728115,5.046377658843994
1186,-154.6457006072997,0,0,300,0.30495413340448385,4.996425151824951
1187,-56.61691543579099,0,0,300,0.3046491792710794,4.036728858947754
1188,-202.35721087535362,0,0,300,0.3043445300918083,5.399501800537109
1189,-281.78988154490895,0,0,300,0.30404018556171647,4.050169467926025
1190,-233.3208598327639,0,0,300,0.30373614537615473,4.787714958190918
1191,-137.82467227061716,0,0,297,0.3034324092307786,5.066367149353027
1192,-177.91105613708496,0,1,129,0.3031289768215478,4.51526403427124
1193,-128.23493225097656,0,0,167,0.30282584784472627,4.916233062744141
1194,-190.96874552806366,0,0,300,0.3025230219968815,4.9123854637146
1195,-145.94914362987006,0,0,268,0.3022204989748846,4.80248498916626
1196,-178.10856410106157,0,1,178,0.30191827847590974,4.472340106964111
1197,-127.73328254699702,0,0,179,0.3016163601974338,5.063320636749268
1198,-33.85608409007522,0,0,151,0.3013147438372364,5.591720104217529
1199,-127.84630310058584,0,0,300,0.3010134290933992,3.9940757751464844
1200,-44.50989329417673,0,0,300,0.3007124156643058,4.65767240524292
1201,-109.38455139160153,0,0,219,0.30041170324864147,5.318637847900391
1202,-48.486473189196325,0,0,300,0.30011129154539284,5.091817378997803
1203,-44.73124786376952,0,0,208,0.29981118025384745,5.505311965942383
1204,-244.4696259482675,0,1,206,0.2995113690735936,4.497008323669434
1205,-114.84025942882035,0,0,231,0.29921185770452,4.927763938903809
1206,-145.3139957722041,0,0,280,0.2989126458468155,5.093698024749756
1207,-178.06401107788093,0,0,246,0.2986137332009687,4.958502769470215
1208,-122.04789126475781,0,0,208,0.29831511946776773,5.039671897888184
1209,-123.63830660899612,0,0,279,0.29801680434829997,5.034775733947754
1210,-108.88987223704788,0,0,199,0.29771878754395165,4.927667140960693
1211,-89.31566996654006,0,0,183,0.29742106875640767,5.02661657333374
1212,-132.72693995555372,0,0,223,0.29712364768765126,4.919434070587158
1213,-156.7081122883174,0,0,201,0.2968265240399636,4.912227153778076
1214,-324.1896678161621,0,0,237,0.2965296975159237,4.704916954040527
1215,-124.71311335643259,0,0,235,0.29623316781840775,4.788477420806885
1216,-89.22454122384114,0,0,300,0.29593693465058934,2.800737142562866
1217,-288.13817230224606,0,0,300,0.29564099771593877,4.057043075561523
1218,-178.76778346141316,0,0,255,0.2953453567182228,4.862144947052002
1219,-253.6528242023801,0,0,300,0.2950500113615046,4.900905132293701
1220,-152.95173701365908,0,0,300,0.2947549613501431,4.338133335113525
1221,-190.98481249888874,0,0,253,0.294460206388793,4.868902206420898
1222,-329.06963340759256,0,0,300,0.2941657461824042,4.537408351898193
1223,-35.240803938708034,0,0,160,0.2938715804362218,5.375400066375732
1224,-201.65598200877642,0,1,210,0.2935777088557856,4.476694583892822
1225,-40.70992965698241,0,0,138,0.2932841311469298,5.5649824142456055
1226,-43.97419613758589,0,0,154,0.2929908470157829,5.198349952697754
1227,-96.68603454589842,0,0,300,0.2926978561687671,4.831508636474609
1228,-106.0470424183223,0,0,217,0.29240515831259833,4.871959686279297
1229,-41.39898101806641,0,0,162,0.29211275315428575,5.494745254516602
1230,-234.2415697391843,0,0,300,0.2918206404011315,3.813091516494751
1231,-191.61746325572477,0,0,273,0.29152881976073036,5.114564895629883
1232,-48.46207079966992,0,0,185,0.2912372909409696,5.713216781616211
1233,-127.92543673594923,0,0,203,0.2909460536500286,4.916558265686035
1234,-123.55039500316111,0,0,240,0.2906551075963786,5.075297832489014
1235,-125.70223266601562,0,0,227,0.2903644524887822,4.970558166503906
1236,-33.75088576396426,0,0,300,0.2900740880362934,3.1129205226898193
1237,-103.6327064983037,0,0,266,0.28978401394825715,5.010477542877197
1238,-41.576462478637694,0,0,166,0.2894942299343089,5.526615619659424
1239,-36.644969588122095,0,0,168,0.2892047357043746,5.501441478729248
1240,-240.12748166004684,0,1,264,0.28891553096867023,4.481671333312988
1241,-247.89798731883496,0,1,261,0.2886266154377016,4.484695911407471
1242,-91.78650024414064,0,0,166,0.28833798882226386,4.939125061035156
1243,-119.61988077004482,0,0,300,0.2880496508334416,4.8220720291137695
1244,-210.36717814525116,0,0,287,0.28776160118260813,4.854493618011475
1245,-39.66191279490921,0,0,143,0.2874738395814255,5.633177280426025
1246,-109.60168533325188,0,0,300,0.2871863657418441,5.137921333312988
1247,-262.29037203868364,0,0,298,0.28689917937610226,4.657792091369629
1248,-182.83894508361826,0,0,300,0.2866122801967262,4.852236270904541
1249,-39.50231951793166,0,0,150,0.28632566791652947,5.513278961181641
1250,-49.13109011729689,0,0,184,0.28603934224861294,5.605471611022949
1251,-40.655506668090815,0,0,140,0.2857533029063643,5.523876667022705
1252,-98.16156471252437,0,0,201,0.28546754960345794,5.5703911781311035
1253,-113.42767306407423,0,0,300,0.2851820820538545,4.989617347717285
1254,-42.621988554796886,0,0,140,0.2848968999718006,5.648196220397949
1255,-29.82661189158889,0,0,139,0.2846120030718288,5.481852054595947
1256,-110.08210146983592,0,0,245,0.284327391068757,4.923224449157715
1257,-52.81219883998355,0,0,300,0.2840430636776882,1.5232487916946411
1258,-118.07997856140133,0,0,285,0.28375902061401054,5.057494640350342
1259,-127.54369372447462,0,0,218,0.28347526159339653,5.336122512817383
1260,-219.306487426758,0,0,289,0.28319178633180314,4.674121856689453
1261,-135.19275306701658,0,0,229,0.28290859454547135,4.86318826675415
1262,-113.8495132152225,0,0,300,0.28262568595092585,4.859679222106934
1263,-35.05189471324417,0,0,135,0.2823430602649749,5.498172760009766
1264,-108.26380869945021,0,0,238,0.28206071720470993,5.133651256561279
1265,-268.42197451671103,0,1,271,0.2817786564875052,4.515692710876465
1266,-44.42443003734083,0,0,157,0.28149687783101773,5.5038065910339355
1267,-170.4029097453742,0,0,260,0.2812153809531867,4.855528354644775
1268,-32.14335421641792,0,0,300,0.28093416557223355,2.9610376358032227
1269,-207.59947558482637,0,0,300,0.2806532314066613,4.657567977905273
1270,-207.9289819041877,0,0,296,0.2803725781752547,5.2645463943481445
1271,-264.3364909831669,0,1,274,0.2800922055970794,4.493923664093018
1272,-221.43389575084183,0,1,164,0.2798121133914823,4.50117301940918
1273,-138.34874475479165,0,0,300,0.2795323012780908,1.867186188697815
1274,-440.7654561146113,0,1,271,0.2792527689768127,4.5240631103515625
1275,-126.42865420421086,0,0,283,0.2789735162078359,5.164862632751465
1276,-113.00538874705757,0,0,300,0.2786945426916281,4.746546268463135
1277,-73.0364651195195,0,0,159,0.27841584814893644,5.023917198181152
1278,-313.391256094775,0,1,194,0.2781374323007875,3.720513105392456
1279,-146.04976921081533,0,0,265,0.27785929486848676,3.9374423027038574
1280,-180.35993898391737,0,0,300,0.27758143557361825,0.9324847459793091
1281,-139.2154507915165,0,0,300,0.27730385413804465,4.98616361618042
1282,-329.2904181671143,0,1,234,0.2770265502839066,4.5051045417785645
1283,-129.81084317127727,0,0,285,0.2767495237336227,4.2825117111206055
1284,-102.78990901947013,0,0,300,0.2764727742098891,2.0999772548675537
1285,-165.1765812110907,0,0,300,0.2761963014356792,1.089145302772522
1286,-114.57501322825875,0,0,244,0.27592010513424353,5.061452388763428
1287,-173.91914176940924,0,0,259,0.2756441850291093,4.979785442352295
1288,-35.04901839335883,0,0,300,0.2753685408440802,2.569953680038452
1289,-212.63991859436027,0,1,296,0.2750931723032361,2.027479648590088
1290,-165.69076400756836,0,0,225,0.27481807913093287,5.15769100189209
1291,-174.554806946912,0,0,275,0.27454326105180193,5.141002655029297
1292,-49.915236922106416,0,0,300,0.2742687177907501,2.546508312225342
1293,-136.44387641906735,0,0,288,0.2739944490729594,5.070969104766846
1294,-28.11246581157178,0,0,300,0.27372045462388644,2.163315534591675
1295,-106.74149208068847,0,0,191,0.2734467341692626,4.922873020172119
1296,-176.4432281684876,0,0,300,0.27317328743509334,1.6933070421218872
1297,-61.18450279235838,0,0,180,0.27290011414765825,5.3086256980896
1298,-34.08550105174514,0,0,132,0.2726272140335106,5.74407434463501
1299,-256.9696298511838,0,0,300,0.27235458681947705,4.905106544494629
1300,-109.74846673806243,0,0,300,0.2720822322326576,5.126718521118164
1301,-135.20141650279487,0,0,260,0.2718101500004249,4.920553207397461
1302,-262.56675033569337,0,1,152,0.27153833985042447,4.50418758392334
1303,-54.67884887695308,0,0,235,0.27126680151057403,5.447212219238281
1304,-224.63505274852247,0,1,177,0.27099553470906346,4.513962268829346
1305,-99.1426516254756,0,0,261,0.2707245391743544,5.265861988067627
1306,-314.02786969105273,0,1,276,0.27045381463518003,4.511768341064453
1307,-255.1347538288448,0,1,240,0.27018336082054484,4.498887538909912
1308,-45.958199691772435,0,0,187,0.2699131774597243,5.439549922943115
1309,-37.98098055919144,0,0,151,0.2696432642822646,5.762944221496582
1310,-166.9152437122677,0,0,287,0.26937362101798235,5.141510009765625
1311,-90.51334849437204,0,0,300,0.26910424739696437,4.961036205291748
1312,-61.663613815307606,0,0,300,0.2688351431495674,3.9109034538269043
1313,-143.37126640319826,0,0,300,0.26856630800641784,4.2703166007995605
1314,-216.4244282062864,0,0,300,0.2682977416984114,4.921306133270264
1315,-209.21212821960478,0,0,300,0.268029443956713,4.538032054901123
1316,-67.16098754882815,0,0,300,0.2677614145127563,5.057746887207031
1317,-34.00981631358597,0,0,140,0.2674936530982436,5.525153160095215
1318,-213.68358149608113,0,0,300,0.26722615944514533,4.568594455718994
1319,-234.07737579345715,0,0,300,0.2669589332857002,4.731843948364258
1320,-111.65989260753126,0,0,233,0.2666919743524145,5.025172233581543
1321,-277.65006518443556,0,0,300,0.26642528237806207,4.035215377807617
1322,-321.8406784351679,0,1,224,0.266158857095684,4.087868690490723
1323,-108.38621989329788,0,0,300,0.2658926982385883,5.054254055023193
1324,-90.85548602183786,0,0,300,0.26562680554034973,4.309070587158203
1325,-129.9351979359004,0,0,205,0.26536117873480936,4.828998565673828
1326,-260.98215060313674,0,0,300,0.26509581755607453,4.60573673248291
1327,-277.961560316882,0,0,247,0.26483072173851846,4.6580891609191895
1328,-100.63688326915236,0,0,205,0.26456589101677996,5.154419898986816
1329,-82.6581862934444,0,0,260,0.2643013251257632,5.0122456550598145
1330,-249.8175881489131,0,1,177,0.2640370238006374,4.062096118927002
1331,-229.28301772197247,0,0,300,0.2637729867768368,3.7959535121917725
1332,-74.92522524913278,0,0,274,0.26350921379006,5.356505393981934
1333,-107.89564921458688,0,0,265,0.26324570457626995,5.216611385345459
1334,-275.3668854816768,0,1,247,0.2629824588716937,4.51192045211792
1335,-167.1095922088624,0,0,300,0.262719476412822,4.899898052215576
1336,-58.42508163452146,0,0,213,0.2624567569364092,5.256270408630371
1337,-70.62785728454591,0,0,211,0.26219430017947276,5.199464321136475
1338,-49.56146636962889,0,0,187,0.2619321058792933,5.412866592407227
1339,-95.03818817138674,0,0,206,0.261670173773414,5.08454704284668
1340,-91.65659258922072,0,0,300,0.2614085035996406,3.4793472290039062
1341,-149.45400889476272,0,0,300,0.26114709509604095,4.903701305389404
1342,-219.78381617625683,0,1,155,0.2608859480009449,4.4236531257629395
1343,-44.16410888671873,0,0,182,0.26062506205294395,5.4435272216796875
1344,-77.05910079956053,0,0,300,0.260364436990891,4.532275199890137
1345,-81.14250221252439,0,0,164,0.2601040725539001,5.0606255531311035
1346,-196.53328430175782,0,1,203,0.2598439684813462,2.353321075439453
1347,-90.52001670837403,0,0,191,0.2595841245128649,4.932504177093506
1348,-149.2418362426758,0,1,178,0.259324540388352,2.5154590606689453
1349,-108.87249336242674,0,0,196,0.25906521584796366,5.0056233406066895
1350,-117.92386294444528,0,0,300,0.2588061506321157,3.7261648178100586
1351,-310.6678673084588,0,0,256,0.2585473444814836,4.757165908813477
1352,-211.9790214069697,0,0,273,0.2582887971370021,4.654954433441162
1353,-109.43628234863279,0,0,187,0.2580305083398651,4.934070587158203
1354,-29.6789833450317,0,0,300,0.2577724778315252,2.3847458362579346
1355,-34.228146468004766,0,0,300,0.25751470535369364,2.264735698699951
1356,-177.07416893005384,0,0,300,0.25725719064833996,4.828542232513428
1357,-98.49500544627638,0,0,177,0.2569999334576916,4.851450443267822
1358,-187.3394257648801,0,0,300,0.25674293352423394,5.030055522918701
1359,-92.08857691844435,0,0,182,0.2564861905907097,5.2373433113098145
1360,-50.831753798327156,0,0,154,0.256229704400119,5.313137531280518
1361,-77.3167872150752,0,0,300,0.25597347469571885,4.459395885467529
1362,-80.74370226939648,0,0,163,0.25571750122102316,5.096124649047852
1363,-58.63769427379103,0,0,162,0.25546178371980216,5.304622650146484
1364,-35.233468886217715,0,0,300,0.25520632193608234,4.276066303253174
1365,-90.67466464122269,0,0,194,0.25495111561414624,5.0038652420043945
1366,-62.33001228332516,0,0,152,0.2546961644985321,5.217503070831299
1367,-126.93248569488523,0,0,300,0.2544414683340336,2.1406214237213135
1368,-40.98758036693065,0,0,300,0.25418702686569955,4.7895941734313965
1369,-71.17659957885742,0,0,156,0.25393283983883386,5.0866498947143555
1370,-50.68435954173534,0,0,286,0.25367890699899504,4.046288967132568
1371,-60.72749477386465,0,0,300,0.253425228091996,3.7293736934661865
1372,-338.18987579345696,0,0,290,0.253171802863904,4.684968948364258
1373,-207.32772102355966,0,0,235,0.2529186310610401,4.856930255889893
1374,-269.48497589111327,0,0,223,0.2526657124299791,4.66374397277832
1375,-147.02027130126953,0,0,215,0.2524130467175491,5.005067825317383
1376,-287.5235823059082,0,1,209,0.2521606336708316,4.483395576477051
1377,-51.48733345031736,0,0,300,0.25190847303716074,4.394333362579346
1378,-212.52949676513697,0,0,236,0.25165656456412355,4.91987419128418
1379,-188.05510002136248,0,0,287,0.25140490799955945,4.998775005340576
1380,-99.09914573669434,0,0,193,0.25115350309155987,5.189786434173584
1381,-60.80626935084787,0,0,300,0.2509023495884683,1.9642664194107056
1382,-162.13176608165247,0,0,300,0.25065144723887983,4.593140602111816
1383,-204.2217548370362,0,0,177,0.25040079579164093,4.792938709259033
1384,-177.57171600341806,0,0,245,0.2501503949958493,5.035429000854492
1385,-173.6627774810792,0,0,300,0.24990024460085344,4.838194370269775
1386,-284.33024826049797,0,0,300,0.24965034435625258,4.357562065124512
1387,-131.9583151245117,0,0,168,0.24940069401189632,5.05457878112793
1388,-127.67667831420881,0,0,300,0.24915129331788444,3.134169578552246
1389,-90.54191390991208,0,0,184,0.24890214202456656,4.967978477478027
1390,-157.51556297302244,0,0,239,0.248653239882542,4.826390743255615
1391,-87.46170291026564,0,0,203,0.24840458664265946,5.465624809265137
1392,-174.9663661193847,0,0,280,0.2481561820560168,4.536591529846191
1393,-227.65933886607638,0,0,244,0.2479080258739608,5.122533798217773
1394,-55.4579548939082,0,0,202,0.24766011784808684,5.672187805175781
1395,-53.494328261217774,0,0,215,0.24741245773023876,5.683781147003174
1396,-77.18189333995318,0,0,166,0.24716504527250852,5.233172416687012
1397,-137.38435603221387,0,0,300,0.24691788022723601,3.7162880897521973
1398,-30.64437468608349,0,0,300,0.24667096234700878,2.9512927532196045
1399,-150.23075744628898,0,0,175,0.24642429138466176,5.065189361572266
1400,-208.6040182495117,0,0,258,0.2461778670932771,5.07850456237793
1401,-196.1437557983399,0,0,300,0.24593168922618383,4.940938949584961
1402,-192.6617720031739,0,0,251,0.24568575753695765,4.855443000793457
1403,-40.97615997314452,0,0,180,0.2454400717794207,5.451539993286133
1404,-310.7199330139161,0,0,259,0.24519463170764128,4.747483253479004
1405,-226.57767463684107,0,0,220,0.24494943707593364,4.641918659210205
1406,-303.6137471183115,0,1,282,0.24470448763885772,4.47053861618042
1407,-256.5835595615722,0,0,300,0.24445978315121886,3.568588972091675
1408,-100.22237647136174,0,0,300,0.24421532336806764,3.3957931995391846
1409,-315.6180304718017,0,0,273,0.24397110804469957,4.8620076179504395
1410,-263.5442822265627,0,0,195,0.24372713693665488,4.691070556640625
1411,-42.5062128742549,0,0,154,0.24348340979971822,5.581752300262451
1412,-25.73620543559513,0,0,300,0.2432399263899185,3.219250440597534
1413,-292.72575779835245,0,0,286,0.2429966864635286,5.006240367889404
1414,-36.07080627441405,0,0,138,0.24275368977706507,6.077701568603516
1415,-81.76987170299029,0,0,272,0.24251093608728802,3.942667007446289
1416,-67.42396754344429,0,0,242,0.24226842515120073,5.4936909675598145
1417,-58.75954371531937,0,0,149,0.24202615672604952,5.1100850105285645
1418,-47.54499477386469,0,0,300,0.24178413056932346,2.3387486934661865
1419,-116.65660540660355,0,0,176,0.24154234643875414,4.994350433349609
1420,-41.06852329254147,0,0,300,0.24130080409231539,2.734630823135376
1421,-170.9248450088501,0,1,211,0.24105950328822306,2.5362112522125244
1422,-30.163222418627416,0,0,300,0.24081844378493483,3.636004686355591
1423,-104.89602516174317,0,0,160,0.2405776253411499,5.041506290435791
1424,-26.429237995147695,0,0,300,0.24033704771580874,1.0048094987869263
1425,-223.59680107116708,0,0,256,0.24009671066809293,4.829200267791748
1426,-208.34032188415546,0,0,248,0.23985661395742483,4.370080471038818
1427,-62.98481585582227,0,0,300,0.2396167573434674,3.926403045654297
1428,-43.35994402965039,0,0,200,0.23937714058612394,5.670185089111328
1429,-53.78177390178175,0,0,300,0.23913776344553783,2.043142557144165
1430,-202.24780629078418,0,0,235,0.2388986256820923,4.8817524909973145
1431,-315.3448416137696,0,1,189,0.2386597270564102,4.488710403442383
1432,-125.9229320907592,0,0,300,0.23842106732935378,2.0582330226898193
1433,-89.192742767334,0,0,227,0.23818264626202443,4.563185691833496
1434,-261.4138516998291,0,1,275,0.2379444636157624,3.7384629249572754
1435,-49.15384796142574,0,0,212,0.23770651915214663,5.530961990356445
1436,-273.04143699645994,0,1,272,0.2374688126329945,2.2378592491149902
1437,-60.159712923365156,0,0,300,0.23723134382036148,5.009530067443848
1438,-40.76173271179198,0,0,300,0.23699411247654112,1.280433177947998
1439,-43.94316215515135,0,0,207,0.23675711836406457,5.685790538787842
1440,-142.67764320373652,0,0,300,0.2365203612457005,2.069410800933838
1441,-173.53717587391404,0,0,262,0.2362838408844548,4.954094886779785
1442,-231.47913742065424,0,1,217,0.23604755704357036,4.494784355163574
1443,-295.04550402720906,0,0,300,0.2358115094865268,4.651575088500977
1444,-32.84955162048337,0,0,300,0.23557569797704025,5.41488790512085
1445,-39.279456710815424,0,0,158,0.2353401222790632,5.482364177703857
1446,-119.31274973948923,0,0,209,0.23510478215678413,4.983386516571045
1447,-158.39444186290228,0,0,274,0.23486967737462733,5.091309547424316
1448,-169.81890304565428,0,1,277,0.2346348076972527,1.3097257614135742
1449,-292.0557642364502,0,1,239,0.23440017288955545,4.503941059112549
1450,-74.55885459899906,0,0,155,0.2341657727166659,5.134713649749756
1451,-135.88768582264447,0,0,211,0.2339316069439492,4.774222373962402
1452,-28.72788559834028,0,0,300,0.23369767533700525,3.1542723178863525
1453,-122.84466778675566,0,0,300,0.23346397766166824,3.9959678649902344
1454,-229.64601718028558,0,0,300,0.23323051368400657,4.2567033767700195
1455,-97.77405868530273,0,0,265,0.23299728317032256,4.603514671325684
1456,-137.5345157551807,0,0,300,0.23276428588715223,1.0292261838912964
1457,-46.32318124771119,0,0,300,0.23253152160126508,1.3057953119277954
1458,-163.44122550964366,0,0,231,0.23229899007966381,4.615306377410889
1459,-69.04761785507192,0,0,300,0.23206669108958414,0.9644044637680054
1460,-297.6778329467772,0,0,300,0.23183462439849456,4.829458236694336
1461,-147.63931083679205,0,0,300,0.23160278977409607,4.847327709197998
1462,-141.45479267994423,0,0,300,0.23137118698432196,5.0059990882873535
1463,-168.09818621715044,0,0,239,0.23113981579733764,4.157245635986328
1464,-51.69323298533891,0,0,300,0.2309086759815403,3.4285073280334473
1465,-50.32284907420606,0,0,300,0.23067776730555875,2.255911350250244
1466,-104.49540992736812,0,0,287,0.23044708953825319,4.383852481842041
1467,-53.57578047831984,0,0,300,0.23021664244871493,3.0566442012786865
1468,-185.81625659942625,0,1,234,0.22998642580626621,2.6215641498565674
1469,-173.42470352172853,0,1,140,0.22975643938045995,4.501175880432129
1470,-145.2664733036373,0,0,300,0.2295266829410795,3.5618174076080322
1471,-196.1081890106201,0,1,146,0.22929715625813843,4.489547252655029
1472,-66.28015426635744,0,0,300,0.2290678591018803,4.2475385665893555
1473,-141.49752655029295,0,0,208,0.22883879124277842,4.774381637573242
1474,-66.19663513183589,0,0,300,0.22860995245153565,4.079158782958984
1475,-33.83090843200684,0,0,140,0.22838134249908412,6.047727108001709
1476,-104.44772560119625,0,0,184,0.22815296115658504,4.906931400299072
1477,-411.40144627491486,0,1,224,0.22792480819542846,4.495162487030029
1478,-171.48166297912599,0,1,113,0.22769688338723304,4.497915744781494
1479,-115.13255691528319,0,0,212,0.22746918650384582,4.845639228820801
1480,-223.95871688842783,0,0,211,0.22724171731734197,5.047179222106934
1481,-141.95431503295896,0,0,259,0.22701447560002463,4.903578758239746
1482,-206.77865394592288,0,1,129,0.2267874611244246,4.484663486480713
1483,-39.64073908885448,0,0,300,0.22656067366330018,4.1253838539123535
1484,-176.16719100952145,0,0,237,0.22633411298963688,4.859297752380371
1485,-176.05848673900104,0,0,300,0.22610777887664724,4.689820766448975
1486,-199.52030384937808,0,0,300,0.22588167109777058,4.787376880645752
1487,-28.65202697753903,0,0,300,0.2256557894266728,2.8905067443847656
1488,-202.78704475402824,0,0,300,0.22543013363724612,2.13676118850708
1489,-130.2720929718017,0,0,225,0.22520470350360888,4.6530232429504395
1490,-100.11446159362792,0,0,187,0.2249794988001053,5.171115398406982
1491,-337.0432527923585,0,1,232,0.2247545193013052,4.4883131980896
1492,-360.11757698059097,0,1,221,0.22452976478200387,4.429394245147705
1493,-34.97300025939942,0,0,130,0.22430523501722185,6.0632500648498535
1494,-247.10029396057143,0,0,240,0.22408092978220462,4.815073490142822
1495,-35.928589201769526,0,0,300,0.2238568488524224,4.267346382141113
1496,-156.7396342468261,0,0,202,0.22363299200356998,4.879908561706543
1497,-128.15551503101847,0,0,300,0.22340935901156642,4.833679676055908
1498,-173.21634869495927,0,0,300,0.22318594965255484,3.4188880920410156
1499,-80.04489929199221,0,0,170,0.22296276370290227,5.181224822998047
1500,-45.11125012318152,0,0,300,0.22273980093919937,3.2276134490966797
1501,-244.5144598388673,0,0,288,0.22251706113826017,4.943614959716797
1502,-312.5729514606806,0,0,300,0.2222945440771219,4.3534369468688965
1503,-113.50808709064984,0,0,300,0.22207224953304477,3.209322690963745
1504,-149.97385693470494,0,0,300,0.22185017728351172,4.430765151977539
1505,-108.79561889648438,0,0,179,0.2216283271062282,5.041404724121094
1506,-272.4312439433723,0,0,271,0.22140669877912197,4.597611904144287
1507,-55.26288188060256,0,0,242,0.22118529208034285,5.468419551849365
1508,-124.10657559315227,0,0,300,0.2209641067882625,4.2514448165893555
1509,-40.84205581665039,0,0,153,0.22074314268147424,5.393013954162598
1510,-49.96451614379883,0,0,209,0.22052239953879277,5.621129035949707
1511,-30.384249114990237,0,0,126,0.22030187713925398,5.683562278747559
1512,-46.52575213511917,0,0,140,0.22008157526211472,5.736637115478516
1513,-74.76385689655794,0,0,300,0.2198614936868526,3.128265142440796
1514,-28.65715126911666,0,0,300,0.21964163219316574,1.8415887355804443
1515,-95.365125092664,0,0,300,0.21942199056097256,4.991082191467285
1516,-99.11877311706543,0,0,176,0.2192025685704116,4.869693279266357
1517,-111.37026278575392,0,0,291,0.21898336600184118,5.235264778137207
1518,-93.47416874805957,0,0,300,0.21876438263583933,4.940843105316162
1519,-53.808611479601566,0,0,188,0.21854561825320348,5.677351951599121
1520,-101.36918361663813,0,0,300,0.21832707263495027,2.822295904159546
1521,-143.24903523365523,0,0,300,0.21810874556231533,4.909559726715088
1522,-123.17302093505855,0,0,286,0.217890636816753,4.893255233764648
1523,-69.71602324565382,0,0,300,0.21767274617993623,3.0417048931121826
1524,-94.56375114440918,0,0,233,0.2174550734337563,5.160937786102295
1525,-55.55255925098921,0,0,155,0.21723761836032254,5.110440731048584
1526,-41.859241409301745,0,0,206,0.21702038074196223,5.4848103523254395
1527,-288.5764086151123,0,0,240,0.21680336036122028,4.834102153778076
1528,-247.36101487954195,0,0,300,0.21658655700085905,4.584855556488037
1529,-53.0256559284541,0,0,240,0.2163699704438582,4.894113063812256
1530,-61.48705627441399,0,0,292,0.21615360047341434,5.116764068603516
1531,-121.27449279785156,0,0,178,0.21593744687294092,4.866123199462891
1532,-137.0097870635986,0,0,251,0.21572150942606796,4.319946765899658
1533,-51.371467361450165,0,0,300,0.2155057879166419,4.090366840362549
1534,-158.80985354503127,0,0,271,0.21529028212872525,5.015162467956543
1535,-43.32621250867834,0,0,300,0.21507499184659654,1.0376083850860596
1536,-155.0364627075197,0,0,300,0.21485991685474995,3.966615676879883
1537,-189.39129997253417,0,0,278,0.2146450569378952,4.657824993133545
1538,-52.419934035143534,0,0,300,0.21443041188095732,4.040182590484619
1539,-35.960038909912114,0,0,140,0.21421598146907636,5.550009727478027
1540,-102.80342715342961,0,0,300,0.21400176548760727,2.8410558700561523
1541,-148.19271110534658,0,0,235,0.21378776372211966,4.86317777633667
1542,-134.28307220458979,0,0,270,0.21357397595839755,2.578268051147461
1543,-78.24036117553706,0,0,209,0.21336040198243916,5.007590293884277
1544,-33.82944656372071,0,0,137,0.21314704158045672,5.579861640930176
1545,-169.73989462932082,0,0,266,0.21293389453887626,3.8076727390289307
1546,-113.33736400604249,0,0,300,0.21272096064433738,2.19684100151062
1547,-44.8052046203613,0,0,300,0.21250823968369303,1.141301155090332
1548,-168.28986697276554,0,0,250,0.21229573144400934,4.995165824890137
1549,-33.37880875507852,0,0,300,0.21208343571256533,3.529503107070923
1550,-318.1241775218633,0,1,288,0.21187135227685275,4.39084529876709
1551,-80.22580703735349,0,0,300,0.2116594809245759,5.096451759338379
1552,-199.89789157867432,0,1,211,0.21144782144365132,2.459472894668579
1553,-223.29418522755185,0,0,272,0.21123637362220768,4.870847225189209
1554,-82.0559716502812,0,0,300,0.21102513724858546,5.008793830871582
1555,-311.40981228748814,0,0,300,0.21081411211133688,4.70975399017334
1556,-124.95804654041791,0,0,264,0.21060329799922556,5.151812553405762
1557,-38.41274406433104,0,0,171,0.21039269470122635,5.598186016082764
1558,-33.94150367736817,0,0,131,0.21018230200652513,5.445375919342041
1559,-161.2149268809941,0,0,300,0.2099721197045186,4.951032638549805
1560,-191.03376698414354,0,1,191,0.20976214758481407,4.510742664337158
1561,-33.87045928955079,0,0,145,0.20955238543722926,5.537614822387695
1562,-196.10111882130195,0,0,282,0.20934283305179202,5.022580623626709
1563,-183.1551836101201,0,0,218,0.20913349021874023,4.776096820831299
1564,-191.80835163990537,0,0,216,0.2089243567285215,4.796888828277588
1565,-38.00280100902054,0,0,131,0.20871543237179296,5.543399333953857
1566,-155.31965464671583,0,0,300,0.20850671693942116,4.9051127433776855
1567,-33.375144577026376,0,0,128,0.20829821022248174,5.631286144256592
1568,-120.20776585499314,0,0,202,0.20808991201225926,4.9192423820495605
1569,-131.5434148112919,0,0,243,0.207881822100247,4.893154621124268
1570,-128.99870137135053,0,0,251,0.20767394027814676,4.804476261138916
1571,-46.332998428344716,0,0,144,0.2074662663378686,5.168249607086182
1572,-68.74780880848435,0,0,300,0.20725880007153075,4.846753120422363
1573,-130.7178198711064,0,0,300,0.20705154127145922,4.821755886077881
1574,-143.52000172535443,0,0,260,0.20684448973018776,4.799801349639893
1575,-128.12450016895792,0,0,300,0.20663764524045758,4.9984259605407715
1576,-47.00470100402829,0,0,185,0.20643100759521713,5.53617525100708
1577,-40.935852279663095,0,0,194,0.20622457658762192,5.5489630699157715
1578,-172.49645970264953,0,0,284,0.2060183520110343,4.881415843963623
1579,-43.23569801330567,0,0,300,0.20581233365902327,5.613924503326416
1580,-30.22541252136231,0,0,124,0.20560652132536425,5.453853130340576
1581,-425.17106976429466,0,1,276,0.20540091480403888,4.507568359375
1582,-41.989787720837846,0,0,155,0.20519551388923485,5.587247848510742
1583,-101.5195427322387,0,0,300,0.20499031837534562,3.3073856830596924
1584,-53.23251663208004,0,0,300,0.20478532805697028,5.5306291580200195
1585,-37.71422886768843,0,0,160,0.2045805427289133,5.493358135223389
1586,-35.95150456348924,0,0,171,0.20437596218618437,5.465177059173584
1587,-31.70698204040528,0,0,129,0.2041715862239982,5.639245510101318
1588,-49.82720680236811,0,0,262,0.2039674146377742,5.594301700592041
1589,-70.04110386768846,0,0,228,0.20376344722313644,5.130076885223389
1590,-45.27660771290327,0,0,165,0.2035596837759133,5.5189528465271
1591,-43.43764755249022,0,0,175,0.20335612409213738,5.429411888122559
1592,-110.60705296436812,0,0,211,0.20315276796804524,4.9865641593933105
1593,-132.59624443054196,0,0,231,0.2029496152000772,4.936561107635498
1594,-171.97359629710658,0,0,251,0.20274666558487714,4.876098155975342
1595,-77.24442326466111,0,0,221,0.20254391891929227,5.408406734466553
1596,-90.31593327442671,0,0,300,0.20234137500037297,5.006284236907959
1597,-62.39725296020505,0,0,292,0.20213903362537258,5.2443132400512695
1598,-33.860565490722664,0,0,143,0.2019368945917472,5.572641372680664
1599,-205.90180323680372,0,0,300,0.20173495769715546,4.228149890899658
1600,-249.32605488697556,0,1,227,0.2015332227394583,4.501314640045166
1601,-236.11455120960753,0,0,300,0.20133168951671884,4.930938720703125
1602,-190.32395069996386,0,0,300,0.20113035782720212,4.725788593292236
1603,-41.63167373657225,0,0,180,0.20092922746937492,5.490418434143066
1604,-129.2993621532109,0,0,300,0.20072829824190555,4.647141456604004
1605,-55.752599546117196,0,0,211,0.20052756994366364,5.603548049926758
1606,-43.33372360229491,0,0,166,0.20032704237371998,5.6934309005737305
1607,-163.32930758555864,0,0,298,0.20012671533134627,4.885025978088379
1608,-267.47805943409503,0,0,270,0.19992658861601492,4.896815776824951
1609,-123.51189213673139,0,0,254,0.19972666202739892,4.927773952484131
1610,-97.30429318348432,0,0,232,0.19952693536537153,4.883374214172363
1611,-36.938568420410164,0,0,147,0.19932740843000615,5.529642105102539
1612,-41.28852066040038,0,0,141,0.19912808102157614,5.549630165100098
1613,-48.589178513684516,0,0,300,0.19892895294055457,2.912095546722412
1614,-40.57489636341599,0,0,154,0.19873002398761402,5.951025009155273
1615,-76.34524147033693,0,0,202,0.1985312939636264,5.4188103675842285
1616,-52.53582341114546,0,0,232,0.19833276266966277,5.6812567710876465
1617,-51.108077697753906,0,0,300,0.1981344299069931,5.169519424438477
1618,-53.38510754505659,0,0,201,0.1979362954770861,5.84107780456543
1619,-64.15276794433593,0,0,300,0.197738359181609,5.150691986083984
1620,-39.50111798206834,0,0,149,0.1975406208224274,5.555080413818359
1621,-239.45233762900307,0,0,254,0.197343080201605,5.450982570648193
1622,-61.34340794483681,0,0,300,0.19714573712140337,3.755652904510498
1623,-36.40155232349899,0,0,144,0.19694859138428197,5.570188999176025
1624,-38.604762162366185,0,0,163,0.1967516427928977,5.630991458892822
1625,-38.157420167126915,0,0,159,0.1965548911501048,5.539155960083008
1626,-185.69855244556933,0,0,226,0.19635833625895469,4.8444390296936035
1627,-47.52618927001949,0,0,222,0.19616197792269574,5.709047317504883
1628,-65.8988781269404,0,0,300,0.19596581594477305,3.589918613433838
1629,-84.75554539600874,0,0,254,0.19576985012882828,4.936187267303467
1630,-45.1038553150508,0,0,210,0.19557408027869944,5.538662910461426
1631,-39.08266220092773,0,0,134,0.19537850619842073,5.495665550231934
1632,-47.001869354248065,0,0,300,0.19518312769222232,5.585467338562012
1633,-196.11252811431882,0,1,227,0.19498794456453009,2.645632028579712
1634,-65.6821009063721,0,0,292,0.19479295661996557,5.510525226593018
1635,-37.81781598170727,0,0,300,0.1945981636633456,1.6496530771255493
1636,-97.65637817382807,0,0,300,0.19440356549968224,2.6890945434570312
1637,-33.37753150939942,0,0,137,0.19420916193418256,5.5368828773498535
1638,-33.67834597667189,0,0,149,0.19401495277224837,5.589785575866699
1639,-55.02626770019532,0,0,300,0.19382093781947612,5.149066925048828
1640,-44.379755935668925,0,0,168,0.19362711688165665,5.542438983917236
1641,-34.700005035400395,0,0,140,0.193433489764775,5.617501258850098
1642,-55.94674148559569,0,0,265,0.19324005627501023,5.511685371398926
1643,-32.47677348216507,0,0,145,0.1930468162187352,5.62189245223999
1644,-43.42639999389645,0,0,169,0.19285376940251647,5.594099998474121
1645,-51.37845954895016,0,0,235,0.19266091563311397,5.382114887237549
1646,-58.29394752502441,0,0,275,0.19246825471748086,5.7434868812561035
1647,-35.796124114990235,0,0,141,0.1922757864627634,5.601531028747559
1648,-78.25703971862791,0,0,238,0.1920835106763006,5.081759929656982
1649,-115.56054606517282,0,0,300,0.19189142716562432,3.4128355979919434
1650,-51.89959365844723,0,0,249,0.1916995357384587,5.519898414611816
1651,-60.554862013659175,0,0,300,0.19150783620272022,3.1389145851135254
1652,-43.487544631957995,0,0,185,0.1913163283665175,5.534386157989502
1653,-76.92852828979495,0,0,182,0.19112501203815097,4.7996320724487305
1654,-33.52595934947464,0,0,134,0.1909338870261128,5.479188919067383
1655,-63.26099647521969,0,0,296,0.19074295313908668,5.342749118804932
1656,-29.90449222564691,0,0,300,0.1905522101859476,1.7036230564117432
1657,-136.86721282958982,0,0,300,0.19036165797576166,4.951803207397461
1658,-151.96186996459963,0,0,300,0.1901712963177859,4.987967491149902
1659,-162.80135769764462,0,0,300,0.1899811250214681,5.090140342712402
1660,-45.66241302490231,0,0,194,0.18979114389644663,5.690603256225586
1661,-35.85633346557617,0,0,159,0.1896013527525502,5.534083366394043
1662,-70.03792022705076,0,0,241,0.18941175139979763,5.386980056762695
1663,-148.21649595419834,0,0,300,0.18922233964839782,4.9345221519470215
1664,-37.28540690501663,0,0,144,0.18903311730874942,5.674050807952881
1665,-24.18537404139962,0,0,300,0.18884408419144066,1.164042592048645
1666,-356.34471153259244,0,0,300,0.1886552401072492,4.463677883148193
1667,-92.80935325622559,0,0,195,0.18846658486714196,5.2273383140563965
1668,-130.32457943836712,0,0,249,0.1882781182822748,4.780945777893066
1669,-72.3382442474365,0,0,173,0.18808984016399252,5.197061061859131
1670,-256.6454407501223,0,0,287,0.18790175032382853,2.2413601875305176
1671,-300.0217882243778,0,0,279,0.1877138485735047,4.855247974395752
1672,-77.45422798156739,0,0,143,0.1875261347249312,5.161056995391846
1673,-91.25665203968553,0,0,161,0.1873386085902063,5.086463928222656
1674,-227.5554293441774,0,0,266,0.18715126998161608,2.6688573360443115
1675,-103.31315479278561,0,0,300,0.18696411871163446,2.303288698196411
1676,-94.69207832336406,0,0,300,0.18677715459292282,1.1805195808410645
1677,-145.60372898975868,0,0,204,0.1865903774383299,4.845733165740967
1678,-247.0045308685306,0,0,257,0.18640378706089158,4.948632717132568
1679,-283.2139493560791,0,1,212,0.1862173832738307,4.263487339019775
1680,-196.20078521728536,0,0,297,0.18603116589055688,4.847696304321289
1681,-57.44555930217236,0,0,300,0.18584513472466632,2.5365889072418213
1682,-85.73107902526858,0,0,158,0.18565928958994166,5.140269756317139
1683,-40.80415064891315,0,0,300,0.18547363030035172,2.806236743927002
1684,-136.6347661590576,0,0,241,0.18528815667005136,4.831191539764404
1685,-107.89266349792476,0,0,236,0.1851028685133813,5.155665874481201
1686,-47.080233230590785,0,0,223,0.18491776564486792,5.422558307647705
1687,-141.31299362182614,0,0,193,0.18473284787922306,4.803248405456543
1688,-162.09452186584463,0,0,300,0.18454811503134383,5.246130466461182
1689,-151.962836151123,0,0,300,0.18436356691631248,4.708209037780762
1690,-212.77495399475117,0,0,205,0.18417920334939616,4.966238498687744
1691,-313.1291514587402,0,0,215,0.18399502414604677,4.564787864685059
1692,-71.127245055041,0,0,300,0.18381102912190073,1.3145103454589844
1693,-43.79128868103027,0,0,185,0.18362721809277882,5.555322170257568
1694,-213.5466247558595,0,0,189,0.18344359087468604,4.674156188964844
1695,-246.0833681488039,0,0,232,0.18326014728381135,4.935842037200928
1696,-102.27846824645997,0,0,169,0.18307688713652753,4.91461706161499
1697,-183.10391246795652,0,0,300,0.182893810249391,3.8084781169891357
1698,-133.57898345947262,0,0,210,0.1827109164391416,4.667245864868164
1699,-131.45163742065424,0,0,259,0.18252820552270246,5.072909355163574
1700,-32.85038208007813,0,0,137,0.18234567731717977,5.465095520019531
1701,-137.76332130432124,0,0,183,0.1821633316398626,4.903330326080322
1702,-353.90313880920365,0,0,300,0.18198116830822272,4.118284702301025
1703,-150.8920036141104,0,0,300,0.1817991871399145,4.823399066925049
1704,-58.182576418719066,0,0,300,0.18161738795277457,1.480843186378479
1705,-265.9758226013183,0,1,145,0.1814357705648218,4.51645565032959
1706,-159.9658721923828,0,0,223,0.18125433479425698,4.828968048095703
1707,-287.55022262573254,0,0,300,0.18107308045946272,4.8275556564331055
1708,-247.77329185485854,0,0,255,0.18089200737900324,4.6858229637146
1709,-295.0558186340333,0,0,300,0.18071111537162424,4.743954658508301
1710,-241.7744194793703,0,0,300,0.1805304042562526,4.773604869842529
1711,-256.10163955688506,0,0,278,0.18034987385199636,4.825409889221191
1712,-228.378278579712,0,0,237,0.18016952397814437,4.8845696449279785
1713,-196.4637973022461,0,1,128,0.17998935445416622,4.498449325561523
1714,-141.21923797607417,0,0,187,0.17980936509971204,4.822309494018555
1715,-157.97215742270419,0,0,249,0.17962955573461234,4.815937519073486
1716,-162.88765785217277,0,0,269,0.17944992617887773,4.916914463043213
1717,-157.37559364318844,0,0,174,0.17927047625269885,4.911398410797119
1718,-115.02576141357419,0,0,194,0.17909120577644616,5.056440353393555
1719,-239.35482228199538,0,0,300,0.17891211457066972,4.808506488800049
1720,-53.0735000904414,0,0,213,0.17873320245609906,5.596074104309082
1721,-46.39170237620803,0,0,125,0.17855446925364296,5.543124675750732
1722,-80.60603889465327,0,0,300,0.17837591478438933,4.94150972366333
1723,-50.119788208007776,0,0,190,0.17819753886960493,5.207447052001953
1724,-193.76729618946592,0,0,295,0.17801934133073533,4.976624965667725
1725,-172.91296539306651,0,0,214,0.17784132198940458,4.453241348266602
1726,-125.40262214660638,0,0,243,0.1776634806674152,5.183155536651611
1727,-162.69057830810544,0,0,202,0.17748581718674777,5.150144577026367
1728,-58.49728446960451,0,0,300,0.17730833136956103,5.421821117401123
1729,-47.40347305297851,0,0,143,0.17713102303819148,5.498368263244629
1730,-275.8850712585451,0,0,237,0.1769538920151533,4.7887678146362305
1731,-89.71386718750003,0,0,287,0.17677693812313813,2.303466796875
1732,-133.4878384105351,0,0,280,0.17660016118501498,4.774260520935059
1733,-132.13708035389445,0,0,252,0.17642356102382997,4.931571006774902
1734,-259.43655575672665,0,0,300,0.17624713746280615,4.76393985748291
1735,-140.6980620106075,0,0,300,0.17607089032534334,4.842214584350586
1736,-94.10537264903515,0,0,262,0.175894819435018,4.7165422439575195
1737,-114.09106796264645,0,0,180,0.17571892461558297,4.852766990661621
1738,-162.41008171081546,0,0,300,0.1755432056909674,4.955020427703857
1739,-308.32833969116217,0,0,300,0.17536766248527644,4.739584922790527
1740,-43.783523512682635,0,0,174,0.17519229482279117,5.643579959869385
1741,-34.558804779052736,0,0,129,0.17501710252796837,5.507201194763184
1742,-101.40269264221186,0,0,300,0.1748420854254404,4.9531731605529785
1743,-46.033658858141635,0,0,300,0.17466724334001496,4.601113796234131
1744,-36.50205375671386,0,0,135,0.17449257609667496,5.995513439178467
1745,-37.247549362182625,0,0,126,0.1743180835205783,5.669387340545654
1746,-101.8291645812988,0,0,300,0.1741437654370577,2.812291145324707
1747,-37.11499728282419,0,0,300,0.17396962167162064,1.2414484024047852
1748,-27.62438563426463,0,0,300,0.173795652049949,2.8937954902648926
1749,-196.2239363861084,0,1,231,0.17362185639789907,2.1634840965270996
1750,-32.44548130035398,0,0,300,0.17344823454150116,3.361370325088501
1751,-40.91265925487013,0,0,205,0.17327478630695967,4.51586389541626
1752,-70.61644859313958,0,0,292,0.1731015115206527,3.041612148284912
1753,-45.027853079638206,0,0,300,0.17292841000913206,3.6121623516082764
1754,-33.119279661974616,0,0,300,0.17275548159912293,3.642518997192383
1755,-80.41121063232418,0,0,300,0.17258272611752382,4.077802658081055
1756,-76.0136408146235,0,0,300,0.17241014339140628,2.1436092853546143
1757,-22.804535322985362,0,0,300,0.1722377332480149,2.4663329124450684
1758,-63.200908537706994,0,0,300,0.17206549551476688,2.7054262161254883
1759,-55.23828192790481,0,0,300,0.1718934300192521,2.8797695636749268
1760,-38.60702242930862,0,0,135,0.17172153658923286,5.549454689025879
1761,-38.81712326049805,0,0,125,0.17154981505264363,5.619280815124512
1762,-173.7694426727296,0,0,247,0.17137826523759098,4.787360668182373
1763,-50.565944929918935,0,0,300,0.1712068869723534,3.259185314178467
1764,-64.92488807678222,0,0,235,0.17103568008538103,2.8712220191955566
1765,-47.08214843749999,0,0,300,0.17086464440529564,3.175537109375
1766,-35.030609503588366,0,0,300,0.17069377976089034,2.532851457595825
1767,-47.01799373626709,0,0,300,0.17052308598112945,2.8044984340667725
1768,-155.29899032592772,0,1,196,0.17035256289514833,2.6172475814819336
1769,-100.89309432983387,0,0,300,0.17018221033225317,3.090773582458496
1770,-71.14825671275584,0,0,300,0.17001202812192093,5.552263259887695
1771,-96.79490978240968,0,0,278,0.169842016093799,3.368727445602417
1772,-50.10032279968264,0,0,300,0.1696721740777052,4.192580699920654
1773,-37.11833062251528,0,0,300,0.1695025019036275,1.3022817373275757
1774,-224.66643337249764,0,0,286,0.1693329994017239,3.7191083431243896
1775,-77.86018623352055,0,0,260,0.16916366640232217,2.555046558380127
1776,-33.25941730499265,0,0,300,0.16899450273591984,1.937354326248169
1777,-40.424237670898435,0,0,151,0.16882550823318393,5.746059417724609
1778,-222.15813937266796,0,1,123,0.16865668272495074,4.499733924865723
1779,-37.85793582042182,0,0,300,0.1684880260422258,3.797183036804199
1780,-30.785762129626008,0,0,131,0.16831953801618357,5.491639614105225
1781,-84.58403838237261,0,0,241,0.16815121847816739,3.98620867729187
1782,-225.31843971252437,0,1,241,0.16798306725968923,2.3321099281311035
1783,-29.05099152644603,0,0,300,0.16781508419242955,1.5754469633102417
1784,-179.5255158527707,0,0,248,0.16764726910823713,4.364078044891357
1785,-201.8339744098994,0,0,300,0.1674796218391289,3.568692684173584
1786,-40.36133006175491,0,0,164,0.16731214221728977,5.580531597137451
1787,-37.06194664001465,0,0,160,0.16714483007507247,5.575486660003662
1788,-225.9058462230353,0,0,300,0.1669776852449974,4.701262474060059
1789,-33.25686755259963,0,0,130,0.1668107075597524,5.774415969848633
1790,-24.046358671984375,0,0,300,0.16664389685219266,2.674288749694824
1791,-57.15785395701856,0,0,300,0.16647725295534047,3.194662570953369
1792,-63.710213690600106,0,0,300,0.16631077570238512,3.667752504348755
1793,-326.4352626800538,0,1,232,0.16614446492668272,4.483815670013428
1794,-63.36988307952874,0,0,300,0.16597832046175603,2.649970769882202
1795,-244.81957481384308,0,0,249,0.16581234214129428,4.709893703460693
1796,-82.52565818786616,0,0,300,0.16564652979915298,2.6164145469665527
1797,-98.72076660156237,0,0,300,0.16548088326935384,2.665191650390625
1798,-122.74048339843745,0,0,224,0.1653154023860845,5.092620849609375
1799,-137.7683182525635,0,0,300,0.1651500869836984,2.672079563140869
1800,-94.45540298461914,0,0,181,0.1649849368967147,5.203850746154785
1801,-166.76194885253912,0,0,287,0.164819951959818,4.807987213134766
1802,-48.81731048583986,0,0,300,0.16465513200785817,2.851827621459961
1803,-185.27372921864068,0,0,300,0.1644904768758503,4.910733222961426
1804,-34.32682540893555,0,0,149,0.16432598639897444,5.449206352233887
1805,-249.6264630421017,0,0,210,0.16416166041257546,4.751814842224121
1806,-31.776527357897344,0,0,300,0.16399749875216288,1.7668309211730957
1807,-49.07335360606635,0,0,254,0.16383350125341073,5.496037483215332
1808,-76.03611061096191,0,0,191,0.16366966775215733,5.0790276527404785
1809,-35.97391955455276,0,0,143,0.16350599808440516,5.761178970336914
1810,-41.09251368602248,0,0,159,0.16334249208632076,5.675827503204346
1811,-134.88666262706244,0,0,252,0.16317914959423443,4.7443647384643555
1812,-309.63402762492626,0,1,243,0.1630159704446402,3.743705987930298
1813,-35.9033378895137,0,0,130,0.16285295447419557,6.116033554077148
1814,-134.6556648166988,0,0,300,0.16269010151972138,3.939115285873413
1815,-50.44371826171875,0,0,300,0.16252741141820165,2.2809295654296875
1816,-97.63476100047563,0,0,245,0.16236488400678345,4.056389331817627
1817,-47.78567149241887,0,0,300,0.16220251912277667,2.064116954803467
1818,-83.4258125305176,0,0,299,0.1620403166036539,2.9689531326293945
1819,-58.47956217845411,0,0,187,0.16187827628705023,5.207589626312256
1820,-42.55843417247268,0,0,157,0.16171639801076318,5.5948076248168945
1821,-19.50548894882202,0,0,300,0.1615546816127524,1.7938722372055054
1822,-29.892808485827125,0,0,300,0.16139312693113966,2.8334012031555176
1823,-186.3253134449336,0,0,290,0.16123173380420852,4.861527442932129
1824,-31.16113017161819,0,0,138,0.16107050207040433,5.5429816246032715
1825,-38.876580115160664,0,0,300,0.16090943156833393,2.0618441104888916
1826,-43.691321135363296,0,0,217,0.1607485221367656,4.670529365539551
1827,-75.3209772491455,0,0,300,0.16058777361462884,4.132744312286377
1828,-58.20019690593216,0,0,300,0.1604271858410142,3.8177483081817627
1829,-34.087522726854964,0,0,300,0.16026675865517317,1.9620797634124756
1830,-98.14569143295283,0,0,300,0.160106491896518,1.7764228582382202
1831,-28.72585745891057,0,0,300,0.15994638540462147,3.1266634464263916
1832,-103.15176978190873,0,0,259,0.15978643901921685,2.8731415271759033
1833,-135.6552108295772,0,0,276,0.15962665258019765,4.824001789093018
1834,-20.109662513732893,0,0,300,0.15946702592761744,0.9699156284332275
1835,-122.45728327830761,0,0,300,0.15930755890168982,4.982019901275635
1836,-99.13837860107424,0,0,259,0.15914825134278812,4.039594650268555
1837,-63.451915834742096,0,0,300,0.15898910309144534,2.467580795288086
1838,-37.9244519042968,0,0,300,0.1588301139883539,1.2736129760742188
1839,-201.08182765960692,0,1,240,0.15867128387436555,2.0779569149017334
1840,-61.55396076202389,0,0,300,0.15851261259049118,1.2109901905059814
1841,-101.12473490794623,0,0,300,0.1583540999779007,4.896382808685303
1842,-43.96642847935218,0,0,300,0.1581957458779228,1.6914080381393433
1843,-35.30656169017283,0,0,300,0.15803755013204487,1.7043395042419434
1844,-44.09216809193158,0,0,182,0.15787951258191282,5.90034294128418
1845,-101.50373705943557,0,0,194,0.1577216330693309,5.038633346557617
1846,-102.97091626087689,0,0,251,0.15756391143626158,5.060029983520508
1847,-111.24449450572459,0,0,195,0.15740634752482532,4.978822708129883
1848,-196.35685793956273,0,0,300,0.1572489411773005,4.8569135665893555
1849,-104.37592678944137,0,0,238,0.1570916922361232,5.081282615661621
1850,-37.857683363756884,0,0,300,0.15693460054388708,2.2271199226379395
1851,-150.54453242381547,0,0,300,0.1567776659433432,4.288832187652588
1852,-32.90261372645829,0,0,297,0.15662088827739984,1.8258525133132935
1853,-185.18630935668958,0,0,300,0.15646426738912245,4.854077339172363
1854,-24.45677870830026,0,0,300,0.1563078031217333,1.7518937587738037
1855,-36.75700502475222,0,0,300,0.15615149531861158,0.7369503378868103
1856,-176.3755494221065,0,0,300,0.15599534382329297,4.876586437225342
1857,-181.65161946217097,0,0,300,0.15583934847946967,4.657705783843994
1858,-160.73562580982707,0,0,207,0.15568350913099022,4.856207370758057
1859,-28.55556132396181,0,0,300,0.15552782562185924,2.069089412689209
1860,-203.86303759654493,0,1,155,0.15537229779623737,4.460958480834961
1861,-27.300198249816848,0,0,300,0.15521692549844113,2.4050495624542236
1862,-51.899874695935495,0,0,158,0.15506170857294269,5.787269592285156
1863,-61.397247458300214,0,0,300,0.15490664686436975,2.6845109462738037
1864,-60.480525770983455,0,0,201,0.15475174021750537,5.35783052444458
1865,-63.31681583404534,0,0,300,0.15459698847728787,2.9592039585113525
1866,-61.91057253917187,0,0,300,0.1544423914888106,2.160342216491699
1867,-137.19741740306347,0,0,296,0.15428794909732177,4.8845534324646
1868,-16.883198576769505,0,0,300,0.15413366114822444,2.5734987258911133
1869,-17.500000677904815,0,0,300,0.15397952748707622,1.5076992511749268
1870,-33.9882336719844,0,0,140,0.15382554795958914,5.529757499694824
1871,-43.327579002380325,0,0,300,0.15367172241162955,1.9618947505950928
1872,-53.17738713184855,0,0,227,0.15351805068921792,5.886647701263428
1873,-32.78767710765335,0,0,125,0.1533645326385287,5.6171183586120605
1874,-19.919028739929193,0,0,300,0.15321116810589017,1.8597571849822998
1875,-44.0412558452275,0,0,198,0.1530579569377843,5.665114879608154
1876,-20.319956732592285,0,0,300,0.1529048989808465,2.0276882648468018
1877,-37.475219336351984,0,0,300,0.15275199408186566,2.344003915786743
1878,-48.4334358127925,0,0,300,0.15259924208778378,2.3835580348968506
1879,-65.3874889286372,0,0,300,0.15244664284569598,3.0720713138580322
1880,-11.424082612195287,0,0,300,0.15229419620285028,1.3958215713500977
1881,-25.4730882644653,0,0,300,0.15214190200664743,2.368272066116333
1882,-12.970933837890623,0,0,300,0.15198976010464077,1.7627334594726562
1883,-42.89110424915816,0,0,197,0.15183777034453613,5.78007698059082
1884,-88.78809114456172,0,0,300,0.1516859325741916,1.144522786140442
1885,-34.84044387817383,0,0,164,0.1515342466416174,5.577610969543457
1886,-35.99580905040237,0,0,135,0.1513827123949758,5.629151344299316
1887,-41.180978593030225,0,0,199,0.15123132968258082,5.532545566558838
1888,-26.84391337474319,0,0,300,0.15108009835289823,2.3186774253845215
1889,-35.63704623301956,0,0,129,0.15092901825454533,5.684460639953613
1890,-29.137569647631313,0,0,300,0.15077808923629077,1.5995914936065674
1891,-159.86128100474815,0,0,294,0.15062731114705447,4.940519332885742
1892,-39.916209068298265,0,0,300,0.1504766838359074,1.519052267074585
1893,-40.207003870806396,0,0,300,0.15032620715207148,1.7269500494003296
1894,-22.658578158220976,0,0,300,0.1501758809449194,1.3498436212539673
1895,-11.348431044420929,0,0,300,0.15002570506397447,1.602306842803955
1896,-63.3572104263306,0,0,300,0.1498756793589105,3.1443026065826416
1897,-237.55544075012222,0,0,278,0.14972580367955157,4.928860187530518
1898,-156.22718986511234,0,0,183,0.14957607787587202,4.846797466278076
1899,-48.00365715026855,0,0,160,0.14942650179799613,5.613414287567139
1900,-24.019258452257734,0,0,300,0.14927707529619813,1.8900136947631836
1901,-149.43517413218945,0,0,204,0.14912779822090194,5.006492614746094
1902,-38.41429249843091,0,0,300,0.14897867042268104,1.9962722063064575
1903,-31.991612959704103,0,0,300,0.14882969175225835,1.6706023216247559
1904,-220.25129093170165,0,1,242,0.1486808620605061,2.527822732925415
1905,-20.789541969299304,0,0,300,0.14853218119844558,1.694885492324829
1906,-218.63805750926468,0,1,181,0.14838364901724713,4.522213459014893
1907,-79.17446159362795,0,0,233,0.14823526536822987,5.546115398406982
1908,-26.619126404919843,0,0,300,0.14808703010286164,2.88458251953125
1909,-13.75297552267975,0,0,300,0.1479389430727588,1.5436420440673828
1910,-72.79150631824997,0,0,300,0.14779100412968604,4.8801774978637695
1911,-50.10494213978315,0,0,233,0.14764321312555637,5.45103645324707
1912,-97.64550694386027,0,0,236,0.14749556991243082,5.203677654266357
1913,-41.90649273792769,0,0,174,0.1473480743425184,5.408924102783203
1914,-38.92308306773628,0,0,300,0.14720072626817587,1.7284698486328125
1915,-57.22521956523392,0,0,300,0.1470535255419077,3.846503973007202
1916,-105.91471850474804,0,0,300,0.1469064720163658,4.196378707885742
1917,-55.457543076672835,0,0,172,0.14675956554434944,5.631686687469482
1918,-141.93551829417675,0,0,203,0.14661280597880508,4.91157865524292
1919,-91.15983336528267,0,0,300,0.14646619317282628,3.867657423019409
1920,-255.92386073192097,0,0,292,0.14631972697965345,4.743664264678955
1921,-111.29720844268802,0,0,300,0.1461734072526738,2.351802110671997
1922,-40.80174224853515,0,0,198,0.14602723384542113,5.592935562133789
1923,-42.479620180926034,0,0,300,0.14588120661157572,1.8776041269302368
1924,-13.6437786102295,0,0,300,0.14573532540496414,1.523444652557373
1925,-45.135193434557586,0,0,300,0.14558959007955918,1.7589974403381348
1926,-36.46570387919874,0,0,300,0.1454440004894796,2.011625051498413
1927,-27.47664727290597,0,0,300,0.14529855648899012,1.956860899925232
1928,-27.183427581787107,0,0,300,0.14515325793250114,1.2308568954467773
1929,-107.27285475810497,0,0,300,0.14500810467456865,1.1409127712249756
1930,-208.2071134948731,0,0,202,0.14486309656989407,4.991778373718262
1931,-59.1916405018184,0,0,300,0.1447182334733242,2.3256092071533203
1932,-28.11326167186227,0,0,300,0.14457351523985087,2.8460144996643066
1933,-50.562798472246804,0,0,300,0.14442894172461102,1.458398699760437
1934,-16.520096302032485,0,0,300,0.1442845127828864,1.4425240755081177
1935,-102.6965614024785,0,0,187,0.1441402282701035,4.908941268920898
1936,-41.85639746745557,0,0,300,0.1439960880418334,1.691798448562622
1937,-37.88847709655761,0,0,166,0.14385209195379156,5.532119274139404
1938,-50.835657625994415,0,0,300,0.14370823986183776,1.2616134881973267
1939,-128.67818783680457,0,0,226,0.1435645316219759,5.236847877502441
1940,-249.08839030345447,0,0,300,0.14342096709035393,4.469796657562256
1941,-229.45992892344924,0,1,181,0.14327754612326357,4.505181312561035
1942,-80.12526217540236,0,0,152,0.14313426857714032,5.114014625549316
1943,-157.87723635753125,0,0,300,0.14299113430856317,5.157008171081543
1944,-93.1812962635371,0,0,230,0.1428481431742546,4.815523147583008
1945,-132.8849279491093,0,0,199,0.14270529503108034,5.046032905578613
1946,-322.51528657913224,0,0,300,0.14256258973604927,1.34382164478302
1947,-119.11613215526069,0,0,300,0.14242002714631322,4.616732120513916
1948,-323.3324592121455,0,1,206,0.1422776071191669,4.518313884735107
1949,-229.81612103382628,0,0,280,0.14213532951204774,4.7863311767578125
1950,-183.4450937183712,0,0,238,0.1419931941825357,4.836472511291504
1951,-35.62922051350131,0,0,300,0.14185120098835316,2.2771060466766357
1952,-118.66788645823928,0,0,167,0.1417093497873648,4.799670696258545
1953,-145.22453097423042,0,0,221,0.14156764043757744,4.731331825256348
1954,-363.16702487071444,0,0,300,0.14142607279713987,4.784455299377441
1955,-181.1945684345577,0,0,263,0.14128464672434274,4.848841190338135
1956,-133.27742236216983,0,0,300,0.1411433620776184,4.959554672241211
1957,-226.58225649913305,0,0,240,0.14100221871554078,4.720763206481934
1958,-308.9916424854607,0,0,300,0.14086121649682523,4.868109703063965
1959,-62.25625991821286,0,0,176,0.14072035528032842,5.251564979553223
1960,-70.874481048584,0,0,300,0.1405796349250481,5.071120262145996
1961,-187.59335009654495,0,0,212,0.14043905529012304,4.791036605834961
1962,-57.13516899108892,0,0,300,0.14029861623483292,5.106292247772217
1963,-202.03646731456269,0,0,213,0.1401583176185981,4.7568159103393555
1964,-41.19390017589063,0,0,151,0.1400181593009795,5.403674125671387
1965,-174.82156527598835,0,0,300,0.1398781411416785,4.983090400695801
1966,-98.61183647155764,0,0,213,0.13973826300053682,5.642959117889404
1967,-209.08652854919433,0,1,109,0.13959852473753628,4.519132137298584
1968,-116.59600555419918,0,0,188,0.13945892621279873,4.869001388549805
1969,-132.00498146057123,0,0,209,0.13931946728658592,4.891245365142822
1970,-253.59938018798857,0,0,284,0.13918014781929933,4.72984504699707
1971,-144.14942985534663,0,0,241,0.13904096767148003,4.89735746383667
1972,-192.81410301208513,0,0,279,0.13890192670380855,4.85852575302124
1973,-369.97735504150404,0,1,228,0.13876302477710473,4.171838760375977
1974,-136.5491086284306,0,0,227,0.13862426175232762,4.8570780754089355
1975,-157.6050208751347,0,0,292,0.1384856374905753,4.811056137084961
1976,-169.63084698597459,0,0,300,0.13834715185308472,4.907512664794922
1977,-288.5312852478027,0,1,214,0.13820880470123162,4.330321311950684
1978,-46.253354767956964,0,0,181,0.1380705958965304,5.508139610290527
1979,-112.84687245289348,0,0,297,0.13793252530063388,3.806519031524658
1980,-131.12942973216505,0,0,300,0.13779459277533324,4.86505651473999
1981,-20.068381241956022,0,0,300,0.1376567981825579,1.5368962287902832
1982,-75.95736099243165,0,0,162,0.13751914138437535,4.86184024810791
1983,-152.96639122009282,0,0,232,0.13738162224299097,4.956597805023193
1984,-146.04996681213373,0,0,276,0.13724424062074797,4.824991703033447
1985,-156.81533699035649,0,0,214,0.13710699638012722,5.003834247589111
1986,-218.95106719970704,0,1,147,0.1369698893837471,4.490266799926758
1987,-197.52739311218332,0,0,300,0.13683291949436335,2.6918482780456543
1988,-53.84857521057127,0,0,186,0.13669608657486898,5.249643802642822
1989,-183.2910689544679,0,0,188,0.1365593904882941,5.030267238616943
1990,-32.40867748260493,0,0,300,0.1364228310978058,3.189669370651245
1991,-179.882719192505,0,0,224,0.13628640826670801,5.305679798126221
1992,-224.58735557556162,0,0,185,0.1361501218584413,5.031838893890381
1993,-208.80020210266133,0,0,249,0.13601397173658286,4.770050525665283
1994,-35.94928268432617,0,0,148,0.1358779577648463,5.602320671081543
1995,-130.84407722473142,0,0,174,0.13574207980708144,4.743519306182861
1996,-195.98573722839348,0,0,248,0.13560633772727437,4.958934307098389
1997,-185.362165298462,0,0,300,0.1354707313895471,3.6930413246154785
1998,-83.18734645843504,0,0,300,0.13533526065815754,3.4218366146087646
1999,-171.8300823974609,0,0,299,0.1351999253974994,5.025020599365234
2000,-158.19521014293173,0,0,275,0.13506472547210188,4.941501617431641
2001,-158.99762840270998,0,0,169,0.1349296607466298,4.82440710067749
2002,-247.3998701945929,0,0,263,0.13479473108588316,4.842268466949463
2003,-177.4073278808595,0,0,240,0.13465993635479728,4.916831970214844
2004,-136.77188270568843,0,0,189,0.13452527641844247,4.960470676422119
2005,-112.36740333557125,0,0,208,0.13439075114202403,5.074350833892822
2006,-165.98548724254104,0,1,131,0.134256360390882,4.489070892333984
2007,-285.4054933166505,0,0,300,0.13412210403049113,4.773873329162598
2008,-122.22798263549804,0,0,167,0.13398798192646064,4.589495658874512
2009,-98.15164970397949,0,0,186,0.13385399394453418,5.040412425994873
2010,-132.85353385925296,0,0,235,0.13372013995058965,4.933383464813232
2011,-117.41481552124024,0,0,238,0.13358641981063907,4.953703880310059
2012,-129.59424598693835,0,0,300,0.13345283339082842,2.191061496734619
2013,-414.5575283813475,0,0,255,0.13331938055743758,4.669382095336914
2014,-171.04486526489262,0,0,213,0.13318606117688014,4.7887163162231445
2015,-126.17762450297792,0,0,300,0.13305287511570327,2.1571052074432373
2016,-60.75352531433103,0,0,141,0.13291982224058757,5.110881328582764
2017,-342.1656894214958,0,0,300,0.13278690241834698,4.864121437072754
2018,-139.46530856212115,0,0,300,0.13265411551592862,3.954026222229004
2019,-139.42418647766112,0,0,215,0.13252146140041268,4.853546619415283
2020,-245.6929864796018,0,0,300,0.13238893993901227,4.673445701599121
2021,-107.41975931008392,0,0,300,0.13225655099907327,4.787041664123535
2022,-38.70330566406249,0,0,143,0.1321242944480742,5.628326416015625
2023,-14.262033415636756,0,0,300,0.13199217015362613,1.9507074356079102
2024,-74.510679770312,0,0,300,0.1318601779834725,2.3628690242767334
2025,-265.95511611938485,0,0,241,0.13172831780548902,4.778779029846191
2026,-275.1881403350834,0,0,278,0.13159658948768352,5.124535083770752
2027,-18.26953230937454,0,0,300,0.13146499289819583,1.5375821590423584
2028,-57.27812113841505,0,0,190,0.13133352790529762,5.02972936630249
2029,-134.33387229919424,0,0,226,0.13120219437739233,4.963468074798584
2030,-211.27680635293063,0,0,300,0.13107099218301493,4.573803424835205
2031,-39.03143466075392,0,0,178,0.13093992119083192,5.473057746887207
2032,-128.7091190632197,0,0,282,0.13080898126964108,5.429978847503662
2033,-65.30289192199706,0,0,300,0.13067817228837145,1.4007229804992676
2034,-243.06276713450882,0,1,179,0.13054749411608307,4.485890865325928
2035,-77.29382331848137,0,0,300,0.13041694662196698,3.4909558296203613
2036,-129.18993965148925,0,0,183,0.13028652967534501,4.8824849128723145
2037,-260.55297355651874,0,0,240,0.13015624314566968,4.875743389129639
2038,-47.10105525096388,0,0,226,0.130026086902524,4.682962894439697
2039,-35.594912490844735,0,0,147,0.1298960608156215,5.471228122711182
2040,-132.4224080189082,0,0,300,0.12976616475480587,4.063301086425781
2041,-114.73236999511714,0,0,261,0.12963639859005108,3.970592498779297
2042,-47.14684547424313,0,0,237,0.12950676219146104,5.501711368560791
2043,-100.92498057445023,0,0,188,0.1293772554292696,5.246444225311279
2044,-409.3983769226073,0,0,300,0.1292478781738403,4.6670942306518555
2045,-273.49367126464864,0,0,300,0.12911863029566648,4.850917816162109
2046,-112.23475527842972,0,0,213,0.12898951166537082,4.931387901306152
2047,-296.35873306274414,0,1,178,0.12886052215370544,4.494683265686035
2048,-33.32710383494827,0,0,156,0.12873166163155172,5.584475040435791
2049,-266.4813687896732,0,0,293,0.12860292996992018,5.180342197418213
2050,-240.1320080566407,0,0,254,0.12847432703995026,4.788002014160156
2051,-167.86950761635842,0,0,299,0.12834585271291032,4.766978740692139
2052,-49.057320738634765,0,0,155,0.12821750686019742,5.787029266357422
2053,-109.95669404824314,0,0,300,0.12808928935333722,4.95127534866333
2054,-110.57075851440429,0,0,201,0.12796120006398387,4.972689628601074
2055,-76.62753532409671,0,0,300,0.1278332388639199,4.34938383102417
2056,-235.15638160705583,0,0,221,0.12770540562505597,4.789095401763916
2057,-311.1453914642335,0,0,242,0.1275777002194309,4.66134786605835
2058,-190.41516456604006,0,0,274,0.12745012251921148,4.95379114151001
2059,-115.97131440957118,0,0,300,0.12732267239669226,4.939930438995361
2060,-33.78285763660935,0,0,141,0.12719534972429558,5.515515327453613
2061,-150.5618478099492,0,1,137,0.12706815437457128,4.485262870788574
2062,-155.5285262298583,0,0,300,0.1269410862201967,4.8396315574646
2063,-327.74062838634,0,0,279,0.1268141451339765,4.895356178283691
2064,-227.71118057250976,0,0,300,0.12668733098884255,5.020295143127441
2065,-39.46159937938178,0,0,300,0.12656064365785372,1.1680989265441895
2066,-91.6022696097666,0,0,204,0.12643408301419587,4.9776692390441895
2067,-39.39971507152054,0,0,154,0.12630764893118168,5.565127849578857
2068,-190.73534530639654,0,0,164,0.1261813412822505,4.761336326599121
2069,-320.5262810516358,0,0,300,0.12605515994096825,4.7740702629089355
2070,-133.44589540322352,0,0,300,0.12592910478102728,4.873575687408447
2071,-35.7163132564213,0,0,300,0.12580317567624627,2.646379232406616
2072,-52.5350181969019,0,0,300,0.12567737250057,2.2426345348358154
2073,-120.26722633361808,0,0,195,0.12555169512806943,4.786806583404541
2074,-26.482844277224128,0,0,300,0.12542614343294137,0.8884101510047913
2075,-63.51906883239749,0,0,188,0.12530071728950842,5.412267208099365
2076,-17.339925413927745,0,0,300,0.12517541657221892,1.362680435180664
2077,-109.29854145924119,0,0,300,0.1250502411556467,5.286936283111572
2078,-110.12935592651367,0,0,156,0.12492519091449104,4.589838981628418
2079,-114.60733314514158,0,0,196,0.12480026572357655,4.8493332862854
2080,-129.74342623790233,0,0,229,0.12467546545785298,4.956055641174316
2081,-38.81819628795118,0,0,176,0.12455078999239512,5.517248153686523
2082,-85.10611701965331,0,0,136,0.12442623920240273,5.08652925491333
2083,-46.79800120433299,0,0,200,0.12430181296320032,5.594699382781982
2084,-117.06353327830762,0,0,221,0.12417751115023712,3.7085824012756348
2085,-153.803625869751,0,1,162,0.12405333363908688,2.438406467437744
2086,-37.2036170490596,0,0,139,0.1239292803054478,6.186103343963623
2087,-54.72529589732618,0,0,300,0.12380535102514234,5.586523056030273
2088,-46.0731461628291,0,0,200,0.1236815456741172,5.750985622406006
2089,-49.224634428820295,0,0,244,0.12355786412844308,5.486357688903809
2090,-108.43064517974845,0,0,300,0.12343430626431463,3.807661294937134
2091,-37.17315867503616,0,0,140,0.12331087195805032,5.595988750457764
2092,-246.08385845184324,0,1,203,0.12318756108609227,3.9684646129608154
2093,-148.1900482177734,0,0,258,0.12306437352500618,4.172512054443359
2094,-46.35614375194044,0,0,182,0.12294130915148117,5.701735019683838
2095,-107.13077021678423,0,0,277,0.12281836784232969,2.2778916358947754
2096,-88.50252290725699,0,0,300,0.12269554947448735,1.63563072681427
2097,-161.94112246592977,0,0,283,0.12257285392501287,5.750479698181152
2098,-81.82723663330073,0,0,300,0.12245028107108785,3.8368091583251953
2099,-149.35656552235153,0,0,300,0.12232783079001676,4.82894229888916
2100,-20.976199179491633,0,0,300,0.12220550295922675,2.3592488765716553
2101,-192.17468841552744,0,0,300,0.12208329745626752,4.711172103881836
2102,-177.70986605723846,0,0,227,0.12196121415881125,4.985165596008301
2103,-22.07563274383544,0,0,300,0.12183925294465245,2.7864081859588623
2104,-92.24961306651562,0,0,239,0.1217174136917078,5.305102348327637
2105,-42.976854371330376,0,0,300,0.12159569627801609,1.5454187393188477
2106,-43.01085337718456,0,0,219,0.12147410058173808,5.790412425994873
2107,-120.03427764892575,0,0,170,0.12135262648115634,5.516069412231445
2108,-50.96389475902052,0,0,198,0.12123127385467519,5.323672771453857
2109,-70.38028319438433,0,0,252,0.12111004258082052,2.7602698802948
2110,-48.5011467274043,0,0,251,0.1209889325382397,5.452985763549805
2111,-79.96290122985832,0,0,300,0.12086794360570145,2.9607253074645996
2112,-146.6664937210082,0,0,270,0.12074707566209575,2.524123430252075
2113,-98.96255496104689,0,0,300,0.12062632858643366,4.293337821960449
2114,-11.267722273668975,0,0,300,0.12050570225784722,1.5896296501159668
2115,-46.043255797228525,0,0,222,0.12038519655558938,5.573513031005859
2116,-53.90604098399609,0,0,254,0.12026481135903379,5.641709327697754
2117,-50.15323626597852,0,0,240,0.12014454654767476,5.568508148193359
2118,-125.98198616027825,0,0,300,0.12002440200112709,4.65299654006958
2119,-182.3962762069705,0,0,300,0.11990437759912596,3.7940690517425537
2120,-43.68857826232909,0,0,189,0.11978447322152684,5.512144565582275
2121,-17.544705810546876,0,0,300,0.11966468874830531,1.4011764526367188
2122,-182.5598621281,0,1,273,0.11954502405955701,1.3276646137237549
2123,-41.462149306139665,0,0,159,0.11942547903549745,5.883236408233643
2124,-51.118617401123,0,0,207,0.11930605355646196,5.439654350280762
2125,-189.8251435852054,0,0,300,0.11918674750290549,4.9537858963012695
2126,-117.40643661499023,0,0,221,0.11906756075540259,5.119109153747559
2127,-59.462505950927735,0,0,206,0.11894849319464719,5.393126487731934
2128,-96.42900779724114,0,0,300,0.11882954470145254,5.724751949310303
2129,-100.84814375956981,0,0,225,0.11871071515675109,3.9747350215911865
2130,-150.35527503967285,0,0,212,0.11859200444159435,4.806318759918213
2131,-40.85630943298338,0,0,182,0.11847341243715274,5.89657735824585
2132,-57.317724151611316,0,0,264,0.1183549390247156,5.786931037902832
2133,-37.67512485504141,0,0,300,0.11823658408569088,3.113781213760376
2134,-48.68746223449703,0,0,215,0.11811834750160519,5.509365558624268
2135,-57.10213088989259,0,0,250,0.11800022915410358,5.7130327224731445
2136,-182.7839602192257,0,0,300,0.11788222892494947,3.601189136505127
2137,-29.036419372558584,0,0,129,0.11776434669602452,5.514104843139648
2138,-131.66447608947752,0,0,300,0.1176465823493285,4.933619022369385
2139,-39.61830345153808,0,0,137,0.11752893576697916,5.5520758628845215
2140,-193.00495307922375,0,0,300,0.11741140683121218,4.581238269805908
2141,-47.897171859741185,0,0,194,0.11729399542438097,5.379292964935303
2142,-182.0651817321778,0,0,209,0.11717670142895659,4.891295433044434
2143,-106.58827915191632,0,0,300,0.11705952472752763,2.547069787979126
2144,-38.651135025024416,0,0,138,0.1169424652028001,5.4602837562561035
2145,-59.76960522572069,0,0,189,0.1168255227375973,5.552202224731445
2146,-34.73435104370117,0,0,140,0.1167086972148597,5.713587760925293
2147,-237.96255287170436,0,0,237,0.11659198851764484,4.780638217926025
2148,-27.14485904693597,0,0,300,0.1164753965291272,3.293714761734009
2149,-37.06900024414061,0,0,154,0.11635892113259806,5.517250061035156
2150,-208.64746604919458,0,0,256,0.11624256221146546,5.196866512298584
2151,-134.48539733886716,0,0,245,0.116126319649254,5.058849334716797
2152,-52.14451634327436,0,0,242,0.11601019332960474,5.633430004119873
2153,-327.6823869323727,0,0,300,0.11589418313627514,4.530596733093262
2154,-136.73984407424936,0,0,300,0.11577828895313887,1.749961018562317
2155,-247.42174804687497,0,1,251,0.11566251066418573,4.51043701171875
2156,-37.428917903900086,0,0,300,0.11554684815352155,1.4147294759750366
2157,-236.77884628295897,0,1,161,0.11543130130536802,4.439711570739746
2158,-80.66436962127678,0,0,300,0.11531587000406265,2.656092405319214
2159,-209.8486177062991,0,0,300,0.1152005541340586,4.172154426574707
2160,-45.41381446838376,0,0,201,0.11508535357992454,5.560953617095947
2161,-214.60039649963392,0,0,300,0.11497026822634461,4.747599124908447
2162,-85.33096115112306,0,0,186,0.11485529795811826,5.040240287780762
2163,-68.82083198547363,0,0,158,0.11474044266016015,5.525207996368408
2164,-47.24028645595041,0,0,300,0.11462570221749999,1.7177706956863403
2165,-39.988989686169894,0,0,175,0.11451107651528249,5.53704833984375
2166,-107.38490031321965,0,0,300,0.11439656543876721,3.098924160003662
2167,-155.96482780456546,0,0,300,0.11428216887332844,3.1087069511413574
2168,-117.3760785675048,0,0,208,0.11416788670445512,5.354019641876221
2169,-13.769075565338138,0,0,300,0.11405371881775066,1.0847688913345337
2170,-27.44448512156933,0,0,300,0.11393966509893291,1.0013203620910645
2171,-37.144178085327155,0,0,127,0.11382572543383399,6.116044521331787
2172,-88.99051928599809,0,0,200,0.11371189970840015,4.557828903198242
2173,-107.55340594371292,0,0,208,0.11359818780869176,4.026050567626953
2174,-39.811142883300775,0,0,147,0.11348458962088306,5.650285720825195
2175,-29.521501312255857,0,0,133,0.11337110503126219,5.565375328063965
2176,-118.436107224622,0,0,260,0.11325773392623092,5.156327724456787
2177,-190.79958480834983,0,0,236,0.1131444761923047,4.839896202087402
2178,-21.794462776184087,0,0,300,0.11303133171611239,1.1111156940460205
2179,-119.88041084289549,0,0,257,0.11291830038439628,5.362602710723877
2180,-47.59828689575194,0,0,175,0.11280538208401188,5.329571723937988
2181,-82.17433597564688,0,0,300,0.11269257670192787,2.913583993911743
2182,-140.3477558898925,0,0,289,0.11257988412522593,4.1544389724731445
2183,-249.9265576171877,0,0,300,0.1124673042411007,4.961639404296875
2184,-213.0706810291621,0,1,171,0.1123548369368596,4.470369338989258
2185,-68.72734940608471,0,0,300,0.11224248209992274,1.2095364332199097
2186,-48.49622210582227,0,0,218,0.11213023961782281,5.599254608154297
2187,-121.31265304565427,0,0,257,0.11201810937820499,2.333163261413574
2188,-53.30930755615231,0,0,174,0.11190609126882678,5.457326889038086
2189,-17.061958227953614,0,0,300,0.11179418517755796,2.160688638687134
2190,-108.77431949615473,0,0,300,0.1116823909923804,2.3585798740386963
2191,-189.53320819854736,0,1,235,0.11157070860138803,2.365802049636841
2192,-48.447577018737746,0,0,300,0.11145913789278664,1.0443942546844482
2193,-141.78154284556828,0,0,300,0.11134767875489385,3.8005847930908203
2194,-46.68676399230955,0,0,203,0.11123633107613895,5.674190998077393
2195,-52.6478448104858,0,0,300,0.11112509474506281,1.46946120262146
2196,-172.9881846618652,0,1,213,0.11101396965031775,2.0670461654663086
2197,-162.01431800842303,0,0,300,0.11090295568066744,2.561079502105713
2198,-44.159736815294934,0,0,176,0.11079205272498677,5.552633285522461
2199,-27.622589874267568,0,0,300,0.11068126067226178,4.3306474685668945
2200,-127.59780736923207,0,0,300,0.11057057941158951,1.4094518423080444
2201,-19.0597100742671,0,0,300,0.11046000883217792,1.187626600265503
2202,-109.45126281738276,0,0,189,0.11034954882334574,4.272815704345703
2203,-183.11802070617676,0,0,300,0.1102391992745224,2.2345051765441895
2204,-46.00558937072752,0,0,154,0.11012896007524788,5.968897342681885
2205,-37.53502688487489,0,0,300,0.11001883111517263,1.6689558029174805
2206,-170.82388458251958,0,0,300,0.10990881228405747,4.868471145629883
2207,-70.82148365020748,0,0,300,0.10979890347177342,1.0703709125518799
2208,-171.1117962646486,0,0,188,0.10968910456830164,5.057949066162109
2209,-23.331501884460454,0,0,300,0.10957941546373333,1.3528754711151123
2210,-137.6091669758174,0,0,286,0.1094698360482696,2.494990825653076
2211,-42.29470328410595,0,0,300,0.10936036621222132,2.4363749027252197
2212,-18.39613917430375,0,0,300,0.10925100584600911,2.026733875274658
2213,-133.4866513824463,0,0,300,0.1091417548401631,2.6941628456115723
2214,-258.42921474456784,0,1,253,0.10903261308532293,2.0998036861419678
2215,-71.92970825195313,0,0,262,0.1089235804722376,2.9174270629882812
2216,-73.72038603862256,0,0,300,0.10881465689176537,1.9877955913543701
2217,-33.33420435985058,0,0,300,0.1087058422348736,2.351250171661377
2218,-74.48394752502438,0,0,268,0.10859713639263872,5.4934868812561035
2219,-53.92966026306149,0,0,196,0.10848853925624609,5.559915065765381
2220,-94.66389811595408,0,0,300,0.10838005071698985,2.381173610687256
2221,-242.54437576293947,0,1,271,0.10827167066627286,2.6085939407348633
2222,-165.4377213668823,0,1,265,0.10816339899560658,1.829430341720581
2223,-92.83601158142083,0,0,300,0.10805523559661097,2.4765028953552246
2224,-64.356455527148,0,0,300,0.10794718036101436,2.6593129634857178
2225,-183.30542503356935,0,1,214,0.10783923318065335,2.298856258392334
2226,-43.4419334411621,0,0,179,0.10773139394747269,5.722983360290527
2227,-44.42281581004591,0,0,147,0.10762366255352522,5.850903034210205
2228,-225.27742193222042,0,1,244,0.1075160388909717,1.9493554830551147
2229,-32.43895442088577,0,0,122,0.10740852285208072,5.777437686920166
2230,-41.15321827808883,0,0,174,0.10730111432922863,5.600605487823486
2231,-64.17192654530072,0,0,283,0.1071938132148994,5.532782554626465
2232,-108.88883407592772,0,0,300,0.1070866194016845,2.7022085189819336
2233,-32.68859672546387,0,0,123,0.10697953278228281,5.797149181365967
2234,-72.00734797557323,0,0,300,0.10687255324950053,2.709536075592041
2235,-107.80011656840772,0,0,300,0.10676568069625103,2.440228223800659
2236,-239.7096343231202,0,0,300,0.10665891501555477,2.2349085807800293
2237,-96.406554107666,0,0,300,0.10655225610053921,2.381638526916504
2238,-257.6640814971924,0,1,238,0.10644570384443867,2.6235203742980957
2239,-174.48794857025146,0,0,286,0.10633925814059424,2.581987142562866
2240,-28.83873847087356,0,0,234,0.10623291888245365,2.8248836994171143
2241,-32.501800308227544,0,0,124,0.1061266859635712,5.622950077056885
2242,-91.76507185935968,0,0,300,0.10602055927760762,0.8187679648399353
2243,-11.213244476318371,0,0,300,0.10591453871833001,2.04331111907959
2244,-22.173204383850095,0,0,300,0.10580862417961168,2.3658010959625244
2245,-38.39512271007034,0,0,249,0.10570281555543207,2.6739797592163086
2246,-20.640818119049037,0,0,300,0.10559711273987664,1.972704529762268
2247,-224.9267826461793,0,0,300,0.10549151562713677,2.1591956615448
2248,-105.94612697601312,0,0,300,0.10538602411150963,2.351531744003296
2249,-192.86418807983398,0,0,300,0.10528063808739813,2.621047019958496
2250,-202.07550163269042,0,0,235,0.10517535744931072,4.718875408172607
2251,-50.37471942027541,0,0,178,0.10507018209186142,5.581378936767578
2252,-46.8434033497188,0,0,300,0.10496511190976955,2.268549919128418
2253,-50.16559906005857,0,0,300,0.10486014679785978,1.5538997650146484
2254,-45.056103163561524,0,0,300,0.10475528665106192,1.9042248725891113
2255,-70.74487872203318,0,0,290,0.10465053136441085,5.508918762207031
2256,-57.94007368087765,0,0,300,0.10454588083304645,1.6225184202194214
2257,-290.41170177459713,0,1,255,0.1044413349522134,2.077925443649292
2258,-176.6799282542852,0,0,245,0.10433689361726119,4.934782981872559
2259,-38.58039279937742,0,0,300,0.10423255672364393,1.5925981998443604
2260,-181.92720733642568,0,0,203,0.10412832416692028,4.891801834106445
2261,-19.109964828491215,0,0,300,0.10402419584275335,1.3449912071228027
2262,-167.27927387237548,0,0,250,0.1039201716469106,2.474818468093872
2263,-123.20854717254636,0,0,275,0.10381625147526369,2.9121367931365967
2264,-116.68389160156246,0,0,300,0.10371243522378842,2.528472900390625
2265,-38.229498854479516,0,0,136,0.10360872278856463,5.6200737953186035
2266,-152.96406619151554,0,0,300,0.10350511406577606,4.383715629577637
2267,-103.48790504455563,0,0,300,0.10340160895171029,2.429476261138916
2268,-47.17813471873731,0,0,169,0.10329820734275857,5.532232761383057
2269,-230.98844211578364,0,1,262,0.10319490913541582,3.264610528945923
2270,-32.516605330309595,0,0,134,0.1030917142262804,5.576850414276123
2271,-112.23233090321082,0,0,300,0.10298862251205412,4.532883644104004
2272,-51.21394915660353,0,0,187,0.10288563388954207,5.688686370849609
2273,-159.86257929881538,0,0,300,0.10278274825565252,2.600843906402588
2274,-184.8253033447266,0,0,268,0.10267996550739687,2.5738258361816406
2275,-47.341480941772446,0,0,300,0.10257728554188948,1.2803702354431152
2276,-42.42420710643264,0,0,167,0.1024747082563476,5.631250858306885
2277,-213.9067250442505,0,1,204,0.10237223354809125,2.321681261062622
2278,-100.26164161682115,0,0,300,0.10226986131454316,2.9729104042053223
2279,-174.03023490905758,0,0,295,0.10216759145322861,2.4825587272644043
2280,-137.62593072891246,0,0,300,0.10206542386177538,1.7339826822280884
2281,-197.31627140045168,0,0,300,0.1019633584379136,1.741567850112915
2282,-33.15692356109618,0,0,300,0.10186139507947568,1.0942308902740479
2283,-17.401626453399665,0,0,300,0.1017595336843962,1.3229066133499146
2284,-18.3064790829036,0,0,300,0.10165777415071181,1.7968188524246216
2285,-257.08557361602783,0,1,215,0.1015561163765611,2.473893404006958
2286,-31.306731863817884,0,0,300,0.10145456026018454,1.2193820476531982
2287,-34.60380894660943,0,0,300,0.10135310569992435,0.8834522366523743
2288,-13.393084354400637,0,0,300,0.10125175259422443,1.1432710886001587
2289,-153.67812625010941,0,0,241,0.10115050084163021,2.377230644226074
2290,-75.68230036815135,0,0,300,0.10104935034078859,2.0332741737365723
2291,-53.93527758677929,0,0,220,0.1009483009904478,5.636518478393555
2292,-80.1740760040283,0,0,288,0.10084735268945735,2.68851900100708
2293,-14.112735701403352,0,0,300,0.10074650533676789,1.3508830070495605
2294,-309.08147422790546,0,0,228,0.10064575883143112,4.727868556976318
2295,-150.06602885325896,0,0,300,0.1005451130725997,2.5092062950134277
2296,-28.237635345458965,0,0,300,0.1004445679595271,2.879408836364746
2297,-10.627980395159453,0,0,300,0.10034412339156756,1.4871941804885864
2298,-21.11031146129103,0,0,300,0.100243779268176,2.4752769470214844
2299,-40.71057978709669,0,0,140,0.10014353548890782,5.4478440284729
2300,-8.451579829058382,0,0,300,0.10004339195341891,1.2305940389633179
2301,-18.622444648742675,0,0,300,0.09994334856146549,1.775611162185669
2302,-40.182559119066795,0,0,300,0.09984340521290402,2.328338861465454
2303,-44.32763201793166,0,0,182,0.09974356180769112,5.562107086181641
2304,-39.35017166137695,0,0,169,0.09964381824588342,5.562542915344238
2305,-117.6007202911377,0,0,192,0.09954417442763754,4.930180072784424
2306,-116.18703055461376,0,0,300,0.0994446302532099,2.169456720352173
2307,-152.84364140430944,0,0,235,0.09934518562295669,5.055711269378662
2308,-23.619931191601918,0,0,300,0.09924584043733373,2.8522837162017822
2309,-124.52442390441895,0,0,180,0.0991465945968964,4.988605976104736
2310,-24.112242279052726,0,0,300,0.0990474480022995,2.4505605697631836
2311,-10.683438777923577,0,0,300,0.09894840055429721,1.608359694480896
2312,-41.19801175197095,0,0,300,0.09884945215374291,1.0172020196914673
2313,-103.5278771972656,0,0,300,0.09875060270158917,1.9794692993164062
2314,-95.74008201599122,0,0,151,0.09865185209888758,4.875020503997803
2315,-149.3120747844365,0,0,259,0.0985532002467887,4.9228196144104
2316,-29.239964199066158,0,0,300,0.0984546470465419,1.1349910497665405
2317,-161.45276763916007,0,0,249,0.09835619239949536,4.918191909790039
2318,-40.861780213513626,0,0,153,0.09825783620709587,5.9552459716796875
2319,-96.95524726867676,0,0,155,0.09815957837088878,4.8988118171691895
2320,-223.34215016285464,0,0,263,0.09806141879251788,4.850338459014893
2321,-241.25623173634074,0,1,205,0.09796335737372537,4.453858852386475
2322,-129.9923045055058,0,0,199,0.09786539401635165,4.952877044677734
2323,-179.54538726806646,0,0,228,0.0977675286223353,4.948846817016602
2324,-120.72728073120116,0,0,176,0.09766976109371296,4.901820182800293
2325,-112.25950550953412,0,0,213,0.09757209133261925,4.8796772956848145
2326,-144.90300785064693,0,0,276,0.09747451924128663,2.323251962661743
2327,-17.181280909380646,0,0,300,0.09737704472204534,1.6530193090438843
2328,-13.8488938434932,0,0,300,0.0972796676773233,2.3449225425720215
2329,-286.023008556366,0,1,256,0.09718238800964597,1.4507521390914917
2330,-21.775227938494407,0,0,300,0.09708520562163633,1.2765060663223267
2331,-224.7516875648499,0,0,300,0.09698812041601469,1.7404218912124634
2332,-150.28803852955366,0,0,254,0.09689113229559868,5.251810550689697
2333,-83.31360753774248,0,0,300,0.09679424116330308,0.937804639339447
2334,-409.9230398559566,0,0,300,0.09669744692213977,4.745759963989258
2335,-24.770775012969942,0,0,300,0.09660074947521763,1.4601937532424927
2336,-14.416699820360876,0,0,300,0.09650414872574241,1.6193740367889404
2337,-390.65689785877754,0,1,276,0.09640764457701667,4.4590253829956055
2338,-131.60687374989055,0,0,235,0.09631123693243965,4.904019355773926
2339,-198.73332821766414,0,0,252,0.09621492569550721,5.030632972717285
2340,-172.90080005645757,0,0,300,0.09611871076981171,2.08270001411438
2341,-198.74611065784975,0,0,300,0.0960225920590419,4.756328582763672
2342,-196.84691078186034,0,1,218,0.09592656946698286,2.256727695465088
2343,-85.44022857666016,0,0,149,0.09583064289751587,4.892557144165039
2344,-12.305483856201178,0,0,300,0.09573481225461836,1.566370964050293
2345,-144.43683341979977,0,0,196,0.09563907744236373,4.911708354949951
2346,-11.211847048601827,0,0,300,0.09554343836492137,1.0556608438491821
2347,-236.6000325012209,0,0,300,0.09544789492655645,4.792508125305176
2348,-29.95783813476563,0,0,131,0.09535244703162989,5.719459533691406
2349,-167.18756767272953,0,0,147,0.09525709458459826,4.744391918182373
2350,-18.943342475891097,0,0,300,0.09516183749001367,1.2283356189727783
2351,-124.60433616638181,0,0,240,0.09506667565252365,2.488584041595459
2352,-169.18536636352542,0,0,156,0.09497160897687112,5.178841590881348
2353,-9.69021299362183,0,0,300,0.09487663736789426,1.3525532484054565
2354,-219.2478819274903,0,0,188,0.09478176073052637,4.739470481872559
2355,-317.1652590648321,0,1,270,0.09468697896979585,4.496115684509277
2356,-10.287966185412138,0,0,300,0.09459229199082606,1.2746906280517578
2357,-38.240995835461874,0,0,171,0.09449769969883523,5.762549877166748
2358,-266.8708209991457,0,0,185,0.09440320199913639,4.905205249786377
2359,-154.76344319263956,0,0,217,0.09430879879713726,4.828161716461182
2360,-14.234946765899664,0,0,300,0.09421448999834012,1.6737366914749146
2361,-318.6645074462889,0,0,229,0.09412027550834177,4.776126861572266
2362,-51.95975486755368,0,0,299,0.09402615523283343,5.572438716888428
2363,-99.25688863913483,0,0,231,0.0939321290776006,5.244620323181152
2364,-149.9202606964111,0,0,155,0.093838196948523,4.847565174102783
2365,-72.32865706523391,0,0,300,0.09374435875157447,1.6023633480072021
2366,-21.941469278335568,0,0,300,0.09365061439282289,0.8378673195838928
2367,-18.89440515757002,0,0,300,0.09355696377843006,0.646698534488678
2368,-18.231415797075964,0,0,300,0.09346340681465164,0.9180530309677124
2369,-80.30641139984131,0,0,230,0.09336994340783698,2.604102849960327
2370,-12.223283319473271,0,0,300,0.09327657346442915,0.6733208298683167
2371,-179.6554241649297,0,0,300,0.09318329689096472,4.591156959533691
2372,-133.3440896606445,0,0,300,0.09309011359407375,2.108522415161133
2373,-207.20214950561524,0,1,126,0.09299702348047968,4.458037376403809
2374,-22.02496989329787,0,0,300,0.0929040264569992,2.9214415550231934
2375,-5.193868083953848,0,0,300,0.09281112243054221,1.0684670209884644
2376,-131.03373082081345,0,0,229,0.09271831130811167,5.115733623504639
2377,-13.801630431017614,0,0,300,0.09262559299680356,1.090606689453125
2378,-11.223456126055451,0,0,300,0.09253296740380676,1.1835631132125854
2379,-226.3751291656495,0,0,171,0.09244043443640296,4.9212822914123535
2380,-7.363330059051519,0,0,300,0.09234799400196655,0.7333325147628784
2381,-82.52845733642577,0,0,300,0.09225564600796458,2.1496143341064453
2382,-110.4578717803955,0,0,156,0.09216339036195662,4.836967945098877
2383,-88.87867240905766,0,0,143,0.09207122697159466,4.957168102264404
2384,-25.411192073822004,0,0,300,0.09197915574462306,0.9427980184555054
2385,-32.685788927078214,0,0,300,0.09188717658887845,0.8439472317695618
2386,-27.47952098846431,0,0,300,0.09179528941228957,1.1323802471160889
2387,-128.6553236007688,0,0,300,0.09170349412287727,2.3263309001922607
2388,-15.357788372039805,0,0,300,0.0916117906287544,1.1394470930099487
2389,-14.83507503509522,0,0,300,0.09152017883812565,1.5487687587738037
2390,-99.15114094654588,0,0,184,0.09142865865928752,4.847586154937744
2391,-8.059177837371822,0,0,300,0.09133723000062824,1.2122944593429565
2392,-40.192792177200275,0,0,300,0.09124589277062761,0.9856980443000793
2393,-39.3528056144714,0,0,300,0.09115464687785699,0.9007014036178589
2394,-28.050492668151783,0,0,300,0.09106349223097913,2.600123167037964
2395,-52.84403547286989,0,0,300,0.09097242873874815,1.3760088682174683
2396,-238.6485581207276,0,0,179,0.0908814563100094,4.792139530181885
2397,-6.132115232948433,0,0,300,0.0907905748536994,0.9361260533332825
2398,-7.115685005187987,0,0,300,0.0906997842788457,1.586421251296997
2399,-42.483919143676744,0,0,297,0.09060908449456685,1.4334797859191895
2400,-113.23770176807908,0,0,274,0.09051847541007228,5.031726360321045
2401,-4.780025473437033,0,0,300,0.09042795693466221,1.0702054500579834
2402,-91.53736770629884,0,0,168,0.09033752897772755,4.789341926574707
2403,-29.551924866833964,0,0,129,0.09024719144874982,5.597782135009766
2404,-24.42164948543043,0,0,300,0.09015694425730107,1.5331114530563354
2405,-115.83720886230465,0,0,154,0.09006678731304377,4.804302215576172
2406,-13.533247786364292,0,0,300,0.08997672052573072,1.298511028289795
2407,-151.22951931873826,0,0,264,0.08988674380520499,5.00968074798584
2408,-28.23083416859177,0,0,125,0.08979685706139978,5.705009460449219
2409,-58.744077682495124,0,0,300,0.08970706020433838,2.8735194206237793
2410,-18.310354804992574,0,0,300,0.08961735314413405,2.115088701248169
2411,-139.36235252380368,0,0,145,0.08952773579098991,4.988088130950928
2412,-27.20865326881396,0,0,300,0.08943820805519892,0.9746633172035217
2413,-30.970681580701147,0,0,126,0.08934876984714372,5.7674713134765625
2414,-44.40048924366501,0,0,207,0.08925942107729658,5.749923229217529
2415,-12.703931159973154,0,0,300,0.08917016165621929,1.0959827899932861
2416,-120.14492828369139,0,0,148,0.08908099149456307,5.018732070922852
2417,-16.880200873217287,0,0,300,0.08899191050306851,1.2777493000030518
2418,-43.13770611683397,0,0,196,0.08890291859256544,5.704227447509766
2419,-82.24414716720575,0,0,300,0.08881401567397287,1.3460367918014526
2420,-24.73276788711547,0,0,300,0.0887252016582989,1.1031919717788696
2421,-236.92657704273725,0,1,212,0.0886364764566406,4.496445178985596
2422,-214.12018673817187,0,0,241,0.08854783998018396,4.924847602844238
2423,-68.84025921186327,0,0,300,0.08845929214020377,0.9158611297607422
2424,-27.532667024131623,0,0,300,0.08837083284806357,0.8000695109367371
2425,-247.25656181335464,0,0,300,0.08828246201521552,4.861640453338623
2426,-57.83463123321533,0,0,300,0.0881941795532003,1.326157808303833
2427,-129.59680539051558,0,0,238,0.0881059853736471,5.074002265930176
2428,-29.96150074005123,0,0,300,0.08801787938827345,1.2153751850128174
2429,-43.81133048137157,0,0,300,0.08792986150888517,1.095531702041626
2430,-30.58058103561399,0,0,300,0.08784193164737629,0.8726452589035034
2431,-176.04447186390422,0,0,173,0.08775408971572891,4.855918884277344
2432,-38.810502959093796,0,0,300,0.08766633562601318,1.025324821472168
2433,-37.60527107238769,0,0,300,0.08757866929038717,2.971317768096924
2434,-24.51114301681517,0,0,300,0.08749109062109678,1.0527857542037964
2435,-186.34363557815539,0,1,284,0.08740359953047568,1.3934088945388794
2436,-48.3338621520996,0,0,213,0.0873161959309452,5.560965538024902
2437,-56.5756313029912,0,0,300,0.08722887973501425,5.541208744049072
2438,-22.847828063964847,0,0,300,0.08714165085527924,1.484457015991211
2439,-17.679552965960234,0,0,300,0.08705450920442395,1.2475873231887817
2440,-28.752540321350025,0,0,300,0.08696745469521953,2.8206350803375244
2441,-151.8851686565068,0,1,142,0.08688048724052432,4.5085930824279785
2442,-273.32111554066205,0,1,252,0.08679360675328379,4.320079803466797
2443,-157.1060384750366,0,1,290,0.0867068131465305,1.3015096187591553
2444,-25.965675506591754,0,0,300,0.08662010633338398,1.3889188766479492
2445,-224.66088180541993,0,1,127,0.0865334862270506,4.4652204513549805
2446,-19.04658554077148,0,0,300,0.08644695274082355,0.8916463851928711
2447,-246.55476440429695,0,0,177,0.08636050578808273,4.853691101074219
2448,-33.44811169544724,0,0,141,0.08627414528229464,5.696828842163086
2449,-8.716554251513225,0,0,300,0.08618787113701235,0.9043376445770264
2450,-23.39130959590407,0,0,300,0.08610168326587533,1.1330264806747437
2451,-68.24393917957805,0,0,279,0.08601558158260945,5.870785713195801
2452,-16.702877674898836,0,0,300,0.08592956600102684,0.9459185004234314
2453,-317.42111145019527,0,0,300,0.08584363643502582,4.640277862548828
2454,-15.683746185302736,0,0,300,0.08575779279859079,0.9609365463256836
2455,-147.6835349742557,0,0,270,0.0856720350057922,5.080684661865234
2456,-92.48710383494817,0,0,300,0.0855863629707864,1.209475040435791
2457,-53.77464364131421,0,0,300,0.0855007766078156,1.3213599920272827
2458,-28.269556350708,0,0,149,0.08541527583120778,5.174889087677002
2459,-40.38188591003407,0,0,300,0.08532986055537657,2.495471477508545
2460,-56.82717975616455,0,0,300,0.0852445306948212,2.5592949390411377
2461,-24.025902300677014,0,0,300,0.08515928616412638,1.121674656867981
2462,-39.46103726307419,0,0,166,0.08507412687796226,5.652560234069824
2463,-34.525837291086866,0,0,300,0.0849890527510843,0.9697556495666504
2464,-46.40710734446975,0,0,300,0.08490406369833321,2.914475917816162
2465,-39.78000255584717,0,0,300,0.08481915963463488,2.205000638961792
2466,-25.203676109313946,0,0,300,0.08473434047500024,1.0184190273284912
2467,-17.619913111529073,0,0,300,0.08464960613452524,1.5876773595809937
2468,-40.60405089457958,0,0,300,0.08456495652839072,1.143711805343628
2469,-307.22391757965096,0,0,300,0.08448039157186232,2.4684793949127197
2470,-32.59789947509763,0,0,300,0.08439591118029047,5.264474868774414
2471,-95.16282203674317,0,0,287,0.08431151526911018,2.720705509185791
2472,-36.75296427726737,0,0,300,0.08422720375384107,0.4733692705631256
2473,-112.87483276367182,0,0,270,0.08414297655008723,2.5587081909179688
2474,-33.73369842529297,0,0,122,0.08405883357353715,6.043424606323242
2475,-14.052407122454367,0,0,300,0.0839747747399636,1.235800862312317
2476,-17.11432487487783,0,0,300,0.08389079996522364,1.6360812187194824
2477,-124.68481033325197,0,0,272,0.08380690916525842,2.6887025833129883
2478,-57.16474349975585,0,0,223,0.08372310225609315,3.208685874938965
2479,-95.08734359741209,0,0,248,0.08363937915383707,2.7968358993530273
2480,-179.44623222351078,0,0,277,0.08355573977468322,2.5740580558776855
2481,-14.071433467864995,0,0,300,0.08347218403490854,1.6628583669662476
2482,-20.218428355059334,0,0,300,0.08338871185087363,1.119806170463562
2483,-31.313095550537106,0,0,133,0.08330532313902275,5.520773887634277
2484,-71.17805791854853,0,0,300,0.08322201781588373,1.167014479637146
2485,-141.9346807479858,0,0,284,0.08313879579806785,2.47117018699646
2486,-19.365791320800778,0,0,300,0.08305565700226979,1.1539478302001953
2487,-15.752956714630136,0,0,300,0.08297260134526752,0.8532391786575317
2488,-18.779202605089868,0,0,300,0.08288962874392225,1.1549997329711914
2489,-16.59413672526809,0,0,300,0.08280673911517833,1.331233263015747
2490,-15.221002776618818,0,0,300,0.08272393237606315,0.9471534490585327
2491,-35.0448950958252,0,0,278,0.0826412084436871,1.1562237739562988
2492,-44.677865867614656,0,0,300,0.08255856723524341,0.9494664669036865
2493,-107.07487022399904,0,0,300,0.08247600866800817,2.676217555999756
2494,-20.017667219642792,0,0,300,0.08239353265934016,0.9550140500068665
2495,-11.301292314529427,0,0,300,0.08231113912668082,0.9778230786323547
2496,-29.446763892165844,0,0,300,0.08222882798755414,0.9629964828491211
2497,-32.92641363143919,0,0,300,0.08214659915956658,1.0816034078598022
2498,-23.978706086481928,0,0,300,0.08206445256040702,0.9954728484153748
2499,-11.227525666560048,0,0,300,0.08198238810784661,0.935177743434906
2500,-45.102911194958935,0,0,210,0.08190040571973876,5.475528717041016
2501,-158.0543565750122,0,1,228,0.08181850531401902,1.2635891437530518
2502,-25.67311423301695,0,0,300,0.081736686808705,0.6232785582542419
2503,-46.489918793835855,0,0,300,0.08165495012189629,5.602280616760254
2504,-30.428927249908433,0,0,300,0.08157329517177439,0.7147318124771118
2505,-31.56758719523879,0,0,263,0.08149172187660261,1.1870958805084229
2506,-31.955199631848604,0,0,124,0.08141023015472601,5.576100826263428
2507,-106.98330029407997,0,0,284,0.08132881992457128,5.413125991821289
2508,-170.51199597279106,0,0,249,0.0812474911046467,4.895299911499023
2509,-102.77386326710247,0,0,300,0.08116624361354205,5.020766735076904
2510,-327.56575169483693,0,1,217,0.08108507736992851,4.481238842010498
2511,-51.74020932117966,0,0,193,0.08100399229255859,5.567353248596191
2512,-51.58255998691048,0,0,300,0.08092298830026602,0.9133390784263611
2513,-29.480054379305543,0,0,300,0.08084206531196575,0.930212676525116
2514,-8.571039454933024,0,0,300,0.08076122324665379,0.957162618637085
2515,-35.989365645251,0,0,179,0.08068046202340713,5.790040493011475
2516,-27.099974060058575,0,0,300,0.08059978156138373,0.7999935150146484
2517,-17.79088380813594,0,0,300,0.08051918177982234,1.3152209520339966
2518,-9.949453923698282,0,0,300,0.08043866259804251,0.9692662358283997
2519,-191.05516845703144,0,0,217,0.08035822393544446,4.8712921142578125
2520,-27.07437095960507,0,0,300,0.08027786571150902,1.046889066696167
2521,-20.36184083064528,0,0,300,0.08019758784579752,0.8106592893600464
2522,-11.299862070879666,0,0,300,0.08011739025795171,0.9676645994186401
2523,-29.92418932994338,0,0,220,0.08003727286769376,2.8537464141845703
2524,-15.646769886016843,0,0,300,0.07995723559482606,1.2541924715042114
2525,-35.2561650347669,0,0,300,0.07987727835923124,0.880944013595581
2526,-5.486062278747567,0,0,300,0.07979740108087201,0.6865155696868896
2527,-21.1433433818817,0,0,300,0.07971760367979114,0.9283358454704285
2528,-26.416523199877428,0,0,300,0.07963788607611134,1.1068298816680908
2529,-25.193835783800775,0,0,300,0.07955824819003524,0.8461580276489258
2530,-13.01931092023454,0,0,300,0.0794786899418452,0.9567304849624634
2531,-7.5323318386077895,0,0,300,0.07939921125190336,0.785582959651947
2532,-13.390883665880883,0,0,300,0.07931981204065146,1.0379199981689453
2533,-326.16362088123816,0,0,239,0.0792404922286108,4.74820613861084
2534,-9.542180309295656,0,0,300,0.0791612517363822,1.0705450773239136
2535,-35.47518504142753,0,0,300,0.07908209048464582,0.8362962603569031
2536,-9.991226396560664,0,0,300,0.07900300839416118,0.8828065991401672
2537,-41.79302857478583,0,0,300,0.07892400538576702,1.0134562253952026
2538,-99.37766018787889,0,0,231,0.07884508138038125,5.056715965270996
2539,-141.22968022266886,0,0,258,0.07876623629900087,4.892220973968506
2540,-98.90353077808884,0,0,162,0.07868747006270187,4.868183612823486
2541,-26.122661619982434,0,0,300,0.07860878259263916,1.520864486694336
2542,-34.728794831433575,0,0,150,0.07853017381004652,5.491999626159668
2543,-35.26054019927979,0,0,261,0.07845164363623648,1.1401350498199463
2544,-130.2240792759272,0,0,300,0.07837319199260025,2.266218900680542
2545,-106.03823829650877,0,0,300,0.07829481880060765,2.5070595741271973
2546,-33.86499671936038,0,0,300,0.07821652398180705,1.203749179840088
2547,-168.76217076221963,0,0,174,0.07813830745782524,5.012843608856201
2548,-35.96872731129197,0,0,148,0.07806016915036741,5.504482746124268
2549,-16.968107233843458,0,0,300,0.07798210898121705,1.174725890159607
2550,-50.52110536575311,0,0,297,0.07790412687223583,0.7977763414382935
2551,-135.19880284229774,0,0,300,0.07782622274536359,4.767001628875732
2552,-38.524207229614255,0,0,143,0.07774839652261822,5.4760518074035645
2553,-35.65026251872506,0,0,300,0.0776706481260956,1.1177647113800049
2554,-59.54285511890909,0,0,275,0.0775929774779695,5.8630146980285645
2555,-24.830800658068295,0,0,300,0.07751538450049153,1.7978992462158203
2556,-10.739898341502053,0,0,300,0.07743786911599104,0.8282709121704102
2557,-82.00256932178999,0,0,300,0.07736043124687506,5.282943248748779
2558,-183.26373097340135,0,0,149,0.07728307081562819,4.950733661651611
2559,-20.984553871154738,0,0,300,0.07720578774481256,1.4811384677886963
2560,-123.40235371510052,0,0,300,0.07712858195706775,4.802889347076416
2561,-45.22363636890914,0,0,214,0.07705145337511068,5.6882100105285645
2562,-258.4409082500126,0,1,255,0.07697440192173557,4.472527980804443
2563,-38.328327799639375,0,0,300,0.07689742751981384,1.1672810316085815
2564,-107.56673474232223,0,0,220,0.07682053009229402,5.093984603881836
2565,-8.658353519439693,0,0,300,0.07674370956220172,1.0520883798599243
2566,-12.41784849246476,0,0,300,0.07666696585263952,0.8146612048149109
2567,-33.684760638079275,0,0,300,0.07659029888678688,1.026389241218567
2568,-44.771496505737296,0,0,182,0.07651370858790009,5.512874126434326
2569,-43.9829232406616,0,0,293,0.07643719487931219,2.8782308101654053
2570,-49.9622346202519,0,0,246,0.07636075768443289,5.522859573364258
2571,-39.72453639110061,0,0,162,0.07628439692674846,5.623833179473877
2572,-53.28184681972003,0,0,300,0.07620811252982171,1.2406607866287231
2573,-164.32778698841588,0,0,300,0.07613190441729188,4.566747665405273
2574,-21.228389587402337,0,0,300,0.07605577251287458,1.659597396850586
2575,-192.167749042511,0,1,299,0.0759797167403617,1.3869372606277466
2576,-33.82550637563588,0,0,300,0.07590373702362134,0.9671729207038879
2577,-32.185190287432256,0,0,300,0.07582783328659772,1.0839966535568237
2578,-56.05914838950099,0,0,204,0.07575200545331112,5.615185260772705
2579,-59.65856747388448,0,0,300,0.0756762534478578,0.971544623374939
2580,-38.73406509399413,0,0,300,0.07560057719440995,2.923516273498535
2581,-32.360001611709535,0,0,300,0.07552497661721554,0.8900004029273987
2582,-7.298538041106905,0,0,300,0.07544945164059833,0.8809400200843811
2583,-65.52966163635254,0,0,300,0.07537400218895772,2.2624154090881348
2584,-35.776626548767005,0,0,300,0.07529862818676876,2.3916566371917725
2585,-14.830741271972652,0,0,300,0.07522332955858199,0.8676853179931641
2586,-53.72117235898567,0,0,300,0.0751481062290234,0.8671958446502686
2587,-30.026228713989177,0,0,300,0.07507295812279438,2.5565571784973145
2588,-278.9924798289923,0,1,190,0.07499788516467158,4.492920875549316
2589,-21.829442473253934,0,0,300,0.07492288727950691,1.275059700012207
2590,-10.716972640360702,0,0,300,0.0748479643922274,0.8450394868850708
2591,-96.38866261402633,0,0,141,0.07477311642783518,4.964466571807861
2592,-142.0138120460509,0,0,300,0.07469834331140734,1.3209530115127563
2593,-94.79594154357902,0,0,300,0.07462364496809594,4.086485385894775
2594,-51.84286606549817,0,0,300,0.07454902132312784,0.9976192712783813
2595,-218.4780801097541,0,0,267,0.0744744723018047,4.976820945739746
2596,-45.124611786999935,0,0,150,0.0743999978295029,5.5509538650512695
2597,-192.25381736755392,0,0,300,0.0743255978316734,4.113454341888428
2598,-178.10547543446097,0,0,192,0.07425127223384173,4.963669776916504
2599,-23.904264829154805,0,0,300,0.07417702096160789,0.8829689621925354
2600,-41.651631528539106,0,0,195,0.07410284394064628,5.550806045532227
2601,-76.18946637074026,0,0,260,0.07402874109670564,5.327167510986328
2602,-38.71274773677306,0,0,300,0.07395471235560894,0.9458860158920288
2603,-53.36488271077997,0,0,300,0.07388075764325333,0.9570170044898987
2604,-100.2661368560791,0,0,156,0.07380687688561008,4.949034214019775
2605,-125.24178375244132,0,0,185,0.07373307000872446,4.900445938110352
2606,-217.04347973743958,0,0,300,0.07365933693871574,4.810670852661133
2607,-117.66569218555952,0,0,271,0.07358567760177702,4.831223964691162
2608,-163.8351084899902,0,0,284,0.07351209192417524,2.2162771224975586
2609,-203.69415138244648,0,0,148,0.07343857983225106,4.866037845611572
2610,-74.39361805836218,0,0,300,0.07336514125241882,5.613205432891846
2611,-8.714608209925249,0,0,300,0.0732917761111664,0.7407538890838623
2612,-144.237312965393,0,0,300,0.07321848433505523,2.3268282413482666
2613,-33.09235298156737,0,0,144,0.07314526585072018,5.430588245391846
2614,-162.1773421184212,0,0,300,0.07307212058486945,2.749136447906494
2615,-44.41519368092083,0,0,202,0.07299904846428458,5.323599338531494
2616,-33.02558934132126,0,0,132,0.0729260494158203,5.666198253631592
2617,-50.430348739623994,0,0,145,0.07285312336640448,5.205087184906006
2618,-75.3358642196655,0,0,300,0.07278027024303808,2.356466054916382
2619,-134.80740280151363,0,0,213,0.07270748997279504,4.964350700378418
2620,-71.47064366261033,0,0,192,0.07263478248282225,5.519961833953857
2621,-117.51765563964845,0,0,267,0.07256214770033943,2.3719139099121094
2622,-13.908559510703892,0,0,300,0.0724895855526391,0.9340426325798035
2623,-161.06690234263877,0,0,300,0.07241709596708645,4.966924667358398
2624,-31.095689392089845,0,0,127,0.07234467887111937,5.498922348022461
2625,-39.85845550537108,0,0,147,0.07227233419224825,5.504613876342773
2626,-11.676073153818965,0,0,300,0.07220006185805601,0.8898146152496338
2627,-38.27194409290817,0,0,123,0.07212786179619796,5.87028694152832
2628,-15.80856161435972,0,0,300,0.07205573393440176,0.6804367303848267
2629,-59.780945176282195,0,0,258,0.07198367820046736,5.667537212371826
2630,-209.80647320667782,0,0,289,0.0719116945222669,4.841419219970703
2631,-4.755154517496937,0,0,300,0.07183978282774463,0.8295849561691284
2632,-33.93150909423828,0,0,137,0.07176794304491688,5.77537727355957
2633,-86.59104054371379,0,0,272,0.07169617510187196,5.355061054229736
2634,-87.85698399464152,0,0,300,0.07162447892677008,5.12904691696167
2635,-37.72459446827439,0,0,145,0.07155285444784332,5.403449535369873
2636,-93.23164341846967,0,0,238,0.07148130159339547,5.127711772918701
2637,-15.515911805625775,0,0,300,0.07140982029180207,0.8258807063102722
2638,-7.006337404251105,0,0,300,0.07133841047151027,0.9390843510627747
2639,-107.00828724781539,0,0,212,0.07126707206103876,4.989372730255127
2640,-123.76442470550532,0,0,300,0.07119580498897772,2.7786061763763428
2641,-169.6472250366211,0,0,269,0.07112460918398875,2.3768062591552734
2642,-30.85138059616085,0,0,300,0.07105348457480476,0.6478451490402222
2643,-373.9458903972295,0,1,270,0.07098243109022996,4.371273517608643
2644,-125.11434414783983,0,0,249,0.07091144865913973,4.9608869552612305
2645,-152.15719624439734,0,0,278,0.07084053721048059,5.176599979400635
2646,-165.42284284750892,0,0,300,0.0707696966732701,4.698608875274658
2647,-33.90028828541307,0,0,124,0.07069892697659683,5.679872989654541
2648,-10.243991490206458,0,0,300,0.07062822804962023,0.9036969542503357
2649,-37.84850123485064,0,0,300,0.0705575998215706,2.889824390411377
2650,-82.12382565418747,0,0,210,0.07048704222174904,5.3182573318481445
2651,-59.73780789295697,0,0,273,0.07041655517952729,5.711752891540527
2652,-83.68404927174115,0,0,300,0.07034613862434776,4.323313236236572
2653,-150.5911494914676,0,0,300,0.07027579248572341,4.795088291168213
2654,-146.74886535644526,0,0,214,0.07020551669323769,4.877216339111328
2655,-47.24474517822263,0,0,254,0.07013531117654445,2.956186294555664
2656,-188.77200650135552,0,0,300,0.07006517586536791,4.885302543640137
2657,-138.39074696461233,0,0,300,0.06999511068950254,4.939987659454346
2658,-172.31528187672166,0,0,180,0.06992511557881304,4.7661213874816895
2659,-20.50584900776408,0,0,300,0.06985519046323423,2.2837631702423096
2660,-118.4320045765253,0,0,283,0.06978533527277099,5.510700225830078
2661,-45.65989936828613,0,0,191,0.06971554993749822,5.504974842071533
2662,-46.45359768787885,0,0,159,0.06964583438756072,5.703200340270996
2663,-136.01109410206348,0,0,219,0.06957618855317316,4.815074443817139
2664,-89.9498935405398,0,0,300,0.06950661236461998,1.5972743034362793
2665,-45.75754800796505,0,0,300,0.06943710575225537,1.274387001991272
2666,-160.35489605824012,0,0,300,0.06936766864650311,4.843524932861328
2667,-47.029179276624,0,0,300,0.06929830097785661,5.774595737457275
2668,-10.51458385228714,0,0,300,0.06922900267687875,0.9405487179756165
2669,-2.0340040278395115,0,0,300,0.06915977367420187,1.0004037618637085
2670,-48.852263230481384,0,0,176,0.06909061390052766,5.647866725921631
2671,-31.970153914293974,0,0,126,0.06902152328662714,5.712737560272217
2672,-21.879726779456952,0,0,257,0.06895250176334052,1.0043344497680664
2673,-144.90616874694823,0,0,236,0.06888354926157718,4.9015421867370605
2674,-24.59442738453405,0,0,300,0.0688146657123156,2.7659077644348145
2675,-42.365425215563505,0,0,192,0.06874585104660329,5.7490553855896
2676,-88.57698132435353,0,0,241,0.06867710519555668,5.704046249389648
2677,-36.10481910705567,0,0,163,0.06860842809036113,5.513704776763916
2678,-55.6877883148193,0,0,132,0.06853981966227077,5.529447078704834
2679,-154.85338452259566,0,0,270,0.06847127984260849,4.833147048950195
2680,-44.32422096252441,0,0,180,0.06840280856276588,5.5635552406311035
2681,-52.00615710338086,0,0,191,0.06833440575420312,5.764238357543945
2682,-38.36497754017381,0,0,141,0.06826607134844892,5.608545303344727
2683,-26.430622787475553,0,0,300,0.06819780527710047,2.5526556968688965
2684,-96.14094100078076,0,0,283,0.06812960747182337,2.945434331893921
2685,-23.830138473510747,0,0,121,0.06806147786435154,5.8250346183776855
2686,-8.795257279868943,0,0,300,0.06799341638648719,0.6557170748710632
2687,-33.67433181762696,0,0,130,0.06792542297010071,5.503582954406738
2688,-30.647954521179187,0,0,273,0.06785749754713061,1.3969886302947998
2689,-29.401737976074216,0,0,143,0.06778964004958347,5.525434494018555
2690,-36.689634017944336,0,0,138,0.06772185040953389,5.689908504486084
2691,-38.71487996021773,0,0,140,0.06765412855912437,5.563520908355713
2692,-36.50275357166794,0,0,141,0.06758647443056524,5.795489311218262
2693,-44.17268920898437,0,0,174,0.06751888795613468,5.415672302246094
2694,-52.94686261097456,0,0,214,0.06745136906817856,5.386516571044922
2695,-38.48604850769043,0,0,145,0.06738391769911038,5.484012126922607
2696,-41.65766926685836,0,0,154,0.06731653378141127,5.551718235015869
2697,-170.8019342041015,0,0,300,0.06724921724762986,4.835483551025391
2698,-48.13833485523727,0,0,179,0.06718196803038223,5.759384632110596
2699,-40.30770520130661,0,0,130,0.06711478606235186,5.56922721862793
2700,-39.78075337330368,0,0,132,0.06704767127628951,5.634989261627197
2701,-38.34847145080566,0,0,143,0.06698062360501322,5.574617862701416
2702,-45.71327731212111,0,0,179,0.06691364298140821,5.558518409729004
2703,-47.321287612915015,0,0,189,0.06684672933842681,5.52282190322876
2704,-45.98715011596677,0,0,169,0.06677988260908838,5.516787528991699
2705,-50.165866669812445,0,0,154,0.06671310272647929,5.7162675857543945
2706,-37.9180573272705,0,0,132,0.06664638962375281,5.697014331817627
2707,-30.35604846080276,0,0,133,0.06657974323412906,5.556711196899414
2708,-37.603009185791024,0,0,130,0.06651316349089494,5.535752296447754
2709,-30.10084106445312,0,0,128,0.06644665032740404,5.770210266113281
2710,-51.12734382629394,0,0,181,0.06638020367707664,5.549335956573486
2711,-41.41091298023727,0,0,171,0.06631382347339956,5.607529163360596
2712,-36.30810234069825,0,0,153,0.06624750964992616,5.5220255851745605
2713,-32.58903297424317,0,0,144,0.06618126214027624,5.374758243560791
2714,-41.398516769409184,0,0,129,0.06611508087813596,5.632129192352295
2715,-77.98893066406251,0,0,257,0.06604896579725783,5.444732666015625
2716,-73.65981137196086,0,0,300,0.06598291683146057,4.074753761291504
2717,-53.66633343616984,0,0,181,0.0659169339146291,5.48138427734375
2718,-58.457035369873026,0,0,250,0.06585101698071448,5.721758842468262
2719,-33.5827566997197,0,0,146,0.06578516596373377,5.412990093231201
2720,-39.808497009277346,0,0,124,0.06571938079777004,5.874624252319336
2721,-35.081124267578126,0,0,127,0.06565366141697226,5.842781066894531
2722,-35.98436169544724,0,0,131,0.06558800775555529,5.610891342163086
2723,-53.4650409698487,0,0,300,0.06552241974779974,5.666260242462158
2724,-62.476827659606954,0,0,300,0.06545689732805193,2.4217069149017334
2725,-127.69658592224114,0,0,300,0.06539144043072388,4.916646480560303
2726,-154.63852691650385,0,0,250,0.06532604899029316,4.909631729125977
2727,-7.183640391822685,0,0,300,0.06526072294130288,0.7628128528594971
2728,-59.821515188217056,0,0,300,0.06519546221836157,0.9278787970542908
2729,-18.157172852358535,0,0,300,0.06513026675614321,0.9294922947883606
2730,-65.56657691955564,0,0,157,0.06506513648938707,5.214144229888916
2731,-183.4296252910284,0,0,148,0.06500007135289768,4.72970724105835
2732,-321.8388481140136,0,0,229,0.06493507128154478,4.709712028503418
2733,-36.00538848876953,0,0,128,0.06487013621026325,5.566347122192383
2734,-249.24955337524426,0,0,240,0.06480526607405299,4.829888343811035
2735,-301.9855986022948,0,0,244,0.06474046080797893,4.7988996505737305
2736,-293.9345037182171,0,0,300,0.06467572034717095,1.376325011253357
2737,-211.48162216186552,0,0,240,0.06461104462682378,4.822905540466309
2738,-257.4593265914918,0,0,300,0.06454643358219696,2.654831647872925
2739,-10.29274151881668,0,0,300,0.06448188714861476,1.138384461402893
2740,-213.11996994018554,0,1,147,0.06441740526146615,4.504992485046387
2741,-37.77154304504394,0,0,148,0.06435298785620469,5.500385761260986
2742,-38.6308260345459,0,0,155,0.06428863486834849,5.522706508636475
2743,-185.48422439575205,0,0,287,0.06422434623348014,4.413556098937988
2744,-98.3108193206787,0,0,204,0.06416012188724667,5.345204830169678
2745,-39.806819686889625,0,0,163,0.06409596176535942,5.574204921722412
2746,-403.08361549377395,0,0,257,0.06403186580359406,4.5959038734436035
2747,-169.7837922668457,0,0,176,0.06396783393779047,4.943448066711426
2748,-254.23775131225622,0,0,300,0.06390386610385268,4.854437828063965
2749,-142.42880790710444,0,0,168,0.06383996223774882,4.874701976776123
2750,-49.04942352294918,0,0,168,0.06377612227551108,5.557355880737305
2751,-45.137825241088834,0,0,300,0.06371234615323557,5.849456310272217
2752,-36.15788414001465,0,0,144,0.06364863380708233,5.534471035003662
2753,-192.9952321624756,0,1,158,0.06358498517327525,4.4838080406188965
2754,-355.61427986145026,0,1,213,0.06352140018810197,4.498569965362549
2755,-35.79880180358887,0,0,131,0.06345787878791387,5.412200450897217
2756,-13.15006332477065,0,0,300,0.06339442090912595,0.8977149128913879
2757,-37.1300413044307,0,0,133,0.06333102648821683,5.6702094078063965
2758,-36.034254942736354,0,0,126,0.06326769546172861,5.7162628173828125
2759,-39.02567153930663,0,0,157,0.06320442776626688,5.80391788482666
2760,-35.48480044444534,0,0,125,0.06314122333850061,5.591399192810059
2761,-275.59192909240727,0,1,265,0.06307808211516211,2.0504822731018066
2762,-150.3376360026984,0,0,300,0.06301500403304695,2.08420991897583
2763,-50.024958314099564,0,0,195,0.0629519890290139,5.648540496826172
2764,-199.10307159423846,0,0,223,0.06288903703998489,4.98826789855957
2765,-63.1209798900273,0,0,160,0.0628261480029449,5.6925458908081055
2766,-64.80792395671331,0,0,300,0.06276332185494196,2.282180070877075
2767,-32.78303474426269,0,0,131,0.06270055853308702,5.523258686065674
2768,-40.08964614868163,0,0,133,0.06263785797455393,5.50991153717041
2769,-35.1842463684082,0,0,156,0.06257522011657937,5.653561592102051
2770,-48.30809001048537,0,0,162,0.0625126448964628,5.877221584320068
2771,-35.678674163818364,0,0,158,0.062450132251566336,5.74716854095459
2772,-50.243705872693326,0,0,175,0.062387682119314766,5.155727386474609
2773,-48.63731366077924,0,0,192,0.06232529443719545,5.521629333496094
2774,-32.50321861267089,0,0,130,0.06226296914275825,6.073304653167725
2775,-53.20749534606931,0,0,169,0.06220070617361549,5.829373836517334
2776,-32.37511642456052,0,0,300,0.062138505467441874,4.573779106140137
2777,-16.892899809679708,0,0,300,0.06207636696197443,2.1434240341186523
2778,-12.372683410644543,0,0,300,0.062014290595012456,1.4356708526611328
2779,-40.41144259532423,0,0,149,0.06195227630441744,5.705559730529785
2780,-35.49218940734863,0,0,125,0.06189032402811302,5.748047351837158
2781,-88.38614631652833,0,0,164,0.06182843370408491,5.59403657913208
2782,-111.80718223571778,0,0,288,0.061766605270380824,2.3467955589294434
2783,-137.92638053894038,0,0,185,0.061704838665110444,5.506595134735107
2784,-56.4169983204219,0,0,253,0.06164313382644533,6.369448661804199
2785,-33.686907606920926,0,0,125,0.06158149069261889,6.149425983428955
2786,-15.92019134521485,0,0,300,0.06151990920192627,1.090047836303711
2787,-35.449688826403346,0,0,127,0.06145838929272435,5.8201212882995605
2788,-97.94870513041946,0,0,249,0.061396930903431624,3.002375364303589
2789,-32.94092144886521,0,0,131,0.061335533972528195,5.825031280517578
2790,-177.99654009898634,0,1,137,0.061274198438555666,4.4893341064453125
2791,-336.9979631042476,0,0,250,0.06121292424011711,4.959490776062012
2792,-100.65385459899903,0,0,230,0.06115171131587699,2.603463649749756
2793,-62.18414123535153,0,0,168,0.06109055960456111,5.526035308837891
2794,-206.04621170043959,0,0,170,0.06102946904495655,4.829052925109863
2795,-57.540618790784144,0,0,129,0.06096843957591159,5.2899556159973145
2796,-153.99113761901856,0,0,171,0.06090747113633568,4.780284404754639
2797,-249.47982833862352,0,0,224,0.06084656366519934,4.999957084655762
2798,-48.29649780273436,0,0,137,0.06078571710153414,5.141624450683594
2799,-287.09140907287605,0,0,269,0.06072493138443261,4.620352268218994
2800,-114.1535276031494,0,0,176,0.060664206453048174,5.0733819007873535
2801,-96.4128423309326,0,0,206,0.06060354224659512,5.088210582733154
2802,-114.57503425598141,0,0,163,0.06054293870434853,5.363758563995361
2803,-210.31531997680685,0,0,280,0.06048239576564418,4.83882999420166
2804,-45.21880023082229,0,0,170,0.06042191336987854,5.697399139404297
2805,-47.83943020741011,0,0,164,0.06036149145650866,5.869658470153809
2806,-34.98758003234863,0,0,130,0.06030112996505215,5.879395008087158
2807,-158.10594917297362,0,1,230,0.0602408288350871,2.461487293243408
2808,-58.01976622661091,0,0,300,0.06018058800625201,2.3426406383514404
2809,-72.03234985351563,0,0,138,0.06012040741824576,5.250587463378906
2810,-161.012068939209,0,0,300,0.06006028701082751,5.140517234802246
2811,-46.0991948994014,0,0,171,0.060000226723816684,5.799997806549072
2812,-90.08701031605263,0,0,258,0.059940226497092866,5.291553497314453
2813,-33.279064941406254,0,0,133,0.05988028627059577,5.8697662353515625
2814,-42.4512633808467,0,0,143,0.05982040598432518,5.6855149269104
2815,-36.89502189636228,0,0,144,0.05976058557834085,5.666255474090576
2816,-100.85928059498332,0,0,176,0.05970082499276251,5.027121067047119
2817,-99.4847679901123,0,0,178,0.059641124167769746,5.101191997528076
2818,-34.89688552856446,0,0,137,0.059581483043601974,6.001721382141113
2819,-50.1987424468994,0,0,186,0.05952190156055837,5.7221856117248535
2820,-58.75483676910397,0,0,300,0.05946237965899782,2.633709192276001
2821,-7.961799212298116,0,0,300,0.05940291727933882,1.0956488847732544
2822,-84.27324859619141,0,0,291,0.05934351436205949,2.2758121490478516
2823,-43.641747027239525,0,0,300,0.05928417084769743,1.275635838508606
2824,-33.23002833445998,0,0,127,0.05922488667684973,5.695206165313721
2825,-23.94978816986081,0,0,300,0.05916566179017289,2.90494704246521
2826,-34.581631422838825,0,0,300,0.059106496128382716,1.2056069374084473
2827,-11.289975043139181,0,0,300,0.05904738963225433,1.3526928424835205
2828,-55.579188766479476,0,0,132,0.058988342242622074,5.284797191619873
2829,-206.6704905613278,0,0,300,0.058929353900379455,2.4628217220306396
2830,-51.298968811035145,0,0,152,0.058870424546479075,5.632242202758789
2831,-95.48322814941405,0,0,173,0.0588115541219326,5.698307037353516
2832,-91.805940132141,0,0,300,0.05875274256781066,2.5189850330352783
2833,-44.05650891224411,0,0,143,0.058693989825242855,5.981428146362305
2834,-287.82657981872563,0,0,278,0.058635295835417614,5.0791449546813965
2835,-95.19421676635736,0,0,300,0.058576660539582194,4.9760541915893555
2836,-37.473087081909185,0,0,135,0.058518083879042615,5.990771770477295
2837,-63.2676046284053,0,0,233,0.05845956579516357,4.617100238800049
2838,-59.56301162719727,0,0,155,0.05840110622936841,5.395752906799316
2839,-22.599974642595964,0,0,300,0.05834270512313904,1.0826927423477173
2840,-268.6085858154298,0,0,204,0.058284362418015906,4.969646453857422
2841,-31.972996902465823,0,0,188,0.05822607805559789,5.505749225616455
2842,-90.73335838317873,0,0,159,0.05816785197754229,4.870839595794678
2843,-33.21911651611325,0,0,300,0.05810968412556475,4.47477912902832
2844,-22.953984728655545,0,0,300,0.058051574441439185,1.1761952638626099
2845,-267.59274505615247,0,0,222,0.05799352286699774,4.713186264038086
2846,-261.4593838500978,0,0,264,0.057935529344130744,4.644845962524414
2847,-29.515277387303634,0,0,300,0.05787759381478661,2.4367175102233887
2848,-11.935933104357451,0,0,300,0.057819716220971824,1.359182357788086
2849,-40.88203247070311,0,0,133,0.05776189650475085,5.263008117675781
2850,-37.53330967823532,0,0,131,0.0577041346082461,5.828128337860107
2851,-172.46980567932127,0,0,208,0.05764643047363786,4.814951419830322
2852,-52.113070905204545,0,0,300,0.05758878404316422,0.8626704812049866
2853,-203.44908309936523,0,0,164,0.05753119525912106,4.859770774841309
2854,-120.79918571472167,0,0,147,0.05747366406386194,4.95979642868042
2855,-124.48901588439938,0,0,179,0.057416190399798075,5.1672539710998535
2856,-43.7680211933467,0,0,150,0.05735877420939828,5.7297043800354
2857,-109.23516670227052,0,0,159,0.05730141543518888,4.956291675567627
2858,-296.95244796752945,0,0,239,0.05724411401975369,4.968111991882324
2859,-38.12347379684446,0,0,300,0.057186869905733934,1.0533684492111206
2860,-21.501305828890537,0,0,300,0.0571296830358282,0.9955255389213562
2861,-28.335910578570083,0,0,300,0.05707255335279238,1.2016767263412476
2862,-34.081211166381834,0,0,122,0.057015480799439584,5.500302791595459
2863,-59.167083282470664,0,0,145,0.05695846531864014,5.286770820617676
2864,-9.265855017504416,0,0,300,0.0569015068533215,0.7041628360748291
2865,-22.70219717740617,0,0,296,0.05684460534646818,0.6549520492553711
2866,-4.342769833407133,0,0,300,0.05678776074112171,0.7158915400505066
2867,-41.937066926160114,0,0,148,0.056730972980380594,5.639067649841309
2868,-39.984022416272424,0,0,133,0.05667424200740021,5.238306522369385
2869,-13.693633833727569,0,0,300,0.05661756776539281,1.0361075401306152
2870,-35.309017973742215,0,0,129,0.05656095019762742,5.679953575134277
2871,-31.13748629649612,0,0,123,0.056504389247429794,5.574570655822754
2872,-12.053246239023755,0,0,300,0.05644788485818236,0.83541339635849
2873,-10.2865880393982,0,0,300,0.05639143697332418,1.1116470098495483
2874,-43.50756510814162,0,0,161,0.05633504553635086,5.852090358734131
2875,-51.007124434313454,0,0,260,0.05627871049081451,5.5594801902771
2876,-17.09401948054763,0,0,300,0.0562224317803237,1.0662039518356323
2877,-38.33501083374025,0,0,202,0.056166209348543376,5.503752708435059
2878,-145.03174761851756,0,0,300,0.056110043139194835,4.745635986328125
2879,-12.358607474169467,0,0,300,0.05605393309605564,1.0398509502410889
2880,-52.90117863575483,0,0,158,0.055997879162959584,5.34259557723999
2881,-36.10066410938767,0,0,124,0.055941881283796624,5.909966945648193
2882,-26.656887531280503,0,0,281,0.055885939402512824,1.3517218828201294
2883,-53.73378840526072,0,0,234,0.05583005346311031,5.453646183013916
2884,-39.69667503356932,0,0,176,0.0557742234096472,5.744168758392334
2885,-9.94754282077286,0,0,300,0.055718449186237556,0.8820847868919373
2886,-27.569829054674834,0,0,124,0.055662730737051316,5.622656345367432
2887,-10.384177894592295,0,0,300,0.055607068006314264,0.9785444736480713
2888,-30.470798369250023,0,0,154,0.05555146093830795,5.8353986740112305
2889,-57.580325546264625,0,0,139,0.05549590947736964,5.285081386566162
2890,-39.80262527465818,0,0,134,0.05544041356789227,5.238156318664551
2891,-50.263969221911154,0,0,209,0.05538497315432438,5.803691387176514
2892,-33.522617768445286,0,0,131,0.05532958818117005,5.770455360412598
2893,-52.45782559315231,0,0,300,0.05527425859298888,5.5717573165893555
2894,-38.49955032348629,0,0,172,0.05521898433439589,5.567387580871582
2895,-36.091913528442376,0,0,163,0.0551637653500615,5.567978382110596
2896,-45.95510188182327,0,0,130,0.05510860158471143,5.883974552154541
2897,-14.564008131823279,0,0,300,0.05505349298312672,1.041201114654541
2898,-66.81057922363281,0,0,226,0.054998439490143596,5.535144805908203
2899,-56.90457385142774,0,0,175,0.05494344105065345,5.491342544555664
2900,-38.047925461926724,0,0,138,0.05488849760960279,5.516782283782959
2901,-34.9474596873906,0,0,132,0.05483360911199319,5.366665840148926
2902,-39.02335502624511,0,0,150,0.0547787755028812,5.375838756561279
2903,-51.4182911388066,0,0,156,0.054723996727378314,5.71937370300293
2904,-26.879194622835797,0,0,300,0.054669272730650934,0.8724977374076843
2905,-59.17343325694534,0,0,211,0.05461460345792028,5.616057395935059
2906,-48.17005688587692,0,0,159,0.054559988854462366,5.777315139770508
2907,-67.01311459461718,0,0,244,0.054505428865607906,5.655579566955566
2908,-43.49936294555664,0,0,167,0.0544509234367423,5.62484073638916
2909,-13.908512325286884,0,0,300,0.05439647251330556,1.0471280813217163
2910,-44.22638076782225,0,0,150,0.054342076040792255,5.696595191955566
2911,-37.42260574340821,0,0,121,0.054287733964751464,5.795651435852051
2912,-11.300586729845733,0,0,300,0.054233446230786714,1.1278457641601562
2913,-86.18691861073043,0,0,300,0.054179212784555925,2.2065305709838867
2914,-20.257975827839672,0,0,300,0.05412503357177137,0.8950031399726868
2915,-30.657494489354516,0,0,300,0.0540709085381996,1.237271785736084
2916,-52.51430111805458,0,0,300,0.0540168376296614,2.1158761978149414
2917,-36.533748521008754,0,0,129,0.053962820792031733,5.163238048553467
2918,-48.14058700561522,0,0,133,0.053908857971239704,5.432646751403809
2919,-34.12351455688477,0,0,132,0.05385494911326846,5.368378639221191
2920,-141.77657910267394,0,0,300,0.0538010941641552,2.3314456939697266
2921,-72.49660751342776,0,0,174,0.05374729306999104,5.194151878356934
2922,-68.63260803222657,0,0,141,0.05369354577692105,5.508152008056641
2923,-333.64787506103505,0,0,289,0.053639852231144126,4.601968765258789
2924,-87.87274311939736,0,0,300,0.053586212378912985,2.9729866981506348
2925,-149.78165672302237,0,0,204,0.05353262616653407,4.887914180755615
2926,-39.98454956054685,0,0,132,0.053479093540367534,5.486137390136719
2927,-55.53900118907423,0,0,135,0.05342561444682717,5.579949378967285
2928,-116.56409518321482,0,0,155,0.05337218883238034,4.846222877502441
2929,-83.46504895130661,0,0,300,0.053318816643547956,2.6385631561279297
2930,-80.67278475841023,0,0,160,0.05326549782690441,5.6158952713012695
2931,-124.83332008361815,0,0,161,0.053212232329077506,4.973330020904541
2932,-52.79729456981153,0,0,156,0.05315902009674843,5.584522724151611
2933,-216.58543327331572,0,0,181,0.05310586107665168,4.888858318328857
2934,-123.09013529857125,0,0,194,0.05305275521557503,4.967732906341553
2935,-115.45675674438475,0,0,178,0.052999702460359455,4.886689186096191
2936,-99.66388397216792,0,0,199,0.052946702757899096,4.903470993041992
2937,-100.0502155685425,0,0,258,0.0528937560551412,2.30255389213562
2938,-116.81120689392083,0,0,194,0.05284086229908606,5.120301723480225
2939,-51.737397375902866,0,0,300,0.05278802143678697,2.1970484256744385
2940,-63.937247619628884,0,0,175,0.052735233415350184,5.206811904907227
2941,-12.784184561571815,0,0,300,0.052682498181934836,1.0412452220916748
2942,-152.23639427185054,0,0,189,0.052629815683752905,5.0315985679626465
2943,-114.35650067249794,0,0,194,0.05257718586806915,5.078926086425781
2944,-31.462627410888665,0,0,123,0.05252460868220108,5.553156852722168
2945,-149.9442476272584,0,0,300,0.05247208407351888,2.511061906814575
2946,-55.82484214782714,0,0,194,0.052419611989445364,5.536210536956787
2947,-186.03351582447564,0,0,300,0.05236719237745592,4.788179874420166
2948,-13.256146651110386,0,0,300,0.05231482518507846,1.2542357444763184
2949,-165.35160385131832,0,0,283,0.052262510359893384,4.93540096282959
2950,-39.88122813304396,0,0,143,0.05221024784953349,5.550506114959717
2951,-90.37896995544435,0,0,186,0.05215803760168396,5.019742488861084
2952,-129.23665832519526,0,0,217,0.052105879564082275,4.811664581298828
2953,-115.14674163818357,0,0,264,0.05205377368451819,2.5341854095458984
2954,-121.1295059585571,0,0,276,0.052001719910833674,2.6973764896392822
2955,-8.890174923739153,0,0,300,0.05194971819092284,0.7052428126335144
2956,-249.13145469665565,0,0,300,0.05189776847273191,4.660363674163818
2957,-74.35760437011716,0,0,180,0.05184587070425918,5.311901092529297
2958,-158.92124282836915,0,0,252,0.05179402483355492,5.012810707092285
2959,-272.402314682007,0,0,300,0.05174223080872137,5.033078670501709
2960,-43.63959266662587,0,0,300,0.05169048857791265,2.404898166656494
2961,-106.11949157714841,0,0,188,0.051638798089334734,5.154872894287109
2962,-153.62187553405755,0,0,191,0.051587159291245396,4.902968883514404
2963,-7.234683072563039,0,0,300,0.05153557213195415,0.9305735230445862
2964,-98.83701080322267,0,0,179,0.0514840365598222,5.099252700805664
2965,-247.4647749034555,0,0,300,0.05143255252326238,5.540994644165039
2966,-51.15849047740433,0,0,240,0.05138111997073912,2.7723217010498047
2967,-107.47711539348072,0,0,300,0.05132973885076838,0.7419779300689697
2968,-240.58327372630595,0,0,263,0.05127840911191761,4.5610175132751465
2969,-6.014321708679205,0,0,300,0.05122713070280569,1.3410804271697998
2970,-47.57372398376464,0,0,184,0.05117590357210289,5.593430995941162
2971,-14.070104952654575,0,0,300,0.05112472766853079,1.5477253198623657
2972,-4.960651473999032,0,0,300,0.05107360294086226,1.0326628684997559
2973,-86.72110328674316,0,0,159,0.051022529337921396,5.092775821685791
2974,-198.0553874969484,0,0,300,0.05097150680858348,4.7013468742370605
2975,-144.7187683105468,0,0,201,0.05092053530177489,5.067192077636719
2976,-125.90476852416994,0,0,199,0.050869614766473115,5.1486921310424805
2977,-10.874374543032355,0,0,300,0.05081874515170664,0.6762927174568176
2978,-160.37650901794422,0,0,187,0.050767926406554933,5.076627254486084
2979,-21.8339786410292,0,0,300,0.05071715848014838,1.0303974151611328
2980,-12.076483794054722,0,0,300,0.050666441321668226,0.9368200302124023
2981,-104.59107284545894,0,0,167,0.050615774880346555,5.197768211364746
2982,-99.63602630615232,0,0,214,0.05056515910546621,5.054006576538086
2983,-6.028268184661864,0,0,300,0.05051459394636074,1.2345670461654663
2984,-30.52458324511977,0,0,300,0.050464079352414384,0.9038448929786682
2985,-218.62692573547378,0,0,300,0.05041361527306197,4.961731433868408
2986,-27.229864207110122,0,0,300,0.05036320165778891,1.9701651334762573
2987,-330.2882406616211,0,0,233,0.05031283845613112,4.824560165405273
2988,-2.931199185844292,0,0,300,0.05026252561767499,0.5847025513648987
2989,-118.12616466522216,0,0,287,0.05021226309205731,2.471541166305542
2990,-32.97625712474319,0,0,125,0.05016205082896526,5.6692633628845215
2991,-44.89991633494823,0,0,211,0.05011188877813629,5.805178165435791
2992,-22.562130347094165,0,0,300,0.05006177688935816,2.04073166847229
2993,-217.48471748352048,0,1,123,0.0500117151124688,4.466179370880127
2994,-36.6463844807995,0,0,300,0.04996170339735633,0.9023924469947815
2995,-211.5658977508548,0,0,224,0.049911741693958976,4.878974437713623
2996,-13.142701930999781,0,0,300,0.04986182995226502,1.143175482749939
2997,-30.97401049693556,0,0,300,0.049811968122312755,1.0462017059326172
2998,-38.691980009875024,0,0,164,0.04976215615419044,5.9506940841674805
2999,-7.251697883605942,0,0,300,0.04971239399803625,0.9729244709014893
3000,-134.63838317871094,0,0,154,0.049662681604038215,4.777095794677734
3001,-34.648064498901206,0,0,300,0.04961301892243418,1.3795161247253418
3002,-78.2573374938965,0,0,166,0.04956340590351174,4.896834373474121
3003,-43.210158644518586,0,0,197,0.04951384249760823,5.722738742828369
3004,-85.17374900817875,0,0,265,0.04946432865511062,2.4084372520446777
3005,-155.63435821533196,0,0,196,0.04941486432645551,4.771089553833008
3006,-184.17534533580283,0,0,225,0.049365449462129056,4.814035415649414
3007,-261.3073353282602,0,0,264,0.049316084012666926,5.154134750366211
3008,-30.594204054674826,0,0,125,0.04926676792865426,5.931250095367432
3009,-36.94068087657425,0,0,165,0.0492175011607256,5.760369300842285
3010,-105.03654513438674,0,0,153,0.049168283659564875,4.91933536529541
3011,-46.91559765576918,0,0,300,0.04911911537590531,0.9283021688461304
3012,-10.081654349169453,0,0,300,0.04906999626052941,1.0706126689910889
3013,-33.13026072581741,0,0,138,0.04902092626426888,5.775264263153076
3014,-165.03817855834993,0,0,198,0.04897190533800461,5.479544639587402
3015,-91.08912139892581,0,0,145,0.0489229334326666,5.069780349731445
3016,-1.8457964332911716,0,0,300,0.048874010499233934,0.7606588006019592
3017,-40.46604145924118,0,0,131,0.048825136488734704,5.771311283111572
3018,-115.59698603709674,0,0,300,0.04877631135224597,4.8394455909729
3019,2.264669182304532,0,0,300,0.04872753504089373,0.6907354593276978
3020,-53.25145862579345,0,0,300,0.048678807505852836,1.1303646564483643
3021,-117.91104952891797,0,0,222,0.048630128698346986,4.807961463928223
3022,-163.17730311473343,0,0,187,0.04858149856964864,4.90702486038208
3023,-10.215650721392365,0,0,300,0.04853291707107899,1.196611762046814
3024,-144.6067635639521,0,0,236,0.048484384154007916,5.096889972686768
3025,-29.91623499949905,0,0,129,0.04843589976985391,5.656757831573486
3026,-57.24644438743584,0,0,300,0.04838746387008405,0.6441110968589783
3027,-28.94871317943069,0,0,127,0.04833907640621397,5.6423773765563965
3028,-121.54927310069527,0,0,300,0.04829073732980775,4.987517356872559
3029,-170.26921066284183,0,0,266,0.04824244659247794,4.919802665710449
3030,-17.26107423543534,0,0,300,0.04819420414588547,0.6521713137626648
3031,-15.303951531252594,0,0,300,0.048146009941739586,0.6286869645118713
3032,-7.842860221862778,0,0,300,0.048097863931797845,1.0857150554656982
3033,-28.304850569567414,0,0,125,0.04804976606786605,5.638911724090576
3034,-24.805367679595914,0,0,300,0.048001716301798183,0.7088419198989868
3035,-11.135312824249276,0,0,300,0.04795371458549638,1.088828206062317
3036,-12.10346758207213,0,0,300,0.047905760870910884,0.9241632223129272
3037,-190.54465013504094,0,0,300,0.047857855110039975,1.6836625337600708
3038,-11.71265359878538,0,0,300,0.04780999725492994,1.31316339969635
3039,-10.103726816177366,0,0,300,0.04776218725767501,0.9959119558334351
3040,-26.40950439453125,0,0,127,0.047714425070417336,6.2323760986328125
3041,-11.933130512237552,0,0,300,0.047666710645346916,1.1682826280593872
3042,-10.206131401062002,0,0,300,0.047619043934701566,1.066532850265503
3043,-8.307142067751613,0,0,300,0.047571424890766864,0.6869845986366272
3044,-39.28052798350784,0,0,151,0.0475238534658761,5.590331077575684
3045,-36.39465118408203,0,0,125,0.047476329612410224,5.783662796020508
3046,-4.925076665878301,0,0,300,0.04742885328279781,0.808769166469574
3047,-21.48241674423217,0,0,300,0.04738142442951501,1.0281041860580444
3048,-69.54672119140625,0,0,196,0.047334043005085494,5.5816802978515625
3049,-3.4723431690547217,0,0,300,0.047286708962080405,1.0007848739624023
3050,-27.57826171875,0,0,127,0.04723942225311833,6.1170654296875
3051,-51.85319219668833,0,0,300,0.04719218283086521,0.9959971308708191
3052,-28.07549537658691,0,0,131,0.047144990648034346,5.4213738441467285
3053,-5.060075820292335,0,0,300,0.04709784565738631,0.928315281867981
3054,-17.754857741198265,0,0,300,0.047050747811728924,1.196413516998291
3055,-135.51475550731146,0,0,200,0.047003697063917195,4.996387958526611
3056,-3.921182403564447,0,0,300,0.04695669336685328,1.0402956008911133
3057,-21.635455351671904,0,0,300,0.04690973667348643,1.9115629196166992
3058,-37.848227539062506,0,0,161,0.04686282693681294,5.764556884765625
3059,-32.902530165514676,0,0,156,0.04681596410987613,5.668331623077393
3060,-29.703349715075213,0,0,125,0.04676914814576626,5.828536510467529
3061,-23.619946568812196,0,0,300,0.04672237899762049,0.6857829689979553
3062,-21.126778651079867,0,0,300,0.046675656618622864,1.641893744468689
3063,-4.254225455126471,0,0,300,0.04662898096200424,0.8212554454803467
3064,-140.68593501329457,0,0,300,0.046582351981042235,1.1415401697158813
3065,-54.11154396057126,0,0,179,0.04653576962906119,5.760385990142822
3066,-32.291015730700224,0,0,129,0.04648923385943213,5.855453014373779
3067,-33.78250923156739,0,0,135,0.04644274462557269,5.658127307891846
3068,-39.709664183459005,0,0,150,0.04639630188094712,5.592615127563477
3069,-30.374734450182636,0,0,121,0.046349905579066174,5.828882694244385
3070,-26.431321563720704,0,0,124,0.04630355567348711,6.122830390930176
3071,-26.658066711425782,0,0,122,0.046257252117813626,5.862016677856445
3072,-6.201301918029771,0,0,300,0.04621099486569581,0.7728254795074463
3073,-29.69528979381058,0,0,130,0.04616478387083012,5.874021530151367
3074,-28.14241386413574,0,0,126,0.04611861908695929,5.9706034660339355
3075,-26.167754476066406,0,0,300,0.04607250046787233,0.5938413739204407
3076,-37.002607574462886,0,0,124,0.04602642796740446,5.753151893615723
3077,-25.788409071764676,0,0,129,0.045980401539437055,5.612301349639893
3078,-82.4884110832213,0,0,300,0.04593442113789762,1.3996027708053589
3079,-30.62757469177246,0,0,130,0.04588848671675972,6.091893672943115
3080,-4.041821406687618,0,0,300,0.04584259823004296,0.5837516784667969
3081,-29.10889643748733,0,0,133,0.045796755631812916,5.852423191070557
3082,-10.662248011431434,0,0,300,0.0457509588761811,0.6332610845565796
3083,-13.611005008216692,0,0,300,0.04570520791730492,0.6121540069580078
3084,-5.750131099220148,0,0,300,0.04565950270938761,0.5144355297088623
3085,-60.217193861803764,0,0,148,0.045613843206678224,5.546997547149658
3086,-8.97097723007201,0,0,300,0.045568229363471546,0.8252443075180054
3087,-27.874739867052757,0,0,134,0.04552266113410808,5.596384048461914
3088,-78.2010986232755,0,0,300,0.04547713847297397,0.8777746558189392
3089,-64.16266101837157,0,0,300,0.045431661334501,1.4931652545928955
3090,-27.639868422350613,0,0,132,0.0453862296731665,5.552666187286377
3091,-4.691994409561144,0,0,300,0.04534084344349334,0.9904986023902893
3092,-7.751811456680295,0,0,300,0.045295502600049845,0.8254528641700745
3093,-42.22177798350784,0,0,137,0.04525020709744979,5.660643577575684
3094,-11.109226531982431,0,0,300,0.045204956890352345,1.0098066329956055
3095,-29.37950869639846,0,0,125,0.04515975193346199,6.10257625579834
3096,-12.813330584368417,0,0,300,0.04511459218152853,0.8435317277908325
3097,-98.04756495555371,0,0,215,0.045069477589347,4.892090320587158
3098,-3.248371734619116,0,0,300,0.045024408111757654,0.8395929336547852
3099,-10.941531991958604,0,0,300,0.044979383703645896,0.8978829979896545
3100,-86.87671382029984,0,0,168,0.04493440431994225,6.261877536773682
3101,-28.951887896860914,0,0,300,0.04488946991562231,0.9662683010101318
3102,-10.577938929400172,0,0,300,0.04484458044570669,0.9196838140487671
3103,-320.29302345275886,0,1,159,0.04479973586526098,4.483255863189697
3104,-22.78575798988339,0,0,300,0.04475493612939572,0.6414394974708557
3105,-40.97745669444535,0,0,124,0.04471018119326632,5.772063255310059
3106,-5.142704089487892,0,0,300,0.044665471012073056,0.9439723491668701
3107,-215.67624572753914,0,0,201,0.04462080554106098,4.721561431884766
3108,-10.97676610311399,0,0,300,0.04457618473551992,0.8624878525733948
3109,-16.661652336120586,0,0,300,0.0445316085507844,0.9129130840301514
3110,-147.8395315655086,0,1,253,0.04448707694223361,1.7325819730758667
3111,-34.33083140452835,0,0,140,0.04444258986529138,5.6129069328308105
3112,-15.988755970001227,0,0,300,0.044398147275426084,0.7396889925003052
3113,-8.285928437705833,0,0,300,0.044353749128150655,0.8408848643302917
3114,-23.24923845290743,0,0,299,0.0443093953790225,0.6179692149162292
3115,-33.17251421928402,0,0,300,0.04426508598364348,0.8506285548210144
3116,-25.34633363723753,0,0,300,0.044220820897659836,0.8015834093093872
3117,-20.249072983260962,0,0,278,0.044176600076762176,0.5209762454032898
3118,-25.868626155853256,0,0,300,0.04413242347668542,0.8946565389633179
3119,-116.86976356506337,0,0,300,0.04408829105320873,5.542440891265869
3120,-85.07093258778121,0,0,300,0.044044202762155524,2.405034065246582
3121,-36.35148722728225,0,0,130,0.04400015855939337,5.693070888519287
3122,-28.716479216417994,0,0,127,0.04395615840083398,5.949318885803223
3123,-30.501369429430696,0,0,132,0.04391220224243315,5.6980414390563965
3124,-30.887170973620137,0,0,133,0.043868290040190716,5.98449182510376
3125,-32.87869464000198,0,0,129,0.04382442175015053,5.627372741699219
3126,-45.660522490343766,0,0,168,0.043780597328400374,5.905329704284668
3127,-38.891752882799835,0,0,126,0.04373681673107197,5.615637302398682
3128,-6.5834365272521955,0,0,300,0.0436930799143409,0.9483591318130493
3129,-27.29248835643264,0,0,124,0.043649386834426554,5.628321170806885
3130,-9.93843138774366,0,0,300,0.04360573744759213,0.9498069286346436
3131,-32.83899806102249,0,0,127,0.04356213171014454,5.712448596954346
3132,-33.293358717760775,0,0,126,0.04351856957843439,5.843538761138916
3133,-32.09345034678909,0,0,126,0.04347505100885596,6.073561668395996
3134,-32.82275080760452,0,0,129,0.0434315759578471,5.9533867835998535
3135,-21.28267958720649,0,0,300,0.04338814438188925,2.748368978500366
3136,-29.056994582018575,0,0,122,0.043344756237507366,6.036947727203369
3137,-41.914901199340804,0,0,122,0.043301411481269855,5.618725299835205
3138,-20.966709976196217,0,0,300,0.04325811006978859,2.8966774940490723
3139,-82.01952601512407,0,0,300,0.043214851959718796,2.3125805854797363
3140,-26.77112080494431,0,0,121,0.04317163710775908,5.5025811195373535
3141,-32.27440493663284,0,0,126,0.04312846547065132,6.396300315856934
3142,-34.60620257457229,0,0,126,0.04308533700518067,6.344249725341797
3143,-31.47311305125686,0,0,129,0.04304225166817549,6.6184773445129395
3144,-38.09503565867874,0,0,126,0.04299920941650732,6.493957996368408
3145,-32.97854388316604,0,0,121,0.04295621020709081,6.209835052490234
3146,-29.6231478794429,0,0,300,0.04291325399688372,1.8009860515594482
3147,-45.752641983032206,0,0,170,0.042870340742886835,5.545660495758057
3148,-16.9061814117431,0,0,300,0.04282747040214395,1.831545352935791
3149,-15.438655966120308,0,0,300,0.042784642931741806,1.0217658281326294
3150,-36.64613754272461,0,0,136,0.04274185828881007,5.706534385681152
3151,-34.289656782946324,0,0,132,0.04269911643052126,6.220113277435303
3152,-34.91955973704788,0,0,128,0.04265641731409074,6.285089015960693
3153,-37.69807520945997,0,0,147,0.04261376089677665,6.319717884063721
3154,-32.402382613024436,0,0,133,0.042571147135879873,5.535794734954834
3155,-172.33964675903326,0,0,199,0.042528575988743995,4.912411689758301
3156,-38.46314822276565,0,0,132,0.04248604741275525,6.273486137390137
3157,-37.94118044932815,0,0,129,0.0424435613653425,5.550494194030762
3158,-37.581740294298854,0,0,128,0.04240111780397716,5.9156341552734375
3159,-37.372497130236354,0,0,139,0.04235871668617318,6.0158233642578125
3160,-33.607242507934565,0,0,127,0.042316357969487,5.546810626983643
3161,-14.147738161883087,0,0,300,0.042274041611517515,1.2371336221694946
3162,-34.12467926025391,0,0,128,0.042231767569906,5.548669815063477
3163,-34.09448084910842,0,0,131,0.042189535802336094,5.55881929397583
3164,-35.841362944445336,0,0,123,0.042147346266533756,6.085539817810059
3165,-36.15466134150954,0,0,300,0.04210519892026722,0.9313644170761108
3166,-19.236560431322754,0,0,300,0.04206309372134695,1.159339189529419
3167,-37.94265678405762,0,0,131,0.042021030627625605,5.415664196014404
3168,-41.02361160278318,0,0,172,0.041979009596997977,5.490902900695801
3169,-37.909502029418945,0,0,149,0.041937030587400975,5.602375507354736
3170,-36.13041678508253,0,0,300,0.041895093556813576,1.2403032779693604
3171,-122.02001382668546,0,0,300,0.04185319846325676,4.754605293273926
3172,-11.110452540720805,0,0,300,0.041811345264793506,0.8609094619750977
3173,-11.785618544420927,0,0,300,0.041769533919528715,2.194103717803955
3174,-47.220014754137694,0,0,200,0.041727764385609184,5.755202770233154
3175,-24.19074325641125,0,0,300,0.041686036621223575,0.9703848958015442
3176,-179.62691046794384,0,1,288,0.04164435058460235,1.7744266986846924
3177,-28.85018096923828,0,0,127,0.041602706234017746,5.43504524230957
3178,-25.22944744824966,0,0,300,0.04156110352778373,0.7292646169662476
3179,-27.46255966424546,0,0,283,0.04151954242425594,0.6522936224937439
3180,-25.852318954467776,0,0,127,0.04147802288183169,5.600579738616943
3181,-20.029288520812894,0,0,300,0.041436544858949854,2.134822130203247
3182,-39.89842361450194,0,0,130,0.041395108314090906,5.489605903625488
3183,-21.7282928347548,0,0,285,0.04135371320577681,0.9039759635925293
3184,-35.286035461425776,0,0,124,0.04131235949257103,5.529008865356445
3185,-51.02980133056638,0,0,211,0.04127104713307846,5.642450332641602
3186,-38.81850234985352,0,0,139,0.041229776085945385,5.412125587463379
3187,-102.42456085205079,0,0,164,0.04118854630985944,5.213640213012695
3188,-83.5004689025879,0,0,137,0.04114735776354959,4.955117225646973
3189,-127.97401527404786,0,0,160,0.04110621040578604,4.796003818511963
3190,-69.0819719696045,0,0,242,0.04106510419538025,5.497992992401123
3191,-9.14324352979264,0,0,300,0.04102403909118487,0.8602136373519897
3192,-60.07333541870116,0,0,142,0.04098301505209369,4.953333854675293
3193,-160.27666239818134,0,0,300,0.040942032037041595,1.1793646812438965
3194,-293.72038299560546,0,0,300,0.04090109000500455,4.725095748901367
3195,-173.09767631530758,0,1,112,0.04086018891499955,4.514419078826904
3196,-101.39147682189942,0,0,189,0.04081932872608455,4.8603692054748535
3197,-128.2081870269775,0,0,161,0.04077850939735846,4.822046756744385
3198,-212.25979866027848,0,0,184,0.04073773088796111,4.77994966506958
3199,-151.11491485595695,0,0,236,0.04069699315707315,4.788728713989258
3200,-256.2190178680422,0,0,289,0.04065629616391608,5.084754467010498
3201,-171.61327522277844,0,0,163,0.040615639867752164,4.85831880569458
3202,-283.27329383850093,0,0,215,0.040575024227884414,5.040823459625244
3203,-206.30035156249988,0,0,278,0.04053444920365653,4.840087890625
3204,-201.68524299621598,0,0,300,0.040493914754452874,4.956310749053955
3205,-478.94851513782953,0,0,300,0.04045342083969842,4.686929702758789
3206,-133.0046719360351,0,0,177,0.04041296741885872,5.093667984008789
3207,-352.4028840637208,0,1,289,0.04037255445143986,4.523221015930176
3208,-130.08204147338864,0,0,226,0.04033218189698842,5.215510368347168
3209,-199.1307231140138,0,0,261,0.040291849715091435,5.190180778503418
3210,-46.86275549968218,0,0,300,0.04025155786537634,1.5358879566192627
3211,-118.78010203441113,0,0,289,0.04021130630751096,4.875224590301514
3212,-108.28260192871092,0,0,165,0.04017109500120345,4.920650482177734
3213,-227.46439135631087,0,0,239,0.040130923906202244,4.831296920776367
3214,-51.01331645965573,0,0,300,0.04009079298229604,2.6733291149139404
3215,-50.18705536842336,0,0,300,0.040050702189313746,0.8542638421058655
3216,-89.99209915161134,0,0,191,0.04001065148712443,5.283024787902832
3217,-58.667546625933355,0,0,283,0.03997064083563731,1.1970857381820679
3218,-71.6162924663212,0,0,287,0.039930670194801676,5.658874034881592
3219,-55.84543629010636,0,0,300,0.03989073952460687,0.5814612507820129
3220,-145.49744770050057,0,0,300,0.039850848785082264,3.131861925125122
3221,-77.4093006046624,0,0,300,0.03981099793629718,0.8400242328643799
3222,-47.46147048950193,0,0,204,0.03977118693836088,5.520367622375488
3223,-366.51829193115225,0,0,247,0.03973141575142252,4.947072982788086
3224,-29.45287467956543,0,0,180,0.0396916843356711,5.920718669891357
3225,-432.4247898864744,0,0,285,0.03965199265133543,4.736197471618652
3226,-33.47940429687501,0,0,159,0.03961234065868409,5.47235107421875
3227,-36.16622024536133,0,0,144,0.039572728318025406,5.526555061340332
3228,-137.93148726542947,0,0,300,0.03953315558970738,2.6205708980560303
3229,-300.5477668293332,0,0,281,0.03949362243411767,4.847140789031982
3230,-119.45174972534178,0,0,137,0.03945412881168355,4.757937431335449
3231,-113.79652613719435,0,0,176,0.03941467468287187,5.2118306159973145
3232,-148.01958033641313,0,0,224,0.03937526000818899,5.135094165802002
3233,-266.2236226654055,0,0,287,0.039335884748180804,4.903405666351318
3234,-119.28749026378131,0,0,164,0.039296548863432625,4.909571647644043
3235,-89.42255157470706,0,0,175,0.03925725231456919,4.995637893676758
3236,-89.71716425975293,0,0,187,0.039217995062254624,4.869490146636963
3237,-98.11325350841018,0,0,159,0.03917877706719237,4.8610124588012695
3238,-82.42984660228223,0,0,132,0.03913959829012518,5.147660732269287
3239,-33.43629837036133,0,0,149,0.03910045869183505,5.546574592590332
3240,-92.78026026805374,0,0,152,0.03906135823314322,5.082764148712158
3241,-250.75618637084966,0,0,156,0.03902229687491007,4.656546592712402
3242,-42.423755416870094,0,0,218,0.03898327457803516,5.540938854217529
3243,-103.8573713684082,0,0,143,0.038944291303457126,4.891842842102051
3244,-184.66166435241706,0,0,152,0.03890534701215367,4.887916088104248
3245,-107.69233340342971,0,0,207,0.03886644166514151,5.060782432556152
3246,-13.541117542582109,0,0,300,0.03882757522347637,0.9848812222480774
3247,-88.26587489207716,0,0,158,0.038788747648252894,5.181667804718018
3248,-192.88126454273728,0,1,160,0.03874995890060464,4.510117053985596
3249,-423.76999557495094,0,0,287,0.03871120894170404,4.722498893737793
3250,-257.8130648803712,0,0,236,0.03867249773276234,4.873266220092773
3251,-35.23806655883789,0,0,125,0.038633825235029576,5.527016639709473
3252,-115.83095454295606,0,0,150,0.038595191409794546,4.957937717437744
3253,-20.052360734143434,0,0,300,0.03855659621838475,2.525391101837158
3254,-80.48490943908682,0,0,278,0.03851803962216637,5.5212273597717285
3255,-99.51001579284666,0,0,235,0.0384795215825442,5.04750394821167
3256,-58.483555937609395,0,0,300,0.03844104206096166,2.393588066101074
3257,-24.629386549792024,0,0,300,0.0384026010189007,1.1850457191467285
3258,-224.42429534912128,0,0,148,0.0383641984178818,4.876073837280273
3259,-29.047544432482454,0,0,128,0.03832583421946392,5.459585189819336
3260,-156.35787379344436,0,0,185,0.03828750838524446,4.9321675300598145
3261,-304.6168563842774,0,1,139,0.03824922087685922,4.454214096069336
3262,-9.672200308642106,0,0,300,0.038210971655982355,1.263249158859253
3263,-444.86782099803395,0,0,287,0.03817276068432637,4.897154331207275
3264,-42.88103764613601,0,0,300,0.03813458792364205,1.360458493232727
3265,-33.678359375,0,0,126,0.03809645333571841,6.20458984375
3266,-17.876336184343916,0,0,300,0.03805835688238269,1.006783127784729
3267,-185.1354963978145,0,1,158,0.038020298525500304,4.526573181152344
3268,-283.8296488952636,0,0,172,0.0379822782269748,4.727412223815918
3269,-183.92640113830566,0,1,101,0.037944295948747826,4.481600284576416
3270,-108.71225532531736,0,0,153,0.03790635165279908,4.905563831329346
3271,-37.67894297679398,0,0,122,0.037868445301146275,5.964934825897217
3272,-76.0405482014034,0,0,206,0.03783057685584513,5.5403361320495605
3273,-93.14875041087602,0,0,159,0.037792746278989285,4.882386684417725
3274,-100.39430450439451,0,0,163,0.03775495353271029,5.038576126098633
3275,-143.45305641174315,0,0,153,0.03771719857917758,4.780764102935791
3276,-73.81106379588576,0,0,151,0.0376794813805984,5.630465030670166
3277,-176.29310191234066,0,0,240,0.0376418018992178,5.5384745597839355
3278,-130.22309783935543,0,0,233,0.03760416009731858,4.983274459838867
3279,-134.68442146301277,0,0,300,0.03756655593722126,4.253605365753174
3280,-75.51965393066405,0,0,141,0.03752898938128404,4.844913482666016
3281,-78.4098347004268,0,0,300,0.03749146039190275,4.95515775680542
3282,-168.3193659210205,0,0,208,0.037453968931510845,4.782341480255127
3283,-47.02212837219237,0,0,142,0.037416514962579334,5.623032093048096
3284,-127.54003924449417,0,0,222,0.037379098447616756,5.022708892822266
3285,-43.24545138438674,0,0,179,0.03734171934916914,5.57656192779541
3286,-113.12917549133296,0,0,198,0.037304377629819974,5.452293872833252
3287,-11.38454427719118,0,0,300,0.037267073252190155,1.1836360692977905
3288,-226.75044741710155,0,0,300,0.037229806178937966,4.272810935974121
3289,-243.5842051990843,0,0,300,0.03719257637275903,4.756250381469727
3290,-71.28203738292191,0,0,153,0.03715538379638627,5.223208427429199
3291,-208.25857653697472,0,0,300,0.03711822841258988,4.712343215942383
3292,-296.6829721832274,0,0,300,0.03708111018417729,4.798243045806885
3293,-224.46047431945817,0,0,189,0.037044029073993116,4.910118579864502
3294,-21.37194297790527,0,0,300,0.03700698504491912,3.9104857444763184
3295,-60.9338271331787,0,0,219,0.0369699780598742,5.615956783294678
3296,-20.58475326538088,0,0,300,0.03693300808181433,1.2111883163452148
3297,-328.84361033519247,0,0,271,0.036896075073732514,4.821101665496826
3298,-164.06161071777382,0,0,197,0.03685917899865878,5.322902679443359
3299,-102.20432235717772,0,0,142,0.036822319819660124,4.858580589294434
3300,-93.84175949096678,0,0,141,0.03678549749984046,5.010439872741699
3301,-58.84581146240231,0,0,213,0.036748712002340624,5.561452865600586
3302,-230.3105538471556,0,0,277,0.03671196329033828,4.935337543487549
3303,-96.09949043273927,0,0,153,0.03667525132704794,4.8923726081848145
3304,-22.861191991175488,0,0,300,0.036638576075720894,0.8310943245887756
3305,-302.5147275543213,0,1,166,0.036601937499645174,4.513681888580322
3306,-100.74667841990917,0,0,145,0.03656533556214553,4.854368686676025
3307,-32.12802169799805,0,0,151,0.036528770226583386,5.537005424499512
3308,-135.74097938537594,0,0,205,0.0364922414563568,4.572744846343994
3309,-112.96949836730958,0,0,149,0.03645574921490045,4.937374591827393
3310,-18.999122019610127,0,0,300,0.036419293465685544,1.2799795866012573
3311,-220.06230789184588,0,0,189,0.03638287417221986,4.875576972961426
3312,-117.85811721801758,0,0,169,0.03634649129804764,4.8720293045043945
3313,-267.44938034057645,0,0,226,0.036310144806749586,4.814845085144043
3314,-150.98537692149623,0,0,300,0.03627383466194284,4.846543312072754
3315,-96.69269157409671,0,0,150,0.0362375608272809,5.04567289352417
3316,-383.4087043762205,0,0,278,0.03620132326645362,4.452176094055176
3317,-54.90462461551154,0,0,300,0.03616512194318716,0.9338552355766296
3318,-217.31668334960943,0,0,194,0.03612895682124397,4.626670837402344
3319,-40.96096008300781,0,0,166,0.03609282786442273,5.507740020751953
3320,-44.92467147827148,0,0,158,0.036056735036558304,5.776167869567871
3321,-72.66328628540037,0,0,164,0.036020678301521745,5.583321571350098
3322,-41.718867034912094,0,0,169,0.03598465762322022,5.499716758728027
3323,-55.66233863830563,0,0,146,0.035948672965597,5.190584659576416
3324,-309.9318579101562,0,0,229,0.035912724292631405,4.7104644775390625
3325,-109.17520737647988,0,0,300,0.03587681156833877,0.9813018441200256
3326,-294.06218322753915,0,0,300,0.035840934756770436,4.868045806884766
3327,-284.37153442382817,0,0,198,0.03580509382201367,4.635383605957031
3328,-230.21912315368675,0,0,186,0.035769288728191656,4.859780788421631
3329,-351.7049718475338,0,0,300,0.035733519439463464,4.286242961883545
3330,-179.02499778747557,0,0,201,0.035697785920024,4.7987494468688965
3331,-329.08238937377934,0,1,240,0.03566208813410397,4.515597343444824
3332,-141.68466468811033,0,0,198,0.03562642604596987,4.868666172027588
3333,-181.27218635559086,0,0,243,0.035590799619923896,4.985546588897705
3334,-125.69027030944825,0,0,175,0.035555208820303975,4.8900675773620605
3335,-258.96036824146785,0,0,210,0.035519653611483674,4.719892978668213
3336,-198.54892761230485,0,0,283,0.03548413395787219,4.994731903076172
3337,-127.07553801536535,0,0,300,0.03544864982391432,0.6813845038414001
3338,-158.56962882995603,0,0,214,0.0354132011740904,4.799907207489014
3339,-165.3548741149903,0,0,205,0.03537778797291631,4.843718528747559
3340,-201.31761520385766,0,0,229,0.03534241018494339,4.7844038009643555
3341,-140.4552452850341,0,0,170,0.03530706777475845,4.793811321258545
3342,-220.77301422119137,0,0,228,0.03527176070698369,4.778253555297852
3343,-279.21013175964384,0,0,278,0.035236488946276706,4.835032939910889
3344,-132.62710040172072,0,0,300,0.03520125245733043,4.921974182128906
3345,-185.39644210815436,0,0,268,0.0351660512048731,4.804110527038574
3346,-106.62957344055175,0,0,167,0.03513088515366823,4.8823933601379395
3347,-114.96197921752929,0,0,237,0.035095754268514565,4.847994804382324
3348,-20.100515250363493,0,0,300,0.03506065851424605,0.7449297308921814
3349,-105.34477681080372,0,0,205,0.0350255978557318,5.228495121002197
3350,-125.7963996124267,0,0,213,0.03499057225787607,5.0065999031066895
3351,-33.27333808898926,0,0,133,0.034955581685618194,5.8158345222473145
3352,-146.53437591552733,0,0,240,0.034920626103932574,4.943593978881836
3353,-191.12641494750983,0,0,257,0.03488570547782864,4.986603736877441
3354,-56.33073173522948,0,0,191,0.03485081977235081,5.680182933807373
3355,-39.27866375843553,0,0,137,0.03481596895257846,5.914466857910156
3356,-32.09781692504883,0,0,129,0.034781152983625885,5.716954231262207
3357,-57.54007415771482,0,0,189,0.03474637183064226,5.685018539428711
3358,-44.8751277923584,0,0,115,0.03471162545881162,6.3437819480896
3359,-136.23832443237302,0,0,300,0.03467691383335281,4.989581108093262
3360,-8.800483284792604,0,0,300,0.034642236919519453,0.9328199028968811
3361,-126.02679934581248,0,0,300,0.03460759468259993,4.9043989181518555
3362,-63.79129989624019,0,0,182,0.03457298708791733,5.302824974060059
3363,-45.018101272582996,0,0,153,0.03453841410082942,5.552025318145752
3364,-51.18393676757809,0,0,183,0.03450387568672859,5.563484191894531
3365,-33.9781211090088,0,0,142,0.03446937181104186,5.602030277252197
3366,-52.492318992614756,0,0,300,0.034434902439230815,2.7780797481536865
3367,-95.30752067565916,0,0,200,0.03440046753679158,4.939380168914795
3368,-33.65000160217285,0,0,144,0.03436606706925479,5.580000400543213
3369,-276.39118049621584,0,1,145,0.034331701002185536,4.477795124053955
3370,-34.51574172973633,0,0,132,0.03429736930118335,5.591435432434082
3371,-39.260142288208,0,0,120,0.03426307193188217,6.575035572052002
3372,-135.88369209289544,0,0,214,0.034228808859950284,4.890923023223877
3373,-172.75445765574915,0,0,300,0.034194580051090336,4.826313495635986
3374,-249.65495956420912,0,0,300,0.034160385471039244,4.943739891052246
3375,-33.39776138305665,0,0,121,0.0341262250855682,6.40194034576416
3376,-37.82290603637694,0,0,130,0.03409209886048263,6.013226509094238
3377,-36.7536508178711,0,0,137,0.03405800676162215,6.023412704467773
3378,-38.71904482921096,0,0,135,0.03402394875486053,6.702460289001465
3379,-104.14301731983689,0,0,177,0.033989924806105666,4.843055248260498
3380,-136.91017277637985,0,0,281,0.03395593488129956,4.95984411239624
3381,-278.70688171386723,0,1,210,0.03392197894641826,4.501720428466797
3382,-227.1185766601564,0,0,300,0.033888056967471845,4.8696441650390625
3383,-135.74730491638186,0,0,195,0.03385416891050437,4.874326229095459
3384,-161.19893653869627,0,0,240,0.03382031474159387,4.967234134674072
3385,-145.98271041870117,0,0,172,0.033786494426852276,4.918177604675293
3386,-125.50439483642579,0,0,190,0.03375270793242542,4.858598709106445
3387,-246.82976013183628,0,0,281,0.033718955224492995,4.879940032958984
3388,-35.05174679676559,0,0,126,0.033685236269268504,5.590237617492676
3389,-299.3579917144776,0,0,276,0.03365155103299924,4.896997928619385
3390,-122.36618199268841,0,0,300,0.03361789948196624,4.993846416473389
3391,-31.601811294555663,0,0,121,0.03358428158248427,6.242952823638916
3392,-58.646433792114244,0,0,129,0.03355069730090179,5.9841084480285645
3393,-61.13611923217775,0,0,234,0.03351714660360088,5.631529808044434
3394,-34.47580365101364,0,0,127,0.03348362945699728,5.5487518310546875
3395,-41.81857276916504,0,0,145,0.03345014582754029,5.51464319229126
3396,-181.13181140025605,0,0,300,0.033416695681712745,4.838151931762695
3397,-81.90440379222366,0,0,270,0.03338327898603103,5.133800029754639
3398,-27.55980193217723,0,0,300,0.033349895707044996,2.670149564743042
3399,-40.115077972412095,0,0,135,0.03331654581133795,5.716269493103027
3400,-40.47034111022947,0,0,174,0.03328322926552661,5.767585277557373
3401,-33.956551742553714,0,0,138,0.03324994603626109,5.876637935638428
3402,-339.8540459911016,0,1,240,0.033216696090224825,4.49581241607666
3403,-38.69283599853515,0,0,115,0.0331834793941346,6.560708999633789
3404,-75.11006637573242,0,0,159,0.03315029591474047,5.4125165939331055
3405,-224.43968472401198,0,0,265,0.03311714561882573,4.837222099304199
3406,-31.46677859385941,0,0,107,0.0330840284732069,6.406893730163574
3407,-30.253747329711917,0,0,121,0.03305094444473369,5.9734368324279785
3408,-257.87292042652655,0,0,300,0.03301789350028896,4.368031024932861
3409,-128.6848234558105,0,0,284,0.03298487560678867,4.873705863952637
3410,-257.90186657825984,0,0,237,0.03295189073118188,4.877767562866211
3411,-53.82261573791501,0,0,231,0.032918938840450704,6.05065393447876
3412,-29.218685913085935,0,0,119,0.032886019901610254,6.729671478271484
3413,-37.340188674926765,0,0,121,0.03285313388170864,6.4150471687316895
3414,-233.78356549183417,0,0,291,0.03282028074782693,4.768192291259766
3415,-131.1801927653935,0,0,208,0.03278746046707911,5.032349109649658
3416,-89.30497744639845,0,0,136,0.03275467300661203,4.81644344329834
3417,-31.37683609008789,0,0,123,0.03272191833360542,5.899209022521973
3418,-239.70248336792014,0,0,248,0.032689196415271814,4.8756208419799805
3419,-37.740224075317386,0,0,126,0.032656507218856545,6.135056018829346
3420,-44.80891716003416,0,0,121,0.03262385071163769,6.609729290008545
3421,-35.497287368774415,0,0,121,0.032591226860926054,6.5993218421936035
3422,-77.2717939464238,0,0,198,0.03255863563406513,5.605249404907227
3423,-101.04809204101562,0,0,142,0.03252607699843106,4.909523010253906
3424,-38.709809828600605,0,0,115,0.03249355092143263,6.662651538848877
3425,-141.35445259094234,0,0,199,0.03246105737051119,4.906113147735596
3426,-64.40770892222858,0,0,235,0.032428596313140684,5.839626312255859
3427,-263.8019771281866,0,0,205,0.032396167716827545,4.7727952003479
3428,-35.62401306152344,0,0,113,0.032363771549110715,6.563503265380859
3429,-41.514351149401385,0,0,163,0.032331407777561605,5.433786869049072
3430,-41.74226033131147,0,0,131,0.03229907636978405,5.47036600112915
3431,-32.37108184814453,0,0,113,0.03226677729341426,6.712770462036133
3432,-175.0108728790284,0,0,160,0.03223451051612085,4.80521821975708
3433,-167.737000245252,0,0,236,0.03220227600560473,5.056550979614258
3434,-37.3852727214482,0,0,132,0.032170073729599125,6.16611909866333
3435,-26.532491789660185,0,0,102,0.03213790365586953,6.5408220291137695
3436,-94.04953122059366,0,0,147,0.03210576575221366,5.014683723449707
3437,-37.12460952758789,0,0,121,0.032073659986461445,6.766152381896973
3438,-32.2208130645752,0,0,121,0.03204158632647498,6.610203266143799
3439,-41.50726066589354,0,0,121,0.032009544740148506,6.286815166473389
3440,-46.468092651367186,0,0,123,0.03197753519540836,6.187023162841797
3441,-38.212220458984376,0,0,114,0.031945557660212946,6.358055114746094
3442,-38.4867147064209,0,0,123,0.03191361210255273,6.031678676605225
3443,-36.258624343872036,0,0,124,0.03188169849045018,5.744656085968018
3444,-51.04194183349608,0,0,123,0.03184981679195973,6.397985458374023
3445,-43.163911666870064,0,0,278,0.03181796697516777,5.393477916717529
3446,-38.8757551574707,0,0,165,0.0317861490081926,5.633938789367676
3447,-35.76162940979004,0,0,122,0.031754362859184405,5.48540735244751
3448,-62.74009910583496,0,0,248,0.03172260849632522,5.39502477645874
3449,-70.58859707752734,0,0,246,0.031690885887828896,6.2069501876831055
3450,-45.48344444274901,0,0,194,0.031659195001941066,5.873361110687256
3451,-44.909880371093735,0,0,162,0.031627535806939125,5.7974700927734375
3452,-116.21949046214553,0,0,238,0.031595908271132185,5.882571697235107
3453,-35.2516756439209,0,0,123,0.03156431236286105,5.865418910980225
3454,-24.3530297025058,0,0,298,0.03153274805049819,0.5538123846054077
3455,-40.58456230163574,0,0,167,0.03150121530244769,4.7086405754089355
3456,-15.517067480883334,0,0,300,0.031469714087145245,1.3644659519195557
3457,-88.24876022338866,0,0,168,0.0314382443730581,4.999690055847168
3458,-43.920958633422835,0,0,147,0.031406806128685044,5.575239658355713
3459,-241.69035595814267,0,0,256,0.03137539932255636,4.814889907836914
3460,-53.75172531127927,0,0,206,0.03134402392323381,5.470431327819824
3461,-32.57584101756541,0,0,300,0.03131267989931057,4.374159336090088
3462,-34.29559638977051,0,0,126,0.031281367219411264,5.753899097442627
3463,-40.296765747070296,0,0,165,0.031250085852191856,5.589191436767578
3464,-10.010810194811562,0,0,300,0.031218835766339662,0.7354016304016113
3465,-54.54674263000487,0,0,177,0.03118761693057332,6.211685657501221
3466,-6.941269607543938,0,0,300,0.031156429313642747,1.0553174018859863
3467,-226.54458575328317,0,1,220,0.031125272884329105,4.121345520019531
3468,-5.845157142481538,0,0,300,0.031094147611444776,0.600719153881073
3469,-14.342163982391364,0,0,300,0.03106305346383333,1.1005409955978394
3470,-18.891458100476537,0,0,300,0.031031990410369498,0.9576654434204102
3471,-14.67995090484618,0,0,300,0.03100095841995913,1.0574877262115479
3472,-170.08914962768563,0,0,210,0.03096995746153917,4.857287406921387
3473,-44.72320910533399,0,0,166,0.03093898750407763,5.626001358032227
3474,-52.82138771057126,0,0,150,0.030908048516573555,6.032846927642822
3475,-46.91161018371581,0,0,150,0.030877140468056983,5.900402545928955
3476,-39.63378929138183,0,0,121,0.030846263327588927,5.723447322845459
3477,-33.58745844920608,0,0,138,0.030815417064261337,5.874563694000244
3478,-1.0400541782339703,0,0,300,0.030784601647197075,0.5411669015884399
3479,-12.104531803131103,0,0,300,0.03075381704554988,1.1411329507827759
3480,-32.595228300890646,0,0,142,0.03072306322850433,6.056506156921387
3481,-13.044337100982677,0,0,300,0.030692340165275823,1.3060842752456665
3482,-40.471169433593744,0,0,139,0.030661647825110546,5.7527923583984375
3483,-11.823019504547123,0,0,300,0.030630986177285435,1.4557548761367798
3484,-7.66728144725296,0,0,300,0.03060035519110815,1.087019443511963
3485,-6.838424216112821,0,0,300,0.03056975483591704,1.0173051357269287
3486,-9.134140082201693,0,0,300,0.030539185081081124,1.5762341022491455
3487,-43.093665924072255,0,0,153,0.030508645896000042,5.813416481018066
3488,-42.886945219835944,0,0,131,0.030478137250104044,5.664435386657715
3489,-21.90661040624509,0,0,300,0.03044765911285394,0.7399489283561707
3490,-46.037360411486326,0,0,195,0.030417211453741086,5.5745391845703125
3491,-7.648924792612886,0,0,300,0.030386794242287345,0.7880275249481201
3492,-26.83163096507522,0,0,296,0.030356407448045058,1.5131068229675293
3493,-3.3174301060054003,0,0,300,0.03032605104059701,1.0545566082000732
3494,-0.7284812076899809,0,0,300,0.030295724989556416,0.8273193836212158
3495,-36.52096598704789,0,0,132,0.030265429264566858,5.770440578460693
3496,-3.5041559227320858,0,0,300,0.03023516383530229,0.6112380623817444
3497,-75.38873604854075,0,0,300,0.03020492867146699,1.8973830938339233
3498,-33.25330767711136,0,0,125,0.03017472374279552,5.7235260009765625
3499,-39.020400543212894,0,0,137,0.030144549019052724,5.687600135803223
3500,-16.560645199618055,0,0,300,0.030114404470033673,0.800360381603241
3501,-8.83954028209183,0,0,300,0.030084290065563637,1.0725841522216797
3502,-58.929813156127935,0,0,212,0.030054205775498073,5.167453289031982
3503,-147.99362765391794,0,0,300,0.030024151569722574,4.843605995178223
3504,-76.77666087230183,0,0,228,0.02999412741815285,5.51686429977417
3505,-16.462735061645496,0,0,300,0.029964133290734697,3.833183765411377
3506,-41.72031550487014,0,0,140,0.029934169157443964,5.72777795791626
3507,-40.23928731044249,0,0,300,0.02990423498828652,0.8875209093093872
3508,-4.438828353881847,0,0,300,0.029874330753298234,0.639707088470459
3509,-57.67501185496779,0,0,194,0.029844456422544935,5.733952045440674
3510,-7.8508060463282785,0,0,300,0.029814611966122388,0.9479005932807922
3511,-37.76326197703811,0,0,177,0.029784797354156265,5.516014575958252
3512,-9.549463568529804,0,0,300,0.02975501255680211,1.0575649738311768
3513,-21.8634039028498,0,0,300,0.029725257544245307,1.1860500574111938
3514,-23.251456069946272,0,0,300,0.029695532286701062,4.175364017486572
3515,-36.47945834239456,0,0,123,0.029665836754414362,6.427563667297363
3516,-38.98298652648924,0,0,138,0.029636170917659948,5.3507466316223145
3517,-25.78552620728926,0,0,300,0.029606534746742286,0.624376654624939
3518,-40.236055975756294,0,0,300,0.029576928211995545,3.3992130756378174
3519,-11.61120856364699,0,0,300,0.029547351283783548,1.2430012226104736
3520,-32.91374529918167,0,0,132,0.029517803932499764,5.691135406494141
3521,-35.110097151598666,0,0,131,0.029488286128567263,5.842723369598389
3522,-34.92813059886429,0,0,121,0.029458797842438697,6.299731731414795
3523,-8.20577427943679,0,0,300,0.02942933904459626,1.1191426515579224
3524,-43.02666239818069,0,0,129,0.029399909705551664,5.5543646812438965
3525,-42.344958601793955,0,0,152,0.02937050979584611,5.568938732147217
3526,-48.9909010609004,0,0,147,0.029341139286050266,6.227924346923828
3527,-38.171369037628175,0,0,300,0.029311798146764215,1.0528422594070435
3528,-4.607025175890652,0,0,300,0.02928248634861745,1.0794553756713867
3529,-8.25695950587721,0,0,300,0.029253203862268835,0.9194389581680298
3530,-29.431663771471698,0,0,123,0.029223950658406567,5.41311502456665
3531,-31.81509913524124,0,0,132,0.02919472670774816,5.603973865509033
3532,-47.04105204661818,0,0,169,0.02916553198104041,6.2729620933532715
3533,-50.29306640624999,0,0,175,0.02913636644905937,5.4732666015625
3534,-37.7377536304805,0,0,140,0.02910723008261031,6.057137489318848
3535,-12.570431909561165,0,0,300,0.0290781228525277,0.8401079773902893
3536,-11.500741424560559,0,0,300,0.02904904472967517,1.0776853561401367
3537,-62.74855975230667,0,0,170,0.029019995684945496,5.487339019775391
3538,-6.550344352722183,0,0,300,0.02899097568926055,0.917586088180542
3539,-5.043753411765922,0,0,300,0.02896198471357129,0.8228411078453064
3540,-23.30167498668165,0,0,300,0.028933022728857716,4.348117828369141
3541,-63.276166640124046,0,0,194,0.028904089706128858,5.514240741729736
3542,-35.32289324840041,0,0,121,0.02887518561642273,6.113422393798828
3543,-4.873016997179721,0,0,300,0.028846310430806307,0.502811849117279
3544,-38.56140391429397,0,0,125,0.028817464120375502,5.533050060272217
3545,-61.93472155650587,0,0,226,0.028788646656255128,5.583879470825195
3546,-33.1626029499385,0,0,121,0.028759858009598873,5.65084981918335
3547,-8.50531450271607,0,0,300,0.028731098151589272,1.0863286256790161
3548,-38.97200228770705,0,0,129,0.028702367053437684,6.110699653625488
3549,-34.130900145373076,0,0,124,0.028673664686384246,5.592924118041992
3550,-53.41012866099804,0,0,202,0.02864499102169786,5.520231246948242
3551,-37.91054438670608,0,0,122,0.028616346030676164,5.602835178375244
3552,-53.407250624499035,0,0,203,0.02858772968464549,5.667011737823486
3553,-32.11276835521194,0,0,125,0.028559141954960843,5.540891170501709
3554,-45.48901602824659,0,0,300,0.02853058281300588,3.002453088760376
3555,-62.34782458384962,0,0,300,0.028502052230192875,5.894655227661133
3556,-56.3475847919795,0,0,195,0.028473550177962683,5.6920952796936035
3557,-45.8887753589961,0,0,136,0.02844507662778472,5.654892921447754
3558,-45.76021655162306,0,0,125,0.028416631551156934,5.792753219604492
3559,-42.87101595958206,0,0,127,0.028388214919605775,5.732953071594238
3560,-12.702950735888209,0,0,300,0.028359826704686168,1.2309367656707764
3561,-41.045964232287126,0,0,123,0.028331466877981482,5.699190139770508
3562,-100.64139597972364,0,0,291,0.028303135411103502,5.113048076629639
3563,-35.94854609569045,0,0,123,0.0282748322756924,5.567335605621338
3564,-38.61412226995344,0,0,300,0.028246557443416708,0.7393268942832947
3565,-36.31577807506058,0,0,123,0.02821831088597329,5.499143600463867
3566,-33.26353564341995,0,0,127,0.028190092575087318,5.588582992553711
3567,-47.12604472239944,0,0,186,0.02816190248251223,5.911710262298584
3568,-76.6255726623535,0,0,134,0.02813374058002972,5.098893165588379
3569,-35.412935973009795,0,0,135,0.02810560683944969,5.538433074951172
3570,-37.992189131579124,0,0,125,0.028077501232610238,5.755746364593506
3571,-12.697840185961464,0,0,300,0.02804942373137763,0.8671591281890869
3572,-40.859999724230484,0,0,144,0.02802137430764625,5.695199012756348
3573,-31.741230574450228,0,0,128,0.027993352933338603,5.473006725311279
3574,-41.383464995226575,0,0,200,0.027965359580405264,5.358565330505371
3575,-33.67849482615921,0,0,132,0.02793739422082486,5.569822788238525
3576,-17.62102775573731,0,0,300,0.027909456826604034,1.0802569389343262
3577,-40.20453921397659,0,0,136,0.02788154736977743,5.571333885192871
3578,-31.750630980334016,0,0,140,0.027853665822407652,5.465356826782227
3579,-117.99075199127199,0,0,300,0.027825812156585243,3.745187997817993
3580,-17.42797980388137,0,0,300,0.02779798634442866,0.8921940326690674
3581,-48.55317271312206,0,0,137,0.02777018835808423,5.665992259979248
3582,-32.69570075988769,0,0,141,0.027742418169726144,5.331425189971924
3583,-37.716937132677764,0,0,131,0.02771467575155642,5.534433364868164
3584,-40.3153219898555,0,0,138,0.027686961075804862,5.559029579162598
3585,-37.873598051867205,0,0,145,0.027659274114729057,5.541098594665527
3586,-40.722781477770525,0,0,142,0.027631614840614327,5.600894451141357
3587,-38.17877444346878,0,0,128,0.027603983225773714,5.582392692565918
3588,-39.12464831431839,0,0,127,0.02757637924254794,5.59636116027832
3589,-37.9401396473262,0,0,143,0.027548802863305393,5.577733993530273
3590,-52.57621935924027,0,0,164,0.027521254060442087,5.506753921508789
3591,-31.08150253295898,0,0,124,0.027493732806381645,5.682875633239746
3592,-42.25335818370314,0,0,127,0.027466239073575264,5.546038627624512
3593,-15.83900600512951,0,0,300,0.02743877283450169,0.9424505829811096
3594,-52.65433795054883,0,0,179,0.027411334061667188,5.5187835693359375
3595,-66.13808005412547,0,0,300,0.02738392272760552,0.6747190952301025
3596,-38.17320818980667,0,0,160,0.027356538804877914,5.553501129150391
3597,-50.799824171862326,0,0,209,0.027329182266073036,5.527655124664307
3598,-33.703094282946324,0,0,158,0.027301853083806962,5.475972652435303
3599,-11.919563016891493,0,0,300,0.027274551230723157,0.8023907542228699
3600,-6.34164917707049,0,0,300,0.027247276679492435,0.8723150491714478
3601,-28.413832579455097,0,0,138,0.027220029402812942,5.4986572265625
3602,-4.931141675318588,0,0,300,0.02719280937341013,0.7710817456245422
3603,-48.43622973521679,0,0,180,0.02716561656403672,5.47425651550293
3604,-35.22245072444407,0,0,300,0.027138450947472685,1.0558117628097534
3605,-12.803386631011964,0,0,300,0.027111312496525212,1.0283466577529907
3606,-13.074943511482099,0,0,300,0.027084201184028687,0.658138632774353
3607,-11.404925156435706,0,0,300,0.02705711698284466,0.5864303708076477
3608,-18.865605471138142,0,0,300,0.027030059865861815,0.8669986128807068
3609,-27.77308856090042,0,0,131,0.027003029805995952,5.538471221923828
3610,-34.348652572631835,0,0,132,0.026976026776189956,5.532163143157959
3611,-65.6169803150508,0,0,240,0.026949050749413766,5.526944160461426
3612,-51.4363476093623,0,0,193,0.026922101698664352,5.886785984039307
3613,-22.437753411135326,0,0,300,0.026895179596965687,0.8021374344825745
3614,-40.94323855479689,0,0,137,0.026868284417368722,5.656008720397949
3615,-98.59627993663284,0,0,149,0.026841416132951355,5.126769065856934
3616,-36.97650782664748,0,0,121,0.026814574716818404,5.949326038360596
3617,-29.196998930773454,0,0,300,0.026787760142101585,2.89694881439209
3618,-42.41355026245117,0,0,125,0.026760972381959482,6.133387565612793
3619,-79.71162722667188,0,0,139,0.026734211409577522,5.305605888366699
3620,-41.873774414062495,0,0,123,0.026707477198167944,5.810943603515625
3621,-48.33408248901365,0,0,182,0.026680769720969777,5.676020622253418
3622,-80.93517642100781,0,0,137,0.02665408895124881,5.156493186950684
3623,-56.407123976549805,0,0,148,0.026627434862297558,5.616980075836182
3624,-66.48302943309281,0,0,139,0.02660080742743526,5.850956439971924
3625,-49.77879336436721,0,0,169,0.026574206620007826,5.497397422790527
3626,-45.13119636535643,0,0,138,0.02654763241338782,5.630299091339111
3627,-36.03016993602249,0,0,133,0.02652108478097443,5.512741565704346
3628,-92.82540840148927,0,0,141,0.026494563696193456,4.7838521003723145
3629,-46.0843661793086,0,0,136,0.026468069132497263,5.556290626525879
3630,-41.76687362670897,0,0,144,0.026441601063364767,5.621718406677246
3631,-46.8058141620967,0,0,150,0.026415159462301403,5.4766526222229
3632,-31.117207442126002,0,0,157,0.0263887443028391,5.362000942230225
3633,-42.08708300670118,0,0,152,0.02636235555853626,5.481969833374023
3634,-39.12877955516311,0,0,139,0.026335993202977723,5.742393970489502
3635,-60.04430827220412,0,0,185,0.026309657209774746,5.611276149749756
3636,-63.932364455065425,0,0,182,0.02628334755256497,5.795790195465088
3637,-198.29828562816124,0,0,300,0.026257064205012406,4.972270488739014
3638,-39.31993591308594,0,0,121,0.026230807140807395,5.612483978271484
3639,-59.55864405711626,0,0,209,0.026204576333666588,5.512360095977783
3640,-44.98698664744826,0,0,173,0.02617837175733292,5.804445743560791
3641,-28.24156687816115,0,0,147,0.02615219338557559,5.313090801239014
3642,-47.45409721374513,0,0,167,0.026126041192190013,5.628524303436279
3643,-64.8422102355957,0,0,171,0.026099915150997823,5.600552558898926
3644,-70.65395281871295,0,0,189,0.026073815235846825,5.416187286376953
3645,-42.7440064239502,0,0,122,0.02604774142061098,5.678501605987549
3646,-134.92076800425974,0,0,244,0.02602169367919037,5.670391082763672
3647,-41.08071243286132,0,0,128,0.025995671985511178,5.802678108215332
3648,-50.80714297374219,0,0,153,0.025969676313525668,5.386984825134277
3649,-66.80051971435546,0,0,267,0.02594370663721214,5.510129928588867
3650,-52.934116316637734,0,0,300,0.02591776293057493,5.243728160858154
3651,-30.592412901720728,0,0,155,0.025891845167644353,5.470802307128906
3652,-147.82171557506058,0,0,300,0.02586595332247671,4.958127975463867
3653,-168.63802795410152,0,0,292,0.025840087369154233,5.022006988525391
3654,-73.49679453929399,0,0,214,0.02581424728178508,5.664397716522217
3655,-20.800427752337043,0,0,300,0.025788433034503296,1.49030601978302
3656,-34.19986628612015,0,0,156,0.025762644601468793,5.86266565322876
3657,-37.30259547313185,0,0,175,0.025736881956867325,5.6108479499816895
3658,-95.62870272716015,0,0,246,0.025711145074910458,5.2573747634887695
3659,-37.69639434814452,0,0,165,0.025685433929835546,6.199098587036133
3660,-48.41072070201368,0,0,170,0.025659748495905712,6.382879257202148
3661,-43.300075607299775,0,0,156,0.025634088747409807,6.117518901824951
3662,-48.80550837596386,0,0,165,0.025608454658662398,6.511576175689697
3663,-40.184278259277335,0,0,131,0.025582846204003737,5.543569564819336
3664,-40.12778620799513,0,0,159,0.025557263357799734,6.07964563369751
3665,-118.41921160777537,0,0,181,0.025531706094441935,4.982501983642578
3666,-204.06604891856642,0,1,179,0.025506174388347493,4.499211311340332
3667,-59.464981261095744,0,0,170,0.025480668213959144,5.628944396972656
3668,-78.1836149597168,0,0,148,0.025455187545745186,4.923403739929199
3669,-104.35038726806637,0,0,158,0.02542973235819944,4.917596817016602
3670,-100.92719882091015,0,0,208,0.02540430262584124,5.1844987869262695
3671,-56.34460212707515,0,0,225,0.0253788983232154,6.331150531768799
3672,-82.60968882640336,0,0,166,0.025353519424892185,6.2576212882995605
3673,-53.94035540660353,0,0,167,0.025328165905467295,6.517787933349609
3674,-99.24661621093746,0,0,151,0.025302837739561827,4.914154052734375
3675,-299.7953889759395,0,1,179,0.025277534901822264,4.499046325683594
3676,-158.79921565135447,0,0,251,0.025252257366920442,5.1725029945373535
3677,-56.59113658030958,0,0,213,0.025227005109553523,5.612983226776123
3678,-159.7938659199092,0,0,268,0.02520177810444397,4.946165561676025
3679,-117.49272155761719,0,0,173,0.025176576326339524,4.998180389404297
3680,-8.958727465471949,0,0,300,0.025151399750013185,1.0223809480667114
3681,-36.18151298522949,0,0,133,0.025126248350263173,5.567878246307373
3682,-379.84247279246785,0,0,295,0.02510112210191291,4.770817279815674
3683,-175.61720927318078,0,0,290,0.025076020979810997,5.1945013999938965
3684,-50.45174265941114,0,0,231,0.025050944958831187,5.670634746551514
3685,-28.78750844955429,0,0,300,0.025025894013872355,1.5818771123886108
3686,-34.79642753601074,0,0,147,0.025000868119858483,5.6866068840026855
3687,-37.8744246673584,0,0,147,0.024975867251738625,5.9136061668396
3688,-34.57086794932815,0,0,126,0.024950891384486886,5.782916069030762
3689,-46.90010887145995,0,0,185,0.0249259404931024,5.83502721786499
3690,-10.59345575412245,0,0,300,0.024901014552609298,0.9685630202293396
3691,-38.34215728759766,0,0,146,0.024876113538056688,5.605539321899414
3692,-31.918004760742186,0,0,166,0.02485123742451863,5.352001190185547
3693,-9.926387481689426,0,0,300,0.02482638618709411,1.6240968704223633
3694,-56.52225341796875,0,0,216,0.024801559800907015,5.5930633544921875
3695,-38.69332949717965,0,0,300,0.024776758241106107,4.628531455993652
3696,-34.30713600158691,0,0,138,0.024751981482865,5.4042840003967285
3697,-110.98616313060253,0,0,300,0.024727229501382137,4.059239864349365
3698,-104.05808451732122,0,0,193,0.024702502271880755,4.942220211029053
3699,-107.50264083862302,0,0,217,0.024677799769608873,4.908160209655762
3700,-30.88436297496292,0,0,121,0.024653121969839265,5.646289825439453
3701,-38.40228820800782,0,0,134,0.024628468847869425,5.598072052001953
3702,-103.25065887451176,0,0,216,0.024603840379021556,5.09266471862793
3703,-186.5742867279054,0,0,300,0.024579236538642534,4.823571681976318
3704,-165.44548301696784,0,0,239,0.02455465730210389,4.848870754241943
3705,-35.27399444580078,0,0,123,0.024530102644801786,5.568498611450195
3706,-121.93659034729004,0,0,202,0.024505572542156986,4.81914758682251
3707,-31.701838760375974,0,0,121,0.02448106696961483,5.542959690093994
3708,-36.20283676147461,0,0,121,0.024456585902645215,5.548209190368652
3709,-37.83076983531448,0,0,109,0.02443212931674257,6.315391540527344
3710,-44.14562876780958,0,0,143,0.024407697187425827,5.701606273651123
3711,-52.07638290405268,0,0,213,0.0243832894902384,6.449095726013184
3712,-37.18876777648926,0,0,121,0.02435890620074816,5.6446919441223145
3713,-33.592933607897486,0,0,125,0.024334547294547412,5.970932483673096
3714,-47.35539233287304,0,0,150,0.024310212747252865,5.744047164916992
3715,-32.504076109728544,0,0,121,0.02428590253450561,5.846218109130859
3716,-151.6159026630734,0,0,300,0.024261616631971107,5.214174747467041
3717,-139.53289497375488,0,0,300,0.024237355015339135,4.850723743438721
3718,-174.03018928527837,0,0,247,0.024213117660323795,4.81754732131958
3719,-112.58902976989745,0,0,188,0.02418890454266347,4.902257442474365
3720,-123.09921882629392,0,0,144,0.024164715638120806,4.967304706573486
3721,-258.26369132995615,0,0,221,0.024140550922482684,4.840922832489014
3722,-82.25686758200592,0,0,262,0.0241164103715602,2.827115058898926
3723,-31.795831175646516,0,0,121,0.02409229396118864,5.704156875610352
3724,-31.320683106580052,0,0,132,0.02406820166722745,5.679971694946289
3725,-22.902093001208033,0,0,300,0.024044133465560225,3.2682223320007324
3726,-293.6062799366328,0,0,300,0.024020089332094666,4.814269065856934
3727,-47.925641784667945,0,0,146,0.023996069242762572,5.541410446166992
3728,-48.275046234130826,0,0,209,0.02397207317351981,5.598761558532715
3729,-43.466482925415036,0,0,136,0.02394810110034629,5.54162073135376
3730,-39.479151153564445,0,0,141,0.023924152999245944,5.644787788391113
3731,-150.95173706054686,0,0,184,0.023900228846246697,4.827934265136719
3732,-49.10480735778807,0,0,151,0.02387632861740045,5.7187018394470215
3733,-178.50719123840338,0,0,300,0.02385245228878305,4.92429780960083
3734,-105.66017753601075,0,0,182,0.023828599836494265,5.0850443840026855
3735,-88.13678062438964,0,0,177,0.023804771236657772,5.189195156097412
3736,-340.065938415527,0,0,300,0.023780966465421115,4.156484603881836
3737,-177.9861903381348,0,0,240,0.023757185498955693,4.929047584533691
3738,-114.40157661437989,0,0,186,0.023733428313456737,5.012894153594971
3739,-155.83284950256342,0,0,300,0.02370969488514328,4.833212375640869
3740,-42.486383514404295,0,0,109,0.02368598519025814,6.414095878601074
3741,-268.70625511169436,0,1,144,0.02366229920506788,4.449063777923584
3742,-129.3505344390869,0,0,174,0.023638636905862813,4.7751336097717285
3743,-13.749762601072193,0,0,300,0.02361499826895695,0.58463054895401
3744,-31.183974075317384,0,0,139,0.023591383270687993,5.283493518829346
3745,-27.707356491088873,0,0,132,0.023567791887417304,5.291839122772217
3746,-59.742941559949216,0,0,205,0.023544224095529885,5.765536308288574
3747,-29.34031631469726,0,0,129,0.023520679871434354,5.517579078674316
3748,-37.062894316515646,0,0,146,0.02349715919156292,5.708422660827637
3749,-51.17015365600584,0,0,147,0.023473662032371355,5.220038414001465
3750,-96.42179138183593,0,0,164,0.023450188370338982,5.150447845458984
3751,-40.36479011535645,0,0,146,0.023426738181968644,5.301197528839111
3752,-33.858800582885756,0,0,181,0.023403311443786677,5.5447001457214355
3753,-31.274702940783225,0,0,142,0.02337990813234289,5.776374816894531
3754,-122.05433398326365,0,0,237,0.023356528224210547,5.183782577514648
3755,-309.8740330799435,0,0,280,0.023333171695986338,4.75120735168457
3756,-40.259427977404314,0,0,134,0.02330983852429035,5.575056076049805
3757,-31.7314686115596,0,0,131,0.02328652868576606,5.885566234588623
3758,-35.9737815388057,0,0,132,0.023263242157080293,5.8161444664001465
3759,-36.59475909312698,0,0,127,0.02323997891492321,5.743888854980469
3760,-37.78496920665237,0,0,137,0.02321673893600829,5.726441383361816
3761,-11.68921545902756,0,0,300,0.02319352219707228,0.6021047830581665
3762,-36.80746688842774,0,0,153,0.023170328674875208,5.664366722106934
3763,-184.2467797279358,0,1,224,0.023147158346200333,1.2991949319839478
3764,-55.071924620470725,0,0,209,0.02312401118785413,5.783180236816406
3765,-20.348467521667445,0,0,300,0.023100887176666276,1.7296168804168701
3766,-75.44070819775129,0,0,300,0.02307778628948961,0.9774779677391052
3767,-9.95972335735825,0,0,300,0.02305470850320012,0.7722317576408386
3768,-36.08152392466995,0,0,149,0.023031653794696922,5.698080062866211
3769,-104.03633215983845,0,0,300,0.023008622140902227,2.374282121658325
3770,-9.910386704618343,0,0,300,0.022985613518761324,0.6047865748405457
3771,-218.0118806163458,0,0,300,0.022962627905242564,4.885271072387695
3772,-40.13725364685057,0,0,137,0.02293966527733732,5.7518134117126465
3773,-259.44967595020796,0,1,245,0.022916725612059985,4.5122199058532715
3774,-37.26367706298828,0,0,129,0.022893808886447924,5.70591926574707
3775,-38.73286969184869,0,0,300,0.022870915077561477,0.9782174229621887
3776,-183.25730153004204,0,0,238,0.022848044162483917,4.764126300811768
3777,-96.86655349731444,0,0,300,0.02282519611832143,2.4791383743286133
3778,-32.490957823595735,0,0,130,0.02280237092220311,6.472938537597656
3779,-2.4817127927197142,0,0,300,0.02277956855128091,0.618724524974823
3780,-35.99720072825882,0,0,134,0.02275678898272963,6.496999263763428
3781,-40.654931059679704,0,0,134,0.0227340321937469,6.163931846618652
3782,-47.24351214488479,0,0,151,0.022711298161553154,6.123577117919922
3783,-50.180825682482435,0,0,216,0.0226885868633916,5.987905502319336
3784,-31.12995135386917,0,0,137,0.02266589827652821,5.687686920166016
3785,-90.75938926696776,0,0,300,0.022643232378251683,2.2248473167419434
3786,-38.27921061595413,0,0,152,0.02262058914587343,5.930001735687256
3787,-52.16657580455272,0,0,158,0.02259796855672756,5.316843032836914
3788,-64.20165985107417,0,0,156,0.022575370588170832,5.505414962768555
3789,-182.83295620838678,0,0,290,0.02255279521758266,4.988039970397949
3790,-33.616819907030695,0,0,300,0.02253024242236508,2.951904058456421
3791,-11.128025405402989,0,0,300,0.022507712179942713,0.7589091062545776
3792,-51.98187777598828,0,0,141,0.02248520446776277,5.688168525695801
3793,-266.3193107136105,0,0,290,0.02246271926329501,4.940026760101318
3794,-69.63188151439161,0,0,147,0.022440256544031714,5.520669460296631
3795,-296.43446292003125,0,0,283,0.022417816287487683,4.883814811706543
3796,-28.129040633043978,0,0,136,0.022395398471200194,5.489959239959717
3797,-154.37231494029493,0,0,172,0.022373003072728992,4.775777816772461
3798,-45.56224616130323,0,0,225,0.022350630069656263,2.743260622024536
3799,-159.85561579783885,0,0,232,0.022328279439586606,4.851603031158447
3800,-10.71197036743164,0,0,300,0.022305951160147018,0.8554925918579102
3801,-276.08770474354293,0,0,300,0.02228364520898687,4.751727104187012
3802,-56.52598068237306,0,0,145,0.022261361563777882,5.451495170593262
3803,-93.8083972167969,0,0,207,0.022239100202214104,4.972099304199219
3804,-114.82057975769041,0,0,236,0.02221686110201189,5.020144939422607
3805,-21.719353379407096,0,0,300,0.02219464424090988,1.0721392631530762
3806,-76.374593001208,0,0,153,0.022172449596668968,5.221347332000732
3807,-148.2757808685302,0,0,253,0.022150277147072298,4.893945217132568
3808,-48.45622497558593,0,0,147,0.022128126869925227,5.536556243896484
3809,-189.6326005554201,0,0,252,0.022105998743055303,5.2806501388549805
3810,-116.01813941955561,0,0,201,0.022083892744312248,4.989534854888916
3811,-141.47470802307123,0,0,186,0.022061808851567936,4.883677005767822
3812,-19.77467543681594,0,0,300,0.022039747042716367,1.17386794090271
3813,-157.0996871185303,0,0,181,0.02201770729567365,4.769921779632568
3814,-146.1729044636104,0,0,202,0.021995689588377977,4.860925197601318
3815,-11.948481597120175,0,0,300,0.0219736938987896,0.5168102979660034
3816,-42.12144607543942,0,0,131,0.02195172020489081,5.482861518859863
3817,-109.40226641734574,0,0,178,0.02192976848468592,4.933265686035156
3818,-116.93663383483887,0,0,161,0.021907838716201233,4.919158458709717
3819,-100.71391448974607,0,0,151,0.02188593087748503,4.840978622436523
3820,-120.28080986022947,0,0,204,0.021864044946607545,5.012702465057373
3821,-93.39655754089358,0,0,156,0.021842180901660936,4.981639385223389
3822,-125.65440963745111,0,0,196,0.021820338720759277,4.916102409362793
3823,-110.10415313720699,0,0,165,0.021798518382038518,4.906038284301758
3824,-130.74937438964844,0,0,196,0.02177671986365648,4.874843597412109
3825,-162.84659523010254,0,0,240,0.021754943143792824,4.914148807525635
3826,-152.69381217956538,0,0,228,0.02173318820064903,4.785953044891357
3827,-247.07778472900407,0,0,192,0.02171145501244838,4.781946182250977
3828,-114.34545089721675,0,0,147,0.02168974355743593,4.831362724304199
3829,-135.31121391296384,0,0,153,0.021668053813878495,4.905303478240967
3830,-295.3296622935917,0,0,300,0.021646385760064616,4.967216491699219
3831,-156.1178749847412,0,0,238,0.021624739374304553,4.746968746185303
3832,-125.26681735118363,0,0,204,0.021603114634930247,4.996903419494629
3833,-11.054036223884438,0,0,300,0.02158151152029532,0.935411810874939
3834,-5.938524743702725,0,0,300,0.021559930008775024,0.875140368938446
3835,-243.28254844665543,0,0,188,0.021538370078766248,4.878137111663818
3836,-100.14585667530561,0,0,151,0.02151683170868748,5.0862650871276855
3837,-44.65194313049315,0,0,165,0.021495314876978793,5.557985782623291
3838,-50.830763579210945,0,0,164,0.021473819562101815,5.642889976501465
3839,-40.924208878674776,0,0,136,0.02145234574253971,5.545853137969971
3840,-118.82333263397214,0,0,298,0.02143089339679717,2.308333158493042
3841,-40.520955505371084,0,0,144,0.021409462503400374,5.645238876342773
3842,-36.449565687975614,0,0,131,0.021388053040896974,5.475090503692627
3843,-47.31930725097655,0,0,150,0.021366664987856075,5.724826812744141
3844,-47.71273338317869,0,0,133,0.02134529832286822,5.523183345794678
3845,-39.65069107055663,0,0,127,0.02132395302454535,5.65267276763916
3846,-34.186317490735334,0,0,121,0.021302629071520807,5.598880290985107
3847,-62.20178642272946,0,0,149,0.021281326442449285,5.075446605682373
3848,-56.03649162292477,0,0,159,0.021260045116006834,5.449122905731201
3849,-74.12485226551557,0,0,227,0.021238785070890828,5.511013984680176
3850,-113.41309208790324,0,0,273,0.021217546285819937,5.3055739402771
3851,-82.29220951080319,0,0,300,0.02119632873953412,1.6655523777008057
3852,-105.89832913319135,0,0,223,0.021175132410794585,5.134383201599121
3853,-127.36453007618452,0,0,233,0.02115395727838379,5.033433437347412
3854,-106.00548725128169,0,0,300,0.021132803321105405,2.4263718128204346
3855,-230.5627261821418,0,0,267,0.0211116705177843,4.91298246383667
3856,-38.20945210377245,0,0,121,0.021090558847266516,5.504663944244385
3857,-58.66718525806928,0,0,173,0.02106946828841925,5.7440972328186035
3858,-70.75877583424116,0,0,200,0.02104839882013083,5.034494876861572
3859,-54.14709945678706,0,0,198,0.0210273504213107,5.859274864196777
3860,-57.642428359985345,0,0,190,0.02100632307088939,5.483107089996338
3861,-49.574579420885755,0,0,189,0.0209853167478185,5.281343936920166
3862,-22.53539792140446,0,0,300,0.02096433143107068,0.6540485620498657
3863,-32.48066658020019,0,0,300,0.020943367099639607,0.8226666450500488
3864,-50.38855491638181,0,0,169,0.020922423732539965,5.757138729095459
3865,-34.71646514892579,0,0,152,0.020901501308807423,5.326616287231445
3866,-36.28888198852539,0,0,116,0.020880599807498616,5.892220497131348
3867,-35.30515106201172,0,0,113,0.020859719207691117,5.99378776550293
3868,-363.74580424388415,0,1,283,0.020838859488483425,4.514150142669678
3869,-91.47765045166018,0,0,152,0.020818020628994943,4.856912612915039
3870,-40.831418838500966,0,0,144,0.02079720260836595,5.872854709625244
3871,-38.11179901123046,0,0,134,0.02077640540575758,5.337949752807617
3872,-282.6630988311768,0,0,254,0.020755629000351824,4.8482747077941895
3873,1.2901517168628298,0,0,300,0.02073487337135147,0.5757583975791931
3874,-41.42378260692092,0,0,145,0.02071413849798012,5.848644733428955
3875,-245.7229434204101,0,1,141,0.02069342435948214,4.525735855102539
3876,-78.54615036010742,0,0,154,0.020672730935122657,5.7215375900268555
3877,-176.2486056987432,0,0,213,0.020652058204187532,4.7594523429870605
3878,-43.21120368957517,0,0,143,0.020631406145983345,5.960300922393799
3879,-13.742714967727677,0,0,300,0.02061077473983736,0.7881787419319153
3880,-34.24885968128708,0,0,132,0.02059016396509752,5.742015838623047
3881,-22.821065283617568,0,0,300,0.020569573801132425,1.3029654026031494
3882,-41.38118449290723,0,0,190,0.020549004227331292,5.615495204925537
3883,-38.69994944652052,0,0,133,0.02052845522310396,5.625186443328857
3884,-33.83217404285936,0,0,136,0.020507926767880855,5.465344429016113
3885,-44.272816772460914,0,0,154,0.020487418841112975,5.725704193115234
3886,-11.666291097010484,0,0,300,0.02046693142227186,0.6323691010475159
3887,-74.33368415832517,0,0,238,0.020446464490849588,5.533421039581299
3888,-35.142169113159184,0,0,108,0.02042601802635874,6.630542278289795
3889,-45.22893959045409,0,0,133,0.02040559200833238,5.604734897613525
3890,-42.02580841064453,0,0,133,0.020385186416324048,5.798952102661133
3891,-350.15594195445505,0,0,300,0.020364801229907723,4.6641845703125
3892,-38.76369029124709,0,0,128,0.020344436428677816,5.548621654510498
3893,-6.868667075630038,0,0,300,0.02032409199224914,0.7365695238113403
3894,-11.277480134963994,0,0,300,0.02030376790025689,0.8793700337409973
3895,-5.68313219626086,0,0,300,0.020283464132356634,0.7997876405715942
3896,-13.501340990862587,0,0,300,0.020263180668224277,0.5280343294143677
3897,-29.11301432689163,0,0,132,0.020242917487556054,5.685952663421631
3898,-18.6811558540675,0,0,300,0.0202226745700685,0.6854880452156067
3899,-52.905389967760755,0,0,170,0.02020245189549843,5.426546573638916
3900,-1.635706784721217,0,0,300,0.02018224944360293,0.633329451084137
3901,-33.457885667481555,0,0,300,0.02016206719415933,0.45901209115982056
3902,-7.95409774700669,0,0,300,0.02014190512696517,0.678325355052948
3903,-37.290044097900385,0,0,138,0.020121763221838205,5.502511024475098
3904,-40.52478775024412,0,0,126,0.020101641458616367,5.421196937561035
3905,-98.82015075683591,0,0,158,0.02008153981715775,5.230037689208984
3906,-89.30181510925294,0,0,145,0.020061458277340592,4.867953777313232
3907,-21.41883125305173,0,0,300,0.02004139681906325,4.3172078132629395
3908,-64.98945945739742,0,0,218,0.02002135542224419,5.574864864349365
3909,-8.77592999458313,0,0,300,0.020001334066821943,0.5514824986457825
3910,-5.855137520632477,0,0,300,0.02,0.666483461856842
3911,-9.231234692731174,0,0,300,0.02,0.5851095914840698
3912,0.9640451852467342,0,0,300,0.02,0.6223351955413818
3913,-30.531851730346677,0,0,300,0.02,3.26796293258667
3914,-69.8015345470097,0,0,268,0.02,5.542684555053711
3915,-8.956487910743569,0,0,300,0.02,0.9910247325897217
3916,0.7937209693577778,0,0,300,0.02,0.6767688393592834
3917,-44.521493911743164,0,0,129,0.02,5.692873477935791
3918,-3.861441641649929,0,0,300,0.02,0.830559492111206
3919,-37.806624450683586,0,0,130,0.02,5.379156112670898
3920,-48.77181457519528,0,0,143,0.02,5.570453643798828
3921,-46.62308827320601,0,0,132,0.02,5.493072986602783
3922,-74.80655952453611,0,0,137,0.02,6.461639881134033
3923,-38.510122574963844,0,0,126,0.02,5.557331562042236
3924,-59.57837234497072,0,0,135,0.02,5.492093086242676
3925,-10.006349688372348,0,0,300,0.02,0.5917865037918091
3926,-178.79888084411618,0,0,187,0.02,4.879720211029053
3927,-114.18806022644041,0,0,160,0.02,4.937015056610107
3928,-45.89489913940429,0,0,132,0.02,5.471224784851074
3929,-233.94866047779595,0,0,196,0.02,4.836966037750244
3930,-59.32537453731028,0,0,300,0.02,1.7215427160263062
3931,-5.790563173294067,0,0,300,0.02,0.6801407933235168
3932,-119.8671052551269,0,0,192,0.02,5.214276313781738
3933,-6.984269568916186,0,0,300,0.02,0.5779701471328735
3934,-93.0386084278438,0,0,146,0.02,4.914851188659668
3935,-274.5566980743411,0,0,229,0.02,4.829174518585205
3936,-86.8694697570801,0,0,139,0.02,4.8123674392700195
3937,-162.65969581604003,0,0,181,0.02,4.80242395401001
3938,-124.64196429332223,0,0,300,0.02,4.820690155029297
3939,-16.53831875642271,0,0,287,0.02,0.4452463984489441
3940,-169.068406829834,0,0,205,0.02,4.889601707458496
3941,-147.0915204620361,0,0,151,0.02,4.795380115509033
3942,-9.443805110450608,0,0,300,0.02,0.6453540325164795
3943,-121.22381050109861,0,0,181,0.02,4.975952625274658
3944,-214.1076907348635,0,0,263,0.02,4.92192268371582
3945,-35.16204432567093,0,0,128,0.02,5.840710163116455
3946,-93.60213691711427,0,0,144,0.02,4.8205342292785645
3947,-151.90340591430657,0,0,198,0.02,4.91085147857666
3948,-155.18629608154293,0,0,238,0.02,5.021574020385742
3949,-134.68412585338086,0,0,159,0.02,4.868730545043945
3950,-144.39624801635745,0,0,232,0.02,4.8715620040893555
3951,-79.18011474609374,0,0,139,0.02,4.9825286865234375
3952,-13.499600611529035,0,0,300,0.02,0.6950992345809937
3953,-17.172578332420194,0,0,300,0.02,0.6750473380088806
3954,-81.81234194835153,0,0,155,0.02,5.133284568786621
3955,-108.46362422069042,0,0,173,0.02,4.993605136871338
3956,-369.7698585041375,0,0,300,0.02,4.652663707733154
3957,-291.46228213389867,0,0,288,0.02,5.06326961517334
3958,-302.9649707325314,0,0,269,0.02,4.826441764831543
3959,-90.06104782104492,0,0,136,0.02,5.0077619552612305
3960,-209.04500447193658,0,0,202,0.02,4.7985520362854
3961,-441.28291580200175,0,0,273,0.02,4.640728950500488
3962,-51.19961647033687,0,0,185,0.02,5.3524041175842285
3963,-38.16069171031448,0,0,145,0.02,5.795372009277344
3964,-392.0266659839957,0,0,300,0.02,4.801865577697754
3965,-154.73474044799804,0,0,208,0.02,4.946185111999512
3966,-358.19485748291015,0,0,287,0.02,4.641214370727539
3967,-38.088417739868156,0,0,133,0.02,5.279604434967041
3968,-39.34857154846192,0,0,142,0.02,5.8346428871154785
3969,-239.9367980488156,0,0,197,0.02,4.869398593902588
3970,-9.686929293474881,0,0,300,0.02,0.6519314050674438
3971,-185.06893173217787,0,0,174,0.02,4.789732933044434
3972,-135.67408022960157,0,0,173,0.02,5.078719139099121
3973,-255.43961283763403,0,0,300,0.02,4.865102291107178
3974,-34.53632540782424,0,0,149,0.02,5.644280433654785
3975,-48.69597102244825,0,0,135,0.02,5.419191837310791
3976,-84.80447360118359,0,0,137,0.02,5.208817481994629
3977,-346.255916930041,0,0,297,0.02,4.849178314208984
3978,-9.252829560453309,0,0,300,0.02,0.6003972887992859
3979,-35.950604753494105,0,0,300,0.02,0.5926511883735657
3980,-255.87109065135473,0,0,300,0.02,4.8404717445373535
3981,-37.304940643310545,0,0,142,0.02,5.841235160827637
3982,-119.10300354003907,0,0,286,0.02,2.3907508850097656
3983,-9.37237795194519,0,0,300,0.02,0.563890814781189
3984,-455.90306368907386,0,0,300,0.02,4.683465003967285
3985,-85.27808131297563,0,0,210,0.02,5.157219409942627
3986,-140.89789576610056,0,0,187,0.02,4.797173023223877
3987,-408.6779017933221,0,0,300,0.02,4.654674530029297
3988,-463.6194546802846,0,0,300,0.02,4.6375627517700195
3989,-76.66179354747271,0,0,138,0.02,5.2056474685668945
3990,-24.583656690116705,0,0,300,0.02,0.6778169274330139
3991,-88.42774902343747,0,0,138,0.02,4.891937255859375
3992,-45.67094184875487,0,0,130,0.02,5.162735462188721
3993,-156.6478949737549,0,0,208,0.02,4.881973743438721
3994,-42.332261246838826,0,0,131,0.02,5.542866230010986
3995,-112.79112327575685,0,0,169,0.02,4.852780818939209
3996,-139.91141177257032,0,0,195,0.02,4.848052024841309
3997,-2.1129072912547358,0,0,300,0.02,0.646423876285553
3998,-473.98981204112476,0,0,280,0.02,4.6451520919799805
3999,-99.42983779907227,0,0,152,0.02,4.832459449768066
4000,-363.85300669749716,0,1,194,0.02,4.498450756072998
4001,-96.53888636668655,0,0,165,0.02,5.117420673370361
4002,-117.17585368236034,0,0,300,0.02,4.804162502288818
4003,-325.2247712238644,0,0,266,0.02,4.876391887664795
4004,-40.01278266906738,0,0,139,0.02,5.353195667266846
4005,-168.83624117930844,0,0,258,0.02,4.849259376525879
4006,-2.428351946673115,0,0,300,0.02,0.7122870683670044
4007,-31.855798110961913,0,0,148,0.02,5.7489495277404785
4008,-106.88472056468457,0,0,182,0.02,5.031379222869873
4009,-37.364531707763675,0,0,139,0.02,5.791132926940918
4010,-30.02348275899486,0,0,300,0.02,0.6477734446525574
4011,-225.0727700042726,0,0,205,0.02,4.860692501068115
4012,-34.242108993530266,0,0,128,0.02,5.578027248382568
4013,-49.293725051879875,0,0,141,0.02,5.125931262969971
4014,-26.97885463714591,0,0,300,0.02,1.062213659286499
4015,-23.514959364733397,0,0,300,0.02,4.43143892288208
4016,-4.857504406771385,0,0,300,0.02,0.764575183391571
4017,-10.994801290031292,0,0,300,0.02,0.5031030774116516
4018,3.1124178910295,0,0,300,0.02,0.6291467547416687
4019,-28.4820484161377,0,0,130,0.02,5.520512104034424
4020,-4.612185517153452,0,0,300,0.02,0.5782454609870911
4021,-33.72981989940139,0,0,129,0.02,5.585154056549072
4022,-14.229846839904795,0,0,300,0.02,1.9624617099761963
4023,-6.935275460085593,0,0,300,0.02,0.8815179467201233
4024,-24.227032690844258,0,0,300,0.02,3.42195725440979
4025,-135.80927318572992,0,0,286,0.02,2.592318296432495
4026,-10.421577079292163,0,0,300,0.02,0.7722970247268677
4027,-18.139746151766502,0,0,297,0.02,0.5426356196403503
4028,-1.0295968635890047,0,0,300,0.02,0.6775982975959778
4029,-26.82198771556351,0,0,129,0.02,5.5556960105896
4030,-56.78320490916702,0,0,157,0.02,5.1635003089904785
4031,-62.63510153850049,0,0,280,0.02,2.9114744663238525
4032,-359.8187055500362,0,0,300,0.02,4.892375469207764
4033,-51.99688224792479,0,0,166,0.02,5.486720561981201
4034,-36.35119873046865,0,0,300,0.02,3.0727996826171875
4035,-35.678330917358394,0,0,121,0.02,5.5395827293396
4036,-50.95278266906739,0,0,167,0.02,5.790695667266846
4037,-3.2702950167616356,0,0,300,0.02,0.9194765090942383
4038,-2.369150969978186,0,0,300,0.02,0.8241904973983765
4039,-2.2428688597639552,0,0,300,0.02,0.6401199698448181
4040,-160.77457603454593,0,0,278,0.02,2.6711440086364746
4041,3.3788777184525984,0,0,300,0.02,0.49468332529067993
4042,-21.8384656524658,0,0,300,0.02,4.032116413116455
4043,-1.7082031377169733,0,0,300,0.02,0.43138745427131653
4044,-4.209862396713099,0,0,299,0.02,0.41124752163887024
4045,-2.165697925086834,0,0,300,0.02,0.5183272361755371
4046,-2.0132416160914604,0,0,300,0.02,0.6660094857215881
4047,-2.441995440325461,0,0,300,0.02,0.7806979417800903
4048,-1.0746107935865807,0,0,300,0.02,0.7530554533004761
4049,-0.4645592761000154,0,0,300,0.02,0.883042573928833
4050,-25.07572730302415,0,0,298,0.02,0.47595205903053284
4051,-4.875984402498941,0,0,300,0.02,0.5991951823234558
4052,-2.46253905057511,0,0,300,0.02,0.5975375175476074
4053,-11.021762397285316,0,0,300,0.02,0.6923433542251587
4054,-88.55113772471871,0,0,300,0.02,2.125483512878418
4055,-31.242306518554667,0,0,300,0.02,3.673076629638672
4056,-3.1032700355860787,0,0,300,0.02,0.5910165905952454
4057,-8.181624470553139,0,0,300,0.02,0.8406051993370056
4058,3.0533107495347496,0,0,300,0.02,0.5235750675201416
4059,-6.352704125246732,0,0,300,0.02,0.6283751130104065
4060,-0.8977838333460875,0,0,300,0.02,0.5146450400352478
4061,-16.84252464294432,0,0,300,0.02,1.055631160736084
4062,-1.753776608309467,0,0,300,0.02,0.6711432337760925
4063,-2.4557404208143643,0,0,300,0.02,0.5658378601074219
4064,-17.840197076793512,0,0,298,0.02,0.5557862520217896
4065,-18.908362189135257,0,0,300,0.02,3.902289628982544
4066,-5.207102490267489,0,0,300,0.02,0.4994747042655945
4067,-66.58154823303224,0,0,208,0.02,5.765387058258057
4068,16.965896128812123,0,0,300,0.02,0.6664398312568665
4069,-11.5029456337306,0,0,300,0.02,0.7559354901313782
4070,-91.64151219447578,0,0,300,0.02,1.398077130317688
4071,-1.1678247237165833,0,0,300,0.02,0.6163589358329773
4072,-0.7320207476576227,0,0,300,0.02,0.7174079418182373
4073,-1.456710784431305,0,0,300,0.02,0.7535804510116577
4074,-6.45755064805083,0,0,300,0.02,0.9614894986152649
4075,-15.870817061266639,0,0,300,0.02,3.185403347015381
4076,-40.00821826934806,0,0,300,0.02,2.882054567337036
4077,1.4695622468034308,0,0,300,0.02,0.5020121932029724
4078,-6.279251767000888,0,0,300,0.02,0.8925120234489441
4079,-1.5161626156184407,0,0,300,0.02,0.8192397356033325
4080,-1.3376319797846972,0,0,300,0.02,0.5721070766448975
4081,-8.499329052767466,0,0,300,0.02,0.5700313448905945
4082,-128.7836609649658,0,0,265,0.02,2.550915241241455
4083,-1.6986050867994735,0,0,300,0.02,0.5490540266036987
4084,-8.427518193717816,0,0,300,0.02,0.9087823033332825
4085,-40.29496546824898,0,0,300,0.02,4.518940448760986
4086,-9.283613310656273,0,0,300,0.02,0.603602409362793
4087,1.8203596615830926,0,0,300,0.02,0.45947539806365967
4088,-34.94900375366211,0,0,202,0.02,4.722250938415527
4089,3.513442821506649,0,0,300,0.02,0.48322394490242004
4090,-21.70057387351593,0,0,300,0.02,0.4841668903827667
4091,-41.02719358285782,0,0,300,0.02,0.8937984108924866
4092,-7.9318177962263725,0,0,300,0.02,0.6073572039604187
4093,-8.755814177986013,0,0,300,0.02,0.4808562994003296
4094,-19.223419370651218,0,0,300,0.02,0.8833548426628113
4095,-40.75010318756102,0,0,300,0.02,3.012525796890259
4096,-5.737787295183866,0,0,300,0.02,0.6696459054946899
4097,-0.349828949770646,0,0,300,0.02,0.5876563191413879
4098,-7.815291624865254,0,0,300,0.02,0.6440219879150391
4099,-1.5483371806105104,0,0,300,0.02,0.6539870500564575
4100,-5.6808139491041665,0,0,300,0.02,0.5721062421798706
4101,-0.37619244336686525,0,0,300,0.02,0.5084508657455444
4102,1.2867302465478527,0,0,300,0.02,0.3513028919696808
4103,-9.55036801099382,0,0,300,0.02,0.6594947576522827
4104,-6.987767535052025,0,0,300,0.02,0.724640965461731
4105,-18.73672596931456,0,0,300,0.02,0.7041814923286438
4106,0.2574743294755527,0,0,300,0.02,0.4800341725349426
4107,-1.2855841525408835,0,0,300,0.02,0.5074756145477295
4108,0.2842262387315313,0,0,300,0.02,0.5133461952209473
4109,-5.823783757682652,0,0,300,0.02,0.5553486943244934
4110,-97.2964910125732,0,0,300,0.02,2.2966227531433105
4111,-2.9876712393721037,0,0,300,0.02,0.5388205647468567
4112,-1.3776166224440038,0,0,300,0.02,0.5438069105148315
4113,-4.172097351547102,0,0,300,0.02,0.47992709279060364
4114,-1.284230382438511,0,0,300,0.02,0.7254603505134583
4115,-52.88696556091308,0,0,163,0.02,5.6467413902282715
4116,-1.3027049708326797,0,0,300,0.02,0.6650789976119995
4117,-15.640673094591806,0,0,300,0.02,0.9253673553466797
4118,9.596555902961908,0,0,300,0.02,0.6129394769668579
4119,-108.70643460194138,0,0,300,0.02,5.336409568786621
4120,-4.415081568560315,0,0,300,0.02,0.5214694738388062
4121,-10.24147303342423,0,0,300,0.02,0.6722710132598877
4122,-19.797053680419904,0,0,300,0.02,4.4217634201049805
4123,-2.219291315874778,0,0,300,0.02,0.6500219106674194
4124,-11.824219897593377,0,0,300,0.02,0.8343513011932373
4125,-8.489600430330958,0,0,300,0.02,0.6800991892814636
4126,-2.294949500556802,0,0,300,0.02,0.5256401300430298
4127,-8.583804063796993,0,0,300,0.02,0.8509510159492493
4128,0.9749131862309385,0,0,300,0.02,0.5214707851409912
4129,-95.7430728149414,0,0,284,0.02,2.7932682037353516
4130,-5.077997915740812,0,0,300,0.02,0.49640223383903503
4131,-3.05775120814772,0,0,300,0.02,0.6921368837356567
4132,0.5939418339768855,0,0,300,0.02,0.7709172964096069
4133,29.36312425136962,0,0,300,0.02,0.39722105860710144
4134,-3.3708501410444693,0,0,300,0.02,0.6471152901649475
4135,1.662406694893032,0,0,300,0.02,0.5313010811805725
4136,-46.60808294375866,0,0,300,0.02,0.7922198176383972
4137,-0.8432422550532361,0,0,300,0.02,0.5610096454620361
4138,-8.140379884239056,0,0,300,0.02,0.7969977259635925
4139,-9.436837937827933,0,0,300,0.02,0.7961122393608093
4140,-6.675345761772013,0,0,300,0.02,0.6482391953468323
4141,-5.3278220470759425,0,0,300,0.02,0.6221545934677124
4142,-32.10934040069578,0,0,300,0.02,2.78483510017395
4143,-8.018391253944229,0,0,300,0.02,0.8540005683898926
4144,-10.52014663696289,0,0,300,0.02,0.8100366592407227
4145,-0.49695930560560914,0,0,300,0.02,0.5344389081001282
4146,47.25635675907531,0,0,300,0.02,0.38530129194259644
4147,1.6260802070286666,0,0,300,0.02,0.5111790299415588
4148,-49.34126808166502,0,0,169,0.02,6.01781702041626
4149,-5.53686476468643,0,0,300,0.02,0.45111894607543945
4150,-3.555461769900047,0,0,300,0.02,0.6040645241737366
4151,-77.00696617126466,0,0,300,0.02,2.674241542816162
4152,-21.765670628543702,0,0,299,0.02,0.5395990014076233
4153,-3.553465783592079,0,0,300,0.02,0.5352692008018494
4154,-4.946757714744423,0,0,300,0.02,0.4510921835899353
4155,12.096531131271515,0,0,300,0.02,0.44649118185043335
4156,2.2511207477238506,0,0,300,0.02,0.6074188947677612
4157,5.102832031253961,0,0,299,0.02,0.42291367053985596
4158,-1.837597084841454,0,0,300,0.02,0.7195983529090881
4159,-10.717732474799957,0,0,300,0.02,0.7988358736038208
4160,-2.039541865191186,0,0,300,0.02,0.657584547996521
4161,-4.505285952087264,0,0,300,0.02,0.4417133331298828
4162,-1.7466587360713053,0,0,300,0.02,0.9518637657165527
4163,-44.762013978162074,0,0,150,0.02,5.800304412841797
4164,-4.454041577181552,0,0,300,0.02,0.5862094759941101
4165,-7.773005667528836,0,0,300,0.02,0.5809504985809326
4166,-0.1436284232100003,0,0,300,0.02,0.5253098607063293
4167,-4.11784453153215,0,0,300,0.02,0.5488638877868652
4168,-1.5414680775019762,0,0,300,0.02,0.5880661010742188
4169,-9.994198981127465,0,0,300,0.02,0.5737488269805908
4170,9.81609634399809,0,0,298,0.02,0.41240525245666504
4171,-3.903079354759066,0,0,300,0.02,0.4601725935935974
4172,31.10873587608733,0,0,300,0.02,0.41096407175064087
4173,-6.691219855150902,0,0,300,0.02,0.4705040454864502
4174,-7.483942910036772,0,0,300,0.02,0.8261848092079163
4175,-63.95363133350875,0,0,178,0.02,6.133208751678467
4176,-7.492708960375531,0,0,300,0.02,0.9233763217926025
4177,-0.31697064160904975,0,0,300,0.02,0.6336454153060913
4178,-3.266593558784338,0,0,300,0.02,0.48355114459991455
4179,-4.9169308161696,0,0,300,0.02,0.698635458946228
4180,-4.925728776450971,0,0,300,0.02,0.555834949016571
4181,-33.3647807017949,0,0,164,0.02,5.58349609375
4182,-2.9875032639463823,0,0,300,0.02,0.47877857089042664
4183,6.092141201500079,0,0,300,0.02,0.419253408908844
4184,0.2904938785221974,0,0,300,0.02,0.6525756120681763
4185,2.1474028515855412,0,0,300,0.02,0.7425520420074463
4186,-5.862975106231394,0,0,300,0.02,0.982049286365509
4187,18.374779982570793,0,0,300,0.02,0.35181406140327454
4188,-4.602900572619166,0,0,300,0.02,0.8809242248535156
4189,45.99276238203444,0,0,300,0.02,0.43096381425857544
4190,-5.077169218859389,0,0,300,0.02,0.6944913864135742
4191,0.7088108634988255,0,0,300,0.02,0.4661923050880432
4192,-16.709161997637487,0,0,300,0.02,0.5499895811080933
4193,-1.818190565905302,0,0,300,0.02,0.8297467231750488
4194,-1.671649549003452,0,0,300,0.02,0.5873151421546936
4195,-10.454707957110138,0,0,300,0.02,0.8988760709762573
4196,-2.287671066126543,0,0,300,0.02,0.48211684823036194
4197,-5.7277602108332575,0,0,300,0.02,1.0196391344070435
4198,16.791094689373185,0,0,300,0.02,0.3600071370601654
4199,-2.4723481186244087,0,0,300,0.02,0.6407861113548279
4200,-10.06405791362259,0,0,300,0.02,0.7412135601043701
4201,-7.189242885108801,0,0,300,0.02,0.4444756507873535
4202,0.3063194584886108,0,0,300,0.02,0.48782289028167725
4203,1.694429024853986,0,0,300,0.02,0.8843148946762085
4204,-4.834172782897936,0,0,300,0.02,1.0060431957244873
4205,36.933396046165605,0,0,300,0.02,0.37007418274879456
4206,-1.327663114066932,0,0,300,0.02,0.48131853342056274
4207,-3.1070603092524625,0,0,300,0.02,0.6819641590118408
4208,-19.430337591967312,0,0,288,0.02,0.8127834796905518
4209,-5.234674578509068,0,0,300,0.02,0.5863677263259888
4210,0.42983330647019447,0,0,300,0.02,0.6752407550811768
4211,-7.7595010924299626,0,0,300,0.02,0.604278028011322
4212,-17.356770859560687,0,0,295,0.02,0.7468917965888977
4213,-12.102027168273924,0,0,300,0.02,1.2155067920684814
4214,-4.097107341285572,0,0,300,0.02,0.6111795902252197
4215,12.740939302448426,0,0,300,0.02,0.43613824248313904
4216,-1.7922910412165691,0,0,300,0.02,0.7282718420028687
4217,-4.777325186721515,0,0,300,0.02,0.6981368064880371
4218,-43.17391288757322,0,0,280,0.02,4.6359782218933105
4219,-20.60939819335936,0,0,300,0.02,4.259849548339844
4220,-2.0278980803450017,0,0,300,0.02,0.6363772749900818
4221,35.02997433662811,0,0,300,0.02,0.4044419825077057
4222,-4.894095583758085,0,0,300,0.02,0.8662229776382446
4223,-4.144767925735321,0,0,300,0.02,0.46809473633766174
4224,-19.534532852172816,0,0,300,0.02,3.866133213043213
4225,-35.249443740844704,0,0,300,0.02,2.3823609352111816
4226,15.434441938404238,0,0,300,0.02,0.4308752715587616
4227,-1.2318678450544887,0,0,300,0.02,0.54986971616745
4228,-4.795218573412624,0,0,300,0.02,0.8565037250518799
4229,-12.88522880633804,0,0,300,0.02,0.8615062832832336
4230,-148.83143093109132,0,0,300,0.02,2.140357732772827
4231,-3.3956992220839135,0,0,300,0.02,0.8658275604248047
4232,-5.310929604372693,0,0,300,0.02,0.9954314827919006
4233,-7.996484399637909,0,0,300,0.02,0.4968201816082001
4234,-16.75120593150589,0,0,300,0.02,4.183000564575195
4235,32.863782060150285,0,0,300,0.02,0.39669105410575867
4236,-59.19833209117385,0,0,300,0.02,2.8547821044921875
4237,-27.69288107951611,0,0,300,0.02,3.990919351577759
4238,-5.137895209785322,0,0,300,0.02,0.7638765573501587
4239,0.45232046366134804,0,0,300,0.02,0.4888226389884949
4240,1.9792579388657976,0,0,300,0.02,0.6045882701873779
4241,1.9551567173043773,0,0,300,0.02,0.3116437792778015
4242,19.680269732479243,0,0,300,0.02,0.40135642886161804
4243,-6.81175620158645,0,0,300,0.02,1.183138132095337
4244,-4.204103241762847,0,0,300,0.02,0.6087248921394348
4245,1.0360600606587318,0,0,300,0.02,0.5293746590614319
4246,-3.7237159562071325,0,0,300,0.02,0.4420585334300995
4247,-7.016500504012912,0,0,300,0.02,0.4710278809070587
4248,-3.4438875492427132,0,0,300,0.02,0.8386709690093994
4249,-5.288305029865112,0,0,300,0.02,0.449179083108902
4250,-2.160797463259422,0,0,300,0.02,0.6978984475135803
4251,19.91030599117676,0,0,300,0.02,0.4409567415714264
4252,-2.847358160014957,0,0,300,0.02,0.4649038016796112
4253,-2.9695420432051196,0,0,300,0.02,0.5567882657051086
4254,-4.788985310396872,0,0,300,0.02,0.8674454092979431
4255,-24.530991885658086,0,0,300,0.02,0.4896507263183594
4256,-24.021759831901388,0,0,300,0.02,0.4898427128791809
4257,-2.7885850866648774,0,0,300,0.02,0.5406844019889832
4258,-29.722127990722626,0,0,300,0.02,4.598031997680664
4259,-1.955278864702898,0,0,300,0.02,0.5515187978744507
4260,-27.885673170885752,0,0,300,0.02,3.374117374420166
4261,0.7452056495335561,0,0,300,0.02,0.5013976693153381
4262,-0.5535860546443248,0,0,300,0.02,0.5610955953598022
4263,-0.6519343860957245,0,0,300,0.02,0.5356826782226562
4264,-144.32002006530763,0,1,99,0.02,5.302505016326904
4265,-18.87189432859024,0,0,300,0.02,0.4823763370513916
4266,-4.475959584709035,0,0,300,0.02,0.4883926510810852
4267,-14.477555296417062,0,0,300,0.02,0.4859147369861603
4268,-4.419941580291596,0,0,300,0.02,0.46305057406425476
4269,1.8308671402970877,0,0,300,0.02,0.5091859698295593
4270,-125.97063494761915,0,0,300,0.02,2.8628578186035156
4271,-2.7666362675044214,0,0,300,0.02,0.7168581485748291
4272,-27.793427772521973,0,0,300,0.02,3.243356943130493
4273,1.6997149078038087,0,0,300,0.02,0.5127703547477722
4274,2.4623812699357543,0,0,300,0.02,0.4604097902774811
4275,-1.1393155837019446,0,0,300,0.02,0.8592316508293152
4276,-135.62194315989944,0,0,300,0.02,4.048184871673584
4277,-4.609490840431085,0,0,300,0.02,0.8542754650115967
4278,-15.025942908129416,0,0,300,0.02,0.7891848087310791
4279,-4.344485781992765,0,0,300,0.02,0.8219177722930908
4280,1.548932726387175,0,0,300,0.02,0.5396695733070374
4281,-2.781197281679848,0,0,300,0.02,0.7004984021186829
4282,-2.6116434931715395,0,0,300,0.02,0.7998136281967163
4283,0.30765135050216547,0,0,300,0.02,0.5099899172782898
4284,-5.55647700389359,0,0,300,0.02,1.0918183326721191
4285,38.782218227390445,0,0,300,0.02,0.36529240012168884
4286,-203.7295642383907,0,0,300,0.02,3.6050901412963867
4287,-9.23679167508684,0,0,300,0.02,0.8611006736755371
4288,-0.16967018842300557,0,0,300,0.02,0.5893203020095825
4289,0.5118497014085428,0,0,300,0.02,0.4564403295516968
4290,48.63325458288588,0,0,300,0.02,0.3605848550796509
4291,-9.783955075736872,0,0,300,0.02,0.8953915238380432
4292,-4.254011441073133,0,0,300,0.02,0.6737019419670105
4293,-4.753953181109163,0,0,300,0.02,0.7586873769760132
4294,1.042219499745629,0,0,300,0.02,0.48214420676231384
4295,-0.2555396437605395,0,0,300,0.02,0.5107876658439636
4296,-2.796134327254019,0,0,300,0.02,0.38621097803115845
4297,0.29748211145796694,0,0,300,0.02,0.5825322270393372
4298,-9.992311287722316,0,0,300,0.02,0.733276903629303
4299,-3.6641797932002116,0,0,300,0.02,0.7287440299987793
4300,-20.488030691942896,0,0,300,0.02,3.3647067546844482
4301,-29.108428793749518,0,0,300,0.02,2.6923062801361084
4302,39.55495295763411,0,0,300,0.02,0.47701939940452576
4303,-8.478131482597208,0,0,300,0.02,0.5764356255531311
4304,32.02248691082396,0,0,300,0.02,0.36303460597991943
4305,-8.439868810172886,0,0,300,0.02,0.771869957447052
4306,-43.30508559306594,0,0,300,0.02,2.52897047996521
4307,-2.7241946482618857,0,0,300,0.02,0.5304514169692993
4308,-3.7791746910426274,0,0,300,0.02,0.7224927544593811
4309,15.552481958870086,0,0,300,0.02,0.4136073887348175
4310,25.39795285940565,0,0,300,0.02,0.3545352816581726
4311,8.681917181018983,0,0,300,0.02,0.3534679710865021
4312,-105.6649165725708,0,0,263,0.02,2.8387291431427
4313,45.61658219734698,0,0,300,0.02,0.3427923917770386
4314,-27.899686546325682,0,0,225,0.02,2.982421636581421
4315,4.771861248020303,0,0,300,0.02,0.4495749771595001
4316,31.410201418403762,0,0,300,0.02,0.39433908462524414
4317,-15.880710783000795,0,0,300,0.02,0.4682227075099945
4318,-3.151495896181789,0,0,300,0.02,0.6705730557441711
4319,-2.5331059646606313,0,0,300,0.02,0.9157764911651611
4320,-62.84374892314406,0,0,300,0.02,3.178636312484741
4321,-3.488438985343788,0,0,300,0.02,0.7165125012397766
4322,3.544162938598774,0,0,300,0.02,0.435811311006546
4323,-3.802414505477768,0,0,300,0.02,0.46500638127326965
4324,37.48174899816907,0,0,300,0.02,0.4281490445137024
4325,0.9233355514195366,0,0,300,0.02,0.5793651938438416
4326,5.005172593597563,0,0,300,0.02,0.44881653785705566
4327,-7.966719923815453,0,0,300,0.02,0.5993790626525879
4328,-2.9707422137220805,0,0,300,0.02,0.6270883083343506
4329,-2.594446160789346,0,0,300,0.02,0.7230142951011658
4330,-1.0400739693602052,0,0,300,0.02,0.4594212472438812
4331,-9.074809281822066,0,0,300,0.02,0.4572649598121643
4332,-5.256437931856841,0,0,300,0.02,0.8343085646629333
4333,-76.59003871043652,0,0,300,0.02,2.6002087593078613
4334,27.89314659834302,0,0,300,0.02,0.4022097885608673
4335,9.52037048817077,0,0,300,0.02,0.43605855107307434
4336,3.01564382076658,0,0,300,0.02,0.3609154224395752
4337,10.497811610702666,0,0,300,0.02,0.4340778887271881
4338,-1.69833741902909,0,0,300,0.02,0.4664871096611023
4339,-0.7077864488018564,0,0,300,0.02,0.8227429389953613
4340,0.6463843560258452,0,0,300,0.02,0.5003066658973694
4341,17.57358700275817,0,0,300,0.02,0.42388981580734253
4342,-8.381941421027998,0,0,300,0.02,0.8248881101608276
4343,-89.48585620006057,0,0,198,0.02,4.394163131713867
4344,-1.777393055758202,0,0,300,0.02,0.6420473456382751
4345,7.909770321849981,0,0,300,0.02,0.3560366928577423
4346,-3.3694219899137905,0,0,300,0.02,0.49675825238227844
4347,6.361551926139974,0,0,300,0.02,0.4482573866844177
4348,-3.1476854236933773,0,0,300,0.02,0.6871204376220703
4349,2.289644446372994,0,0,300,0.02,0.3791505992412567
4350,-3.3558348154982207,0,0,300,0.02,0.5708614587783813
4351,1.1359444642106569,0,0,300,0.02,0.6854166388511658
4352,-16.043901968798373,0,0,300,0.02,0.8711745738983154
4353,8.596390950683748,0,0,300,0.02,0.45196911692619324
4354,70.57612807035844,0,0,300,0.02,0.45123091340065
4355,-2.698272197242595,0,0,300,0.02,0.8139708042144775
4356,2.44955852508941,0,0,300,0.02,0.4230201840400696
4357,-3.9552664542158604,0,0,300,0.02,0.8132193684577942
4358,-101.91929527282714,0,0,300,0.02,3.114823818206787
4359,44.65165609360137,0,0,300,0.02,0.38559821248054504
4360,36.87137250185408,0,0,300,0.02,0.3530077338218689
4361,2.041356451515343,0,0,300,0.02,0.7165636420249939
4362,26.013366796174314,0,0,300,0.02,0.3529782295227051
4363,-23.04450217247009,0,0,267,0.02,0.9711255431175232
4364,40.44897893429198,0,0,300,0.02,0.3673480749130249
4365,-25.570412124003283,0,0,291,0.02,0.8933993577957153
4366,14.230480690006404,0,0,300,0.02,0.41420769691467285
4367,-108.88507407268013,0,0,300,0.02,3.2364675998687744
4368,-7.382819240089269,0,0,300,0.02,0.5226075649261475
4369,51.834270443920275,0,0,300,0.02,0.35867854952812195
4370,17.4622909402887,0,0,300,0.02,0.40943852066993713
4371,19.75374254465498,0,0,300,0.02,0.3830967843532562
4372,-5.542075472674096,0,0,300,0.02,0.7382179498672485
4373,43.98757276932266,0,0,300,0.02,0.3658154308795929
4374,-3.448743264671175,0,0,300,0.02,0.7640885710716248
4375,-2.645921688875867,0,0,300,0.02,0.6016795039176941
4376,-6.03558549642167,0,0,300,0.02,0.8657991290092468
4377,7.571411177315998,0,0,300,0.02,0.4024270474910736
4378,-4.5738087582548514,0,0,300,0.02,0.47035494446754456
4379,14.94037988344696,0,0,300,0.02,0.4535960555076599
4380,-2.337306134696824,0,0,300,0.02,0.7487292885780334
4381,36.58688755512633,0,0,300,0.02,0.3646440804004669
4382,-6.021654078956453,0,0,300,0.02,0.5248162746429443
4383,-6.283478677268856,0,0,300,0.02,0.4677724242210388
4384,-10.926876361366133,0,0,300,0.02,0.47362184524536133
4385,2.4822694277802904,0,0,300,0.02,0.38474521040916443
4386,-3.6231445511195277,0,0,300,0.02,0.6734852194786072
4387,-4.008176089129185,0,0,300,0.02,0.5622431039810181
4388,-7.932560021873333,0,0,300,0.02,0.47504276037216187
4389,-7.637073543067804,0,0,300,0.02,0.47117114067077637
4390,15.247348208431383,0,0,300,0.02,0.3965320885181427
4391,-5.080186908241122,0,0,300,0.02,0.7594494819641113
4392,-0.6862746914240869,0,0,300,0.02,0.7517677545547485
4393,-19.32276417493424,0,0,291,0.02,0.8950937986373901
4394,19.383920390609887,0,0,300,0.02,0.39829108119010925
4395,1.2963269066850096,0,0,300,0.02,0.5344034433364868
4396,-2.5603703141172827,0,0,300,0.02,0.46199533343315125
4397,-0.9595369744261308,0,0,300,0.02,0.4792869985103607
4398,-21.875944605669716,0,0,266,0.02,0.9691852331161499
4399,-9.143861859644753,0,0,300,0.02,0.8792617917060852
4400,53.219232966903824,0,0,300,0.02,0.3481525480747223
4401,14.263637421135098,0,0,300,0.02,0.48048585653305054
4402,1.5428567783024532,0,0,300,0.02,0.41197049617767334
4403,-2.9378346967657443,0,0,300,0.02,0.44924095273017883
4404,17.86597911358275,0,0,300,0.02,0.3966585099697113
4405,-0.8217962050398337,0,0,300,0.02,0.6423518061637878
4406,-12.862392730712893,0,0,300,0.02,2.6355981826782227
4407,-21.303583977218477,0,0,300,0.02,0.4577987492084503
4408,41.762282698158394,0,0,300,0.02,0.3485962152481079
4409,-23.286219670768606,0,0,292,0.02,0.8709576725959778
4410,21.68300998211303,0,0,300,0.02,0.3939898610115051
4411,-7.306890113349762,0,0,300,0.02,0.868625283241272
4412,-32.398470609184116,0,0,298,0.02,0.9265204071998596
4413,16.68181036949554,0,0,300,0.02,0.39597707986831665
4414,36.43911481300861,0,0,300,0.02,0.3813915550708771
4415,2.5087917447129833,0,0,300,0.02,0.7697048187255859
4416,30.582410299781948,0,0,300,0.02,0.3999263644218445
4417,0.5095324921647547,0,0,300,0.02,0.5145196318626404
4418,-12.440844383239748,0,0,300,0.02,2.5877110958099365
4419,-6.106021516319146,0,0,300,0.02,0.7534081339836121
4420,-3.2918224509530645,0,0,300,0.02,1.0100574493408203
4421,10.408327033523701,0,0,300,0.02,0.4075092375278473
4422,37.50169737577833,0,0,300,0.02,0.3611563742160797
4423,-3.45764274597167,0,0,300,0.02,0.8144106864929199
4424,-92.11854408264158,0,0,300,0.02,2.7221360206604004
4425,28.590016471543564,0,0,300,0.02,0.33983132243156433
4426,40.79269994497693,0,0,300,0.02,0.34823963046073914
4427,-10.182474300857397,0,0,300,0.02,0.4775213301181793
4428,-3.2922415232618873,0,0,300,0.02,0.8424631357192993
4429,-3.2173892283400054,0,0,300,0.02,0.8412500619888306
4430,42.15656443119445,0,0,300,0.02,0.3640991747379303
4431,23.422912132743985,0,0,300,0.02,0.4981622099876404
4432,-4.415880792137013,0,0,300,0.02,0.7683729529380798
4433,10.596257975105438,0,0,300,0.02,0.42738446593284607
4434,50.41892485618987,0,0,300,0.02,0.3615936040878296
4435,-17.710397059913497,0,0,279,0.02,0.9195020198822021
4436,48.09881013870634,0,0,300,0.02,0.348041296005249
4437,-3.464983680244292,0,0,300,0.02,0.8156486749649048
4438,-5.9200180538508596,0,0,300,0.02,0.827703595161438
4439,-2.4519127869566555,0,0,300,0.02,0.4873809516429901
4440,-158.32872191508753,0,0,300,0.02,2.477379560470581
4441,-30.409761838116868,0,0,300,0.02,1.5597413778305054
4442,35.43233909130492,0,0,300,0.02,0.3660712242126465
4443,44.66601620436111,0,0,300,0.02,0.36203980445861816
4444,22.47584497690595,0,0,300,0.02,0.36769434809684753
4445,22.590535180572658,0,0,300,0.02,0.386417418718338
4446,-3.029142857393949,0,0,300,0.02,0.6299847960472107
4447,4.262932564416209,0,0,300,0.02,0.423443466424942
4448,1.794432203773626,0,0,300,0.02,0.4261675775051117
4449,40.947718055252224,0,0,300,0.02,0.35899290442466736
4450,47.16416786432661,0,0,300,0.02,0.348827064037323
4451,10.775909290317669,0,0,300,0.02,0.406924307346344
4452,6.613896117214348,0,0,300,0.02,0.37085604667663574
4453,40.081352893510136,0,0,300,0.02,0.3562256991863251
4454,39.86355640411773,0,0,300,0.02,0.3795034885406494
4455,22.137637970451493,0,0,300,0.02,0.39318111538887024
4456,18.0333206884053,0,0,300,0.02,0.3809484839439392
4457,21.455758233074334,0,0,300,0.02,0.39862242341041565
4458,-7.4928135895689465,0,0,300,0.02,0.43278828263282776
4459,38.149795551304,0,0,300,0.02,0.3674828112125397
4460,37.38539890289703,0,0,300,0.02,0.3695675730705261
4461,16.494954786304618,0,0,300,0.02,0.41022029519081116
4462,-6.522239917124623,0,0,300,0.02,0.9363563060760498
4463,-4.706402579149926,0,0,300,0.02,1.664299726486206
4464,38.94008355776337,0,0,300,0.02,0.34956809878349304
4465,48.2046170187036,0,0,300,0.02,0.3521944582462311
4466,43.593835562863624,0,0,300,0.02,0.3409264385700226
4467,35.991767468456395,0,0,300,0.02,0.3758763074874878
4468,-5.842086915965886,0,0,300,0.02,0.44348570704460144
4469,20.682870213989403,0,0,300,0.02,0.40315261483192444
4470,-2.95110193967423,0,0,300,0.02,0.43903499841690063
4471,-35.065813636779765,0,0,300,0.02,2.5539534091949463
4472,13.553625480332654,0,0,300,0.02,0.3461671769618988
4473,-6.2829116654356385,0,0,300,0.02,0.4501306712627411
4474,48.862846198085926,0,0,300,0.02,0.331485778093338
4475,46.92744539261262,0,0,300,0.02,0.35390812158584595
4476,-6.493290406069485,0,0,300,0.02,0.876021683216095
4477,14.151745240692293,0,0,300,0.02,0.3755930960178375
4478,41.138895533088835,0,0,300,0.02,0.34974029660224915
4479,5.900388412479556,0,0,300,0.02,0.34212633967399597
4480,5.1045794868508825,0,0,300,0.02,0.3526676893234253
4481,1.6630891052868617,0,0,300,0.02,0.42734482884407043
4482,37.81224189758697,0,0,300,0.02,0.3501104712486267
4483,33.253311421075146,0,0,300,0.02,0.3514237701892853
4484,38.740597298149254,0,0,300,0.02,0.35329148173332214
4485,52.09579648852746,0,0,300,0.02,0.31698402762413025
4486,45.923026003841564,0,0,300,0.02,0.34673112630844116
4487,30.557803778652314,0,0,300,0.02,0.3818114995956421
4488,-1.906211581226198,0,0,300,0.02,0.43324729800224304
4489,-1.4464954066237106,0,0,300,0.02,0.5260266065597534
4490,-24.35319900512696,0,0,101,0.02,6.463299751281738
4491,16.61990598202148,0,0,300,0.02,0.43243223428726196
4492,-3.391560020446758,0,0,300,0.02,0.6128900051116943
4493,-1.144867835040919,0,0,300,0.02,0.44541314244270325
4494,11.41932523489395,0,0,300,0.02,0.4273478090763092
4495,15.54972904920974,0,0,300,0.02,0.4131223261356354
4496,25.205707120899334,0,0,300,0.02,0.4008592665195465
4497,-28.690073509216322,0,0,300,0.02,1.6050183773040771
4498,7.768733319440175,0,0,300,0.02,0.33467790484428406
4499,-2.316510961051797,0,0,300,0.02,0.4391328692436218
4500,42.20192219734589,0,0,300,0.02,0.3523745834827423
4501,47.848995088734895,0,0,300,0.02,0.3425610661506653
4502,11.387976455692447,0,0,300,0.02,0.3672431409358978
4503,33.67731709003843,0,0,300,0.02,0.36288756132125854
4504,11.191283451714792,0,0,300,0.02,0.4117298126220703
4505,47.23481250286497,0,0,300,0.02,0.3474034368991852
4506,-4.897121131416177,0,0,300,0.02,0.7461830377578735
4507,39.51688784361279,0,0,300,0.02,0.33966100215911865
4508,-0.14434466600021423,0,0,300,0.02,0.4854889214038849
4509,26.960210516456748,0,0,300,0.02,0.3818361163139343
4510,35.317494959835194,0,0,300,0.02,0.34806931018829346
4511,9.287947776321552,0,0,300,0.02,0.3565940856933594
4512,13.153157350220958,0,0,300,0.02,0.40216386318206787
4513,-8.409096066947807,0,0,300,0.02,0.4666767716407776
4514,44.78741528034606,0,0,300,0.02,0.36918535828590393
4515,-3.010079739097734,0,0,300,0.02,0.46561717987060547
4516,-2.043685348029947,0,0,300,0.02,0.4778240919113159
4517,36.39988189220824,0,0,300,0.02,0.3535968065261841
4518,-104.50021773417923,0,0,300,0.02,2.4827535152435303
4519,37.65319294214645,0,0,300,0.02,0.4014482796192169
4520,11.851856470111976,0,0,300,0.02,0.4067368805408478
4521,29.73105085373319,0,0,273,0.02,0.381401002407074
4522,31.583442091945788,0,0,300,0.02,0.39091092348098755
4523,16.439898707870615,0,0,300,0.02,0.34841370582580566
4524,15.101763129238284,0,0,300,0.02,0.4064537286758423
4525,10.682047934536131,0,0,300,0.02,0.41757115721702576
4526,7.323764226440572,0,0,300,0.02,0.3388966917991638
4527,165.78388062477507,1,0,300,0.02,0.34799298644065857
4528,165.58907403946318,1,0,290,0.02,0.3371972143650055
4529,26.480508253578332,0,0,300,0.02,0.39485806226730347
4530,29.761215926804795,0,0,300,0.02,0.35110679268836975
4531,-1.069482882018883,0,0,300,0.02,0.4828161597251892
4532,20.616718630794672,0,0,300,0.02,0.4159599840641022
4533,48.30769624630479,0,0,300,0.02,0.3419846296310425
4534,26.077311782840866,0,0,300,0.02,0.39627718925476074
4535,21.2786151194612,0,0,300,0.02,0.36940401792526245
4536,4.494413373474251,0,0,300,0.02,0.43942898511886597
4537,27.941707584861884,0,0,300,0.02,0.3828084468841553
4538,-10.439008367057657,0,0,300,0.02,0.4566548466682434
4539,200.06579304695526,1,0,295,0.02,0.34779512882232666
4540,8.605283544067534,0,0,300,0.02,0.4067721664905548
4541,46.746291804317636,0,0,300,0.02,0.3447364270687103
4542,184.00491193771757,1,0,280,0.02,0.3448042571544647
4543,19.880115251545103,0,0,300,0.02,0.40565359592437744
4544,17.103979074958946,0,0,300,0.02,0.3943030834197998
4545,7.943340970673848,0,0,300,0.02,0.4379960596561432
4546,43.83250540972152,0,0,300,0.02,0.3581676185131073
4547,39.48402058363355,0,0,300,0.02,0.35620734095573425
4548,13.490259003643184,0,0,300,0.02,0.38848862051963806
4549,168.96752096414963,1,0,272,0.02,0.34820371866226196
4550,174.19247409344115,1,0,294,0.02,0.344237744808197
4551,37.03066798925796,0,0,300,0.02,0.356393426656723
4552,186.0995668292085,1,0,298,0.02,0.34907734394073486
4553,24.870648179058225,0,0,300,0.02,0.385049968957901
4554,-106.40859516143797,0,0,251,0.02,2.457148790359497
4555,-105.74350680430857,0,0,300,0.02,2.023575782775879
4556,1.1217361307183795,0,0,300,0.02,0.44597914814949036
4557,29.54251036167541,0,0,291,0.02,0.34822848439216614
4558,45.14054315328995,0,0,300,0.02,0.35023489594459534
4559,172.91834885597623,1,0,273,0.02,0.34578022360801697
4560,29.904266518750457,0,0,300,0.02,0.3769943416118622
4561,26.527089815143718,0,0,300,0.02,0.3902873992919922
4562,40.02815838814177,0,0,300,0.02,0.3701314628124237
4563,1.6078274083177195,0,0,300,0.02,0.47494590282440186
4564,202.03536330461895,1,0,283,0.02,0.3480270504951477
4565,28.00422401667037,0,0,300,0.02,0.3818119764328003
4566,7.051857519153739,0,0,300,0.02,0.3553783893585205
4567,45.0462240695993,0,0,300,0.02,0.35511887073516846
4568,-1.3069753503759838,0,0,300,0.02,0.4381001591682434
4569,-0.9284176278074824,0,0,300,0.02,0.47150716185569763
4570,-15.996158421035624,0,0,300,0.02,0.458442360162735
4571,51.77129623810319,0,0,300,0.02,0.34508317708969116
4572,29.718540395894326,0,0,300,0.02,0.3439067602157593
4573,19.489417796138905,0,0,300,0.02,0.3953622579574585
4574,47.006570093635695,0,0,300,0.02,0.3526187241077423
4575,26.848387839798114,0,0,300,0.02,0.3800960183143616
4576,-21.337020331225116,0,0,300,0.02,2.661954164505005
4577,52.56194835901657,0,0,300,0.02,0.34420520067214966
4578,18.611735496524968,0,0,300,0.02,0.3848021924495697
4579,201.7500300908128,1,0,293,0.02,0.34483346343040466
4580,35.86070039431124,0,0,300,0.02,0.36404865980148315
4581,36.744587452415615,0,0,300,0.02,0.3468220829963684
4582,166.0113515090982,1,0,277,0.02,0.3444153666496277
4583,34.60214095354475,0,0,300,0.02,0.35121938586235046
4584,41.67100771904386,0,0,300,0.02,0.3493141233921051
4585,10.94505975723663,0,0,300,0.02,0.44323229789733887
4586,2.3313193869630346,0,0,300,0.02,0.4265613853931427
4587,18.025627204575812,0,0,300,0.02,0.38840192556381226
4588,-130.9897508239746,0,0,300,0.02,2.3199377059936523
4589,42.15558540344635,0,0,300,0.02,0.3577043116092682
4590,11.609671031632708,0,0,300,0.02,0.3962855339050293
4591,0.20556851307418644,0,0,300,0.02,0.6863069534301758
4592,23.025900342468415,0,0,300,0.02,0.4027990996837616
4593,52.34704662561811,0,0,300,0.02,0.3603370487689972
4594,20.694849586490793,0,0,300,0.02,0.3957456946372986
4595,2.929729115162974,0,0,300,0.02,0.437286913394928
4596,27.20178639650741,0,0,300,0.02,0.4020116329193115
4597,40.37168086052338,0,0,300,0.02,0.35423246026039124
4598,48.257108089927826,0,0,300,0.02,0.34646308422088623
4599,28.132816850342994,0,0,300,0.02,0.3306947946548462
4600,22.14153080702222,0,0,300,0.02,0.3716858923435211
4601,21.714837598804618,0,0,300,0.02,0.40199270844459534
4602,162.81271798611084,1,0,293,0.02,0.3443426787853241
4603,49.16332027435699,0,0,300,0.02,0.36842527985572815
4604,42.68760163546004,0,0,300,0.02,0.3466271162033081
4605,11.79424272776046,0,0,300,0.02,0.4025143086910248
4606,42.679005310539374,0,0,300,0.02,0.35817497968673706
4607,29.603458795551454,0,0,300,0.02,0.35217177867889404
4608,199.01582901239792,1,0,298,0.02,0.34730833768844604
4609,38.07416292429365,0,0,300,0.02,0.3536054491996765
4610,22.294880375866082,0,0,300,0.02,0.40548616647720337
4611,7.249747836593774,0,0,300,0.02,0.3842795193195343
4612,21.544954659942753,0,0,300,0.02,0.34923675656318665
4613,35.00159864426054,0,0,300,0.02,0.3603910505771637
4614,40.013705999855176,0,0,300,0.02,0.35436350107192993
4615,-103.786407212415,0,0,300,0.02,2.0789027214050293
4616,40.20327556372085,0,0,300,0.02,0.3713280260562897
4617,44.87894278288284,0,0,300,0.02,0.3662930727005005
4618,8.468740806583558,0,0,300,0.02,0.35807350277900696
4619,203.1820996499101,1,0,276,0.02,0.34937307238578796
4620,-38.30950134277344,0,0,206,0.02,5.782375335693359
4621,-0.001011545654152568,0,0,300,0.02,0.4254635274410248
4622,11.239163304963387,0,0,300,0.02,0.4138592481613159
4623,8.93666078567902,0,0,300,0.02,0.4192926287651062
4624,165.39546881199277,1,0,263,0.02,0.34238937497138977
4625,169.19399266243377,1,0,261,0.02,0.34871649742126465
4626,-0.9599225974043479,0,0,300,0.02,0.44030994176864624
4627,-43.53742575725054,0,0,300,0.02,1.1945555210113525
4628,18.895096423629912,0,0,300,0.02,0.3902820348739624
4629,188.1272956895868,1,0,299,0.02,0.34630951285362244
4630,197.34910494566356,1,0,277,0.02,0.3494105935096741
4631,36.608190329078816,0,0,300,0.02,0.35718297958374023
4632,188.27975105047622,1,0,293,0.02,0.3469345271587372
4633,0.9077879214326533,0,0,300,0.02,0.46745577454566956
4634,36.73793742815523,0,0,300,0.02,0.3532826006412506
4635,15.897669723037867,0,0,300,0.02,0.37333470582962036
4636,161.41448139906328,1,0,300,0.02,0.34420573711395264
4637,11.319029008546158,0,0,300,0.02,0.36221566796302795
4638,48.54229997078446,0,0,300,0.02,0.3409467935562134
4639,203.43819006920256,1,0,297,0.02,0.34829002618789673
4640,40.37596228123107,0,0,300,0.02,0.37428557872772217
4641,32.56788843632139,0,0,300,0.02,0.3755820393562317
4642,28.05588979403046,0,0,300,0.02,0.37621191143989563
4643,-50.217674355506816,0,0,300,0.02,0.30925533175468445
4644,-1.7526019883116124,0,0,300,0.02,0.4363490045070648
4645,208.69470070600903,1,0,284,0.02,0.3458135724067688
4646,42.96774948755769,0,0,300,0.02,0.3294760584831238
4647,200.0044718766252,1,0,293,0.02,0.34668391942977905
4648,23.04568608284392,0,0,300,0.02,0.347137451171875
4649,39.029004018310694,0,0,300,0.02,0.36305487155914307
4650,169.3717452168504,1,0,293,0.02,0.31775209307670593
4651,200.79918755293286,1,0,290,0.02,0.3458387553691864
4652,-8.476567809577803,0,0,300,0.02,0.44736313819885254
4653,11.838801362518467,0,0,300,0.02,0.4295037090778351
4654,15.761539554599917,0,0,300,0.02,0.40291908383369446
4655,39.53064943552413,0,0,300,0.02,0.36995628476142883
4656,42.96774948755769,0,0,300,0.02,0.3294760584831238
4657,1.5538248340275786,0,0,300,0.02,0.6542428731918335
4658,31.074778303303972,0,0,300,0.02,0.3396817743778229
4659,205.35285832882323,1,0,293,0.02,0.34834980964660645
4660,47.68083071709075,0,0,300,0.02,0.34633201360702515
4661,202.55275571346675,1,0,281,0.02,0.34700217843055725
4662,35.84515704155363,0,0,300,0.02,0.34749361872673035
4663,3.638509795669688,0,0,300,0.02,0.3324367105960846
4664,16.115891422429364,0,0,300,0.02,0.40352633595466614
4665,30.718156771663793,0,0,300,0.02,0.3511263430118561
4666,-25.484810362658216,0,0,300,0.02,2.6789016723632812
4667,29.272190225128302,0,0,300,0.02,0.367288202047348
4668,1.6708989572564619,0,0,300,0.02,0.3805420398712158
4669,46.32517582575349,0,0,300,0.02,0.34189820289611816
4670,197.19517321110166,1,0,298,0.02,0.34783703088760376
4671,29.291603903774398,0,0,300,0.02,0.393629789352417
4672,33.74728336493042,0,0,300,0.02,0.3567397892475128
4673,26.394351787571082,0,0,300,0.02,0.3986188471317291
4674,37.24943363905348,0,0,300,0.02,0.3613049387931824
4675,29.380757029060497,0,0,300,0.02,0.37737661600112915
4676,41.88854513407148,0,0,300,0.02,0.3524754047393799
4677,169.25249403238692,1,0,265,0.02,0.3492381274700165
4678,45.17135386944214,0,0,300,0.02,0.3680628538131714
4679,163.18308694601455,1,0,291,0.02,0.34248262643814087
4680,8.826587240699917,0,0,300,0.02,0.42418041825294495
4681,24.7166975998918,0,0,300,0.02,0.39812082052230835
4682,25.099570066932834,0,0,300,0.02,0.39652180671691895
4683,15.99551048517625,0,0,300,0.02,0.3503980338573456
4684,-103.78749006271364,0,0,300,0.02,1.4018725156784058
4685,59.49506701469817,0,0,300,0.02,0.34890216588974
4686,166.74892396688858,1,0,277,0.02,0.34631073474884033
4687,40.12506186247267,0,0,300,0.02,0.35925233364105225
4688,28.2549043655435,0,0,300,0.02,0.3769609332084656
4689,28.589954237941864,0,0,300,0.02,0.3488987386226654
4690,199.75523488760388,1,0,298,0.02,0.34491947293281555
4691,39.569343414310595,0,0,300,0.02,0.36028993129730225
4692,29.908884885315086,0,0,300,0.02,0.3800686299800873
4693,19.014488754276417,0,0,300,0.02,0.3691260516643524
4694,39.29572503328719,0,0,300,0.02,0.35281598567962646
4695,19.08384933948914,0,0,300,0.02,0.40734660625457764
4696,8.86242110014358,0,0,300,0.02,0.41956716775894165
4697,166.17440522194306,1,0,280,0.02,0.3446781635284424
4698,28.785514127412107,0,0,300,0.02,0.36408671736717224
4699,166.91753746748367,1,0,284,0.02,0.33964475989341736
4700,4.483875093464028,0,0,300,0.02,0.40855318307876587
4701,21.94600522995391,0,0,300,0.02,0.40300917625427246
4702,9.083774299625544,0,0,300,0.02,0.40085336565971375
4703,-0.22464888572297292,0,0,300,0.02,0.3585664629936218
4704,197.12612485170757,1,0,300,0.02,0.34617286920547485
4705,16.667703249458448,0,0,300,0.02,0.38599497079849243
4706,-16.75984976848098,0,0,300,0.02,1.4426615238189697
4707,204.27828326464095,1,0,293,0.02,0.34690696001052856
4708,-115.55741378784177,0,0,300,0.02,2.084353446960449
4709,34.64310028314986,0,0,300,0.02,0.3966694474220276
4710,7.840937638286734,0,0,300,0.02,0.4182969033718109
4711,22.63496499777236,0,0,300,0.02,0.4064573049545288
4712,42.14858110666672,0,0,300,0.02,0.3527454733848572
4713,-1.6251098497761425,0,0,300,0.02,0.8160611987113953
4714,47.80566563606658,0,0,300,0.02,0.3605499863624573
4715,51.315143880848076,0,0,300,0.02,0.34792980551719666
4716,12.530328819755706,0,0,300,0.02,0.4089265465736389
4717,44.96074373722472,0,0,300,0.02,0.35775628685951233
4718,21.484106540683875,0,0,300,0.02,0.4085317552089691
4719,204.6289929080049,1,0,290,0.02,0.3451938033103943
4720,202.16289660215773,1,0,267,0.02,0.3485853374004364
4721,24.105342862609994,0,0,300,0.02,0.39354464411735535
4722,1.412956401505751,0,0,300,0.02,0.43805885314941406
4723,37.782388894561926,0,0,300,0.02,0.3527454733848572
4724,202.48294099092877,1,0,297,0.02,0.3499561548233032
4725,165.97304955959714,1,0,287,0.02,0.347250759601593
4726,42.965238046650065,0,0,300,0.02,0.355835884809494
4727,9.397804434303431,0,0,300,0.02,0.4392891228199005
4728,193.77394092560206,1,0,298,0.02,0.3488524854183197
4729,-19.51661053577927,0,0,300,0.02,2.7789535522460938
4730,17.673844227794795,0,0,300,0.02,0.40055927634239197
4731,36.79267669201292,0,0,300,0.02,0.36372822523117065
4732,23.653224117759837,0,0,300,0.02,0.3515337109565735
4733,0.4790650773088121,0,0,300,0.02,0.48463648557662964
4734,4.522962636951597,0,0,300,0.02,0.4391418993473053
4735,-11.649066077074737,0,0,300,0.02,1.1949656009674072
4736,165.19368754864135,1,0,281,0.02,0.3489373028278351
4737,-61.156965857348176,0,0,228,0.02,2.8169405460357666
4738,165.59116612673202,1,0,293,0.02,0.34650760889053345
4739,40.590418496135854,0,0,300,0.02,0.36360979080200195
4740,-15.97898052215575,0,0,300,0.02,1.2497451305389404
4741,27.040770587125074,0,0,300,0.02,0.3802441954612732
4742,8.478703804020082,0,0,300,0.02,0.41303661465644836
4743,164.4673647165338,1,0,287,0.02,0.34358131885528564
4744,25.4320565454152,0,0,300,0.02,0.3863942623138428
4745,62.53431996107497,0,0,300,0.02,0.36253607273101807
4746,17.736426941552445,0,0,300,0.02,0.398642897605896
4747,11.714159379009388,0,0,300,0.02,0.39136460423469543
4748,3.6915412282983198,0,0,300,0.02,0.34633928537368774
4749,-3.86891340016924,0,0,300,0.02,0.5391311049461365
4750,198.59581449509062,1,0,284,0.02,0.34621262550354004
4751,26.293164975647112,0,0,300,0.02,0.381208598613739
4752,8.207677342895659,0,0,300,0.02,0.42295289039611816
4753,22.406690084938187,0,0,300,0.02,0.36792171001434326
4754,47.45236730495956,0,0,300,0.02,0.3600764274597168
4755,28.345720663074626,0,0,300,0.02,0.3970060646533966
4756,-165.96027984619144,0,0,291,0.02,2.5775699615478516
4757,27.850292251114034,0,0,300,0.02,0.37725764513015747
4758,186.73900063276685,1,0,297,0.02,0.34867408871650696
4759,2.967498013977182,0,0,300,0.02,0.47002825140953064
4760,-4.00763123273455,0,0,300,0.02,0.4638105630874634
4761,194.45362925768293,1,0,291,0.02,0.34727048873901367
4762,37.111826696399845,0,0,300,0.02,0.3533211350440979
4763,0.348774804272936,0,0,300,0.02,0.8205053806304932
4764,37.97632353067793,0,0,300,0.02,0.3961001932621002
4765,28.381569943431984,0,0,300,0.02,0.42455506324768066
4766,25.637918231491238,0,0,300,0.02,0.3838624656200409
4767,207.70627399683394,1,0,300,0.02,0.34470662474632263
4768,1.2059249281922921,0,0,300,0.02,0.4050501883029938
4769,23.701677002910756,0,0,300,0.02,0.3878674805164337
4770,165.67463827848832,1,0,296,0.02,0.34248262643814087
4771,173.11510614633954,1,0,293,0.02,0.34421244263648987
4772,15.233803496364748,0,0,300,0.02,0.4166453182697296
4773,18.13238668838608,0,0,300,0.02,0.40490058064460754
4774,8.025008764270932,0,0,300,0.02,0.41219139099121094
4775,198.58567105532086,1,0,295,0.02,0.34711986780166626
4776,203.6879851865808,1,0,299,0.02,0.3455409109592438
4777,12.77866463104753,0,0,300,0.02,0.40069276094436646
4778,18.38502413988508,0,0,300,0.02,0.3607451319694519
4779,8.882738382820284,0,0,300,0.02,0.42149972915649414
4780,15.288848705295718,0,0,300,0.02,0.4121018648147583
4781,192.2071288991014,1,0,292,0.02,0.344305157661438
4782,41.65621511459747,0,0,300,0.02,0.36862316727638245
4783,31.203816335205218,0,0,300,0.02,0.35859912633895874
4784,37.38221938133634,0,0,300,0.02,0.3664042055606842
4785,20.526671385769042,0,0,300,0.02,0.41912639141082764
4786,14.836920800213015,0,0,300,0.02,0.40470314025878906
4787,206.7967522835771,1,0,300,0.02,0.34624505043029785
4788,199.8358408379594,1,0,276,0.02,0.34968632459640503
4789,167.90535193443694,1,0,267,0.02,0.3452860713005066
4790,0.2157132784473006,0,0,300,0.02,0.504368007183075
4791,201.53462312460343,1,0,297,0.02,0.34717893600463867
4792,197.69046987057126,1,0,296,0.02,0.3486735224723816
4793,22.3564617959645,0,0,300,0.02,0.3863377571105957
4794,44.83052261829772,0,0,300,0.02,0.3635239899158478
4795,36.28598373413482,0,0,300,0.02,0.3762281537055969
4796,45.7806521240857,0,0,300,0.02,0.35916709899902344
4797,183.8781019568483,1,0,299,0.02,0.34936875104904175
4798,172.5243036437074,1,0,279,0.02,0.34926578402519226
4799,10.839835579399255,0,0,300,0.02,0.4256702959537506
4800,6.104887136616973,0,0,300,0.02,0.3667488694190979
4801,47.213619551662575,0,0,300,0.02,0.35060083866119385
4802,23.845829398636003,0,0,300,0.02,0.38816723227500916
4803,0.4431082534790132,0,0,300,0.02,0.496722936630249
4804,7.333390812877785,0,0,300,0.02,0.4148555099964142
4805,-1.5678576238963293,0,0,300,0.02,0.4521634876728058
4806,4.372095315460367,0,0,300,0.02,0.4322405755519867
4807,46.77269118786253,0,0,300,0.02,0.3502494990825653
4808,21.83830928564467,0,0,300,0.02,0.3999705910682678
4809,37.278255946640144,0,0,300,0.02,0.3651983439922333
4810,17.608835570816183,0,0,300,0.02,0.3948952555656433
4811,40.27647041241196,0,0,300,0.02,0.37307077646255493
4812,202.646875629429,1,0,296,0.02,0.34673798084259033
4813,19.802802953724065,0,0,300,0.02,0.3904995322227478
4814,14.529609646001141,0,0,300,0.02,0.4104790687561035
4815,38.799009761014254,0,0,300,0.02,0.36896035075187683
4816,28.326251993183277,0,0,300,0.02,0.3682003319263458
4817,51.38148847103515,0,0,300,0.02,0.3541809320449829
4818,167.80361068487562,1,0,286,0.02,0.34909293055534363
4819,14.627797558311624,0,0,300,0.02,0.3985288441181183
4820,193.69491534233487,1,0,297,0.02,0.3460976779460907
4821,40.66557959953813,0,0,300,0.02,0.35707446932792664
4822,200.15980387926496,1,0,298,0.02,0.3475312888622284
4823,29.653301417831546,0,0,300,0.02,0.36869412660598755
4824,-6.711636581420909,0,0,300,0.02,0.9804091453552246
4825,16.779473841194296,0,0,300,0.02,0.4084792733192444
4826,192.36089466095365,1,0,298,0.02,0.34897172451019287
4827,8.44654262066284,0,0,300,0.02,0.3644174635410309
4828,-26.359501059051322,0,0,300,0.02,0.4271703362464905
4829,-0.50896673202119,0,0,300,0.02,0.4326256215572357
4830,190.01392730713286,1,0,294,0.02,0.3486025929450989
4831,33.94829566637544,0,0,300,0.02,0.36217400431632996
4832,19.018316524032745,0,0,300,0.02,0.41020193696022034
4833,47.80432098785904,0,0,300,0.02,0.35138005018234253
4834,-3.746158998008524,0,0,300,0.02,0.3898696303367615
4835,36.44743942737976,0,0,300,0.02,0.3577043116092682
4836,207.12566984415446,1,0,268,0.02,0.3454414904117584
4837,16.02218055407075,0,0,300,0.02,0.41531050205230713
4838,32.65112600088118,0,0,300,0.02,0.3572457432746887
4839,42.77004811922577,0,0,300,0.02,0.3574238121509552
4840,203.53769777775204,1,0,299,0.02,0.3460562229156494
4841,21.669438242916236,0,0,300,0.02,0.3448401987552643
4842,197.57442934990326,1,0,299,0.02,0.3468220829963684
4843,14.155720417503504,0,0,300,0.02,0.3584040105342865
4844,203.93765347242748,1,0,297,0.02,0.34679701924324036
4845,24.154894511703635,0,0,300,0.02,0.4150371849536896
4846,-0.5850461125334279,0,0,300,0.02,0.4454428553581238
4847,25.777466398873575,0,0,284,0.02,0.34599268436431885
4848,22.19702059746184,0,0,300,0.02,0.4046012759208679
4849,35.18846464872359,0,0,300,0.02,0.37337726354599
4850,40.34832137346664,0,0,300,0.02,0.38384315371513367
4851,14.753083348278198,0,0,300,0.02,0.42230191826820374
4852,30.16718939781585,0,0,300,0.02,0.3973703980445862
4853,51.76715662241378,0,0,300,0.02,0.3788747191429138
4854,14.415855166916051,0,0,300,0.02,0.4247509837150574
4855,18.964872908596195,0,0,300,0.02,0.3863615393638611
4856,1.7035153190281647,0,0,300,0.02,0.6418202519416809
4857,31.053082633022438,0,0,300,0.02,0.39973801374435425
4858,42.80261524439253,0,0,300,0.02,0.37877872586250305
4859,40.76896437645354,0,0,300,0.02,0.3482469916343689
4860,184.80905730963147,1,0,299,0.02,0.34881117939949036
4861,12.239117405418531,0,0,300,0.02,0.3956584930419922
4862,47.11955737511186,0,0,300,0.02,0.3675723373889923
4863,13.651171765331421,0,0,300,0.02,0.39612099528312683
4864,17.42716547012725,0,0,300,0.02,0.39562270045280457
4865,163.25812639952102,1,0,297,0.02,0.3491412103176117
4866,38.25595965862669,0,0,300,0.02,0.34625667333602905
4867,-15.317309428057404,0,0,300,0.02,1.8145264387130737
4868,23.665996408466487,0,0,300,0.02,0.40724867582321167
4869,11.531982457641734,0,0,300,0.02,0.4147881269454956
4870,134.65417977333465,1,0,300,0.02,0.34270262718200684
4871,19.864150719646613,0,0,300,0.02,0.4013690650463104
4872,167.3294639897386,1,0,283,0.02,0.3362063467502594
4873,203.2366274952928,1,0,297,0.02,0.3487306237220764
4874,-78.64562759399416,0,0,269,0.02,2.511406898498535
4875,13.915137089886954,0,0,300,0.02,0.40146228671073914
4876,18.01066263437667,0,0,300,0.02,0.3931642472743988
4877,48.35426122427381,0,0,300,0.02,0.351505309343338
4878,9.418111124042666,0,0,300,0.02,0.4413778483867645
4879,167.65541501284042,1,0,282,0.02,0.3365478217601776
4880,172.17760701895153,1,0,289,0.02,0.34706956148147583
4881,21.668471629623546,0,0,300,0.02,0.35862794518470764
4882,-2.667384760375821,0,0,300,0.02,0.4812489449977875
4883,168.29483806133666,1,0,275,0.02,0.3362063467502594
4884,14.302703509334707,0,0,300,0.02,0.410821795463562
4885,15.03113790989321,0,0,300,0.02,0.3594115972518921
4886,14.00567670345702,0,0,300,0.02,0.3625562787055969
4887,52.41747298399475,0,0,300,0.02,0.34465616941452026
4888,49.05783815384307,0,0,300,0.02,0.3528711795806885
4889,36.35530578533678,0,0,300,0.02,0.3295983672142029
4890,156.27757927894592,1,0,296,0.02,0.3495761752128601
4891,-38.037068252563465,0,0,188,0.02,5.601767063140869
4892,205.17528283834852,1,0,293,0.02,0.34777557849884033
4893,29.541024284366742,0,0,300,0.02,0.37699273228645325
4894,-41.51954000234201,0,0,300,0.02,0.46678775548934937
4895,18.6754381720212,0,0,300,0.02,0.39123040437698364
4896,53.518968651298664,0,0,300,0.02,0.3614484369754791
4897,10.535438573364408,0,0,300,0.02,0.4323716461658478
4898,51.136629350189345,0,0,300,0.02,0.353451669216156
4899,46.14748325586715,0,0,300,0.02,0.35606205463409424
4900,27.25093296051419,0,0,300,0.02,0.38787561655044556
4901,207.65598125458158,1,0,299,0.02,0.34626784920692444
4902,188.7586700367967,1,0,300,0.02,0.3481309711933136
4903,165.47099862575928,1,0,295,0.02,0.3391317129135132
4904,-88.65438800811765,0,0,300,0.02,2.336097002029419
4905,19.6179370474855,0,0,300,0.02,0.3988930284976959
4906,10.224479682449484,0,0,300,0.02,0.4102490246295929
4907,42.55558540344634,0,0,300,0.02,0.3577043116092682
4908,0.995131056312712,0,0,300,0.02,0.43359217047691345
4909,17.65593574601948,0,0,300,0.02,0.41077739000320435
4910,14.35545389175811,0,0,300,0.02,0.40613532066345215
4911,25.527536904815815,0,0,300,0.02,0.35913532972335815
4912,206.4001369142572,1,0,292,0.02,0.3456292450428009
4913,10.356951646808763,0,0,300,0.02,0.4110134541988373
4914,-25.94905806621047,0,0,300,0.02,3.4824635982513428
4915,166.4078024411241,1,0,280,0.02,0.3448066711425781
4916,-6.717209727760174,0,0,300,0.02,0.45870518684387207
4917,183.9305886125604,1,0,300,0.02,0.3423580229282379
4918,-3.604434461589677,0,0,300,0.02,0.4311887323856354
4919,1.8180673694650196,0,0,300,0.02,0.34947770833969116
4920,42.913203846612255,0,0,300,0.02,0.329924076795578
4921,36.22573904991547,0,0,300,0.02,0.36872050166130066
4922,163.43265268087782,1,0,293,0.02,0.34247520565986633
4923,164.3060054135362,1,0,296,0.02,0.34768056869506836
4924,48.371723889508516,0,0,300,0.02,0.3481238782405853
4925,33.68278763056197,0,0,300,0.02,0.36535489559173584
4926,11.747547063831476,0,0,300,0.02,0.42909759283065796
4927,11.937414879802851,0,0,300,0.02,0.41030237078666687
4928,-0.23438463131454484,0,0,300,0.02,0.47339707612991333
4929,39.58166091919341,0,0,300,0.02,0.36506912112236023
4930,25.25000748157896,0,0,300,0.02,0.40148401260375977
4931,-4.3026047635038704,0,0,300,0.02,0.4650539457798004
4932,193.78906289339062,1,0,288,0.02,0.3453998267650604
4933,201.33883837223448,1,0,283,0.02,0.347383052110672
4934,192.65780071497358,1,0,299,0.02,0.34722962975502014
4935,7.35133004427351,0,0,300,0.02,0.41593074798583984
4936,-47.75724830627439,0,0,132,0.02,6.2768120765686035
4937,42.96774948755769,0,0,300,0.02,0.3294760584831238
4938,7.6676939725915485,0,0,300,0.02,0.41676920652389526
4939,3.225435178283821,0,0,300,0.02,0.44459980726242065
4940,-46.376902694702125,0,0,208,0.02,5.626725673675537
4941,41.447895414833205,0,0,300,0.02,0.36970511078834534
4942,37.458410784402155,0,0,300,0.02,0.3690510094165802
4943,-80.84029689788818,0,0,300,0.02,1.357574224472046
4944,196.67090631008543,1,0,300,0.02,0.34929436445236206
4945,-33.82314842303724,0,0,300,0.02,0.9084861874580383
4946,42.70623657703796,0,0,300,0.02,0.35177895426750183
4947,165.72525215626158,1,0,281,0.02,0.33934807777404785
4948,202.6000315856973,1,0,298,0.02,0.3442040681838989
4949,-8.267496484125953,0,0,300,0.02,0.5851704478263855
4950,-15.21384312390886,0,0,300,0.02,0.4928635358810425
4951,184.4225642895738,1,0,295,0.02,0.34726041555404663
4952,184.0731161928216,1,0,295,0.02,0.34345149993896484
4953,23.240688176159036,0,0,300,0.02,0.3660123348236084
4954,49.62046656608978,0,0,300,0.02,0.35366979241371155
4955,24.132201716903825,0,0,300,0.02,0.37856805324554443
4956,5.988322727684173,0,0,300,0.02,0.429926335811615
4957,40.68543917179503,0,0,300,0.02,0.36335960030555725
4958,17.2699425888101,0,0,300,0.02,0.39535489678382874
4959,13.45723001718918,0,0,300,0.02,0.3910713493824005
4960,48.04936899423994,0,0,300,0.02,0.3500979244709015
4961,16.620946617130432,0,0,300,0.02,0.40556392073631287
4962,43.040141963962675,0,0,300,0.02,0.3517966866493225
4963,199.7463330316583,1,0,298,0.02,0.3489071726799011
4964,20.522101378444827,0,0,300,0.02,0.39500680565834045
4965,202.24395975590147,1,0,296,0.02,0.34808194637298584
4966,42.12460969925322,0,0,300,0.02,0.3528687059879303
4967,16.0583631110231,0,0,300,0.02,0.4156445264816284
4968,30.226098437313226,0,0,300,0.02,0.37263259291648865
4969,29.593272115388174,0,0,300,0.02,0.4001573920249939
4970,4.3561757079139305,0,0,300,0.02,0.6907555460929871
4971,193.37956665992738,1,0,288,0.02,0.32795581221580505
4972,41.18101052523056,0,0,300,0.02,0.379736989736557
4973,22.709405634407197,0,0,300,0.02,0.39736300706863403
4974,178.11951277494825,1,0,262,0.02,0.34947487711906433
4975,203.4044017553369,1,0,300,0.02,0.34453001618385315
4976,7.171125955585626,0,0,300,0.02,0.4137679934501648
4977,-37.555793724060045,0,0,300,0.02,2.3364484310150146
4978,166.04427489519514,1,0,290,0.02,0.336475670337677
4979,28.249364333156727,0,0,300,0.02,0.3875739872455597
4980,5.276832341551783,0,0,300,0.02,0.8218169212341309
4981,193.59956748247538,1,0,282,0.02,0.34916257858276367
4982,45.906012074951306,0,0,300,0.02,0.3639964163303375
4983,17.301304756799023,0,0,300,0.02,0.40307483077049255
4984,5.753247675899662,0,0,300,0.02,0.4251834452152252
4985,19.68731448570757,0,0,300,0.02,0.3915609121322632
4986,207.50415168047346,1,0,281,0.02,0.34698358178138733
4987,31.00995274782576,0,0,300,0.02,0.3485020697116852
4988,196.9846040463487,1,0,296,0.02,0.3462030589580536
4989,17.194045348171386,0,0,300,0.02,0.41159743070602417
4990,41.225217523578785,0,0,300,0.02,0.3642556965351105
4991,16.212670121196894,0,0,300,0.02,0.3974470794200897
4992,24.421438260082386,0,0,300,0.02,0.3549274802207947
4993,197.92537055015958,1,0,296,0.02,0.346123605966568
4994,-28.112269202074735,0,0,221,0.02,3.0157663822174072
4995,16.930266721252572,0,0,300,0.02,0.3983975648880005
4996,19.7450182008783,0,0,300,0.02,0.3900093138217926
4997,16.071895351413865,0,0,300,0.02,0.4027037024497986
4998,189.00769452810684,1,0,285,0.02,0.3472284972667694
4999,23.520963423256067,0,0,300,0.02,0.3821781873703003
5000,-3.3318769884069988,0,0,300,0.02,0.44317999482154846
5001,30.444444877305305,0,0,300,0.02,0.3750818371772766
5002,51.57804471413163,0,0,300,0.02,0.33946582674980164
5003,-1.6873077591273318,0,0,300,0.02,0.6895260214805603
5004,20.424715714458625,0,0,300,0.02,0.4012751579284668
5005,20.01049328247576,0,0,300,0.02,0.40390846133232117
5006,204.03821998596587,1,0,294,0.02,0.34645262360572815
5007,194.06814992905058,1,0,296,0.02,0.34609654545783997
5008,166.01162552118697,1,0,273,0.02,0.3405284881591797
5009,18.677898488048708,0,0,300,0.02,0.3845536410808563
5010,43.25596756855516,0,0,300,0.02,0.3355679214000702
5011,10.474456057552496,0,0,300,0.02,0.39078763127326965
5012,198.77078139782347,1,0,299,0.02,0.3466269075870514
5013,24.61865843216445,0,0,300,0.02,0.37561511993408203
5014,-0.16457900762160943,0,0,300,0.02,0.4605475068092346
5015,173.2111174988786,1,0,290,0.02,0.34742388129234314
5016,156.88794955492415,1,0,300,0.02,0.3412277102470398
5017,17.675367325940414,0,0,300,0.02,0.40109822154045105
5018,5.85218828678526,0,0,300,0.02,0.41390013694763184
5019,5.635762138370661,0,0,300,0.02,0.4205440580844879
5020,42.51928415695694,0,0,300,0.02,0.3655323386192322
5021,24.639161169532926,0,0,300,0.02,0.38555029034614563
5022,168.60286220074096,1,0,269,0.02,0.34504401683807373
5023,166.50316920757692,1,0,296,0.02,0.3321700990200043
5024,14.787568063739922,0,0,300,0.02,0.4162314534187317
5025,42.54803830862439,0,0,300,0.02,0.36119651794433594
5026,46.74147085825471,0,0,300,0.02,0.34541454911231995
5027,3.8347175304081875,0,0,300,0.02,0.4257586896419525
5028,-26.254502296447757,0,0,219,0.02,2.9386255741119385
5029,45.813858586945805,0,0,300,0.02,0.3565000593662262
5030,194.31540077448284,1,0,294,0.02,0.3484223783016205
5031,174.2438590598146,1,0,291,0.02,0.34430038928985596
5032,27.122647545341632,0,0,300,0.02,0.38002267479896545
5033,11.526340436139366,0,0,300,0.02,0.41031891107559204
5034,26.943214592937597,0,0,300,0.02,0.3783944845199585
5035,201.31939769983686,1,0,290,0.02,0.34620872139930725
5036,189.7550695419351,1,0,292,0.02,0.34715551137924194
5037,32.01397595882809,0,0,300,0.02,0.3652247190475464
5038,48.277854843143615,0,0,300,0.02,0.353264719247818
5039,165.0715414691011,1,0,289,0.02,0.340853750705719
5040,44.04915282488265,0,0,300,0.02,0.3513920307159424
5041,195.48761282205976,1,0,285,0.02,0.34698399901390076
5042,13.08957843780914,0,0,300,0.02,0.4272960126399994
5043,7.7309694902089054,0,0,300,0.02,0.3629670739173889
5044,8.642587386765763,0,0,300,0.02,0.36207684874534607
5045,35.26908607006468,0,0,300,0.02,0.38268446922302246
5046,199.20117557764445,1,0,279,0.02,0.34716981649398804
5047,44.03577429771819,0,0,300,0.02,0.32182836532592773
5048,41.15089534283079,0,0,300,0.02,0.3857857584953308
5049,206.62087301493085,1,0,266,0.02,0.3455377519130707
5050,43.38068035284547,0,0,300,0.02,0.34076905250549316
5051,17.35739927769103,0,0,300,0.02,0.4004158675670624
5052,22.305955610279216,0,0,296,0.02,0.35615068674087524
5053,204.0282898688356,1,0,295,0.02,0.34800922870635986
5054,20.86458229065338,0,0,300,0.02,0.39648154377937317
5055,-3.9088431239088544,0,0,300,0.02,0.4616135358810425
5056,41.29831217447786,0,0,300,0.02,0.3404075503349304
5057,48.19134933233656,0,0,300,0.02,0.35356563329696655
5058,208.55327997446454,1,0,295,0.02,0.3447505831718445
5059,33.20404603004851,0,0,300,0.02,0.3637417256832123
5060,5.719064761796284,0,0,300,0.02,0.3390098214149475
5061,41.755585403446354,0,0,300,0.02,0.3577043116092682
5062,-15.25189545711012,0,0,300,0.02,0.8031729459762573
5063,-13.175470963320471,0,0,300,0.02,0.8815668225288391
5064,39.34734549522795,0,0,300,0.02,0.3555304706096649
5065,176.94463642597592,1,0,296,0.02,0.3445744216442108
5066,39.7262676286737,0,0,300,0.02,0.35318151116371155
5067,38.75920645952618,0,0,300,0.02,0.375316321849823
5068,10.074381415847924,0,0,300,0.02,0.422184556722641
5069,34.06297449986008,0,0,300,0.02,0.35545283555984497
5070,11.270883657936247,0,0,300,0.02,0.42777079343795776
5071,162.56210079670348,1,0,259,0.02,0.3474293053150177
5072,-62.04950441360478,0,0,300,0.02,1.414876103401184
5073,32.30013821045426,0,0,300,0.02,0.37749478220939636
5074,198.63564805746472,1,0,299,0.02,0.3497908413410187
5075,168.69627857447065,1,0,300,0.02,0.34826886653900146
5076,-3.114844074249253,0,0,300,0.02,0.43280860781669617
5077,40.62004217148222,0,0,300,0.02,0.3612188994884491
5078,-3.521121457423071,0,0,300,0.02,0.9460766911506653
5079,191.2737893724481,1,0,290,0.02,0.34958699345588684
5080,198.80012829065717,1,0,295,0.02,0.3464781939983368
5081,6.865292088189386,0,0,300,0.02,0.4118468463420868
5082,45.54119560003676,0,0,300,0.02,0.3529947102069855
5083,15.72275619188813,0,0,300,0.02,0.39749181270599365
5084,42.783223550323605,0,0,300,0.02,0.35116809606552124
5085,184.4956542825738,1,0,279,0.02,0.344865083694458
5086,27.502739705243375,0,0,300,0.02,0.3913465440273285
5087,163.51241019964613,1,0,288,0.02,0.34476161003112793
5088,-0.09677159309385262,0,0,300,0.02,0.494192898273468
5089,10.709748830799253,0,0,300,0.02,0.3722858130931854
5090,3.4489376997987256,0,0,300,0.02,0.49966832995414734
5091,36.98943162203231,0,0,300,0.02,0.34743189811706543
5092,3.2464263240483233,0,0,300,0.02,0.3928225040435791
5093,193.1546291828195,1,0,294,0.02,0.34846031665802
5094,-4.450173618789542,0,0,300,0.02,0.4369892179965973
5095,38.86944165230193,0,0,300,0.02,0.37089434266090393
5096,18.816247463230265,0,0,300,0.02,0.3785301148891449
5097,47.9314140788701,0,0,300,0.02,0.3789588212966919
5098,208.9408727908174,1,0,282,0.02,0.3483479619026184
5099,30.310414035324236,0,0,300,0.02,0.3885544538497925
5100,19.87285729885498,0,0,300,0.02,0.4188852608203888
5101,16.329760162834315,0,0,300,0.02,0.4099868834018707
5102,-123.87412208557122,0,0,300,0.02,2.2335305213928223
5103,46.873132314685954,0,0,300,0.02,0.361008882522583
5104,8.23215408325591,0,0,300,0.02,0.4174214005470276
5105,29.764524159435407,0,0,300,0.02,0.3823324143886566
5106,188.0239052200357,1,0,277,0.02,0.3387203812599182
5107,25.52794279337326,0,0,300,0.02,0.39382004737854004
5108,204.34046307802595,1,0,278,0.02,0.34853309392929077
5109,26.93386176586546,0,0,300,0.02,0.39448437094688416
5110,187.51431906223695,1,0,298,0.02,0.3485114574432373
5111,32.44685171047715,0,0,300,0.02,0.3929319679737091
5112,35.90021088838974,0,0,300,0.02,0.35876718163490295
5113,0.2436205220262072,0,0,300,0.02,0.47849762439727783
5114,32.66386235952771,0,0,300,0.02,0.378822386264801
5115,193.822778391842,1,0,274,0.02,0.34943559765815735
5116,196.61027118921675,1,0,285,0.02,0.34850823879241943
5117,5.024950019517217,0,0,300,0.02,0.34853145480155945
5118,22.554507093433518,0,0,300,0.02,0.3924615681171417
5119,-1.0732419323881652,0,0,300,0.02,0.4523988962173462
5120,4.105353243354934,0,0,300,0.02,0.42569902539253235
5121,20.58192017237212,0,0,300,0.02,0.3355559706687927
5122,206.90332962513364,1,0,289,0.02,0.34587645530700684
5123,6.740322288670818,0,0,300,0.02,0.41255295276641846
5124,210.448731060032,1,0,274,0.02,0.34893307089805603
5125,164.3513563084642,1,0,290,0.02,0.34767112135887146
5126,29.264062838558328,0,0,300,0.02,0.3686808943748474
5127,41.65121249914564,0,0,300,0.02,0.35674214363098145
5128,42.20192219734589,0,0,300,0.02,0.3523745834827423
5129,32.36087339321641,0,0,300,0.02,0.3829149305820465
5130,30.42338148117461,0,0,300,0.02,0.3767603635787964
5131,31.992385172047886,0,0,300,0.02,0.38124629855155945
5132,19.499163557687087,0,0,300,0.02,0.4042730927467346
5133,6.829007348218236,0,0,300,0.02,0.42814961075782776
5134,11.599355361465607,0,0,300,0.02,0.41657760739326477
5135,17.784610185627145,0,0,300,0.02,0.42070314288139343
5136,191.90649744034206,1,0,288,0.02,0.34711939096450806
5137,42.34925086498655,0,0,300,0.02,0.3644065856933594
5138,19.909674458507684,0,0,300,0.02,0.399518758058548
5139,38.20890858412185,0,0,300,0.02,0.3477787673473358
5140,37.05177196741499,0,0,300,0.02,0.3638559579849243
5141,20.449023602012787,0,0,300,0.02,0.3816068768501282
5142,48.42809771061338,0,0,300,0.02,0.3581676483154297
5143,52.2969160509149,0,0,300,0.02,0.3559165596961975
5144,-60.072316894531255,0,0,251,0.02,2.9530792236328125
5145,172.15143958568967,1,0,296,0.02,0.3458535075187683
5146,174.28705032349026,1,0,300,0.02,0.348848432302475
5147,164.88016767263807,1,0,291,0.02,0.3453684449195862
5148,-30.49067904551956,0,0,300,0.02,1.1153688430786133
5149,32.62359280109801,0,0,300,0.02,0.3703756630420685
5150,30.462941813472895,0,0,300,0.02,0.37603652477264404
5151,165.2521679806749,1,0,284,0.02,0.3463960886001587
5152,41.63716052532593,0,0,300,0.02,0.36809736490249634
5153,48.01675733089842,0,0,300,0.02,0.3528243899345398
5154,37.1401960412648,0,0,300,0.02,0.3406358063220978
5155,164.36935359955228,1,0,287,0.02,0.34221312403678894
5156,26.48929138899245,0,0,300,0.02,0.40481528639793396
5157,43.12863098860181,0,0,300,0.02,0.3571547269821167
5158,206.16682962417997,1,0,289,0.02,0.3472173810005188
5159,44.87191594839492,0,0,300,0.02,0.3574851155281067
5160,185.48127530336777,1,0,299,0.02,0.34441179037094116
5161,0.3978214192430075,0,0,300,0.02,0.6549474000930786
5162,-1.040938025316915,0,0,300,0.02,0.5379335880279541
5163,18.90503654957213,0,0,300,0.02,0.3996841013431549
5164,-12.728581283088543,0,0,300,0.02,0.47654807567596436
5165,191.98047414780058,1,0,297,0.02,0.3456590175628662
5166,33.612830200199255,0,0,300,0.02,0.3820619583129883
5167,28.15605370283522,0,0,300,0.02,0.3850206136703491
5168,197.22994856357968,1,0,297,0.02,0.3463551700115204
5169,42.11093013286986,0,0,300,0.02,0.35129550099372864
5170,-2.688232316970834,0,0,300,0.02,0.4301826059818268
5171,202.76962543249525,1,0,289,0.02,0.347755491733551
5172,49.951493391994624,0,0,300,0.02,0.3522389233112335
5173,13.97867316484849,0,0,300,0.02,0.41069284081459045
5174,2.4331374454538013,0,0,300,0.02,0.4296862483024597
5175,43.30888910213975,0,0,300,0.02,0.3351164758205414
5176,13.21207243919769,0,0,300,0.02,0.41925254464149475
5177,-24.000095062255863,0,0,103,0.02,6.455023765563965
5178,-5.894076347351059,0,0,300,0.02,1.2860190868377686
5179,39.050498847165386,0,0,300,0.02,0.35645732283592224
5180,198.3018056440393,1,0,296,0.02,0.34740930795669556
5181,42.410673680309415,0,0,300,0.02,0.37254491448402405
5182,27.5339742660562,0,0,300,0.02,0.3857369124889374
5183,176.9529016041795,1,0,294,0.02,0.34958064556121826
5184,23.10433165789046,0,0,300,0.02,0.40865403413772583
5185,195.8925149750749,1,0,295,0.02,0.34785574674606323
5186,14.824029912952575,0,0,300,0.02,0.3946526348590851
5187,37.672938251499296,0,0,300,0.02,0.3615701496601105
5188,10.217088386216425,0,0,300,0.02,0.4186978340148926
5189,19.103376264576116,0,0,300,0.02,0.40785467624664307
5190,37.60319909811414,0,0,300,0.02,0.35138005018234253
5191,30.94768668571976,0,0,300,0.02,0.36203017830848694
5192,30.663359322551877,0,0,300,0.02,0.3683461844921112
5193,9.599602918628847,0,0,300,0.02,0.42696502804756165
5194,4.59188348532119,0,0,300,0.02,0.4253401756286621
5195,12.870410947803657,0,0,300,0.02,0.38459283113479614
5196,9.855754520897046,0,0,300,0.02,0.39461979269981384
5197,-14.220475729307863,0,0,300,0.02,0.4426371455192566
5198,17.746477059521954,0,0,300,0.02,0.4054611921310425
5199,34.401248819832,0,0,300,0.02,0.3695650100708008
5200,5.52288882493973,0,0,300,0.02,0.4415203630924225
5201,42.96774948755769,0,0,300,0.02,0.3294760584831238
5202,42.237180793289326,0,0,300,0.02,0.34534087777137756
5203,41.601822297577044,0,0,300,0.02,0.37479549646377563
5204,167.23709363460938,1,0,288,0.02,0.3497077226638794
5205,42.96774948755769,0,0,300,0.02,0.3294760584831238
5206,25.374114913944396,0,0,300,0.02,0.4027768075466156
5207,41.288287034038675,0,0,300,0.02,0.36288854479789734
5208,17.646137306694158,0,0,300,0.02,0.4005718231201172
5209,7.275473556522514,0,0,300,0.02,0.4047757089138031
5210,31.7781156682968,0,0,300,0.02,0.36087581515312195
5211,7.446938886646423,0,0,300,0.02,0.4071953594684601
5212,14.304684560302897,0,0,300,0.02,0.39127153158187866
5213,12.411433408264314,0,0,300,0.02,0.3954658508300781
5214,199.06270828724303,1,0,274,0.02,0.3498396575450897
5215,-3.1246352934797845,0,0,300,0.02,0.4465307891368866
5216,45.559340430894174,0,0,300,0.02,0.3438948392868042
5217,38.411844446663046,0,0,300,0.02,0.3704349100589752
5218,8.251559762958674,0,0,300,0.02,0.353951632976532
5219,164.81748800516525,1,0,296,0.02,0.3406141698360443
5220,41.55098319054045,0,0,300,0.02,0.35068491101264954
5221,177.66535157680906,1,0,296,0.02,0.3458491861820221
5222,179.3295229649583,1,0,299,0.02,0.3423460125923157
5223,33.534114972745066,0,0,300,0.02,0.3584350347518921
5224,190.24451555728913,1,0,296,0.02,0.3478705883026123
5225,202.1254230999986,1,0,300,0.02,0.3490988612174988
5226,-168.66769551197555,0,0,300,0.02,2.296724796295166
5227,26.672819199566025,0,0,300,0.02,0.3901417553424835
5228,190.96571645498275,1,0,298,0.02,0.340908020734787
5229,15.727259149555342,0,0,300,0.02,0.3831518292427063
5230,27.10581419468321,0,0,300,0.02,0.38070088624954224
5231,26.42995396534471,0,0,300,0.02,0.37570664286613464
5232,38.517743232254176,0,0,300,0.02,0.35285526514053345
5233,193.71907691478725,1,0,292,0.02,0.34540241956710815
5234,35.83988431692518,0,0,300,0.02,0.35955241322517395
5235,17.862640706696794,0,0,300,0.02,0.39811739325523376
5236,21.02974220514694,0,0,300,0.02,0.4017871916294098
5237,166.40590389728942,1,0,285,0.02,0.34861940145492554
5238,41.776241827015056,0,0,300,0.02,0.38089561462402344
5239,1.7710798088696453,0,0,300,0.02,0.38513997197151184
5240,24.062051355842737,0,0,300,0.02,0.3926888406276703
5241,10.915884730815888,0,0,300,0.02,0.41907259821891785
5242,42.96774948755769,0,0,300,0.02,0.3294760584831238
5243,39.809208947816174,0,0,300,0.02,0.35214686393737793
5244,0.7695181489030187,0,0,300,0.02,0.4106540083885193
5245,28.63236475149262,0,0,300,0.02,0.33990678191185
5246,34.0539488951352,0,0,300,0.02,0.37094172835350037
5247,192.59749102831282,1,0,291,0.02,0.34699901938438416
5248,42.499518063072344,0,0,300,0.02,0.363252729177475
5249,27.199704089168687,0,0,300,0.02,0.4028506875038147
5250,-24.845613127550816,0,0,171,0.02,5.051602363586426
5251,14.692265892032774,0,0,300,0.02,0.42677146196365356
5252,40.76402693907288,0,0,300,0.02,0.3503187298774719
5253,36.975772986416,0,0,300,0.02,0.3629603385925293
5254,13.518321541943823,0,0,300,0.02,0.4044252038002014
5255,198.15700049639142,1,0,278,0.02,0.34625962376594543
5256,-6.357076044882652,0,0,300,0.02,0.402487188577652
5257,12.541789194741531,0,0,300,0.02,0.40108680725097656
5258,36.564764962200314,0,0,300,0.02,0.3454676568508148
5259,-7.210364577766283,0,0,300,0.02,0.49699389934539795
5260,201.07885831118026,1,0,299,0.02,0.3468220829963684
5261,26.093031225208424,0,0,300,0.02,0.3848925232887268
5262,12.861092666783597,0,0,300,0.02,0.4005439877510071
5263,-2.3167985606153803,0,0,300,0.02,0.4936023950576782
5264,7.648325529102475,0,0,300,0.02,0.39412155747413635
5265,34.40807647467055,0,0,300,0.02,0.3793162703514099
5266,-4.133371696468182,0,0,300,0.02,0.42703667283058167
5267,24.18475887060561,0,0,300,0.02,0.39372995495796204
5268,43.019584620002874,0,0,300,0.02,0.37223801016807556
5269,192.38893516779342,1,0,283,0.02,0.3469441533088684
5270,1.580023839477696,0,0,300,0.02,0.47439679503440857
5271,196.82690396309295,1,0,299,0.02,0.3472520112991333
5272,164.58576298475663,1,0,283,0.02,0.34721696376800537
5273,43.10072084665695,0,0,300,0.02,0.3624630272388458
5274,13.895632348064579,0,0,300,0.02,0.4148264229297638
5275,38.887765467170844,0,0,300,0.02,0.366615891456604
5276,22.566721346382273,0,0,297,0.02,0.3609851002693176
5277,189.78881968021787,1,0,300,0.02,0.3494880199432373
5278,212.9064632344246,1,0,295,0.02,0.3447737991809845
5279,38.71723764101532,0,0,300,0.02,0.3508095443248749
5280,1.4118634390870533,0,0,300,0.02,0.4639368951320648
5281,27.008871591095122,0,0,300,0.02,0.37711334228515625
5282,39.33798600117233,0,0,300,0.02,0.3448834717273712
5283,28.393933341507108,0,0,300,0.02,0.38008901476860046
5284,24.0227748552945,0,0,300,0.02,0.37866368889808655
5285,43.1796008253137,0,0,300,0.02,0.34709396958351135
5286,11.775259754661707,0,0,300,0.02,0.421414852142334
5287,37.02533717791106,0,0,300,0.02,0.37023112177848816
5288,193.504636516575,1,0,297,0.02,0.3307778835296631
5289,30.955946256318363,0,0,300,0.02,0.3641011416912079
5290,5.189703848365935,0,0,300,0.02,0.4235365390777588
5291,39.441804079209454,0,0,300,0.02,0.3499090075492859
5292,4.727500743069935,0,0,300,0.02,0.3987419903278351
5293,16.513708477024228,0,0,300,0.02,0.35680052638053894
5294,167.90273588419356,1,0,287,0.02,0.33561939001083374
5295,25.968561582569265,0,0,300,0.02,0.39943671226501465
5296,39.809515608941204,0,0,300,0.02,0.3542674481868744
5297,7.793545563224949,0,0,300,0.02,0.41117069125175476
5298,26.7858979487419,0,0,300,0.02,0.37442266941070557
5299,204.0691900157968,1,0,296,0.02,0.3476003110408783
5300,203.58041044235625,1,0,295,0.02,0.34758099913597107
5301,38.00574137211243,0,0,300,0.02,0.35375210642814636
5302,28.671963112358227,0,0,300,0.02,0.3995616137981415
5303,43.65466264645127,0,0,300,0.02,0.34891894459724426
5304,-3.0150631260832106,0,0,300,0.02,0.45816853642463684
5305,209.3828865718881,1,0,289,0.02,0.3488595485687256
5306,175.61685576916136,1,0,293,0.02,0.347500741481781
5307,181.50057576895156,1,0,270,0.02,0.3476570248603821
5308,36.35209660530487,0,0,300,0.02,0.35152485966682434
5309,174.0587664485017,1,0,299,0.02,0.3489377796649933
5310,40.66744667292037,0,0,300,0.02,0.36852410435676575
5311,56.569313847222595,0,0,300,0.02,0.33505603671073914
5312,185.13626599312224,1,0,297,0.02,0.3482762277126312
5313,8.57360950708786,0,0,300,0.02,0.4331345558166504
5314,43.12856945435074,0,0,300,0.02,0.3509151041507721
5315,38.900199420456076,0,0,300,0.02,0.3726634085178375
5316,185.78136063098907,1,0,294,0.02,0.3488532304763794
5317,44.37272953510283,0,0,300,0.02,0.3568361699581146
5318,12.752447929386268,0,0,300,0.02,0.41565006971359253
5319,19.191287381652995,0,0,300,0.02,0.4118991196155548
5320,45.73802770376206,0,0,300,0.02,0.35970649123191833
5321,31.292283568386228,0,0,300,0.02,0.36641862988471985
5322,24.320163562301776,0,0,300,0.02,0.38564372062683105
5323,45.49870301485062,0,0,300,0.02,0.3477192223072052
5324,17.558649246692664,0,0,300,0.02,0.3790512681007385
5325,201.03347575903334,1,0,278,0.02,0.33287620544433594
5326,162.3273198723793,1,0,274,0.02,0.34431231021881104
5327,4.515164331593792,0,0,300,0.02,0.3577582538127899
5328,24.677146507897657,0,0,300,0.02,0.376627117395401
5329,22.750683076385645,0,0,300,0.02,0.3865644037723541
5330,23.429920972981723,0,0,300,0.02,0.3852784037590027
5331,0.783693633083484,0,0,300,0.02,0.4172775447368622
5332,47.97544057528046,0,0,300,0.02,0.34643319249153137
5333,201.62195739746093,1,0,295,0.02,0.3454856872558594
5334,171.93229700327316,1,0,284,0.02,0.3358992040157318
5335,24.689692204002533,0,0,300,0.02,0.3798203468322754
5336,-2.323118584952081,0,0,300,0.02,0.3901088237762451
5337,13.523924076561128,0,0,300,0.02,0.41101178526878357
5338,42.217533538345464,0,0,300,0.02,0.3741786777973175
5339,176.90330427885053,1,0,273,0.02,0.3453107476234436
5340,195.795997133255,1,0,298,0.02,0.3496425449848175
5341,206.0516302800218,1,0,288,0.02,0.34801310300827026
5342,14.738239297870795,0,0,300,0.02,0.4016195237636566
5343,13.39305304527679,0,0,300,0.02,0.38624367117881775
5344,164.09092338800428,1,0,298,0.02,0.346733957529068
5345,7.195004217628626,0,0,300,0.02,0.41596150398254395
5346,33.85507898807921,0,0,300,0.02,0.3700786828994751
5347,28.485416283611446,0,0,300,0.02,0.39153727889060974
5348,31.397848439220574,0,0,300,0.02,0.3621913492679596
5349,195.41757842540738,1,0,281,0.02,0.34511351585388184
5350,189.52643616676727,1,0,298,0.02,0.34768566489219666
5351,194.02853892326354,1,0,299,0.02,0.3348236680030823
5352,188.31055735350049,1,0,299,0.02,0.3475954234600067
5353,180.01876062632,1,0,274,0.02,0.3355846107006073
5354,43.59930544376767,0,0,300,0.02,0.37106233835220337
5355,10.40271912098326,0,0,300,0.02,0.41681843996047974
5356,36.1685425162355,0,0,300,0.02,0.36304107308387756
5357,11.52989034653106,0,0,300,0.02,0.4045833647251129
5358,202.486875629429,1,0,298,0.02,0.34673798084259033
5359,15.332248563770438,0,0,300,0.02,0.40605831146240234
5360,47.398137911954194,0,0,300,0.02,0.3454630970954895
5361,0.6200644063949713,0,0,300,0.02,0.4774838984012604
5362,31.261445300583038,0,0,300,0.02,0.3691391050815582
5363,198.74055862427153,1,0,286,0.02,0.3476669192314148
5364,14.064232194427642,0,0,300,0.02,0.4181396961212158
5365,-11.59752480506898,0,0,300,0.02,0.4462541341781616
5366,40.48116415659456,0,0,300,0.02,0.35477933287620544
5367,201.80056563615798,1,0,292,0.02,0.3490181863307953
5368,198.2229972052574,1,0,292,0.02,0.346190869808197
5369,28.700544533733513,0,0,300,0.02,0.4065503180027008
5370,30.606247620586533,0,0,300,0.02,0.3875601887702942
5371,5.978855361938476,0,0,300,0.02,0.4332500696182251
5372,32.508340622582715,0,0,300,0.02,0.37448760867118835
5373,24.22705821991362,0,0,300,0.02,0.4000658094882965
5374,18.03062637726335,0,0,300,0.02,0.39255809783935547
5375,-75.73561119079585,0,0,300,0.02,3.0614027976989746
5376,26.680557076934953,0,0,300,0.02,0.39907822012901306
5377,48.96742444754043,0,0,300,0.02,0.3464955985546112
5378,39.52075848341382,0,0,300,0.02,0.3616160452365875
5379,33.735597758297104,0,0,300,0.02,0.36146488785743713
5380,11.3927969193498,0,0,300,0.02,0.41284245252609253
5381,-2.196930608745423,0,0,300,0.02,0.3701980710029602
5382,191.56064187049864,1,0,298,0.02,0.34937363862991333
5383,166.58660884857574,1,0,284,0.02,0.3452669084072113
5384,25.105253257755415,0,0,300,0.02,0.38718798756599426
5385,158.93772151947414,1,0,261,0.02,0.3442012369632721
5386,32.30384612560668,0,0,300,0.02,0.3765694200992584
5387,14.883894543651731,0,0,300,0.02,0.40442195534706116
5388,36.37626468896864,0,0,300,0.02,0.36464923620224
5389,2.5725261346486032,0,0,300,0.02,0.3702286183834076
5390,-3.5836255884170543,0,0,300,0.02,0.4809063971042633
5391,198.67116372824108,1,0,298,0.02,0.3449539542198181
5392,40.48776765108504,0,0,300,0.02,0.3496868312358856
5393,20.797966422238616,0,0,300,0.02,0.3362339437007904
5394,164.52388626575868,1,0,257,0.02,0.34967827796936035
5395,5.953247163299719,0,0,300,0.02,0.4253697693347931
5396,200.30629726648328,1,0,299,0.02,0.34188976883888245
5397,195.8311416959802,1,0,299,0.02,0.3469695448875427
5398,13.74804564157991,0,0,300,0.02,0.39817336201667786
5399,36.50997137546935,0,0,300,0.02,0.3794889450073242
5400,4.955124502185974,0,0,300,0.02,0.3666554391384125
5401,192.52672445774473,1,0,296,0.02,0.3473764955997467
5402,1.9042735767364491,0,0,300,0.02,0.47893160581588745
5403,191.21431503534714,1,0,297,0.02,0.3468220829963684
5404,163.6094964933435,1,0,277,0.02,0.3496690094470978
5405,47.97658237219253,0,0,300,0.02,0.3528873324394226
5406,193.04464350939193,1,0,299,0.02,0.34237992763519287
5407,193.38224545478818,1,0,277,0.02,0.3457379639148712
5408,36.946421573162084,0,0,300,0.02,0.3694861829280853
5409,190.81493052006164,1,0,295,0.02,0.3467797040939331
5410,42.15558540344635,0,0,300,0.02,0.3577043116092682
5411,52.904460844197544,0,0,300,0.02,0.3397606313228607
5412,44.84259569645324,0,0,300,0.02,0.35764068365097046
5413,-2.6388138174971085,0,0,300,0.02,0.4566062092781067
5414,12.819830207828657,0,0,300,0.02,0.41196408867836
5415,195.15316059350965,1,0,270,0.02,0.3446540832519531
5416,31.090711216930515,0,0,300,0.02,0.3622402250766754
5417,47.16724209070602,0,0,300,0.02,0.35212740302085876
5418,18.46099822998443,0,0,300,0.02,0.3753345310688019
5419,39.34663962999849,0,0,300,0.02,0.33657902479171753
5420,37.034806966785574,0,0,300,0.02,0.34954988956451416
5421,45.78001251936355,0,0,300,0.02,0.34531131386756897
5422,21.335208137039327,0,0,300,0.02,0.38408607244491577
5423,35.36974440971879,0,0,300,0.02,0.37209323048591614
5424,39.885134069123524,0,0,300,0.02,0.3524262011051178
5425,-16.7747343738887,0,0,300,0.02,0.7863826751708984
5426,30.68026977777876,0,0,300,0.02,0.3675098419189453
5427,41.28148017168442,0,0,300,0.02,0.34926071763038635
5428,18.873368637565772,0,0,300,0.02,0.4165617525577545
5429,-53.87383815765378,0,0,298,0.02,2.913459539413452
5430,37.70049614668288,0,0,300,0.02,0.34675517678260803
5431,166.8069112587015,1,0,259,0.02,0.33134377002716064
5432,18.807259006504218,0,0,300,0.02,0.40575528144836426
5433,35.5543786978761,0,0,300,0.02,0.35574591159820557
5434,25.62152119398513,0,0,300,0.02,0.4062381088733673
5435,40.96767693996825,0,0,300,0.02,0.36116331815719604
5436,164.43706785202423,1,0,262,0.02,0.3403451144695282
5437,11.490961749557632,0,0,300,0.02,0.44391173124313354
5438,38.429455838207396,0,0,300,0.02,0.3565075695514679
5439,164.47789168596663,1,0,267,0.02,0.34697070717811584
5440,-2.062261662479254,0,0,300,0.02,0.43609559535980225
5441,44.66209462563063,0,0,300,0.02,0.35689133405685425
5442,200.48363118648925,1,0,269,0.02,0.3461906909942627
5443,4.415441222194824,0,0,300,0.02,0.42265674471855164
5444,194.50167955398953,1,0,295,0.02,0.33639249205589294
5445,48.92449601332215,0,0,300,0.02,0.34967538714408875
5446,196.02976161241529,1,0,290,0.02,0.34482041001319885
5447,40.35362938404478,0,0,300,0.02,0.35099512338638306
5448,-1.3690066933592262,0,0,300,0.02,0.4891544282436371
5449,31.5993821525613,0,0,300,0.02,0.36044108867645264
5450,165.1592472028772,1,0,300,0.02,0.3288080096244812
5451,37.291209890846396,0,0,300,0.02,0.35434773564338684
5452,17.895123629573977,0,0,300,0.02,0.3945201337337494
5453,199.10695982456605,1,0,298,0.02,0.3460518419742584
5454,44.65629446664919,0,0,300,0.02,0.3361140191555023
5455,-64.15090507507325,0,0,300,0.02,2.6152262687683105
5456,1.773889956478262,0,0,300,0.02,0.42772212624549866
5457,30.03421859900026,0,0,300,0.02,0.3681867718696594
5458,157.0899949240724,1,0,297,0.02,0.3424597382545471
5459,7.79603505134979,0,0,300,0.02,0.40798646211624146
5460,24.877793624405058,0,0,300,0.02,0.3902651369571686
5461,42.479288001064425,0,0,300,0.02,0.3638239800930023
5462,166.80137539625565,1,0,287,0.02,0.33398011326789856
5463,18.062358150486148,0,0,300,0.02,0.39663076400756836
5464,7.589283630851892,0,0,300,0.02,0.4245120584964752
5465,199.87875064373014,1,0,293,0.02,0.3455730974674225
5466,15.11581462145248,0,0,300,0.02,0.3912408947944641
5467,20.078826119903717,0,0,300,0.02,0.3974241316318512
5468,14.923846371177817,0,0,300,0.02,0.42122000455856323
5469,42.036490905288815,0,0,300,0.02,0.3810969591140747
5470,29.26746350765624,0,0,300,0.02,0.3698427975177765
5471,38.360806116261756,0,0,300,0.02,0.3490626811981201
5472,2.993488750461727,0,0,300,0.02,0.38523414731025696
5473,204.0402040481607,1,0,290,0.02,0.3485136330127716
5474,29.7573383227971,0,0,300,0.02,0.3766542077064514
5475,2.6227900219003226,0,0,300,0.02,0.43463900685310364
5476,35.50727435112396,0,0,300,0.02,0.3626459538936615
5477,41.25813895384338,0,0,300,0.02,0.36336004734039307
5478,162.35454820394912,1,0,295,0.02,0.3484061360359192
5479,15.213938278355883,0,0,300,0.02,0.39748409390449524
5480,20.77630213976303,0,0,300,0.02,0.34984585642814636
5481,26.685677735809467,0,0,300,0.02,0.38586971163749695
5482,203.39679755926525,1,0,299,0.02,0.34691280126571655
5483,27.70950044632353,0,0,300,0.02,0.38932308554649353
5484,19.85816181660095,0,0,300,0.02,0.40273407101631165
5485,28.272615988258504,0,0,300,0.02,0.39008596539497375
5486,0.25348488569657907,0,0,300,0.02,0.437366783618927
5487,168.8935865807573,1,0,265,0.02,0.3472595810890198
5488,33.68700699965027,0,0,300,0.02,0.36690354347229004
5489,186.63579738855756,1,0,299,0.02,0.3453143239021301
5490,10.422612376217039,0,0,300,0.02,0.38321453332901
5491,15.974701468948515,0,0,300,0.02,0.4174002707004547
5492,-35.115195426940886,0,0,300,0.02,2.3012988567352295
5493,178.7302897381822,1,0,295,0.02,0.33899375796318054
5494,5.115848207477703,0,0,300,0.02,0.41748982667922974
5495,29.737870061401505,0,0,300,0.02,0.3849116265773773
5496,34.73502387682465,0,0,300,0.02,0.3682951331138611
5497,18.205341284279008,0,0,300,0.02,0.3956838846206665
5498,166.86511363268295,1,0,285,0.02,0.3387625813484192
5499,31.42244763533143,0,0,300,0.02,0.3790729343891144
5500,192.69859526634215,1,0,288,0.02,0.3457409739494324
5501,12.332033877376698,0,0,300,0.02,0.42207422852516174
5502,33.67354080677031,0,0,300,0.02,0.38962888717651367
5503,191.77886568546688,1,0,299,0.02,0.34496599435806274
5504,18.087742421631013,0,0,300,0.02,0.40052953362464905
5505,6.09276604175964,0,0,300,0.02,0.4236222803592682
5506,2.9381403104451116,0,0,300,0.02,0.41279715299606323
5507,-36.4635750961303,0,0,300,0.02,1.8108937740325928
5508,201.6036119461099,1,0,289,0.02,0.34633317589759827
5509,200.19168289423382,1,0,297,0.02,0.34399354457855225
5510,42.37980893135467,0,0,300,0.02,0.3541959524154663
5511,10.471132980981151,0,0,300,0.02,0.4022747576236725
5512,1.5226049971620275,0,0,300,0.02,0.483751505613327
5513,2.801772374310775,0,0,300,0.02,0.6147559881210327
5514,201.33584479570786,1,0,293,0.02,0.3497007191181183
5515,31.23338729381955,0,0,300,0.02,0.3905121386051178
5516,-30.86629513740538,0,0,300,0.02,0.9565737843513489
5517,35.06578935623563,0,0,300,0.02,0.369705468416214
5518,178.474702732563,1,0,289,0.02,0.3462882339954376
5519,8.143738820556779,0,0,300,0.02,0.41677629947662354
5520,22.78619419971971,0,0,300,0.02,0.38220226764678955
5521,183.33827989578643,1,0,299,0.02,0.3483419716358185
5522,-2.607978921732621,0,0,300,0.02,0.4671938121318817
5523,47.86024662256637,0,0,300,0.02,0.37268900871276855
5524,-0.920274405479423,0,0,300,0.02,0.4725686013698578
5525,37.933561100963736,0,0,300,0.02,0.36887356638908386
5526,7.358109230999133,0,0,300,0.02,0.42835894227027893
5527,53.543308637142175,0,0,300,0.02,0.3269149959087372
5528,169.04892499447266,1,0,293,0.02,0.332455039024353
5529,152.65767191648877,1,0,295,0.02,0.346377968788147
5530,207.50841607809065,1,0,300,0.02,0.34596675634384155
5531,45.25976237059034,0,0,300,0.02,0.34711113572120667
5532,24.30247187614836,0,0,300,0.02,0.37804895639419556
5533,25.157120057740492,0,0,300,0.02,0.40778738260269165
5534,-169.90229496002198,0,1,290,0.02,1.2655737400054932
5535,33.248982081417225,0,0,300,0.02,0.3791917562484741
5536,21.90466817378996,0,0,300,0.02,0.33743026852607727
5537,40.8537382125894,0,0,300,0.02,0.37656575441360474
5538,-3.8499405884703037,0,0,300,0.02,0.4495919346809387
5539,1.9196139216462613,0,0,300,0.02,0.38659560680389404
5540,-5.0025251348826645,0,0,300,0.02,0.4410245418548584
5541,13.303971402649076,0,0,300,0.02,0.40610089898109436
5542,42.07835780382551,0,0,300,0.02,0.36151939630508423
5543,35.7204048132936,0,0,300,0.02,0.363802433013916
5544,35.275784478191525,0,0,300,0.02,0.36221006512641907
5545,21.038040096763748,0,0,300,0.02,0.3845770061016083
5546,16.972366132740163,0,0,300,0.02,0.3964454233646393
5547,191.9541595840454,1,0,295,0.02,0.34424498677253723
5548,22.291176748279714,0,0,300,0.02,0.3718050420284271
5549,34.34043002128996,0,0,300,0.02,0.3868567943572998
5550,193.69025068759916,1,0,286,0.02,0.3468188941478729
5551,170.30894920111098,1,0,290,0.02,0.34934306144714355
5552,192.83135620355603,1,0,289,0.02,0.3462284505367279
5553,167.77604020595948,1,0,277,0.02,0.3466780185699463
5554,20.79906533003251,0,0,300,0.02,0.390480637550354
5555,28.242034716610085,0,0,300,0.02,0.3678596317768097
5556,190.45548187256253,1,0,285,0.02,0.3460864722728729
5557,34.017690696720265,0,0,300,0.02,0.34660103917121887
5558,40.48861153841414,0,0,300,0.02,0.3680267930030823
5559,164.93913102627198,1,0,299,0.02,0.3490879535675049
5560,-46.447015961804645,0,0,170,0.02,5.561554908752441
5561,-148.31279048919674,0,0,290,0.02,2.4906976222991943
5562,25.86001180649201,0,0,300,0.02,0.3879117965698242
5563,41.75023840904632,0,0,300,0.02,0.3454260528087616
5564,202.5098665952722,1,0,299,0.02,0.3445448875427246
5565,-10.301868255134433,0,0,300,0.02,0.41900843381881714
5566,39.11066087723174,0,0,300,0.02,0.3542230725288391
5567,43.537987071671765,0,0,300,0.02,0.3424692749977112
5568,14.342900490764768,0,0,300,0.02,0.4221257269382477
5569,164.1827646279335,1,0,299,0.02,0.33414459228515625
5570,13.765693712238471,0,0,300,0.02,0.4021202623844147
5571,53.567056210044996,0,0,300,0.02,0.3551928997039795
5572,19.614091541771092,0,0,300,0.02,0.41661933064460754
5573,-11.745448961257937,0,0,300,0.02,0.46386224031448364
5574,164.0301080656091,1,0,295,0.02,0.3497712314128876
5575,14.939805340770874,0,0,300,0.02,0.41522055864334106
5576,10.32845533371366,0,0,300,0.02,0.4105338156223297
5577,161.9536090707779,1,0,279,0.02,0.3373323976993561
5578,8.970910822549138,0,0,300,0.02,0.40996429324150085
5579,-32.49591452678176,0,0,234,0.02,2.916677713394165
5580,202.97321286917128,1,0,295,0.02,0.34757718443870544
5581,18.020195848945775,0,0,300,0.02,0.39449018239974976
5582,1.0051367068330437,0,0,300,0.02,0.4681185781955719
5583,10.480055322651038,0,0,300,0.02,0.4322608709335327
5584,-46.64516786575316,0,0,300,0.02,1.1512919664382935
5585,40.03784616947569,0,0,300,0.02,0.3491930067539215
5586,194.7638790655136,1,0,290,0.02,0.3473108410835266
5587,-2.178887891765452,0,0,300,0.02,0.452777236700058
5588,29.27155841270951,0,0,300,0.02,0.3797629475593567
5589,34.6646014634755,0,0,300,0.02,0.3667669892311096
5590,53.71834480286041,0,0,300,0.02,0.35298800468444824
5591,200.74994341373443,1,0,294,0.02,0.3475702106952667
5592,-10.128282194933616,0,0,300,0.02,0.6847696304321289
5593,169.92915630817808,1,0,285,0.02,0.3495919704437256
5594,8.925419482388776,0,0,300,0.02,0.40877607464790344
5595,10.527985756401211,0,0,300,0.02,0.41421157121658325
5596,192.83160524606703,1,0,293,0.02,0.34494972229003906
5597,45.77891948381927,0,0,300,0.02,0.34960222244262695
5598,5.920407156948248,0,0,300,0.02,0.36406809091567993
5599,23.82100458860793,0,0,300,0.02,0.40042033791542053
5600,58.85022847175994,0,0,300,0.02,0.34450745582580566
5601,12.717446217540886,0,0,300,0.02,0.4061908721923828
5602,192.38880634785096,1,0,300,0.02,0.3468220829963684
5603,206.94317017555235,1,0,293,0.02,0.34576892852783203
5604,13.605063614849241,0,0,300,0.02,0.39759570360183716
5605,47.21851495981216,0,0,300,0.02,0.3553878664970398
5606,-7.188410007949687,0,0,300,0.02,0.4690052568912506
5607,15.305678660873564,0,0,300,0.02,0.4168315529823303
5608,166.57069634914794,1,0,260,0.02,0.3396093547344208
5609,45.931186695102824,0,0,300,0.02,0.35167527198791504
5610,-0.13188454389174936,0,0,300,0.02,0.48487389087677
5611,-1.4012684830042954,0,0,300,0.02,0.4072358310222626
5612,45.28976845264832,0,0,300,0.02,0.35316750407218933
5613,9.592018461231389,0,0,300,0.02,0.40678367018699646
5614,175.9703774786035,1,0,300,0.02,0.34785160422325134
5615,20.110693225864544,0,0,300,0.02,0.3867769241333008
5616,25.378732020858905,0,0,300,0.02,0.36233022809028625
5617,27.958215510049136,0,0,300,0.02,0.39352238178253174
5618,25.442590417865897,0,0,300,0.02,0.35502302646636963
5619,38.65852955738572,0,0,300,0.02,0.35827481746673584
5620,22.28130988518265,0,0,300,0.02,0.3999786078929901
5621,-175.92552678028625,0,0,300,0.02,4.878682613372803
5622,-1.924812219138933,0,0,300,0.02,0.4506058096885681
5623,20.075383577350774,0,0,300,0.02,0.3957691192626953
5624,20.408294436935574,0,0,300,0.02,0.3789556324481964
5625,23.872125396732486,0,0,300,0.02,0.3854684829711914
5626,29.36317148844269,0,0,300,0.02,0.3778212368488312
5627,210.8370744180719,1,0,288,0.02,0.34958770871162415
5628,20.399368250373993,0,0,300,0.02,0.4096917510032654
5629,46.592240755561974,0,0,300,0.02,0.34426194429397583
5630,30.718069899086142,0,0,300,0.02,0.36920881271362305
5631,-7.306064250465247,0,0,300,0.02,0.4884188175201416
5632,35.83278586864866,0,0,300,0.02,0.3684484362602234
5633,17.688760689893044,0,0,300,0.02,0.38839974999427795
5634,42.20192219734589,0,0,300,0.02,0.3523745834827423
5635,20.874356560711067,0,0,300,0.02,0.3900468051433563
5636,44.42334449530044,0,0,300,0.02,0.35452401638031006
5637,191.4600275588075,1,0,297,0.02,0.346144437789917
5638,29.3512630462686,0,0,300,0.02,0.3725140690803528
5639,10.409421246051805,0,0,300,0.02,0.4138265550136566
5640,166.91354921341338,1,0,296,0.02,0.34786245226860046
5641,205.78547245264448,1,0,287,0.02,0.3497157692909241
5642,11.509204286732956,0,0,300,0.02,0.4100804924964905
5643,24.55967958609131,0,0,300,0.02,0.3947635889053345
5644,5.904899973873289,0,0,300,0.02,0.460620254278183
5645,-5.518553860183579,0,0,300,0.02,0.43867284059524536
5646,-11.240459210868684,0,0,300,0.02,0.7520175576210022
5647,28.14503313064972,0,0,300,0.02,0.38144123554229736
5648,43.656911658444685,0,0,300,0.02,0.34643319249153137
5649,169.22047456741728,1,0,270,0.02,0.3445625603199005
5650,162.30368850231568,1,0,297,0.02,0.34483790397644043
5651,27.523825976852542,0,0,300,0.02,0.355266273021698
5652,4.928982299962317,0,0,300,0.02,0.40416672825813293
5653,191.36755141735077,1,0,298,0.02,0.3452683389186859
5654,14.066298873428478,0,0,300,0.02,0.4202393591403961
5655,-7.0405454611738705,0,0,300,0.02,0.45453912019729614
5656,41.014543185238026,0,0,300,0.02,0.3662321865558624
5657,42.955769414905674,0,0,300,0.02,0.363654762506485
5658,40.656662197117,0,0,300,0.02,0.3726222813129425
5659,201.81893439054883,1,0,299,0.02,0.3462185561656952
5660,203.71076454162994,1,0,297,0.02,0.34684059023857117
5661,172.45733652592102,1,0,283,0.02,0.3474160134792328
5662,165.523753952984,1,0,292,0.02,0.34730514883995056
5663,18.058751208786166,0,0,300,0.02,0.39872726798057556
5664,205.38679755926526,1,0,292,0.02,0.34691280126571655
5665,43.75343744039932,0,0,300,0.02,0.36395448446273804
5666,19.942140404382016,0,0,300,0.02,0.38449719548225403
5667,-112.85652461131546,0,0,300,0.02,2.549330234527588
5668,5.229950392250221,0,0,300,0.02,0.34574323892593384
5669,26.549368171695853,0,0,300,0.02,0.3792196214199066
5670,18.298112911382002,0,0,300,0.02,0.39729055762290955
5671,9.953801059726853,0,0,300,0.02,0.4041176438331604
5672,24.55234612465302,0,0,300,0.02,0.38249218463897705
5673,199.1521446418762,1,0,285,0.02,0.34811899065971375
5674,0.8793553805351353,0,0,300,0.02,0.45232462882995605
5675,-6.716655714507923,0,0,300,0.02,0.4710666835308075
5676,190.22568255424895,1,0,295,0.02,0.34409618377685547
5677,39.62000199079513,0,0,300,0.02,0.35138171911239624
5678,2.4002815818826075,0,0,300,0.02,0.43777257204055786
5679,40.06105325619248,0,0,300,0.02,0.35921087861061096
5680,163.02439765692154,1,0,288,0.02,0.33224359154701233
5681,26.90469429254927,0,0,300,0.02,0.3462595045566559
5682,-8.684954815706943,0,0,300,0.02,0.6864377856254578
5683,194.94708158970275,1,0,271,0.02,0.3458462059497833
5684,-52.56516171375777,0,0,174,0.02,5.828591346740723
5685,38.983647517361916,0,0,300,0.02,0.3389078676700592
5686,2.995916147236005,0,0,300,0.02,0.4974518120288849
5687,188.81949202537535,1,0,296,0.02,0.34879446029663086
5688,166.48000163317124,1,0,259,0.02,0.33164554834365845
5689,165.73226253033081,1,0,277,0.02,0.3481023907661438
5690,170.50990070343414,1,0,298,0.02,0.34498363733291626
5691,-30.00166542371637,0,0,300,0.02,0.786212682723999
5692,-0.4204726457595811,0,0,300,0.02,0.4336240887641907
5693,190.0429384374658,1,0,284,0.02,0.34419119358062744
5694,206.21813011885084,1,0,295,0.02,0.3493921458721161
5695,46.23889791409043,0,0,300,0.02,0.3450583219528198
5696,196.29769187450805,1,0,300,0.02,0.3484082520008087
5697,15.955228748325508,0,0,300,0.02,0.388057678937912
5698,40.06726052761076,0,0,300,0.02,0.3549567759037018
5699,193.6133562254945,1,0,300,0.02,0.3443963825702667
5700,36.47189708153274,0,0,300,0.02,0.3617522120475769
5701,44.479442286491384,0,0,300,0.02,0.3498409688472748
5702,39.671144072213444,0,0,300,0.02,0.35486099123954773
5703,39.87687730947997,0,0,300,0.02,0.3610503077507019
5704,195.8090420460701,1,0,287,0.02,0.3486493229866028
5705,-21.570693579516128,0,0,300,0.02,0.8678724765777588
5706,-8.450574802572119,0,0,300,0.02,0.45233359932899475
5707,50.99702440739073,0,0,300,0.02,0.35502365231513977
5708,172.00960546493926,1,0,284,0.02,0.3394225835800171
5709,37.91083133617904,0,0,300,0.02,0.3597882091999054
5710,1.8547101473808283,0,0,300,0.02,0.4147815406322479
5711,166.80365533352295,1,0,281,0.02,0.33971911668777466
5712,195.44439899444976,1,0,288,0.02,0.3449045717716217
5713,182.75923846006788,1,0,293,0.02,0.3452705144882202
5714,23.718714706901697,0,0,300,0.02,0.3830513656139374
5715,190.72497204542555,1,0,296,0.02,0.34314215183258057
5716,-6.322883596420288,0,0,300,0.02,0.447860449552536
5717,167.9254072284738,1,0,275,0.02,0.3396291136741638
5718,177.14169715166486,1,0,269,0.02,0.34876614809036255
5719,187.59303323984543,1,0,293,0.02,0.3466392159461975
5720,0.1452560520211733,0,0,300,0.02,0.43762102723121643
5721,11.42113331795135,0,0,300,0.02,0.35610997676849365
5722,171.07665800095,1,0,277,0.02,0.3464527428150177
5723,-4.934126208624575,0,0,300,0.02,0.444153755903244
5724,-4.378173716868266,0,0,300,0.02,0.7403397560119629
5725,33.490742092136536,0,0,300,0.02,0.3470533490180969
5726,22.263242096904886,0,0,300,0.02,0.3932560086250305
5727,196.5862436986009,1,0,293,0.02,0.3488769829273224
5728,12.40403029203812,0,0,300,0.02,0.39520514011383057
5729,-8.106536781783918,0,0,300,0.02,0.46103695034980774
5730,197.84529634237686,1,0,293,0.02,0.34893080592155457
5731,196.47924817562102,1,0,292,0.02,0.3497365117073059
5732,14.175556211475511,0,0,300,0.02,0.3508678674697876
5733,195.69868428945938,1,0,292,0.02,0.345462828874588
5734,47.5930944705049,0,0,300,0.02,0.44233182072639465
5735,195.7169962239305,1,0,287,0.02,0.3474253714084625
5736,50.80992649078369,0,0,300,0.02,0.34979048371315
5737,14.666370251182695,0,0,294,0.02,0.3802430331707001
5738,25.444574682716503,0,0,300,0.02,0.37498632073402405
5739,37.79046899080672,0,0,300,0.02,0.35555940866470337
5740,-59.67236016988356,0,0,300,0.02,0.7399927973747253
5741,-6.6894305992126375,0,0,300,0.02,1.4523576498031616
5742,1.1742802421238838,0,0,300,0.02,0.5366290211677551
5743,25.166515829567086,0,0,300,0.02,0.3837275505065918
5744,165.0763095259706,1,0,281,0.02,0.3487466871738434
5745,164.65503794193665,1,0,285,0.02,0.34844955801963806
5746,203.86277998447812,1,0,294,0.02,0.34725841879844666
5747,17.66673717976011,0,0,294,0.02,0.3635455369949341
5748,165.1722625303308,1,0,279,0.02,0.3481023907661438
5749,164.63730007172026,1,0,279,0.02,0.34920403361320496
5750,29.934870665077334,0,0,300,0.02,0.3765496015548706
5751,164.82206924438873,1,0,279,0.02,0.3466024398803711
5752,176.31814507246014,1,0,290,0.02,0.34813034534454346
5753,13.768710265163561,0,0,300,0.02,0.3929384648799896
5754,0.44343742052580865,0,0,300,0.02,0.42686226963996887
5755,214.05816344976822,1,0,299,0.02,0.34591805934906006
5756,32.7338600794461,0,0,300,0.02,0.34413447976112366
5757,30.11889724016586,0,0,300,0.02,0.3671599328517914
5758,164.15481153011717,1,0,282,0.02,0.34490489959716797
5759,165.7307184028665,1,0,279,0.02,0.34544724225997925
5760,169.13638517856992,1,0,300,0.02,0.34631192684173584
5761,-15.784650812945094,0,0,300,0.02,0.5038617849349976
5762,-48.11015932083128,0,0,300,0.02,1.8600398302078247
5763,22.407718169693116,0,0,300,0.02,0.38646045327186584
5764,-3.9347234034498726,0,0,300,0.02,0.4830836057662964
5765,14.755074055198827,0,0,300,0.02,0.3718351721763611
5766,22.496832513013153,0,0,300,0.02,0.372384637594223
5767,0.9783191013375792,0,0,299,0.02,0.3814927637577057
5768,200.5816891908685,1,0,297,0.02,0.3447147607803345
5769,164.6123316288034,1,0,284,0.02,0.3450952470302582
5770,202.34848800659574,1,0,271,0.02,0.3484207093715668
5771,164.35061671495833,1,0,285,0.02,0.3302358090877533
5772,14.528968224529416,0,0,300,0.02,0.4120788872241974
5773,165.73226253033081,1,0,277,0.02,0.3481023907661438
5774,198.5068937349359,1,0,292,0.02,0.3490256369113922
5775,164.12099296093382,1,0,286,0.02,0.3354324698448181
5776,201.76888917208112,1,0,287,0.02,0.346500426530838
5777,-7.917067029472213,0,0,300,0.02,0.4911695122718811
5778,11.740649151006007,0,0,300,0.02,0.399262398481369
5779,36.494785312810215,0,0,300,0.02,0.36278235912323
5780,193.49568944215773,1,0,296,0.02,0.3448495864868164
5781,0.7746477890014678,0,0,300,0.02,0.4248718023300171
5782,26.275027761463306,0,0,300,0.02,0.38349002599716187
5783,205.6217663240472,1,0,276,0.02,0.3470458984375
5784,43.444940733913555,0,0,300,0.02,0.36079302430152893
5785,-49.62403960307572,0,0,300,0.02,1.7287089824676514
5786,12.207358094849862,0,0,300,0.02,0.41757237911224365
5787,165.25314864397444,1,0,273,0.02,0.3369221091270447
5788,33.45634202003875,0,0,300,0.02,0.43567803502082825
5789,161.835675368313,1,0,296,0.02,0.3432232439517975
5790,13.551423921585082,0,0,300,0.02,0.3498525619506836
5791,205.6217663240472,1,0,276,0.02,0.3470458984375
5792,205.4549010443727,1,0,281,0.02,0.34859806299209595
5793,3.078084937730112,0,0,300,0.02,0.3985324203968048
5794,25.90003542423641,0,0,300,0.02,0.3400242030620575
5795,29.233204541210316,0,0,300,0.02,0.375204861164093
5796,32.639937774339,0,0,300,0.02,0.401017963886261
5797,166.84118338823714,1,0,274,0.02,0.3491421639919281
5798,23.23033535957731,0,0,300,0.02,0.38176044821739197
5799,12.349511436620027,0,0,300,0.02,0.4367660880088806
5800,194.54116022586823,1,0,290,0.02,0.3455055356025696
5801,163.03562233210005,1,0,280,0.02,0.33913150429725647
5802,171.5704948806802,1,0,286,0.02,0.33189597725868225
5803,32.1954006004373,0,0,300,0.02,0.3726152181625366
5804,166.30515629530348,1,0,269,0.02,0.3365846872329712
5805,196.84635411262906,1,0,270,0.02,0.3470458984375
5806,45.863509142402805,0,0,300,0.02,0.3660835921764374
5807,208.67673026323712,1,0,291,0.02,0.3479744493961334
5808,198.99680722713867,1,0,287,0.02,0.34490785002708435
5809,167.54299032450118,1,0,273,0.02,0.34311726689338684
5810,29.710487461094036,0,0,300,0.02,0.375937283039093
5811,198.8922571063081,1,0,284,0.02,0.3496699929237366
5812,159.91135620117583,1,0,294,0.02,0.3345460593700409
5813,22.76599590540328,0,0,300,0.02,0.38526955246925354
5814,-4.217482979293694,0,0,300,0.02,0.48377349972724915
5815,167.13628003597654,1,0,271,0.02,0.3475564420223236
5816,204.51176632404722,1,0,277,0.02,0.3470458984375
5817,11.343897134461676,0,0,300,0.02,0.4031677842140198
5818,199.15218718290726,1,0,296,0.02,0.3474586308002472
5819,20.582465252880247,0,0,300,0.02,0.40033212304115295
5820,192.628461792473,1,0,269,0.02,0.34713104367256165
5821,-9.462354373931879,0,0,300,0.02,1.5655885934829712
5822,203.62219902992643,1,0,298,0.02,0.3426443338394165
5823,205.47176632404722,1,0,275,0.02,0.3470458984375
5824,18.378482072353368,0,0,300,0.02,0.38720595836639404
5825,210.8502232551614,1,0,285,0.02,0.3470759093761444
5826,200.42604506731033,1,0,271,0.02,0.34389811754226685
5827,40.07164285421767,0,0,300,0.02,0.3661866784095764
5828,-8.665797688957085,0,0,300,0.02,0.4908521771430969
5829,35.36173409859208,0,0,300,0.02,0.3696463704109192
5830,23.28538108349241,0,0,300,0.02,0.393942266702652
5831,9.565282620587634,0,0,300,0.02,0.40845292806625366
5832,162.02608181715408,1,0,281,0.02,0.34637004137039185
5833,29.940623645786427,0,0,300,0.02,0.3636806011199951
5834,11.703455035690455,0,0,300,0.02,0.39594215154647827
5835,24.006976656917722,0,0,300,0.02,0.3694511353969574
5836,37.72733896255887,0,0,300,0.02,0.36567187309265137
5837,201.0273672866861,1,0,299,0.02,0.34697097539901733
5838,-7.7491101296795435,0,0,300,0.02,0.7655738592147827
5839,210.6513429641763,1,0,283,0.02,0.34512749314308167
5840,210.62639233589567,1,0,278,0.02,0.34681060910224915
5841,166.78085721969998,1,0,272,0.02,0.34536266326904297
5842,33.43204237699905,0,0,300,0.02,0.37694427371025085
5843,196.3151790785829,1,0,298,0.02,0.34723955392837524
5844,32.423946525254514,0,0,300,0.02,0.37007346749305725
5845,164.42071190119185,1,0,287,0.02,0.34539738297462463
5846,13.678200766244213,0,0,300,0.02,0.37886881828308105
5847,205.31176632404723,1,0,277,0.02,0.3470458984375
5848,201.62941507339872,1,0,273,0.02,0.3470458984375
5849,23.109680714611198,0,0,300,0.02,0.3838563561439514
5850,30.504246180061486,0,0,300,0.02,0.38047319650650024
5851,203.13163360596099,1,0,292,0.02,0.34472936391830444
5852,4.180582463741307,0,0,300,0.02,0.3491783142089844
5853,209.16682261467375,1,0,287,0.02,0.3473866879940033
5854,199.38422462702192,1,0,271,0.02,0.3488374650478363
5855,166.5056360793153,1,0,253,0.02,0.3332354724407196
5856,27.658175747398506,0,0,300,0.02,0.3927687704563141
5857,36.75901328087249,0,0,300,0.02,0.3569990396499634
5858,26.047305206456446,0,0,288,0.02,0.3448909819126129
5859,185.48601267338194,1,0,275,0.02,0.3420085608959198
5860,164.6322391915361,1,0,285,0.02,0.34777602553367615
5861,163.8610147929231,1,0,262,0.02,0.3354272246360779
5862,166.5708499670068,1,0,271,0.02,0.33508485555648804
5863,191.73809494972227,1,0,294,0.02,0.3449954390525818
5864,24.953341240886818,0,0,300,0.02,0.3916071355342865
5865,2.1867281413078308,0,0,300,0.02,0.4093409776687622
5866,166.2050427651445,1,0,276,0.02,0.3483707308769226
5867,199.77033952951825,1,0,300,0.02,0.3463420271873474
5868,38.52702365556826,0,0,300,0.02,0.33897244930267334
5869,167.30299032450117,1,0,271,0.02,0.34311726689338684
5870,23.022593998912956,0,0,300,0.02,0.39150139689445496
5871,196.69522601843275,1,0,290,0.02,0.344075083732605
5872,164.62361293316283,1,0,279,0.02,0.3359517753124237
5873,0.6150080958989081,0,0,300,0.02,0.3476930558681488
5874,10.948635983471078,0,0,300,0.02,0.3607759475708008
5875,197.83431175947584,1,0,279,0.02,0.3482394218444824
5876,37.89179278294114,0,0,300,0.02,0.3540372848510742
5877,28.017708075050496,0,0,300,0.02,0.3817842900753021
5878,13.154251057305615,0,0,300,0.02,0.3461190462112427
5879,27.20510282674897,0,0,300,0.02,0.37088119983673096
5880,39.38190358877576,0,0,300,0.02,0.35885125398635864
5881,205.15551234007276,1,0,251,0.02,0.3458612263202667
5882,13.188591165546567,0,0,300,0.02,0.4204782247543335
5883,43.21070868174103,0,0,300,0.02,0.3536176085472107
5884,0.9331640625039614,0,0,300,0.02,0.41304972767829895
5885,165.7834404611627,1,0,275,0.02,0.3458442687988281
5886,189.65649849176802,1,0,265,0.02,0.34486594796180725
5887,206.5817663240472,1,0,274,0.02,0.3470458984375
5888,200.01203470707333,1,0,281,0.02,0.348830908536911
5889,68.3556870269815,0,0,300,0.02,0.3688982129096985
5890,166.87481493950284,1,0,269,0.02,0.3465109169483185
5891,187.539683227543,1,0,272,0.02,0.3491421639919281
5892,5.4484352175342075,0,0,300,0.02,0.4305804967880249
5893,200.34826901436247,1,0,298,0.02,0.3461577892303467
5894,166.59627143383423,1,0,276,0.02,0.34280937910079956
5895,164.1603463006059,1,0,272,0.02,0.3461536169052124
5896,-4.855840466018529,0,0,300,0.02,0.42789551615715027
5897,196.97443908929824,1,0,289,0.02,0.34561532735824585
5898,15.99480398178101,0,0,300,0.02,0.3771870732307434
5899,196.33014032125473,1,0,286,0.02,0.3469957113265991
5900,200.8472000813484,1,0,275,0.02,0.3457397520542145
5901,200.0925216889421,1,0,295,0.02,0.34985682368278503
5902,25.22404619932571,0,0,300,0.02,0.360460102558136
5903,30.25917323112882,0,0,289,0.02,0.3557754158973694
5904,201.30817696571745,1,0,290,0.02,0.3465535342693329
5905,166.88008825779357,1,0,270,0.02,0.3414331376552582
5906,201.57061573744215,1,0,275,0.02,0.3470458984375
5907,206.4217663240472,1,0,276,0.02,0.3470458984375
5908,203.89589203834927,1,0,297,0.02,0.34478285908699036
5909,41.494118639626784,0,0,300,0.02,0.360580712556839
5910,205.6620201444626,1,0,298,0.02,0.3456724286079407
5911,202.02244721412657,1,0,291,0.02,0.3485918641090393
5912,28.49883785963454,0,0,300,0.02,0.3925802707672119
5913,43.8790446035054,0,0,300,0.02,0.34911197423934937
5914,187.34673933267987,1,0,279,0.02,0.34395307302474976
5915,16.75508875370422,0,0,300,0.02,0.3978145122528076
5916,209.59579999208844,1,0,293,0.02,0.3461037278175354
5917,32.18659967899717,0,0,300,0.02,0.37775295972824097
5918,42.33129417339433,0,0,300,0.02,0.34770673513412476
5919,58.85179661035933,0,0,300,0.02,0.35350415110588074
5920,-1.7698474931716808,0,0,300,0.02,0.44199398159980774
5921,179.41474400520715,1,0,278,0.02,0.34220144152641296
5922,15.6223019051552,0,0,300,0.02,0.3975461721420288
5923,32.56365272522368,0,0,300,0.02,0.3708454370498657
5924,-159.5265272609378,0,1,290,0.02,2.0464327335357666
5925,206.36153234005369,1,0,277,0.02,0.3471641540527344
5926,164.04134909153382,1,0,281,0.02,0.3318049907684326
5927,201.9591917777101,1,0,300,0.02,0.348206490278244
5928,25.00449859381118,0,0,300,0.02,0.4043920338153839
5929,33.424805409912246,0,0,300,0.02,0.3741622567176819
5930,-215.60490395625567,0,0,300,0.02,1.7689250707626343
5931,203.08135763883985,1,0,287,0.02,0.34427180886268616
5932,192.38454529047405,1,0,294,0.02,0.34577977657318115
5933,166.14673450947205,1,0,275,0.02,0.34847956895828247
5934,191.52417056799328,1,0,288,0.02,0.34966474771499634
5935,7.92232934872179,0,0,300,0.02,0.3471263349056244
5936,192.06740927935041,1,0,297,0.02,0.3494241237640381
5937,17.797862064842374,0,0,300,0.02,0.39562422037124634
5938,167.21541771173872,1,0,271,0.02,0.34024545550346375
5939,195.07657468557753,1,0,300,0.02,0.3357819616794586
5940,211.7566759729425,1,0,285,0.02,0.3462757170200348
5941,40.44481775522628,0,0,300,0.02,0.3570674955844879
5942,12.49656163216034,0,0,300,0.02,0.3733888566493988
5943,47.8954971981088,0,0,300,0.02,0.35815778374671936
5944,212.94695968389908,1,0,300,0.02,0.3457776606082916
5945,165.3475449419061,1,0,277,0.02,0.33501407504081726
5946,56.21691604137816,0,0,300,0.02,0.4869026243686676
5947,52.164472775463224,0,0,300,0.02,0.3660275340080261
5948,187.9601205015222,1,0,273,0.02,0.34828928112983704
5949,9.660514056686544,0,0,300,0.02,0.4099668860435486
5950,10.57721717119614,0,0,300,0.02,0.41688671708106995
5951,22.746877614655755,0,0,288,0.02,0.3627232313156128
5952,31.348386225704324,0,0,300,0.02,0.38181182742118835
5953,205.6217663240472,1,0,276,0.02,0.3470458984375
5954,201.11936162471773,1,0,285,0.02,0.3498487174510956
5955,201.02167663336195,1,0,298,0.02,0.34629836678504944
5956,-1.325493419166424,0,0,300,0.02,0.6907761096954346
5957,167.3665460968057,1,0,271,0.02,0.34275317192077637
5958,46.38806931892899,0,0,300,0.02,0.339913547039032
5959,41.15595059791673,0,0,300,0.02,0.35871604084968567
5960,27.933964614072117,0,0,300,0.02,0.38093847036361694
5961,39.53200889587798,0,0,300,0.02,0.35297513008117676
5962,-8.391362886428839,0,0,300,0.02,0.47784072160720825
5963,203.91373044729627,1,0,289,0.02,0.3468437194824219
5964,197.92122637033856,1,0,273,0.02,0.345117449760437
5965,34.91823461929826,0,0,300,0.02,0.3519609272480011
5966,9.518021783832692,0,0,300,0.02,0.42095333337783813
5967,-36.12514377117146,0,0,300,0.02,0.49878594279289246
5968,31.832673497203963,0,0,300,0.02,0.3734895884990692
5969,165.7620876836816,1,0,275,0.02,0.3442729711532593
5970,197.78890104294217,1,0,282,0.02,0.34766608476638794
5971,199.5808170461694,1,0,296,0.02,0.34892407059669495
5972,195.24739794731536,1,0,294,0.02,0.3493262827396393
5973,199.48023807049194,1,0,297,0.02,0.34629663825035095
5974,199.76232080698406,1,0,273,0.02,0.34667539596557617
5975,165.22386965036787,1,0,274,0.02,0.3494662642478943
5976,41.29323021889129,0,0,300,0.02,0.36612269282341003
5977,-1.6888419628103786,0,0,300,0.02,0.4289800822734833
5978,167.8922971320192,1,0,271,0.02,0.34137654304504395
5979,167.2936248159448,1,0,266,0.02,0.3457310199737549
5980,206.5817663240472,1,0,274,0.02,0.3470458984375
5981,33.27841599941252,0,0,300,0.02,0.3646111786365509
5982,8.663373014130869,0,0,300,0.02,0.33959054946899414
5983,193.99515161514282,1,0,294,0.02,0.3479960560798645
5984,32.08517416716017,0,0,300,0.02,0.3750649690628052
5985,159.26836749315657,1,0,288,0.02,0.34514227509498596
5986,205.9739359545747,1,0,281,0.02,0.34694501757621765
5987,30.056921122078087,0,0,300,0.02,0.38339298963546753
5988,198.65364180803297,1,0,294,0.02,0.3479628264904022
5989,173.12647364855206,1,0,298,0.02,0.3476756513118744
5990,47.74475978136457,0,0,300,0.02,0.3582324981689453
5991,30.42269543409742,0,0,286,0.02,0.3478603661060333
5992,206.59552247524655,1,0,282,0.02,0.349283903837204
5993,165.77126431465544,1,0,274,0.02,0.34761133790016174
5994,-3.6077390265425118,0,0,300,0.02,0.45633751153945923
5995,210.49140321731963,1,0,285,0.02,0.3497616946697235
5996,201.07802812576688,1,0,286,0.02,0.3470645546913147
5997,196.23368550539413,1,0,289,0.02,0.3452194631099701
5998,179.35731482506193,1,0,293,0.02,0.3459787666797638
5999,160.63538205624022,1,0,290,0.02,0.3468533158302307
6000,209.61741845369338,1,0,298,0.02,0.3476814031600952
6001,26.88020244837202,0,0,300,0.02,0.3822353184223175
6002,196.9798404693643,1,0,298,0.02,0.34445375204086304
6003,-5.548956525321827,0,0,300,0.02,0.48414188623428345
6004,198.7307331657449,1,0,288,0.02,0.3492908477783203
6005,166.8797102999727,1,0,275,0.02,0.3422871530056
6006,166.88901192188658,1,0,272,0.02,0.34527209401130676
6007,17.8775613069574,0,0,300,0.02,0.3874672055244446
6008,179.94163184404766,1,0,289,0.02,0.34602823853492737
6009,32.83878760576642,0,0,300,0.02,0.37694844603538513
6010,41.15352263212203,0,0,300,0.02,0.36599162220954895
6011,200.5468210434953,1,0,280,0.02,0.3496265113353729
6012,193.42311598778164,1,0,298,0.02,0.3494797348976135
6013,45.84226522684491,0,0,300,0.02,0.35287711024284363
6014,190.88492596626676,1,0,286,0.02,0.34948480129241943
6015,166.56471527576844,1,0,272,0.02,0.3410744369029999
6016,24.176259222034606,0,0,300,0.02,0.38271641731262207
6017,202.30411695003903,1,0,285,0.02,0.3496261239051819
6018,193.0861311292648,1,0,285,0.02,0.34750887751579285
6019,42.02059310198225,0,0,300,0.02,0.394982248544693
6020,166.14920129537978,1,0,274,0.02,0.3411169648170471
6021,39.24043841839232,0,0,300,0.02,0.35476282238960266
6022,169.21158328533568,1,0,270,0.02,0.3470527231693268
6023,11.75243957439928,0,0,300,0.02,0.3308720290660858
6024,206.61767487049497,1,0,271,0.02,0.34681060910224915
6025,209.25254985809326,1,0,286,0.02,0.34656792879104614
6026,26.40453896999753,0,0,300,0.02,0.3525114357471466
6027,206.26176632404722,1,0,278,0.02,0.3470458984375
6028,195.32440165281292,1,0,291,0.02,0.34785062074661255
6029,165.04161883116166,1,0,284,0.02,0.3387581408023834
6030,193.7671071243286,1,0,297,0.02,0.34718024730682373
6031,202.34864066124356,1,0,291,0.02,0.3497043550014496
6032,14.798012890815748,0,0,300,0.02,0.4085800349712372
6033,41.63046648979581,0,0,300,0.02,0.3650214672088623
6034,-10.281555843353283,0,0,300,0.02,0.45788896083831787
6035,34.291772601608415,0,0,300,0.02,0.35418814420700073
6036,184.93933531761564,1,0,278,0.02,0.34537291526794434
6037,178.47999316930768,1,0,284,0.02,0.34237414598464966
6038,167.2626484417955,1,0,260,0.02,0.3496711850166321
6039,-5.360712773795942,0,0,300,0.02,0.5320809483528137
6040,1.5441679501573182,0,0,300,0.02,0.608360767364502
6041,206.04244848490157,1,0,275,0.02,0.34857019782066345
6042,187.36854584932723,1,0,251,0.02,0.3488643169403076
6043,165.8386297345201,1,0,282,0.02,0.3477118909358978
6044,-10.585348704661245,0,0,300,0.02,0.4497556686401367
6045,27.793634733357685,0,0,300,0.02,0.3755827248096466
6046,-11.42265985965334,0,0,300,0.02,0.44171181321144104
6047,206.40154373884596,1,0,290,0.02,0.3480905294418335
6048,24.28710183382431,0,0,300,0.02,0.36835384368896484
6049,198.8551095581094,1,0,290,0.02,0.34683388471603394
6050,-1.3175447678526384,0,0,300,0.02,0.42792946100234985
6051,30.44486578146485,0,0,300,0.02,0.3662797510623932
6052,-53.485192025899885,0,0,288,0.02,1.4518790245056152
6053,207.06972333670058,1,0,270,0.02,0.3490314483642578
6054,166.85779799938598,1,0,294,0.02,0.3345586955547333
6055,191.0150088572502,1,0,297,0.02,0.3457421064376831
6056,14.132454254631188,0,0,300,0.02,0.4179222285747528
6057,193.74747011900342,1,0,291,0.02,0.3370838165283203
6058,36.34289965391157,0,0,300,0.02,0.36614182591438293
6059,210.59341174126064,1,0,273,0.02,0.34902870655059814
6060,167.8442065286676,1,0,274,0.02,0.34584999084472656
6061,22.55225175619521,0,0,300,0.02,0.39262062311172485
6062,39.71578490734496,0,0,300,0.02,0.37424561381340027
6063,19.663751804832607,0,0,300,0.02,0.4013233482837677
6064,180.1529985213319,1,0,280,0.02,0.34682780504226685
6065,187.11033172369397,1,0,287,0.02,0.3478652536869049
6066,192.9974704575578,1,0,298,0.02,0.3499540388584137
6067,165.10957924366394,1,0,272,0.02,0.34486567974090576
6068,37.52475730339552,0,0,300,0.02,0.3608818054199219
6069,7.8733563256303345,0,0,300,0.02,0.40680140256881714
6070,39.3459587025682,0,0,300,0.02,0.34725481271743774
6071,197.4338632535974,1,0,286,0.02,0.3481074869632721
6072,22.708888971009532,0,0,300,0.02,0.3820438086986542
6073,33.30064799070753,0,0,300,0.02,0.36570289731025696
6074,6.181001811031491,0,0,300,0.02,0.3539348244667053
6075,28.093704917434824,0,0,300,0.02,0.3679332733154297
6076,91.63372578859729,0,0,300,0.02,0.44593676924705505
6077,195.36499566317,1,0,279,0.02,0.3488631248474121
6078,-9.372060937881482,0,0,300,0.02,0.4453310966491699
6079,34.88461754560866,0,0,300,0.02,0.37763240933418274
6080,42.62133785167802,0,0,300,0.02,0.34062933921813965
6081,2.31194102446106,0,0,300,0.02,0.35097357630729675
6082,202.20430982113277,1,0,286,0.02,0.34811264276504517
6083,165.24581727266707,1,0,285,0.02,0.34909072518348694
6084,28.89380715608992,0,0,287,0.02,0.3548181354999542
6085,38.78680140892533,0,0,300,0.02,0.3591683804988861
6086,170.11323335171141,1,0,282,0.02,0.3491773009300232
6087,12.895727472309263,0,0,300,0.02,0.3597971796989441
6088,1.7972761297225996,0,0,300,0.02,0.44348400831222534
6089,193.11747350454726,1,0,295,0.02,0.3487216532230377
6090,163.28277838230528,1,0,290,0.02,0.3481161892414093
6091,193.3183460474014,1,0,298,0.02,0.3460935354232788
6092,206.5817663240472,1,0,274,0.02,0.3470458984375
6093,186.08378912210858,1,0,275,0.02,0.34663125872612
6094,23.184371550087118,0,0,300,0.02,0.39037010073661804
6095,9.621470100883638,0,0,300,0.02,0.39783963561058044
6096,205.30426200390258,1,0,285,0.02,0.34694501757621765
6097,201.52165253401196,1,0,292,0.02,0.3476018011569977
6098,39.533447756771224,0,0,300,0.02,0.37321043014526367
6099,-4.006956897581927,0,0,300,0.02,0.4390627145767212
6100,37.8954556345979,0,0,300,0.02,0.376662015914917
6101,204.91176632404722,1,0,277,0.02,0.3470458984375
6102,161.91088142156997,1,0,282,0.02,0.332494854927063
6103,206.09055564642347,1,0,282,0.02,0.3470458984375
6104,194.05439738035597,1,0,286,0.02,0.3455711305141449
6105,14.735305297378693,0,0,300,0.02,0.4233584702014923
6106,166.97120531559386,1,0,277,0.02,0.34592798352241516
6107,40.37627228180434,0,0,300,0.02,0.35973355174064636
6108,172.8123318600694,1,0,266,0.02,0.34668079018592834
6109,193.86732097864547,1,0,299,0.02,0.34566375613212585
6110,182.3116959905664,1,0,264,0.02,0.3468395173549652
6111,164.60553900957504,1,0,279,0.02,0.3448149263858795
6112,46.48185300985841,0,0,300,0.02,0.35969996452331543
6113,203.95920463085568,1,0,294,0.02,0.345930814743042
6114,40.991826285519885,0,0,300,0.02,0.3393361568450928
6115,32.92111635208526,0,0,300,0.02,0.3614462614059448
6116,166.3425872302095,1,0,288,0.02,0.3466379940509796
6117,17.533545463089126,0,0,300,0.02,0.3751589357852936
6118,50.50407663345732,0,0,300,0.02,0.3448246419429779
6119,20.520364425186305,0,0,300,0.02,0.3998502194881439
6120,42.02377561569609,0,0,300,0.02,0.37007513642311096
6121,193.98958250522614,1,0,293,0.02,0.34437403082847595
6122,13.381338050369408,0,0,300,0.02,0.41993260383605957
6123,17.74267352342606,0,0,300,0.02,0.4080330431461334
6124,196.89224951744475,1,0,291,0.02,0.3475012183189392
6125,33.50315774122742,0,0,300,0.02,0.3731222450733185
6126,202.96688780785001,1,0,293,0.02,0.34466129541397095
6127,167.43809590340058,1,0,266,0.02,0.3483951687812805
6128,175.0022496128082,1,0,277,0.02,0.3471158444881439
6129,166.42544326305787,1,0,279,0.02,0.3423810303211212
6130,163.73186797380845,1,0,292,0.02,0.3462822139263153
6131,19.244300022125238,0,0,300,0.02,0.392270565032959
6132,23.734772048000476,0,0,300,0.02,0.39161306619644165
6133,176.73880228758253,1,0,294,0.02,0.3467017710208893
6134,185.47768714666364,1,0,293,0.02,0.3490258753299713
6135,12.748814492229608,0,0,300,0.02,0.39919349551200867
6136,208.01542555570995,1,0,286,0.02,0.34727248549461365
6137,40.69199862638582,0,0,300,0.02,0.34066978096961975
6138,37.42432504892746,0,0,300,0.02,0.35664263367652893
6139,22.131717548374304,0,0,300,0.02,0.35429635643959045
6140,203.07722013712325,1,0,284,0.02,0.3466661274433136
6141,31.356558573249952,0,0,300,0.02,0.37920522689819336
6142,31.9720770978967,0,0,300,0.02,0.3554360866546631
6143,165.9666649961511,1,0,271,0.02,0.34328311681747437
6144,206.3008180236856,1,0,283,0.02,0.33508485555648804
6145,2.6107065558473073,0,0,300,0.02,0.359073668718338
6146,197.98691791057584,1,0,293,0.02,0.3461107015609741
6147,12.016374490265045,0,0,300,0.02,0.3522988259792328
6148,202.78029276848235,1,0,288,0.02,0.3494429290294647
6149,201.7946727585832,1,0,294,0.02,0.3475817143917084
6150,165.8861418485681,1,0,279,0.02,0.33629339933395386
6151,29.053689401153704,0,0,300,0.02,0.3679990768432617
6152,35.348654624619755,0,0,300,0.02,0.3753325343132019
6153,21.844355516437677,0,0,300,0.02,0.3993415832519531
6154,18.334754757885136,0,0,300,0.02,0.3801136910915375
6155,210.19642275572218,1,0,282,0.02,0.34898632764816284
6156,194.08091722965634,1,0,300,0.02,0.34541305899620056
6157,167.36050128698744,1,0,273,0.02,0.34447428584098816
6158,205.93935807466903,1,0,297,0.02,0.34651443362236023
6159,72.98495202303329,0,0,300,0.02,0.46830299496650696
6160,165.1427712321321,1,0,264,0.02,0.3418715298175812
6161,-29.92326335668163,0,0,300,0.02,0.47521859407424927
6162,2.590038578514245,0,0,300,0.02,0.3977828025817871
6163,211.6535044932405,1,0,298,0.02,0.3451519310474396
6164,208.42027211666502,1,0,285,0.02,0.345188707113266
6165,44.65777936458983,0,0,300,0.02,0.3563061058521271
6166,205.31176632404723,1,0,277,0.02,0.3470458984375
6167,198.34761926651396,1,0,289,0.02,0.3449003994464874
6168,197.31578515768445,1,0,288,0.02,0.34955647587776184
6169,163.8127445721666,1,0,280,0.02,0.3487074077129364
6170,192.3791378188173,1,0,281,0.02,0.3486051559448242
6171,181.28449662208953,1,0,267,0.02,0.348659485578537
6172,199.94178039789597,1,0,292,0.02,0.3449585735797882
6173,42.24761069059766,0,0,300,0.02,0.37619704008102417
6174,-6.7486088395079085,0,0,300,0.02,0.4189159572124481
6175,192.12002827883163,1,0,281,0.02,0.3452133536338806
6176,25.8473722672502,0,0,300,0.02,0.39915820956230164
6177,-10.213914029594275,0,0,300,0.02,0.4678812623023987
6178,165.33827081919114,1,0,269,0.02,0.3450239896774292
6179,205.01979697227873,1,0,293,0.02,0.34494537115097046
6180,29.54476334492233,0,0,300,0.02,0.37635987997055054
6181,166.88049101591506,1,0,274,0.02,0.336372971534729
6182,165.26755253553785,1,0,274,0.02,0.34585875272750854
6183,190.60068827629485,1,0,282,0.02,0.3471658527851105
6184,206.5817663240472,1,0,274,0.02,0.3470458984375
6185,167.9428880167047,1,0,272,0.02,0.3475514054298401
6186,6.415466966632994,0,0,300,0.02,0.3678225576877594
6187,4.240756053924568,0,0,300,0.02,0.42427799105644226
6188,24.410025584701675,0,0,300,0.02,0.3845248222351074
6189,169.0953820943872,1,0,268,0.02,0.3380277156829834
6190,189.9363836216966,1,0,298,0.02,0.34852540493011475
6191,192.3090808153192,1,0,291,0.02,0.34876376390457153
6192,170.89198656797407,1,0,300,0.02,0.33445167541503906
6193,19.349523568157345,0,0,300,0.02,0.3788551390171051
6194,210.67056751251616,1,0,278,0.02,0.34694501757621765
6195,164.2807456207315,1,0,279,0.02,0.3456037938594818
6196,167.07763754368224,1,0,253,0.02,0.349159300327301
6197,164.6956063365976,1,0,267,0.02,0.3454509377479553
6198,166.03953162432114,1,0,263,0.02,0.33973026275634766
6199,166.23460410595337,1,0,272,0.02,0.34129098057746887
6200,205.6217663240472,1,0,276,0.02,0.3470458984375
6201,22.241222038272998,0,0,300,0.02,0.3813348412513733
6202,43.14805255175033,0,0,300,0.02,0.3487555682659149
6203,201.8758114266435,1,0,288,0.02,0.34997549653053284
6204,208.60056751251616,1,0,281,0.02,0.34694501757621765
6205,2.4621417593955965,0,0,300,0.02,0.42003196477890015
6206,0.9318219327966066,0,0,300,0.02,0.4150390326976776
6207,34.947443344597005,0,0,300,0.02,0.34444665908813477
6208,201.26548958063518,1,0,273,0.02,0.3470458984375
6209,200.3863049864769,1,0,295,0.02,0.3462621569633484
6210,38.958009152416366,0,0,300,0.02,0.3767976462841034
6211,-51.876715956530276,0,0,276,0.02,3.576878070831299
6212,4.80840121984877,0,0,300,0.02,0.4242594838142395
6213,26.520757141117237,0,0,300,0.02,0.4048212766647339
6214,42.35308167854812,0,0,300,0.02,0.3655947744846344
6215,203.43594660759365,1,0,282,0.02,0.3474251329898834
6216,189.30772194862365,1,0,296,0.02,0.34798550605773926
6217,198.72691676140226,1,0,293,0.02,0.3474424481391907
6218,208.94639233589567,1,0,284,0.02,0.34681060910224915
6219,14.692627355256363,0,0,300,0.02,0.4025804400444031
6220,29.5099852442781,0,0,300,0.02,0.37945860624313354
6221,200.12717471361557,1,0,289,0.02,0.3453352451324463
6222,207.52599243164457,1,0,273,0.02,0.34396353363990784
6223,42.724567150273586,0,0,300,0.02,0.3624229431152344
6224,39.051036467556116,0,0,300,0.02,0.37308764457702637
6225,194.4259058380166,1,0,293,0.02,0.3450768291950226
6226,202.49265388250745,1,0,288,0.02,0.3472385108470917
6227,200.68188926697172,1,0,297,0.02,0.3458116352558136
6228,206.02768481970227,1,0,276,0.02,0.3479941785335541
6229,180.17962609291467,1,0,287,0.02,0.3368876874446869
6230,201.849949786667,1,0,281,0.02,0.34521520137786865
6231,15.63172859112291,0,0,300,0.02,0.3898358643054962
6232,43.35988064447907,0,0,300,0.02,0.3627971112728119
6233,215.74022366762554,1,0,281,0.02,0.3470458984375
6234,-7.701673564910873,0,0,300,0.02,1.4104183912277222
6235,189.07655097484985,1,0,300,0.02,0.3459966480731964
6236,29.563013148307796,0,0,300,0.02,0.3621893525123596
6237,26.858473832611228,0,0,300,0.02,0.3789224922657013
6238,39.52267722288636,0,0,300,0.02,0.34172946214675903
6239,25.36492845932511,0,0,291,0.02,0.36113059520721436
6240,175.18357491970454,1,0,277,0.02,0.34694501757621765
6241,195.38491027594006,1,0,298,0.02,0.34744957089424133
6242,198.96120377064145,1,0,298,0.02,0.34206029772758484
6243,189.01954218388,1,0,298,0.02,0.3476974666118622
6244,205.31176632404723,1,0,277,0.02,0.3470458984375
6245,163.23328008890547,1,0,279,0.02,0.3461783528327942
6246,188.09059244394302,1,0,296,0.02,0.33776289224624634
6247,174.54362413406767,1,0,278,0.02,0.34694501757621765
6248,209.54858006477752,1,0,279,0.02,0.34694501757621765
6249,37.20513369799056,0,0,300,0.02,0.3498564064502716
6250,8.437466609477994,0,0,300,0.02,0.4166848957538605
6251,23.067891120914595,0,0,300,0.02,0.3750905394554138
6252,35.89617193222441,0,0,300,0.02,0.3808456361293793
6253,165.0473638343811,1,0,287,0.02,0.3453770875930786
6254,-8.619916563030111,0,0,300,0.02,0.44472044706344604
6255,19.117637009624634,0,0,300,0.02,0.39973852038383484
6256,198.38387697697078,1,0,289,0.02,0.34888970851898193
6257,207.26466263533035,1,0,299,0.02,0.34791845083236694
6258,166.57647789001862,1,0,256,0.02,0.3377060294151306
6259,171.65005572557845,1,0,260,0.02,0.33732542395591736
6260,43.98701831579602,0,0,300,0.02,0.35389721393585205
6261,167.36339337349335,1,0,277,0.02,0.34571465849876404
6262,3.6117714333573847,0,0,300,0.02,0.43013396859169006
6263,168.23068814039627,1,0,266,0.02,0.3485749661922455
6264,180.79390447616973,1,0,296,0.02,0.34704577922821045
6265,35.87204005003371,0,0,300,0.02,0.36128872632980347
6266,203.06941818952956,1,0,286,0.02,0.34694501757621765
6267,197.6425867533723,1,0,288,0.02,0.3484053611755371
6268,50.223089852337026,0,0,300,0.02,0.40015459060668945
6269,159.22571780682006,1,0,295,0.02,0.3474091589450836
6270,180.26820071459213,1,0,278,0.02,0.34694501757621765
6271,13.578669805526735,0,0,300,0.02,0.39470720291137695
6272,205.4091363692323,1,0,277,0.02,0.34710341691970825
6273,11.765248146057138,0,0,300,0.02,0.4141029715538025
6274,201.47712503195203,1,0,294,0.02,0.344205766916275
6275,207.26089085817733,1,0,294,0.02,0.34524720907211304
6276,14.361521913209238,0,0,300,0.02,0.3616738021373749
6277,196.13564932108318,1,0,289,0.02,0.348874568939209
6278,44.56647185326019,0,0,300,0.02,0.4094541370868683
6279,195.1146512842218,1,0,294,0.02,0.34735482931137085
6280,7.3879965591470205,0,0,300,0.02,0.41656267642974854
6281,191.08238116264343,1,0,297,0.02,0.34731826186180115
6282,197.59549492597975,1,0,291,0.02,0.34595465660095215
6283,44.2967338585893,0,0,300,0.02,0.3786297142505646
6284,21.79773219824233,0,0,300,0.02,0.4000137150287628
6285,169.40001302004256,1,0,259,0.02,0.3480198383331299
6286,195.84581115961075,1,0,290,0.02,0.3488530218601227
6287,20.573436059955746,0,0,300,0.02,0.399624764919281
6288,204.91176632404722,1,0,277,0.02,0.3470458984375
6289,49.55349445263413,0,0,300,0.02,0.3474801480770111
6290,195.5955623650551,1,0,299,0.02,0.3473008871078491
6291,4.078631420139459,0,0,300,0.02,0.36867228150367737
6292,25.63492695570387,0,0,300,0.02,0.4056660830974579
6293,26.125551056865838,0,0,300,0.02,0.34217551350593567
6294,205.81192787170409,1,0,291,0.02,0.34506577253341675
6295,-9.423902827105168,0,0,300,0.02,0.6461747884750366
6296,12.610225264230044,0,0,300,0.02,0.36458829045295715
6297,-17.508369274139383,0,0,300,0.02,0.4845923185348511
6298,206.74064598799146,1,0,283,0.02,0.344595730304718
6299,41.639247051873475,0,0,300,0.02,0.35587435960769653
6300,35.14370177984634,0,0,300,0.02,0.3748863637447357
6301,196.11609954595963,1,0,288,0.02,0.345800518989563
6302,11.144622299675127,0,0,300,0.02,0.3984881043434143
6303,198.10605757475292,1,0,288,0.02,0.3484506905078888
6304,53.07847506443131,0,0,300,0.02,0.34953007102012634
6305,44.12297227859892,0,0,300,0.02,0.3614296615123749
6306,33.0265379993068,0,0,300,0.02,0.36982670426368713
6307,165.77008825779356,1,0,271,0.02,0.3414331376552582
6308,46.50200712919629,0,0,300,0.02,0.367938756942749
6309,191.51369276762006,1,0,288,0.02,0.3482910394668579
6310,1.9045085803654507,0,0,300,0.02,0.8940719366073608
6311,204.80155870914854,1,0,278,0.02,0.3497917652130127
6312,43.25779855012894,0,0,300,0.02,0.3484137952327728
6313,3.286901330947875,0,0,300,0.02,0.42188289761543274
6314,202.00363503933346,1,0,296,0.02,0.3442337214946747
6315,30.25933151165512,0,0,300,0.02,0.383490651845932
6316,201.49334437132276,1,0,275,0.02,0.3470458984375
6317,207.60145023346342,1,0,287,0.02,0.34717103838920593
6318,-6.2712933731079,0,0,300,0.02,1.5753233432769775
6319,204.46492816925442,1,0,294,0.02,0.3458023965358734
6320,206.5817663240472,1,0,274,0.02,0.3470458984375
6321,204.37412761927047,1,0,283,0.02,0.3467616140842438
6322,-7.506511890884252,0,0,300,0.02,0.4860307276248932
6323,193.75478945970931,1,0,280,0.02,0.3473014235496521
6324,37.29615791479614,0,0,300,0.02,0.355286180973053
6325,8.987145384946151,0,0,300,0.02,0.37893155217170715
6326,205.66109216213619,1,0,284,0.02,0.3470458984375
6327,203.87137213230528,1,0,288,0.02,0.3354033827781677
6328,21.116023316387327,0,0,300,0.02,0.40240973234176636
6329,-12.822938054407938,0,0,300,0.02,0.7365308403968811
6330,174.42559157133496,1,0,278,0.02,0.34694501757621765
6331,168.66725381136337,1,0,267,0.02,0.34758278727531433
6332,202.3983261942903,1,0,282,0.02,0.34981417655944824
6333,166.1154627513925,1,0,276,0.02,0.3468726575374603
6334,30.178392445245052,0,0,300,0.02,0.373542457818985
6335,210.2414409565965,1,0,292,0.02,0.34442219138145447
6336,22.362055882611546,0,0,300,0.02,0.38530364632606506
6337,200.3655859613458,1,0,297,0.02,0.3453018069267273
6338,184.74836230755247,1,0,279,0.02,0.3439982533454895
6339,205.31707214117446,1,0,284,0.02,0.3484615981578827
6340,18.213470470909265,0,0,300,0.02,0.4101201295852661
6341,193.74477049112716,1,0,260,0.02,0.347488135099411
6342,166.34304672241606,1,0,281,0.02,0.3485451340675354
6343,153.39249354362488,1,0,292,0.02,0.3321987986564636
6344,206.2875127959291,1,0,296,0.02,0.3490158021450043
6345,-8.900894608497628,0,0,300,0.02,0.4378192722797394
6346,39.75239925861755,0,0,300,0.02,0.3633556365966797
6347,200.56895679951108,1,0,287,0.02,0.3462996780872345
6348,201.30464092970288,1,0,299,0.02,0.3440699279308319
6349,201.72797239303983,1,0,293,0.02,0.3434343934059143
6350,5.330812029842526,0,0,300,0.02,0.41069120168685913
6351,201.50097590685286,1,0,296,0.02,0.34746482968330383
6352,41.25396026611724,0,0,300,0.02,0.35969364643096924
6353,200.2761508441011,1,0,297,0.02,0.3466404676437378
6354,-7.112270289263445,0,0,300,0.02,0.7932666540145874
6355,-5.6835937571485955,0,0,300,0.02,0.45197057723999023
6356,-3.019949731822834,0,0,284,0.02,0.4177348017692566
6357,17.0292013597528,0,0,300,0.02,0.3824462294578552
6358,30.09232349157729,0,0,300,0.02,0.3680374324321747
6359,31.40904542446532,0,0,300,0.02,0.3699955344200134
6360,194.9738336682359,1,0,295,0.02,0.3478844165802002
6361,201.7997839570085,1,0,299,0.02,0.3440352976322174
6362,22.016436748508582,0,0,284,0.02,0.3644835948944092
6363,209.65925179958737,1,0,287,0.02,0.33511337637901306
6364,205.6217663240472,1,0,276,0.02,0.3470458984375
6365,44.60407297134795,0,0,300,0.02,0.3599814772605896
6366,197.73173295497892,1,0,291,0.02,0.3498525619506836
6367,199.28106411695876,1,0,294,0.02,0.3304460942745209
6368,35.40176132440963,0,0,300,0.02,0.36552441120147705
6369,169.38857628584304,1,0,261,0.02,0.3357182443141937
6370,168.7365322899858,1,0,284,0.02,0.3446952998638153
6371,45.722798614505905,0,0,300,0.02,0.3651919960975647
6372,197.86574859381116,1,0,263,0.02,0.3480882942676544
6373,196.54006112814346,1,0,289,0.02,0.3487413823604584
6374,1.575685713295139,0,0,300,0.02,0.6054813265800476
6375,191.52952006101606,1,0,292,0.02,0.3466551899909973
6376,202.64416689634717,1,0,291,0.02,0.3495659828186035
6377,26.525209307674537,0,0,300,0.02,0.37466853857040405
6378,167.6255632615129,1,0,268,0.02,0.33337587118148804
6379,201.28046252251067,1,0,300,0.02,0.3473610281944275
6380,173.47828774452603,1,0,265,0.02,0.3426735997200012
6381,203.9162061309854,1,0,283,0.02,0.34198060631752014
6382,196.66318400383392,1,0,283,0.02,0.346008837223053
6383,39.45442985057829,0,0,300,0.02,0.3709873855113983
6384,165.46081205606856,1,0,275,0.02,0.3422932028770447
6385,189.17911705255904,1,0,280,0.02,0.33508485555648804
6386,204.18074783087172,1,0,287,0.02,0.3463555872440338
6387,5.110654022697595,0,0,300,0.02,0.40364721417427063
6388,3.2676928043405087,0,0,300,0.02,0.37602609395980835
6389,34.26134297609725,0,0,300,0.02,0.36477527022361755
6390,1.2360034585038568,0,0,300,0.02,0.4169013500213623
6391,167.83471527576842,1,0,269,0.02,0.3410744369029999
6392,33.909309163097525,0,0,300,0.02,0.3699706196784973
6393,196.1340149307251,1,0,292,0.02,0.34920966625213623
6394,176.52480927228925,1,0,279,0.02,0.3400067985057831
6395,38.26652585665252,0,0,300,0.02,0.347219318151474
6396,30.758716573719163,0,0,300,0.02,0.3727136552333832
6397,167.705280277733,1,0,283,0.02,0.3460838496685028
6398,167.31052805185715,1,0,263,0.02,0.34626123309135437
6399,28.338479781154767,0,0,300,0.02,0.3923286199569702
6400,36.238675427440775,0,0,300,0.02,0.3525252938270569
6401,9.07347561359802,0,0,300,0.02,0.42497700452804565
6402,198.66640906095898,1,0,283,0.02,0.34640738368034363
6403,195.5483533406297,1,0,295,0.02,0.34683483839035034
6404,166.9416660761873,1,0,275,0.02,0.3491899073123932
6405,199.4367454242706,1,0,288,0.02,0.3448264002799988
6406,42.525175600055825,0,0,300,0.02,0.34769392013549805
6407,54.493488390449656,0,0,300,0.02,0.37428826093673706
6408,167.8149073052446,1,0,263,0.02,0.3444812595844269
6409,38.948988122944016,0,0,300,0.02,0.35215818881988525
6410,202.49931557416915,1,0,290,0.02,0.34908121824264526
6411,204.13096122742095,1,0,283,0.02,0.3471003770828247
6412,-1.953803969225623,0,0,300,0.02,0.561150074005127
6413,167.21897952557006,1,0,274,0.02,0.34934815764427185
6414,166.0657477521936,1,0,274,0.02,0.3492879569530487
6415,38.346940567497384,0,0,300,0.02,0.36848586797714233
6416,16.893922750953827,0,0,300,0.02,0.43799686431884766
6417,204.93326788902678,1,0,281,0.02,0.3446536362171173
6418,10.127507517341765,0,0,300,0.02,0.3957134783267975
6419,22.11900748014846,0,0,300,0.02,0.3901459276676178
6420,209.17711204290785,1,0,285,0.02,0.34694501757621765
6421,19.8447656822244,0,0,300,0.02,0.3507641553878784
6422,26.370049741272116,0,0,300,0.02,0.3767232894897461
6423,203.8584325385133,1,0,280,0.02,0.3468959927558899
6424,11.98789533773927,0,0,300,0.02,0.3343893885612488
6425,23.302196607593668,0,0,300,0.02,0.4082033336162567
6426,16.293315427307274,0,0,300,0.02,0.40499499440193176
6427,29.247771855988766,0,0,300,0.02,0.36279842257499695
6428,195.08645726204315,1,0,297,0.02,0.34735584259033203
6429,202.64294023275374,1,0,290,0.02,0.3491467237472534
6430,180.69405785322584,1,0,281,0.02,0.349309504032135
6431,11.164347739223624,0,0,300,0.02,0.40798118710517883
6432,17.787357082370903,0,0,300,0.02,0.37228652834892273
6433,190.77783654928209,1,0,286,0.02,0.34655889868736267
6434,27.262256550792824,0,0,300,0.02,0.361832857131958
6435,197.27529556274413,1,0,291,0.02,0.3486854135990143
6436,39.49228450537123,0,0,300,0.02,0.37981709837913513
6437,43.78544894934096,0,0,300,0.02,0.3684655427932739
6438,190.0171600270271,1,0,291,0.02,0.3474102020263672
6439,38.69498594284453,0,0,300,0.02,0.3644862473011017
6440,-26.143457194170683,0,0,300,0.02,1.028563380241394
6441,-9.56355410655472,0,0,300,0.02,0.6235876083374023
6442,23.45034122625459,0,0,300,0.02,0.33619746565818787
6443,39.98265188694396,0,0,300,0.02,0.34724029898643494
6444,201.12480300903715,1,0,295,0.02,0.349523663520813
6445,44.39270685196318,0,0,300,0.02,0.3546001613140106
6446,196.34164418459335,1,0,289,0.02,0.3468437194824219
6447,159.79003765345016,1,0,297,0.02,0.3436893820762634
6448,35.032450919155266,0,0,300,0.02,0.3635498881340027
6449,165.83792696714798,1,0,283,0.02,0.3490069806575775
6450,9.736806678775938,0,0,300,0.02,0.3747881054878235
6451,164.0146979785005,1,0,280,0.02,0.34789371490478516
6452,6.261550563969893,0,0,300,0.02,0.38747772574424744
6453,40.02059419632354,0,0,300,0.02,0.35466110706329346
6454,204.67810837030805,1,0,285,0.02,0.34860339760780334
6455,198.69159029961025,1,0,286,0.02,0.34419015049934387
6456,-14.497167530855851,0,0,300,0.02,0.7619909644126892
6457,29.69832421223191,0,0,300,0.02,0.3616476356983185
6458,42.98131711960234,0,0,300,0.02,0.35033926367759705
6459,168.17878216505446,1,0,270,0.02,0.34470275044441223
6460,163.83749593973556,1,0,276,0.02,0.3344540297985077
6461,-15.998762264251686,0,0,300,0.02,0.5271905660629272
6462,209.58684126854337,1,0,283,0.02,0.34588423371315
6463,9.503371178507804,0,0,300,0.02,0.7053482532501221
6464,-18.813455228805505,0,0,300,0.02,0.7333638072013855
6465,36.84572957277694,0,0,300,0.02,0.3578185737133026
6466,206.5817663240472,1,0,274,0.02,0.3470458984375
6467,35.1734123754541,0,0,300,0.02,0.37703976035118103
6468,211.15602895021834,1,0,298,0.02,0.3479568064212799
6469,178.75953287125026,1,0,300,0.02,0.34455081820487976
6470,196.415715098385,1,0,289,0.02,0.3479800522327423
6471,-83.01475346485644,0,0,189,0.02,5.285989284515381
6472,206.59960036039746,1,0,278,0.02,0.3470458984375
6473,51.24139581680693,0,0,300,0.02,0.34460341930389404
6474,44.80481050968169,0,0,300,0.02,0.35347405076026917
6475,-8.340981445312492,0,0,300,0.02,1.470245361328125
6476,18.502299478057996,0,0,300,0.02,0.38075193762779236
6477,27.13274557828902,0,0,300,0.02,0.3734646141529083
6478,-33.06917498668167,0,0,149,0.02,5.394992828369141
6479,197.39671365976727,1,0,293,0.02,0.33106374740600586
6480,195.05935604095458,1,0,280,0.02,0.34892743825912476
6481,205.47176632404722,1,0,275,0.02,0.3470458984375
6482,3.4892343854943726,0,0,300,0.02,0.4150319993495941
6483,196.6099759817163,1,0,293,0.02,0.34802138805389404
6484,10.817090933326856,0,0,287,0.02,0.36058247089385986
6485,194.36744402170575,1,0,297,0.02,0.34472954273223877
6486,201.46626828670895,1,0,296,0.02,0.3476870656013489
6487,167.3552046847383,1,0,267,0.02,0.34738168120384216
6488,166.52878515482345,1,0,276,0.02,0.3420235216617584
6489,9.163936858177193,0,0,300,0.02,0.4078562259674072
6490,200.2226333904306,1,0,297,0.02,0.3447687327861786
6491,32.582137463096764,0,0,300,0.02,0.3769875466823578
6492,35.97410254955687,0,0,300,0.02,0.35840803384780884
6493,167.70003095627226,1,0,262,0.02,0.3457752764225006
6494,167.07280080318847,1,0,270,0.02,0.3420242667198181
6495,176.48793241024413,1,0,274,0.02,0.349159836769104
6496,24.56102081299224,0,0,300,0.02,0.40643230080604553
6497,195.0175089693109,1,0,298,0.02,0.3459707498550415
6498,164.9893516397516,1,0,279,0.02,0.3457234501838684
6499,165.10339225292603,1,0,283,0.02,0.34611713886260986
6500,203.81665114164747,1,0,280,0.02,0.3467872440814972
6501,7.068147244457392,0,0,300,0.02,0.4136959910392761
6502,197.92217679977813,1,0,275,0.02,0.3482123613357544
6503,24.16675416946807,0,0,300,0.02,0.38405463099479675
6504,35.56133152962126,0,0,300,0.02,0.3552109897136688
6505,200.43406481504834,1,0,287,0.02,0.3468901813030243
6506,31.648471621670993,0,0,300,0.02,0.36702966690063477
6507,16.11300222397247,0,0,300,0.02,0.38200849294662476
6508,206.39577157497803,1,0,294,0.02,0.3446882367134094
6509,206.5817663240472,1,0,274,0.02,0.3470458984375
6510,193.46666930198668,1,0,287,0.02,0.3488856554031372
6511,40.532492787841925,0,0,300,0.02,0.36759305000305176
6512,24.627126056351923,0,0,300,0.02,0.3619779050350189
6513,46.22870257774857,0,0,300,0.02,0.3392087519168854
6514,165.09211739778914,1,0,267,0.02,0.3397379219532013
6515,166.8512942385713,1,0,272,0.02,0.34303194284439087
6516,28.834933922294756,0,0,300,0.02,0.393153578042984
6517,12.749583348431864,0,0,300,0.02,0.3512890934944153
6518,15.104108207229768,0,0,300,0.02,0.40788349509239197
6519,-0.4925040539118801,0,0,300,0.02,0.5758250951766968
6520,-1.8702075338324062,0,0,300,0.02,0.3846990764141083
6521,11.502652621273176,0,0,300,0.02,0.39686036109924316
6522,208.15232990503705,1,0,296,0.02,0.34555259346961975
6523,39.97440267244843,0,0,300,0.02,0.36223104596138
6524,206.5817663240472,1,0,274,0.02,0.3470458984375
6525,40.520014753345635,0,0,300,0.02,0.36435797810554504
6526,199.10446642399228,1,0,285,0.02,0.3470057249069214
6527,210.01054034233488,1,0,284,0.02,0.3470458984375
6528,16.484210579399253,0,0,300,0.02,0.41841667890548706
6529,27.896538612846513,0,0,300,0.02,0.3887643814086914
6530,196.1033412075082,1,0,294,0.02,0.3498080372810364
6531,208.87857259273923,1,0,290,0.02,0.3444939851760864
6532,163.8487585163156,1,0,279,0.02,0.3469705879688263
6533,35.15615864277282,0,0,300,0.02,0.36125698685646057
6534,197.69338654995357,1,0,291,0.02,0.34559130668640137
6535,209.36222217083372,1,0,285,0.02,0.34654805064201355
6536,193.2450526380578,1,0,287,0.02,0.34954357147216797
6537,206.5817663240472,1,0,274,0.02,0.3470458984375
6538,192.30791394234097,1,0,291,0.02,0.3448677659034729
6539,0.2671883296966596,0,0,300,0.02,0.42970016598701477
6540,201.40923878193294,1,0,290,0.02,0.34872177243232727
6541,13.908285689357903,0,0,300,0.02,0.34777596592903137
6542,23.93664087533951,0,0,300,0.02,0.3727867305278778
6543,199.79004017115034,1,0,290,0.02,0.34678682684898376
6544,187.88151529073713,1,0,283,0.02,0.3450030982494354
6545,197.30106706858078,1,0,286,0.02,0.3451472520828247
6546,33.75985165119568,0,0,300,0.02,0.3449647128582001
6547,167.10165990829864,1,0,285,0.02,0.3482215106487274
6548,194.25345474958814,1,0,277,0.02,0.34833770990371704
6549,165.3969567751924,1,0,280,0.02,0.3477274775505066
6550,45.35017067352799,0,0,300,0.02,0.35240378975868225
6551,-27.873998222351066,0,0,295,0.02,1.6409995555877686
6552,-57.372353744506846,0,0,245,0.02,5.668088436126709
6553,206.5817663240472,1,0,274,0.02,0.3470458984375
6554,-27.52793116649124,0,0,226,0.02,2.892181873321533
6555,199.77834224224486,1,0,298,0.02,0.3447387218475342
6556,24.221949708465722,0,0,300,0.02,0.394519567489624
6557,167.19220726252,1,0,268,0.02,0.3470955491065979
6558,167.41835047245422,1,0,274,0.02,0.34898632764816284
6559,174.94295086622634,1,0,270,0.02,0.34866049885749817
6560,181.76374736071028,1,0,273,0.02,0.3483973741531372
6561,197.70137364864348,1,0,267,0.02,0.3487645387649536
6562,170.3359247779886,1,0,273,0.02,0.349727600812912
6563,206.36068676710525,1,0,295,0.02,0.3460853397846222
6564,24.009461796287688,0,0,300,0.02,0.3747446537017822
6565,204.7756569337884,1,0,283,0.02,0.3477616608142853
6566,35.97889617681502,0,0,300,0.02,0.34413209557533264
6567,167.58347386598984,1,0,254,0.02,0.34752073884010315
6568,-26.987306099737964,0,0,300,0.02,0.3838762044906616
6569,198.7699316740036,1,0,282,0.02,0.34952110052108765
6570,182.77882867098248,1,0,287,0.02,0.3350553512573242
6571,191.8277828598062,1,0,290,0.02,0.34724026918411255
6572,210.59533826828397,1,0,283,0.02,0.3462269604206085
6573,2.324631536010891,0,0,300,0.02,0.3663444519042969
6574,202.6745549821893,1,0,296,0.02,0.3444710969924927
6575,48.515294532779826,0,0,300,0.02,0.329996258020401
6576,39.4766992163658,0,0,300,0.02,0.3667331337928772
6577,-0.6280131316145388,0,0,300,0.02,0.4764060378074646
6578,28.585014106431277,0,0,300,0.02,0.36257606744766235
6579,196.7964631438295,1,0,294,0.02,0.3458988666534424
6580,32.3245704054872,0,0,300,0.02,0.36502525210380554
6581,26.500232305526723,0,0,300,0.02,0.38330456614494324
6582,204.62125753403103,1,0,281,0.02,0.34891384840011597
6583,195.29628459930814,1,0,285,0.02,0.3482324481010437
6584,178.28578134775557,1,0,266,0.02,0.3485223948955536
6585,163.71115307808319,1,0,287,0.02,0.348310649394989
6586,18.886512517933042,0,0,300,0.02,0.38596054911613464
6587,157.5482336449623,1,0,295,0.02,0.3471587300300598
6588,40.11870585680403,0,0,300,0.02,0.36095497012138367
6589,199.23817733288206,1,0,296,0.02,0.34783145785331726
6590,196.8030207562486,1,0,285,0.02,0.3489609360694885
6591,172.69683850288786,1,0,269,0.02,0.34662336111068726
6592,193.41542513132487,1,0,291,0.02,0.3470889925956726
6593,193.55061446428692,1,0,281,0.02,0.346763014793396
6594,-0.8386165404280033,0,0,300,0.02,0.48405689001083374
6595,195.84342169285216,1,0,293,0.02,0.34689784049987793
6596,201.0555121660272,1,0,281,0.02,0.3470759093761444
6597,-4.320035562511311,0,0,300,0.02,0.43803292512893677
6598,206.42677185774244,1,0,278,0.02,0.3467992842197418
6599,188.6312595081369,1,0,295,0.02,0.34769973158836365
6600,208.65573543072142,1,0,282,0.02,0.34651991724967957
6601,38.9542784452478,0,0,300,0.02,0.35227033495903015
6602,167.78419282913603,1,0,261,0.02,0.3474341332912445
6603,206.1010395264665,1,0,294,0.02,0.3443847894668579
6604,24.64804507414369,0,0,300,0.02,0.37686392664909363
6605,14.038999762539056,0,0,300,0.02,0.34901323914527893
6606,26.73251822233595,0,0,300,0.02,0.37619826197624207
6607,-17.486323939957895,0,0,300,0.02,0.4492546021938324
6608,206.5817663240472,1,0,274,0.02,0.3470458984375
6609,8.157602526341575,0,0,300,0.02,0.4155496060848236
6610,174.2665876102487,1,0,285,0.02,0.3443796634674072
6611,165.93994669199384,1,0,272,0.02,0.34779611229896545
6612,183.51162048340237,1,0,267,0.02,0.34743064641952515
6613,165.02477260828414,1,0,285,0.02,0.3389867842197418
6614,194.641911740307,1,0,295,0.02,0.347425639629364
6615,31.688642675880562,0,0,300,0.02,0.3637846112251282
6616,29.04358743349579,0,0,300,0.02,0.3727271854877472
6617,180.64375746250548,1,0,283,0.02,0.34710800647735596
6618,164.22164885282913,1,0,287,0.02,0.34885385632514954
6619,2.1621250343322824,0,0,300,0.02,0.4294438362121582
6620,198.95659755707183,1,0,285,0.02,0.34694501757621765
6621,27.44933652878201,0,0,300,0.02,0.37818995118141174
6622,31.808349542621748,0,0,300,0.02,0.3801761269569397
6623,4.038982788720398,0,0,300,0.02,0.43693244457244873
6624,209.0751138186494,1,0,286,0.02,0.34921661019325256
6625,192.83745213509,1,0,287,0.02,0.3461151719093323
6626,-4.955461585517748,0,0,300,0.02,0.5982681512832642
6627,193.5137729859352,1,0,290,0.02,0.3474014401435852
6628,195.51690487623608,1,0,284,0.02,0.3447139859199524
6629,30.922707008519442,0,0,300,0.02,0.37516698241233826
6630,162.21452054977811,1,0,272,0.02,0.3398607671260834
6631,54.49574611664213,0,0,300,0.02,0.32291215658187866
6632,35.48165229320921,0,0,300,0.02,0.3632015883922577
6633,169.46674195766843,1,0,258,0.02,0.3387586772441864
6634,27.06479198376205,0,0,300,0.02,0.3810056746006012
6635,165.87834461450973,1,0,275,0.02,0.34516918659210205
6636,-2.367304859161365,0,0,300,0.02,0.4351625442504883
6637,11.769035693803108,0,0,300,0.02,0.399513304233551
6638,55.94520716667571,0,0,300,0.02,0.34955355525016785
6639,-7.503192119594423,0,0,300,0.02,0.4342515170574188
6640,29.5011661958734,0,0,300,0.02,0.3768458962440491
6641,165.4448906064073,1,0,271,0.02,0.33781784772872925
6642,164.42399406195082,1,0,271,0.02,0.3435111939907074
6643,25.63910238424804,0,0,300,0.02,0.3730836808681488
6644,-29.05446861267089,0,0,149,0.02,5.518617153167725
6645,41.54392871380249,0,0,300,0.02,0.3459746539592743
6646,194.73846582889556,1,0,281,0.02,0.34468501806259155
6647,27.448415143493786,0,0,300,0.02,0.3715484142303467
6648,178.11824261427319,1,0,280,0.02,0.3350553512573242
6649,208.1867125153581,1,0,291,0.02,0.3451942205429077
6650,51.02380096912779,0,0,300,0.02,0.4509750008583069
6651,205.58324915409483,1,0,281,0.02,0.3409484922885895
6652,-1.4263072848280252,0,0,300,0.02,0.46597957611083984
6653,209.11164248466886,1,0,291,0.02,0.3473096489906311
6654,23.707856383327638,0,0,300,0.02,0.38508906960487366
6655,2.245395324230191,0,0,300,0.02,0.4127556085586548
6656,205.0393999838829,1,0,278,0.02,0.3495977818965912
6657,168.40498714447415,1,0,270,0.02,0.34720030426979065
6658,167.65786043882764,1,0,269,0.02,0.3405872583389282
6659,2.28528151989378,0,0,300,0.02,0.40268397331237793
6660,43.364828765396254,0,0,300,0.02,0.37172263860702515
6661,55.157146403793476,0,0,300,0.02,0.372458279132843
6662,25.312209186557922,0,0,300,0.02,0.38971176743507385
6663,169.59175630093017,1,0,272,0.02,0.32599785923957825
6664,64.73645731687942,0,0,300,0.02,0.3630579710006714
6665,53.868508622646324,0,0,300,0.02,0.3738129734992981
6666,237.61340103149814,1,0,296,0.02,0.3453122675418854
6667,151.9589711856842,1,0,300,0.02,0.3485978841781616
6668,238.15588942051335,1,0,298,0.02,0.3441362977027893
6669,-1.259582305750567,0,0,300,0.02,0.3449370265007019
6670,223.43711787700653,1,0,300,0.02,0.34773942828178406
6671,62.320360286239776,0,0,300,0.02,0.3643900752067566
6672,-3.884814796443788,0,0,300,0.02,0.3532431721687317
6673,-5.54904754161438,0,0,300,0.02,0.3640654981136322
6674,24.369737193588392,0,0,300,0.02,0.4074133634567261
6675,67.19906411648192,0,0,300,0.02,0.3643661439418793
6676,16.691062018875275,0,0,300,0.02,0.3826200067996979
6677,157.91885078430175,1,0,286,0.02,0.34627336263656616
6678,14.782116754058995,0,0,300,0.02,0.3506764769554138
6679,209.5563690686226,1,0,286,0.02,0.344623863697052
6680,202.25858239889538,1,0,297,0.02,0.34450411796569824
6681,166.76026426315704,1,0,272,0.02,0.34476640820503235
6682,210.09045992612837,1,0,288,0.02,0.3464021682739258
6683,30.198058008351584,0,0,300,0.02,0.3668673634529114
6684,23.92859140158095,0,0,300,0.02,0.4102028012275696
6685,36.73623859405517,0,0,300,0.02,0.3574094772338867
6686,187.02651643991865,1,0,292,0.02,0.3493986427783966
6687,196.7177516961137,1,0,295,0.02,0.34832245111465454
6688,-24.60846137126418,0,0,211,0.02,2.9648144245147705
6689,-214.91804931640635,0,0,300,0.02,2.5470123291015625
6690,0.32107671658066744,0,0,300,0.02,0.7524299025535583
6691,190.63224165916836,1,0,295,0.02,0.34813153743743896
6692,53.90155985117355,0,0,300,0.02,0.42543983459472656
6693,197.43284395695127,1,0,286,0.02,0.3445090651512146
6694,9.408324484029091,0,0,300,0.02,0.4102422297000885
6695,44.43249625205993,0,0,300,0.02,0.3677161931991577
6696,85.12396066189216,0,0,300,0.02,0.37041473388671875
6697,28.20336973429119,0,0,300,0.02,0.3554496169090271
6698,21.420966262821345,0,0,300,0.02,0.4031255841255188
6699,174.59495660782255,1,0,268,0.02,0.34304794669151306
6700,36.55286581278244,0,0,300,0.02,0.39406847953796387
6701,241.36641515970632,1,0,295,0.02,0.3491570055484772
6702,164.57598918199935,1,0,280,0.02,0.3452165126800537
6703,237.17745916843816,1,0,286,0.02,0.34692975878715515
6704,229.39388204574982,1,0,295,0.02,0.34701669216156006
6705,167.91663761139313,1,0,266,0.02,0.3426735997200012
6706,-1.2439583611448803,0,0,300,0.02,0.42981889843940735
6707,38.21965826988617,0,0,300,0.02,0.35581815242767334
6708,228.25985361338059,1,0,285,0.02,0.3469463586807251
6709,36.45083549738327,0,0,300,0.02,0.3961560130119324
6710,162.45312326670089,1,0,266,0.02,0.34118402004241943
6711,63.18695043087006,0,0,300,0.02,0.36429521441459656
6712,-8.489901753267972,0,0,300,0.02,0.8151745200157166
6713,-7.37703304290376,0,0,300,0.02,0.43430614471435547
6714,39.60888161659637,0,0,300,0.02,0.3882005512714386
6715,25.48356440067291,0,0,300,0.02,0.3808113932609558
6716,70.84994562149049,0,0,300,0.02,0.3566966950893402
6717,213.33066148043076,1,0,293,0.02,0.3446313440799713
6718,200.05278745413221,1,0,276,0.02,0.34710341691970825
6719,3.9958568660405027,0,0,300,0.02,0.41416698694229126
6720,38.172659878734734,0,0,300,0.02,0.37882423400878906
6721,165.8229301166574,1,0,280,0.02,0.34807446599006653
6722,-123.44549967845407,0,0,211,0.02,5.041574001312256
6723,17.70722261667648,0,0,300,0.02,0.3955327272415161
6724,205.69058895588316,1,0,288,0.02,0.3479248583316803
6725,185.54833045006194,1,0,298,0.02,0.3315397799015045
6726,187.00285650730132,1,0,290,0.02,0.34864506125450134
6727,173.63251188278593,1,0,261,0.02,0.3489287197589874
6728,206.78834079265988,1,0,278,0.02,0.3470458984375
6729,168.9469183015863,1,0,231,0.02,0.3225969672203064
6730,24.282651929859313,0,0,300,0.02,0.38337913155555725
6731,-4.079986438751218,0,0,300,0.02,1.1799966096878052
6732,203.93633577824033,1,0,288,0.02,0.34856581687927246
6733,194.35643059969345,1,0,291,0.02,0.34644782543182373
6734,166.41646870136657,1,0,274,0.02,0.34617599844932556
6735,30.64796184778609,0,0,300,0.02,0.3618803322315216
6736,49.29426208019651,0,0,300,0.02,0.35155969858169556
6737,198.6786072516481,1,0,284,0.02,0.34603530168533325
6738,193.46631851435103,1,0,295,0.02,0.3347182869911194
6739,208.67610092640317,1,0,266,0.02,0.3485773503780365
6740,184.4495830702821,1,0,285,0.02,0.34694501757621765
6741,2.4097677469293144,0,0,300,0.02,0.4050109088420868
6742,44.44641534328856,0,0,300,0.02,0.3516829311847687
6743,205.42746632814803,1,0,289,0.02,0.34694501757621765
6744,-3.471014006937831,0,0,300,0.02,0.6135498285293579
6745,163.17432995081344,1,0,277,0.02,0.3425374925136566
6746,-45.58196591297651,0,0,190,0.02,5.52529239654541
6747,168.47108705521023,1,0,269,0.02,0.3447456657886505
6748,205.39805940866864,1,0,284,0.02,0.34581688046455383
6749,-2.43785947879287,0,0,300,0.02,0.4609602391719818
6750,163.4170491504709,1,0,283,0.02,0.34925001859664917
6751,20.623853069939887,0,0,300,0.02,0.4013024866580963
6752,-124.91961738586403,0,0,300,0.02,2.2999043464660645
6753,31.90039828539289,0,0,300,0.02,0.37275004386901855
6754,18.08918467283645,0,0,300,0.02,0.3936311900615692
6755,165.6526670455972,1,0,269,0.02,0.341823011636734
6756,-6.940583865638599,0,0,300,0.02,0.5120487213134766
6757,26.413021952309872,0,0,290,0.02,0.36420193314552307
6758,28.03727916876343,0,0,300,0.02,0.404838502407074
6759,38.32382555246748,0,0,300,0.02,0.34769755601882935
6760,-20.753687858581394,0,0,300,0.02,1.6884219646453857
6761,33.73259698391356,0,0,300,0.02,0.38341039419174194
6762,39.9173709750215,0,0,300,0.02,0.35395002365112305
6763,190.81800518751538,1,0,295,0.02,0.3481498062610626
6764,23.451392209529875,0,0,300,0.02,0.3746264576911926
6765,32.15426979542174,0,0,300,0.02,0.36939334869384766
6766,198.12337856769562,1,0,289,0.02,0.34567826986312866
6767,15.617638222375192,0,0,300,0.02,0.38993677496910095
6768,204.0721260094682,1,0,286,0.02,0.3440285325050354
6769,196.22500827789702,1,0,284,0.02,0.34753718972206116
6770,167.0074137830774,1,0,272,0.02,0.3466900885105133
6771,33.18868253469467,0,0,300,0.02,0.35451173782348633
6772,-48.2406850902226,0,0,182,0.02,5.597472190856934
6773,198.505256819729,1,0,287,0.02,0.34694501757621765
6774,189.7989754414598,1,0,277,0.02,0.3499719202518463
6775,165.726470003132,1,0,278,0.02,0.3442729711532593
6776,32.8606984758377,0,0,300,0.02,0.3705919682979584
6777,191.99752455950178,1,0,292,0.02,0.348742812871933
6778,24.09223493814864,0,0,300,0.02,0.3688623309135437
6779,30.716508772377153,0,0,300,0.02,0.3765202462673187
6780,215.31095223188797,1,0,284,0.02,0.34694501757621765
6781,32.346075956025395,0,0,300,0.02,0.3754524886608124
6782,193.30774409056104,1,0,298,0.02,0.3487849533557892
6783,164.57908441305557,1,0,295,0.02,0.33369603753089905
6784,32.87766692876815,0,0,300,0.02,0.3693820536136627
6785,165.02373528242506,1,0,296,0.02,0.3454485833644867
6786,168.45158782482542,1,0,266,0.02,0.3448473811149597
6787,162.58614030361176,1,0,289,0.02,0.34580138325691223
6788,2.8244901227951043,0,0,300,0.02,0.45228779315948486
6789,167.11471527576842,1,0,273,0.02,0.3410744369029999
6790,-13.624983997344964,0,0,300,0.02,0.5387459993362427
6791,39.44229904175201,0,0,300,0.02,0.358068585395813
6792,196.53894859552778,1,0,289,0.02,0.34649085998535156
6793,-49.194426850476525,0,0,134,0.02,6.34340763092041
6794,11.974332718853141,0,0,300,0.02,0.37205448746681213
6795,36.3081468884137,0,0,300,0.02,0.35763365030288696
6796,193.80936683177947,1,0,294,0.02,0.3444817066192627
6797,193.9390073299408,1,0,281,0.02,0.34581467509269714
6798,20.453922836784503,0,0,300,0.02,0.38459649682044983
6799,181.22848859310545,1,0,275,0.02,0.34940025210380554
6800,32.02707424641051,0,0,300,0.02,0.37593355774879456
6801,29.967446563247808,0,0,300,0.02,0.34464988112449646
6802,4.805330715183391,0,0,300,0.02,0.42113903164863586
6803,-30.027102326550757,0,0,148,0.02,5.609076499938965
6804,206.81844186067974,1,0,296,0.02,0.34503474831581116
6805,44.787622764114516,0,0,300,0.02,0.3524666726589203
6806,36.08706511179474,0,0,300,0.02,0.3612821698188782
6807,-0.5324556708296203,0,0,300,0.02,0.4550166726112366
6808,45.46737617413071,0,0,300,0.02,0.34308066964149475
6809,201.57992145061888,1,0,293,0.02,0.34814515709877014
6810,30.498850605491782,0,0,300,0.02,0.3716878890991211
6811,166.9646506142656,1,0,276,0.02,0.3294623792171478
6812,35.75581965208448,0,0,288,0.02,0.36480337381362915
6813,182.5431191635171,1,0,296,0.02,0.33879193663597107
6814,198.12898974180223,1,0,292,0.02,0.3469599485397339
6815,24.191146309379718,0,0,300,0.02,0.4088999032974243
6816,23.766743657588957,0,0,300,0.02,0.3636039197444916
6817,193.82570188999173,1,0,292,0.02,0.34857746958732605
6818,37.632333672050606,0,0,300,0.02,0.3587909936904907
6819,50.17329875231186,0,0,300,0.02,0.34884384274482727
6820,2.9556921044972326,0,0,300,0.02,0.3451455235481262
6821,3.9175673103371835,0,0,289,0.02,0.4184829890727997
6822,162.673668744568,1,0,290,0.02,0.3313291072845459
6823,40.44726943254471,0,0,300,0.02,0.35170090198516846
6824,206.09031732798016,1,0,276,0.02,0.3463420867919922
6825,208.184792702202,1,0,291,0.02,0.348979651927948
6826,201.75135300636686,1,0,296,0.02,0.3460506796836853
6827,201.09362780570984,1,0,285,0.02,0.34450146555900574
6828,-0.018289947505795268,0,0,300,0.02,0.35744568705558777
6829,-5.864147758483893,0,0,300,0.02,0.5035369396209717
6830,21.549347305297847,0,0,300,0.02,0.4091426432132721
6831,193.5628994584123,1,0,293,0.02,0.34879979491233826
6832,-9.64477777481079,0,0,300,0.02,0.5361944437026978
6833,-11.599821062884045,0,0,300,0.02,1.6551543474197388
6834,17.88001677990356,0,0,300,0.02,0.3879118859767914
6835,176.8024307894746,1,0,292,0.02,0.34536027908325195
6836,204.55964782953657,1,0,284,0.02,0.3451324999332428
6837,28.204385373596327,0,0,300,0.02,0.36653754115104675
6838,199.3035611510316,1,0,286,0.02,0.3468383252620697
6839,20.765606379512942,0,0,300,0.02,0.4065203070640564
6840,0.22795226017106918,0,0,300,0.02,0.4264029562473297
6841,165.9187585163156,1,0,276,0.02,0.3469705879688263
6842,202.15369390249646,1,0,293,0.02,0.34996697306632996
6843,207.62674814939894,1,0,284,0.02,0.3468959927558899
6844,198.5798927521745,1,0,298,0.02,0.34824082255363464
6845,41.280866556171524,0,0,300,0.02,0.3626434803009033
6846,163.84907646656433,1,0,291,0.02,0.34976622462272644
6847,32.451720936302316,0,0,300,0.02,0.3610633611679077
6848,167.31105723619856,1,0,274,0.02,0.34898632764816284
6849,193.2357838702202,1,0,283,0.02,0.3474525511264801
6850,4.797670962810507,0,0,300,0.02,0.4020501375198364
6851,196.14085784912504,1,0,295,0.02,0.3476923108100891
6852,198.54837690592205,1,0,284,0.02,0.34954357147216797
6853,211.53144161463177,1,0,299,0.02,0.3495895266532898
6854,189.03800702572264,1,0,270,0.02,0.336918443441391
6855,164.58478938341537,1,0,293,0.02,0.34973859786987305
6856,198.216007668972,1,0,289,0.02,0.34750306606292725
6857,15.2834488368074,0,0,300,0.02,0.36548808217048645
6858,166.98241018534102,1,0,253,0.02,0.3491588532924652
6859,37.65527767181793,0,0,300,0.02,0.3760700821876526
6860,173.7843670392076,1,0,287,0.02,0.349911630153656
6861,47.22543279091385,0,0,300,0.02,0.3520953059196472
6862,-1.4093825793226542,0,0,300,0.02,0.48424839973449707
6863,196.2737098121643,1,0,286,0.02,0.3491189777851105
6864,38.86789068460464,0,0,300,0.02,0.35878226161003113
6865,-4.454834675788873,0,0,300,0.02,0.46370866894721985
6866,50.1532804536859,0,0,300,0.02,0.3474527895450592
6867,159.75083741426863,1,0,270,0.02,0.3449074625968933
6868,168.44984046698013,1,0,252,0.02,0.3425011932849884
6869,180.57855591297545,1,0,297,0.02,0.3473481237888336
6870,41.454628872875354,0,0,300,0.02,0.349373996257782
6871,180.82490262031948,1,0,291,0.02,0.34975895285606384
6872,46.74421513954667,0,0,300,0.02,0.3493330776691437
6873,29.13414728403485,0,0,300,0.02,0.35351064801216125
6874,203.8550163984338,1,0,278,0.02,0.3469156324863434
6875,204.91176632404722,1,0,277,0.02,0.3470458984375
6876,3.805418775085593,0,0,300,0.02,0.43039682507514954
6877,-2.278834960456713,0,0,300,0.02,0.43389496207237244
6878,21.538753328327324,0,0,300,0.02,0.38436588644981384
6879,175.80254365682995,1,0,294,0.02,0.3469628691673279
6880,206.0217663240472,1,0,276,0.02,0.3470458984375
6881,14.28930676222244,0,0,300,0.02,0.4194006323814392
6882,34.368798565868524,0,0,300,0.02,0.37096744775772095
6883,189.8338225126306,1,0,295,0.02,0.34771305322647095
6884,36.02657627344527,0,0,300,0.02,0.35288557410240173
6885,5.420317008499294,0,0,300,0.02,0.35197100043296814
6886,32.99920212030806,0,0,300,0.02,0.39189445972442627
6887,-37.429185227551734,0,0,136,0.02,5.527097225189209
6888,195.75315987587373,1,0,298,0.02,0.34533095359802246
6889,185.65706633806622,1,0,289,0.02,0.34166601300239563
6890,197.63869817972576,1,0,287,0.02,0.34487658739089966
6891,28.64667241096892,0,0,300,0.02,0.37786802649497986
6892,206.31209875584042,1,0,279,0.02,0.3481852412223816
6893,30.169572591785574,0,0,300,0.02,0.3787619471549988
6894,-58.44152951160931,0,0,169,0.02,5.925183296203613
6895,31.186206192174215,0,0,300,0.02,0.3666278123855591
6896,164.12797304630675,1,0,267,0.02,0.34560251235961914
6897,48.46428332090378,0,0,300,0.02,0.34782931208610535
6898,182.24651149034497,1,0,286,0.02,0.34645795822143555
6899,180.27560508251585,1,0,294,0.02,0.3427462875843048
6900,30.77295333147445,0,0,300,0.02,0.38331344723701477
6901,19.04026189962891,0,0,300,0.02,0.389100581407547
6902,162.2584700965921,1,0,286,0.02,0.33243218064308167
6903,195.6585278964082,1,0,293,0.02,0.34642183780670166
6904,35.05357285499967,0,0,300,0.02,0.355770081281662
6905,44.51502609730163,0,0,300,0.02,0.37360623478889465
6906,199.89262048006057,1,0,298,0.02,0.34897729754447937
6907,212.69148689270412,1,0,292,0.02,0.3475662171840668
6908,207.40459868193068,1,0,289,0.02,0.34694501757621765
6909,17.528380601406106,0,0,300,0.02,0.38240140676498413
6910,13.406309275627137,0,0,300,0.02,0.39893534779548645
6911,56.643192598823674,0,0,300,0.02,0.3536936640739441
6912,196.12656428337095,1,0,280,0.02,0.3487919867038727
6913,26.967898631099818,0,0,300,0.02,0.3904779255390167
6914,165.50033901691833,1,0,276,0.02,0.3358035087585449
6915,0.05258191029100401,0,0,300,0.02,0.5795536041259766
6916,-5.554677989478907,0,0,300,0.02,0.5130722522735596
6917,38.79429305315412,0,0,300,0.02,0.3537984788417816
6918,51.17587073087692,0,0,300,0.02,0.3526287078857422
6919,7.090715975765363,0,0,300,0.02,0.4206658601760864
6920,-14.267502750158322,0,0,277,0.02,0.7236619591712952
6921,5.153542994656851,0,0,300,0.02,0.36347702145576477
6922,3.9356852769851707,0,0,300,0.02,0.3483344316482544
6923,3.987005627159266,0,0,300,0.02,0.4233283996582031
6924,4.7647448301354975,0,0,300,0.02,0.34794020652770996
6925,164.94874270439544,1,0,280,0.02,0.3457352817058563
6926,6.910911702313699,0,0,300,0.02,0.37449780106544495
6927,158.89832367897034,1,0,291,0.02,0.34560441970825195
6928,-6.706302870115978,0,0,300,0.02,0.43526747822761536
6929,0.8014596033096413,0,0,300,0.02,0.38580968976020813
6930,160.54305360794066,1,0,282,0.02,0.34501469135284424
6931,163.9142006754915,1,0,281,0.02,0.3440958261489868
6932,3.0139833490040644,0,0,300,0.02,0.37317001819610596
6933,163.0766524481813,1,0,282,0.02,0.34495270252227783
6934,6.440604867939154,0,0,300,0.02,0.3460402190685272
6935,163.05873557329178,1,0,276,0.02,0.3462318181991577
6936,3.860184392133043,0,0,300,0.02,0.4059986174106598
6937,168.50317010403074,1,0,270,0.02,0.3455235958099365
6938,164.367068965439,1,0,269,0.02,0.3469043970108032
6939,165.71501803875364,1,0,274,0.02,0.34770655632019043
6940,166.6348173165361,1,0,280,0.02,0.34932833909988403
6941,167.02407469511428,1,0,272,0.02,0.33917927742004395
6942,165.4509252786676,1,0,274,0.02,0.3484232723712921
6943,5.621786370281378,0,0,300,0.02,0.3758666515350342
6944,166.46135925770201,1,0,276,0.02,0.34534719586372375
6945,52.524802343849316,0,0,300,0.02,0.35104283690452576
6946,35.07851479769148,0,0,300,0.02,0.35177406668663025
6947,166.50771278858582,1,0,277,0.02,0.3332042098045349
6948,201.11699628353514,1,0,289,0.02,0.3471999764442444
6949,202.61972908735274,1,0,277,0.02,0.34494549036026
6950,205.47081016064084,1,0,282,0.02,0.34946712851524353
6951,-25.5932967376709,0,0,137,0.02,5.468324184417725
6952,40.00986985126998,0,0,300,0.02,0.3613932430744171
6953,31.87808404207625,0,0,300,0.02,0.3868209719657898
6954,2.233977913860459,0,0,300,0.02,0.42002567648887634
6955,203.25483717441955,1,0,290,0.02,0.34974563121795654
6956,6.820440149311206,0,0,300,0.02,0.4177401065826416
6957,208.2775826644937,1,0,294,0.02,0.34212398529052734
6958,203.36658612013258,1,0,300,0.02,0.3490622937679291
6959,40.030654006008284,0,0,300,0.02,0.3457971215248108
6960,30.773077604774606,0,0,300,0.02,0.38242000341415405
6961,199.1316441845933,1,0,282,0.02,0.3468437194824219
6962,-9.551675875182966,0,0,300,0.02,0.43132922053337097
6963,204.59821910858548,1,0,289,0.02,0.34439632296562195
6964,36.06321978331006,0,0,300,0.02,0.3791979253292084
6965,31.099854190353543,0,0,300,0.02,0.3748249113559723
6966,236.6487999343912,1,0,290,0.02,0.34712129831314087
6967,77.66078256289038,0,0,300,0.02,0.34614360332489014
6968,-9.986808710098277,0,0,300,0.02,0.4446010887622833
6969,7.254876712956712,0,0,300,0.02,0.404070645570755
6970,-17.409905419345698,0,0,286,0.02,0.45768535137176514
6971,-2.301186866756293,0,0,283,0.02,0.41059520840644836
6972,140.05919170141226,0,0,300,0.02,0.3954806923866272
6973,-52.236075172424265,0,0,300,0.02,0.4491276741027832
6974,206.00790422201553,1,0,297,0.02,0.3464570939540863
6975,16.001003873348242,0,0,300,0.02,0.4162661135196686
6976,166.75135260820787,1,0,283,0.02,0.3352346122264862
6977,-6.157457654472221,0,0,300,0.02,0.4662671685218811
6978,164.85830811024107,1,0,269,0.02,0.3396678566932678
6979,56.45234304905334,0,0,300,0.02,0.3809318542480469
6980,202.59823409080505,1,0,291,0.02,0.3471577763557434
6981,167.83471527576842,1,0,269,0.02,0.3410744369029999
6982,10.297879710201403,0,0,292,0.02,0.3944272994995117
6983,42.65143245458996,0,0,300,0.02,0.35018861293792725
6984,48.61916837931075,0,0,300,0.02,0.3575020432472229
6985,26.56759623289503,0,0,300,0.02,0.3724430501461029
6986,-2.399114978309486,0,0,300,0.02,0.4371941387653351
6987,-16.023273372650134,0,0,300,0.02,0.45947423577308655
6988,193.61851019859708,1,0,294,0.02,0.34606266021728516
6989,53.49561249494948,0,0,300,0.02,0.4788226783275604
6990,0.15523446321882384,0,0,300,0.02,0.5005941390991211
6991,-10.217839877601474,0,0,300,0.02,0.44875064492225647
6992,-13.107004954810956,0,0,300,0.02,0.4511539936065674
6993,0.265182197097928,0,0,300,0.02,0.4770475924015045
6994,75.20515009165207,0,0,300,0.02,0.41155147552490234
6995,147.57817383051315,1,0,294,0.02,0.34805846214294434
6996,-3.4609598708113105,0,0,300,0.02,0.43982186913490295
6997,154.9586620402336,1,0,288,0.02,0.3237103819847107
6998,168.78496192455685,1,0,238,0.02,0.34017232060432434
6999,33.496290762428444,0,0,300,0.02,0.37072694301605225
